hike_id,month,target,model_score,status
NZ001,1,overall_good,0.9866818339819731,experimental
NZ002,1,overall_good,0.9871030157042302,experimental
NZ003,1,overall_good,0.9850338706239558,experimental
NZ004,1,overall_good,0.986511802737112,experimental
NZ005,1,overall_good,0.9861719383066612,experimental
NZ006,1,overall_good,0.9823679528583696,experimental
NZ007,1,overall_good,0.986936430402061,experimental
NZ008,1,overall_good,0.9860410557353645,experimental
NZ009,1,overall_good,0.9842260744091609,experimental
NZ010,1,overall_good,0.9857130041894875,experimental
NZ011,1,overall_good,0.9868950453704072,experimental
NZ012,1,overall_good,0.9824277987381785,experimental
NZ013,1,overall_good,0.9830766051569534,experimental
NZ014,1,overall_good,0.9864124182337208,experimental
NZ015,1,overall_good,0.9810770731423133,experimental
NZ016,1,overall_good,0.9830255572485578,experimental
NZ017,1,overall_good,0.9833930579547654,experimental
NZ018,1,overall_good,0.9836872337759033,experimental
NZ019,1,overall_good,0.9818813805204611,experimental
NZ020,1,overall_good,0.9861500996366424,experimental
NZ021,1,overall_good,0.983512547437577,experimental
NZ022,1,overall_good,0.9826580642173297,experimental
NZ023,1,overall_good,0.9846844380710235,experimental
NZ024,1,overall_good,0.984983504598184,experimental
NZ025,1,overall_good,0.983530953244817,experimental
NZ026,1,overall_good,0.9835071610853233,experimental
NZ027,1,overall_good,0.9835261951200156,experimental
NZ028,1,overall_good,0.9856770749862507,experimental
NZ029,1,overall_good,0.9843941173325943,experimental
NZ030,1,overall_good,0.9872405133886892,experimental
NZ031,1,overall_good,0.9830024217631101,experimental
NZ032,1,overall_good,0.984018646309603,experimental
NZ033,1,overall_good,0.984215512121466,experimental
NZ034,1,overall_good,0.9809299046759993,experimental
NZ035,1,overall_good,0.9834804991194769,experimental
NZ036,1,overall_good,0.9809188720810323,experimental
NZ037,1,overall_good,0.9852853954379405,experimental
NZ038,1,overall_good,0.9825127029765334,experimental
NZ039,1,overall_good,0.9827211626888218,experimental
NZ040,1,overall_good,0.9847777684204089,experimental
NZ041,1,overall_good,0.9839248120915742,experimental
NZ042,1,overall_good,0.9853896973655697,experimental
NZ043,1,overall_good,0.9821281831977603,experimental
NZ044,1,overall_good,0.9810112291204044,experimental
NZ045,1,overall_good,0.9804132731021421,experimental
NZ046,1,overall_good,0.9830394369153861,experimental
NZ047,1,overall_good,0.9851044936646015,experimental
NZ048,1,overall_good,0.9850262601096242,experimental
NZ049,1,overall_good,0.9858118129075556,experimental
NZ050,1,overall_good,0.985788265724972,experimental
NZ051,1,overall_good,0.98619548165247,experimental
NZ052,1,overall_good,0.9848672933347234,experimental
NZ053,1,overall_good,0.9835473832590781,experimental
NZ054,1,overall_good,0.9870064230632759,experimental
NZ055,1,overall_good,0.9856781945408106,experimental
NZ056,1,overall_good,0.9870536417115486,experimental
NZ057,1,overall_good,0.9825876864619393,experimental
NZ058,1,overall_good,0.9844767504489207,experimental
NZ059,1,overall_good,0.9849693434096999,experimental
NZ060,1,overall_good,0.9847146710221732,experimental
NZ061,1,overall_good,0.9813530449917348,experimental
NZ062,1,overall_good,0.9850864883060102,experimental
NZ063,1,overall_good,0.9840904107757705,experimental
NZ064,1,overall_good,0.983542338343193,experimental
NZ065,1,overall_good,0.9844516120562901,experimental
NZ066,1,overall_good,0.9835529168577993,experimental
NZ067,1,overall_good,0.9846232868241718,experimental
NZ068,1,overall_good,0.9845625412918704,experimental
NZ069,1,overall_good,0.9850765319018122,experimental
NZ070,1,overall_good,0.9841568203817357,experimental
NZ071,1,overall_good,0.9846486141539419,experimental
NZ072,1,overall_good,0.9829190801535144,experimental
NZ073,1,overall_good,0.9862882273599995,experimental
NZ074,1,overall_good,0.9845075374284379,experimental
NZ075,1,overall_good,0.983397879934558,experimental
NZ076,1,overall_good,0.9840400423080777,experimental
NZ077,1,overall_good,0.9834050170425979,experimental
NZ078,1,overall_good,0.9835415120764758,experimental
NZ079,1,overall_good,0.9841726999461164,experimental
NZ080,1,overall_good,0.9840436124473388,experimental
NZ081,1,overall_good,0.9830478071268364,experimental
NZ082,1,overall_good,0.9840782935828435,experimental
NZ083,1,overall_good,0.9834986661257802,experimental
NZ084,1,overall_good,0.9837106083650238,experimental
NZ085,1,overall_good,0.9840061611117661,experimental
NZ086,1,overall_good,0.9833614611355415,experimental
NZ087,1,overall_good,0.9833892280065004,experimental
NZ088,1,overall_good,0.9829923802732984,experimental
NZ089,1,overall_good,0.9825747592416599,experimental
NZ090,1,overall_good,0.983655251023932,experimental
NZ091,1,overall_good,0.9832725880972799,experimental
NZ092,1,overall_good,0.983608834695976,experimental
NZ093,1,overall_good,0.981088080756429,experimental
NZ094,1,overall_good,0.983443569475774,experimental
NZ095,1,overall_good,0.9833650342963417,experimental
NZ096,1,overall_good,0.9808557074148211,experimental
NZ097,1,overall_good,0.9861476771175034,experimental
NZ098,1,overall_good,0.9862143271546366,experimental
NZ099,1,overall_good,0.9842769415466378,experimental
NZ100,1,overall_good,0.9853145500542374,experimental
NZ101,1,overall_good,0.9836248786530288,experimental
NZ102,1,overall_good,0.9843135574361482,experimental
NZ103,1,overall_good,0.9818650016666997,experimental
NZ104,1,overall_good,0.9843722629264541,experimental
NZ105,1,overall_good,0.9829623823449816,experimental
NZ106,1,overall_good,0.9816479397789419,experimental
NZ107,1,overall_good,0.9866533119721763,experimental
NZ108,1,overall_good,0.9866511157283875,experimental
NZ109,1,overall_good,0.9855574573439582,experimental
NZ110,1,overall_good,0.9860627541554815,experimental
NZ111,1,overall_good,0.9844649739397662,experimental
NZ112,1,overall_good,0.9859132896978338,experimental
NZ113,1,overall_good,0.9854780451092318,experimental
NZ114,1,overall_good,0.9859136088520966,experimental
NZ115,1,overall_good,0.9856818700796582,experimental
NZ116,1,overall_good,0.9861703103842441,experimental
NZ117,1,overall_good,0.98702880946547,experimental
NZ118,1,overall_good,0.9842284649459058,experimental
NZ119,1,overall_good,0.9861811355545639,experimental
NZ120,1,overall_good,0.9824309271302839,experimental
NZ121,1,overall_good,0.9834352386862907,experimental
NZ122,1,overall_good,0.9842877455319171,experimental
NZ123,1,overall_good,0.9837562518216816,experimental
NZ124,1,overall_good,0.9802306316172547,experimental
NZ125,1,overall_good,0.9832015890950321,experimental
NZ126,1,overall_good,0.9850442720724172,experimental
NZ127,1,overall_good,0.9854028848741568,experimental
NZ128,1,overall_good,0.9822487724135972,experimental
NZ129,1,overall_good,0.9855423356360988,experimental
NZ130,1,overall_good,0.9844447806209571,experimental
NZ131,1,overall_good,0.9838791722017637,experimental
NZ132,1,overall_good,0.9854226456080571,experimental
NZ133,1,overall_good,0.9861177877065338,experimental
NZ134,1,overall_good,0.9865192271351869,experimental
NZ135,1,overall_good,0.9865488326770915,experimental
NZ136,1,overall_good,0.9861469089144227,experimental
NZ137,1,overall_good,0.9831778904016321,experimental
NZ138,1,overall_good,0.9831360311103959,experimental
NZ139,1,overall_good,0.9838921314782875,experimental
NZ140,1,overall_good,0.9848829959702375,experimental
NZ141,1,overall_good,0.9854152130652866,experimental
NZ142,1,overall_good,0.9806393280934659,experimental
NZ143,1,overall_good,0.9827840551634897,experimental
NZ144,1,overall_good,0.9826851332992391,experimental
NZ145,1,overall_good,0.9836761208620434,experimental
NZ146,1,overall_good,0.9837578004251115,experimental
NZ147,1,overall_good,0.9811523135118895,experimental
NZ148,1,overall_good,0.9828176345176093,experimental
NZ149,1,overall_good,0.9813356664863725,experimental
NZ150,1,overall_good,0.9800591799058674,experimental
NZ151,1,overall_good,0.980289366885223,experimental
NZ152,1,overall_good,0.9803729586932182,experimental
NZ153,1,overall_good,0.9853142796036369,experimental
NZ154,1,overall_good,0.98530937453258,experimental
NZ155,1,overall_good,0.9847605329166437,experimental
NZ156,1,overall_good,0.9853400042813797,experimental
NZ157,1,overall_good,0.9853014005944802,experimental
NZ158,1,overall_good,0.985318035860399,experimental
NZ159,1,overall_good,0.9851710193225303,experimental
NZ160,1,overall_good,0.9852996386469378,experimental
NZ161,1,overall_good,0.9859162419561485,experimental
NZ162,1,overall_good,0.9853119566214473,experimental
NZ163,1,overall_good,0.984777421024723,experimental
NZ164,1,overall_good,0.9863117680693901,experimental
NZ165,1,overall_good,0.9862409845611526,experimental
NZ166,1,overall_good,0.9869353027168152,experimental
NZ167,1,overall_good,0.9873774020540211,experimental
NZ168,1,overall_good,0.9849170516684742,experimental
NZ169,1,overall_good,0.9869730496504381,experimental
NZ170,1,overall_good,0.9869904031833654,experimental
NZ171,1,overall_good,0.9860688031907607,experimental
NZ172,1,overall_good,0.9861716511985323,experimental
NZ173,1,overall_good,0.9856670300873553,experimental
NZ174,1,overall_good,0.9823745608074773,experimental
NZ175,1,overall_good,0.9823892860041058,experimental
NZ176,1,overall_good,0.9852496613164708,experimental
NZ177,1,overall_good,0.986632331579959,experimental
NZ178,1,overall_good,0.9862911899775543,experimental
NZ179,1,overall_good,0.985775899835776,experimental
NZ180,1,overall_good,0.986227383843683,experimental
NZ181,1,overall_good,0.9854444984957891,experimental
NZ182,1,overall_good,0.9838766135537083,experimental
NZ183,1,overall_good,0.985345353540037,experimental
NZ184,1,overall_good,0.9848911054004927,experimental
NZ185,1,overall_good,0.9844546579449207,experimental
NZ186,1,overall_good,0.9864790295116819,experimental
NZ187,1,overall_good,0.9856420561099316,experimental
NZ188,1,overall_good,0.9850992782095359,experimental
NZ189,1,overall_good,0.9859611756833704,experimental
NZ190,1,overall_good,0.9858249384719564,experimental
NZ191,1,overall_good,0.9832667337053971,experimental
NZ192,1,overall_good,0.9855653875857602,experimental
NZ193,1,overall_good,0.9834807395980967,experimental
NZ194,1,overall_good,0.983839895661917,experimental
NZ195,1,overall_good,0.985101243834141,experimental
NZ196,1,overall_good,0.985026770434854,experimental
NZ197,1,overall_good,0.9855055970392277,experimental
NZ198,1,overall_good,0.9828498383116172,experimental
NZ199,1,overall_good,0.9838259235588189,experimental
NZ200,1,overall_good,0.9845132327639542,experimental
NZ201,1,overall_good,0.984258559830553,experimental
NZ202,1,overall_good,0.9840819598915485,experimental
NZ203,1,overall_good,0.983012017047519,experimental
NZ204,1,overall_good,0.983478183280809,experimental
NZ205,1,overall_good,0.9838153792487804,experimental
NZ206,1,overall_good,0.9822676999807043,experimental
NZ207,1,overall_good,0.983864049145194,experimental
NZ208,1,overall_good,0.9832718564932192,experimental
NZ209,1,overall_good,0.9830869055908051,experimental
NZ210,1,overall_good,0.9836529412282681,experimental
NZ211,1,overall_good,0.9833884606810647,experimental
NZ212,1,overall_good,0.9842846307975924,experimental
NZ213,1,overall_good,0.9835527290952994,experimental
NZ214,1,overall_good,0.9833785341515878,experimental
NZ215,1,overall_good,0.9840579841198802,experimental
NZ216,1,overall_good,0.9840865962798108,experimental
NZ217,1,overall_good,0.9834993235779599,experimental
NZ218,1,overall_good,0.9838191095565156,experimental
NZ219,1,overall_good,0.983329923254351,experimental
NZ220,1,overall_good,0.9805886532914961,experimental
NZ221,1,overall_good,0.9826539913347765,experimental
NZ222,1,overall_good,0.9835573919389016,experimental
NZ223,1,overall_good,0.9832772633737314,experimental
NZ224,1,overall_good,0.9832115606937013,experimental
NZ225,1,overall_good,0.9838227632989699,experimental
NZ226,1,overall_good,0.9842687095009616,experimental
NZ227,1,overall_good,0.9835159380175016,experimental
NZ228,1,overall_good,0.9823892725072055,experimental
NZ229,1,overall_good,0.9834284588431689,experimental
NZ230,1,overall_good,0.9846342295627463,experimental
NZ231,1,overall_good,0.9825247003065981,experimental
NZ232,1,overall_good,0.9824488232130821,experimental
NZ233,1,overall_good,0.9824950528526181,experimental
NZ234,1,overall_good,0.983949947117608,experimental
NZ235,1,overall_good,0.9840737316834505,experimental
NZ236,1,overall_good,0.9840746210423593,experimental
NZ237,1,overall_good,0.9826775017230165,experimental
NZ238,1,overall_good,0.9833939858924706,experimental
NZ239,1,overall_good,0.9810630672923252,experimental
NZ240,1,overall_good,0.9834403916606673,experimental
NZ241,1,overall_good,0.9833509250078715,experimental
NZ242,1,overall_good,0.9839216517481785,experimental
NZ243,1,overall_good,0.984035335874469,experimental
NZ244,1,overall_good,0.981243827806676,experimental
NZ245,1,overall_good,0.9803666675611817,experimental
NZ246,1,overall_good,0.9862428393781651,experimental
NZ247,1,overall_good,0.9869742087897447,experimental
NZ248,1,overall_good,0.9857191874778247,experimental
NZ249,1,overall_good,0.9870053813879257,experimental
NZ250,1,overall_good,0.9870277434743386,experimental
NZ251,1,overall_good,0.9846717378809365,experimental
NZ252,1,overall_good,0.986148682168076,experimental
NZ253,1,overall_good,0.9865243015090388,experimental
NZ254,1,overall_good,0.9859509728457136,experimental
NZ255,1,overall_good,0.9866819718048977,experimental
NZ256,1,overall_good,0.9869862655549895,experimental
NZ257,1,overall_good,0.9862282337701211,experimental
NZ258,1,overall_good,0.9862030517908282,experimental
NZ259,1,overall_good,0.986249196930871,experimental
NZ260,1,overall_good,0.9862311209114522,experimental
NZ261,1,overall_good,0.9861766060308038,experimental
NZ262,1,overall_good,0.9870871983087508,experimental
NZ263,1,overall_good,0.9856752532494343,experimental
NZ264,1,overall_good,0.984444077006868,experimental
NZ265,1,overall_good,0.984669278563591,experimental
NZ266,1,overall_good,0.9845504811043663,experimental
NZ267,1,overall_good,0.9846200991930582,experimental
NZ268,1,overall_good,0.9853937756318608,experimental
NZ269,1,overall_good,0.9852183314229326,experimental
NZ270,1,overall_good,0.9802022534182677,experimental
NZ271,1,overall_good,0.982270102932994,experimental
NZ272,1,overall_good,0.982290919154966,experimental
NZ273,1,overall_good,0.9843576235731458,experimental
NZ274,1,overall_good,0.9839713659980494,experimental
NZ275,1,overall_good,0.9833094940148681,experimental
NZ276,1,overall_good,0.9837202983211939,experimental
NZ277,1,overall_good,0.9850902551190694,experimental
NZ278,1,overall_good,0.9861469089144227,experimental
NZ279,1,overall_good,0.9823262172516725,experimental
NZ280,1,overall_good,0.9850935772037558,experimental
NZ281,1,overall_good,0.9833604153308716,experimental
NZ282,1,overall_good,0.9841141827451017,experimental
NZ283,1,overall_good,0.9823805218206576,experimental
NZ284,1,overall_good,0.9833546934283999,experimental
NZ285,1,overall_good,0.9836290500363679,experimental
NZ286,1,overall_good,0.9832251023814177,experimental
NZ287,1,overall_good,0.9862020335923736,experimental
NZ288,1,overall_good,0.98418300961664,experimental
NZ289,1,overall_good,0.9867453080650836,experimental
NZ290,1,overall_good,0.985891741371929,experimental
NZ291,1,overall_good,0.9819117329049446,experimental
NZ292,1,overall_good,0.9839495765805193,experimental
NZ293,1,overall_good,0.9839315394230547,experimental
NZ294,1,overall_good,0.9801301207682425,experimental
NZ295,1,overall_good,0.9832393084176985,experimental
NZ296,1,overall_good,0.9833711127326031,experimental
NZ297,1,overall_good,0.9853012937483192,experimental
NZ298,1,overall_good,0.9847755972373228,experimental
NZ299,1,overall_good,0.9853214490037657,experimental
NZ300,1,overall_good,0.9840703221574763,experimental
NZ301,1,overall_good,0.9833184853382212,experimental
NZ302,1,overall_good,0.9809636088302095,experimental
NZ303,1,overall_good,0.9809368976836862,experimental
NZ304,1,overall_good,0.9827364013073193,experimental
NZ305,1,overall_good,0.9827675189224516,experimental
NZ306,1,overall_good,0.9819292458760194,experimental
NZ307,1,overall_good,0.9822268954320886,experimental
NZ308,1,overall_good,0.9839095474525558,experimental
NZ309,1,overall_good,0.9809884813735396,experimental
NZ310,1,overall_good,0.9827292453672902,experimental
NZ311,1,overall_good,0.980103944621086,experimental
NZ312,1,overall_good,0.9837469534413957,experimental
NZ313,1,overall_good,0.9821202204402883,experimental
NZ314,1,overall_good,0.9829157295178336,experimental
NZ315,1,overall_good,0.9839748646729969,experimental
NZ316,1,overall_good,0.9835272467093833,experimental
NZ317,1,overall_good,0.9829181419879331,experimental
NZ318,1,overall_good,0.9867401274007196,experimental
NZ319,1,overall_good,0.9827326955260735,experimental
NZ320,1,overall_good,0.9804515273006854,experimental
NZ321,1,overall_good,0.9829022107330562,experimental
NZ322,1,overall_good,0.9829354644159697,experimental
NZ323,1,overall_good,0.983500019430343,experimental
NZ324,1,overall_good,0.9825975434760903,experimental
NZ325,1,overall_good,0.9822045547533391,experimental
NZ326,1,overall_good,0.9816289101311126,experimental
NZ327,1,overall_good,0.9830422201835775,experimental
NZ328,1,overall_good,0.9817098987966066,experimental
NZ329,1,overall_good,0.9804877750247951,experimental
NZ330,1,overall_good,0.9816192701169079,experimental
NZ331,1,overall_good,0.9833098308829725,experimental
NZ332,1,overall_good,0.9844687335302177,experimental
NZ333,1,overall_good,0.9844318958249587,experimental
NZ334,1,overall_good,0.9854327808540425,experimental
NZ335,1,overall_good,0.9844343438396469,experimental
NZ336,1,overall_good,0.9834969564119157,experimental
NZ337,1,overall_good,0.9826136251768475,experimental
NZ338,1,overall_good,0.9848401952909763,experimental
NZ339,1,overall_good,0.9854325354454233,experimental
NZ340,1,overall_good,0.9839125252909271,experimental
NZ341,1,overall_good,0.9843028556547383,experimental
NZ342,1,overall_good,0.9861722130661636,experimental
NZ343,1,overall_good,0.9844486308747884,experimental
NZ344,1,overall_good,0.9859715776504975,experimental
NZ345,1,overall_good,0.9858985657185789,experimental
NZ346,1,overall_good,0.9844983694149633,experimental
NZ347,1,overall_good,0.982886648941877,experimental
NZ348,1,overall_good,0.9859655128810635,experimental
NZ349,1,overall_good,0.9824479523024925,experimental
NZ350,1,overall_good,0.981654063103629,experimental
NZ351,1,overall_good,0.9813160800766414,experimental
NZ352,1,overall_good,0.983422159675251,experimental
NZ353,1,overall_good,0.9823595481330719,experimental
NZ354,1,overall_good,0.9824457602204463,experimental
NZ355,1,overall_good,0.9854372778213517,experimental
NZ356,1,overall_good,0.9821593559152073,experimental
NZ357,1,overall_good,0.9829215181447444,experimental
NZ358,1,overall_good,0.9863520579380317,experimental
NZ359,1,overall_good,0.9852890965149647,experimental
NZ360,1,overall_good,0.9836063128014109,experimental
NZ361,1,overall_good,0.9847737849325349,experimental
NZ362,1,overall_good,0.9849149665873872,experimental
NZ363,1,overall_good,0.986120801872229,experimental
NZ364,1,overall_good,0.9837670928556324,experimental
NZ365,1,overall_good,0.9862330047515451,experimental
NZ366,1,overall_good,0.9852873218054411,experimental
NZ367,1,overall_good,0.985453443341378,experimental
NZ368,1,overall_good,0.9853446467461369,experimental
NZ369,1,overall_good,0.9844639476410074,experimental
NZ370,1,overall_good,0.986354645926295,experimental
NZ371,1,overall_good,0.982332963528658,experimental
NZ372,1,overall_good,0.9845466951118151,experimental
NZ373,1,overall_good,0.9853960807386816,experimental
NZ374,1,overall_good,0.985658700077748,experimental
NZ375,1,overall_good,0.98287784084367,experimental
NZ376,1,overall_good,0.984647884135576,experimental
NZ377,1,overall_good,0.9840558472169072,experimental
NZ378,1,overall_good,0.9846713611501007,experimental
NZ379,1,overall_good,0.9839927311083455,experimental
NZ380,1,overall_good,0.9835748906896374,experimental
NZ381,1,overall_good,0.9834997066818566,experimental
NZ382,1,overall_good,0.9840974018301514,experimental
NZ383,1,overall_good,0.9853939669407253,experimental
NZ384,1,overall_good,0.985393614702894,experimental
NZ385,1,overall_good,0.9836960204204489,experimental
NZ386,1,overall_good,0.9848287801759774,experimental
NZ387,1,overall_good,0.9840682487919429,experimental
NZ388,1,overall_good,0.9838412357581772,experimental
NZ389,1,overall_good,0.9853336201946145,experimental
NZ390,1,overall_good,0.9835318303942862,experimental
NZ391,1,overall_good,0.9838136551512552,experimental
NZ392,1,overall_good,0.9830356779332763,experimental
NZ393,1,overall_good,0.9838055698457365,experimental
NZ394,1,overall_good,0.983731437292357,experimental
NZ395,1,overall_good,0.985793040045717,experimental
NZ396,1,overall_good,0.9863541188141675,experimental
NZ397,1,overall_good,0.9845448862792668,experimental
NZ398,1,overall_good,0.9844844881286039,experimental
NZ399,1,overall_good,0.9862272778772194,experimental
NZ400,1,overall_good,0.984237764156574,experimental
NZ401,1,overall_good,0.9857726241496224,experimental
NZ402,1,overall_good,0.9852551672560524,experimental
NZ403,1,overall_good,0.9866153078091718,experimental
NZ404,1,overall_good,0.9853228708919054,experimental
NZ405,1,overall_good,0.9862436498263358,experimental
NZ406,1,overall_good,0.9857767064539646,experimental
NZ407,1,overall_good,0.9852710418865444,experimental
NZ408,1,overall_good,0.9853563104481584,experimental
NZ409,1,overall_good,0.9866850576778695,experimental
NZ410,1,overall_good,0.9862734103974609,experimental
NZ411,1,overall_good,0.9863106671354163,experimental
NZ412,1,overall_good,0.9852981359386059,experimental
NZ413,1,overall_good,0.9859598153566999,experimental
NZ414,1,overall_good,0.9858225509501086,experimental
NZ415,1,overall_good,0.9859001776608937,experimental
NZ416,1,overall_good,0.9863257426297171,experimental
NZ417,1,overall_good,0.9863398345721182,experimental
NZ418,1,overall_good,0.9861263294927279,experimental
NZ419,1,overall_good,0.9833238826034165,experimental
NZ420,1,overall_good,0.9866873863102181,experimental
NZ421,1,overall_good,0.9849485346825712,experimental
NZ422,1,overall_good,0.983963452422092,experimental
NZ423,1,overall_good,0.9838779019407271,experimental
NZ424,1,overall_good,0.9852152918264383,experimental
NZ425,1,overall_good,0.9849957908008332,experimental
NZ426,1,overall_good,0.9853732760444146,experimental
NZ427,1,overall_good,0.9836652316951754,experimental
NZ428,1,overall_good,0.9840381085333237,experimental
NZ429,1,overall_good,0.9839740342510971,experimental
NZ430,1,overall_good,0.9828702194040072,experimental
NZ431,1,overall_good,0.9864326095665537,experimental
NZ432,1,overall_good,0.9839738338081666,experimental
NZ433,1,overall_good,0.9849600363571771,experimental
NZ434,1,overall_good,0.9849717714861533,experimental
NZ435,1,overall_good,0.9854904439933742,experimental
NZ436,1,overall_good,0.9859208625043074,experimental
NZ437,1,overall_good,0.985541849892161,experimental
NZ438,1,overall_good,0.9854719031843955,experimental
NZ439,1,overall_good,0.9861701686634614,experimental
NZ440,1,overall_good,0.9859971800103206,experimental
NZ441,1,overall_good,0.9857745547189402,experimental
NZ442,1,overall_good,0.9858815568742727,experimental
NZ443,1,overall_good,0.985032276090075,experimental
NZ444,1,overall_good,0.9859672775534448,experimental
NZ445,1,overall_good,0.982634488292961,experimental
NZ446,1,overall_good,0.9845336212144916,experimental
NZ447,1,overall_good,0.9826094781439487,experimental
NZ448,1,overall_good,0.9844575420386217,experimental
NZ449,1,overall_good,0.9844383335597401,experimental
NZ450,1,overall_good,0.9853021386347973,experimental
NZ451,1,overall_good,0.9838868585869602,experimental
NZ452,1,overall_good,0.9838218042427626,experimental
NZ453,1,overall_good,0.9838543422234061,experimental
NZ454,1,overall_good,0.9838474294492826,experimental
NZ455,1,overall_good,0.9823009224205862,experimental
NZ456,1,overall_good,0.9840721250722606,experimental
NZ457,1,overall_good,0.9838887728805771,experimental
NZ458,1,overall_good,0.9839462763410486,experimental
NZ459,1,overall_good,0.9832744990678336,experimental
NZ460,1,overall_good,0.9805440140513475,experimental
NZ461,1,overall_good,0.9839189327418857,experimental
NZ462,1,overall_good,0.984068632474673,experimental
NZ463,1,overall_good,0.9836981631996089,experimental
NZ464,1,overall_good,0.980451240650413,experimental
NZ465,1,overall_good,0.9804647122079397,experimental
NZ466,1,overall_good,0.98407674084669,experimental
NZ467,1,overall_good,0.9830266402441431,experimental
NZ468,1,overall_good,0.9834656530441869,experimental
NZ469,1,overall_good,0.9851272286556646,experimental
NZ470,1,overall_good,0.9856735485693732,experimental
NZ471,1,overall_good,0.98549927038662,experimental
NZ472,1,overall_good,0.9858075363103221,experimental
NZ473,1,overall_good,0.9854253252457319,experimental
NZ474,1,overall_good,0.9854086580313305,experimental
NZ475,1,overall_good,0.9838875474959211,experimental
NZ476,1,overall_good,0.9849108663194988,experimental
NZ477,1,overall_good,0.9838867771901014,experimental
NZ478,1,overall_good,0.9830175846344525,experimental
NZ479,1,overall_good,0.983948382989689,experimental
NZ480,1,overall_good,0.9823902407507087,experimental
NZ481,1,overall_good,0.9852856268126426,experimental
NZ482,1,overall_good,0.9852189315931404,experimental
NZ483,1,overall_good,0.9847674676951496,experimental
NZ484,1,overall_good,0.9840019225048268,experimental
NZ485,1,overall_good,0.9843204697735971,experimental
NZ486,1,overall_good,0.9837761609024152,experimental
NZ487,1,overall_good,0.9847052338466953,experimental
NZ488,1,overall_good,0.9843175902346447,experimental
NZ489,1,overall_good,0.9843863769283236,experimental
NZ490,1,overall_good,0.9833585556319149,experimental
NZ491,1,overall_good,0.9839863915655013,experimental
NZ492,1,overall_good,0.9840941313123925,experimental
NZ493,1,overall_good,0.9824560798219711,experimental
NZ494,1,overall_good,0.9830278403158655,experimental
NZ495,1,overall_good,0.9808886115771591,experimental
NZ496,1,overall_good,0.9839806055891359,experimental
NZ497,1,overall_good,0.9836479970570019,experimental
NZ498,1,overall_good,0.9840522276094024,experimental
NZ499,1,overall_good,0.9805901775999456,experimental
NZ500,1,overall_good,0.9823839529837649,experimental
NZ001,1,bugs,0.7058415632463763,experimental
NZ002,1,bugs,0.477185045402014,experimental
NZ003,1,bugs,0.6185956697612823,experimental
NZ004,1,bugs,0.5005488484780581,experimental
NZ005,1,bugs,0.5241002904300145,experimental
NZ006,1,bugs,0.6029602151164128,experimental
NZ007,1,bugs,0.5602546751769348,experimental
NZ008,1,bugs,0.5079080773800795,experimental
NZ009,1,bugs,0.6234769903853793,experimental
NZ010,1,bugs,0.47030277944655263,experimental
NZ011,1,bugs,0.5647631494136419,experimental
NZ012,1,bugs,0.6742816817275814,experimental
NZ013,1,bugs,0.6640765101830503,experimental
NZ014,1,bugs,0.6410282226478806,experimental
NZ015,1,bugs,0.43806609621055675,experimental
NZ016,1,bugs,0.43902520993767624,experimental
NZ017,1,bugs,0.5377498051431955,experimental
NZ018,1,bugs,0.4169173219246338,experimental
NZ019,1,bugs,0.6996004599257759,experimental
NZ020,1,bugs,0.4809510739632937,experimental
NZ021,1,bugs,0.600355169120206,experimental
NZ022,1,bugs,0.40740227535243667,experimental
NZ023,1,bugs,0.606031156821922,experimental
NZ024,1,bugs,0.5743361856193357,experimental
NZ025,1,bugs,0.738079498907102,experimental
NZ026,1,bugs,0.7377202311652804,experimental
NZ027,1,bugs,0.38811680952102295,experimental
NZ028,1,bugs,0.455001606386812,experimental
NZ029,1,bugs,0.7086377374780501,experimental
NZ030,1,bugs,0.5630843099538078,experimental
NZ031,1,bugs,0.4446982850344266,experimental
NZ032,1,bugs,0.483957877214632,experimental
NZ033,1,bugs,0.4498117571526537,experimental
NZ034,1,bugs,0.5155623597421609,experimental
NZ035,1,bugs,0.3843992794698334,experimental
NZ036,1,bugs,0.5102616974851759,experimental
NZ037,1,bugs,0.4136209225712657,experimental
NZ038,1,bugs,0.43636155112183267,experimental
NZ039,1,bugs,0.40401538742288556,experimental
NZ040,1,bugs,0.6938243034951349,experimental
NZ041,1,bugs,0.4112742699448395,experimental
NZ042,1,bugs,0.4830713670028768,experimental
NZ043,1,bugs,0.37672557007382784,experimental
NZ044,1,bugs,0.5155623597421609,experimental
NZ045,1,bugs,0.6479490349629704,experimental
NZ046,1,bugs,0.43902520993767624,experimental
NZ047,1,bugs,0.695450173353155,experimental
NZ048,1,bugs,0.4343165575945329,experimental
NZ049,1,bugs,0.4186572762374217,experimental
NZ050,1,bugs,0.411754504528396,experimental
NZ051,1,bugs,0.3731804786046266,experimental
NZ052,1,bugs,0.4890959742843873,experimental
NZ053,1,bugs,0.691109663865861,experimental
NZ054,1,bugs,0.473165991127912,experimental
NZ055,1,bugs,0.4621811516432559,experimental
NZ056,1,bugs,0.5112190037651883,experimental
NZ057,1,bugs,0.4179034146490913,experimental
NZ058,1,bugs,0.6711874409568597,experimental
NZ059,1,bugs,0.41499734711989694,experimental
NZ060,1,bugs,0.5942128934947136,experimental
NZ061,1,bugs,0.41061150704978255,experimental
NZ062,1,bugs,0.570838741316985,experimental
NZ063,1,bugs,0.4262975892357158,experimental
NZ064,1,bugs,0.3808047762582496,experimental
NZ065,1,bugs,0.6711874409568597,experimental
NZ066,1,bugs,0.3808047762582496,experimental
NZ067,1,bugs,0.37091523066228427,experimental
NZ068,1,bugs,0.37091523066228427,experimental
NZ069,1,bugs,0.43639592072473904,experimental
NZ070,1,bugs,0.4187347332245136,experimental
NZ071,1,bugs,0.6711874409568597,experimental
NZ072,1,bugs,0.6716863773368844,experimental
NZ073,1,bugs,0.6004242983388999,experimental
NZ074,1,bugs,0.6711874409568597,experimental
NZ075,1,bugs,0.40723302458306593,experimental
NZ076,1,bugs,0.42606469629239924,experimental
NZ077,1,bugs,0.40591393462977404,experimental
NZ078,1,bugs,0.423567362023604,experimental
NZ079,1,bugs,0.45403786988924283,experimental
NZ080,1,bugs,0.4205105099863504,experimental
NZ081,1,bugs,0.43902520993767624,experimental
NZ082,1,bugs,0.4205105099863504,experimental
NZ083,1,bugs,0.6951368409414617,experimental
NZ084,1,bugs,0.4169173219246338,experimental
NZ085,1,bugs,0.5633570096999474,experimental
NZ086,1,bugs,0.37101365206197173,experimental
NZ087,1,bugs,0.37101365206197173,experimental
NZ088,1,bugs,0.6190743887504626,experimental
NZ089,1,bugs,0.39645623020838267,experimental
NZ090,1,bugs,0.3759125231876306,experimental
NZ091,1,bugs,0.3962453634889442,experimental
NZ092,1,bugs,0.5585775421106338,experimental
NZ093,1,bugs,0.495473048159334,experimental
NZ094,1,bugs,0.487209023326341,experimental
NZ095,1,bugs,0.35335306829032387,experimental
NZ096,1,bugs,0.5240192710381449,experimental
NZ097,1,bugs,0.6819466697452395,experimental
NZ098,1,bugs,0.38093988063603335,experimental
NZ099,1,bugs,0.6463045746043253,experimental
NZ100,1,bugs,0.3970322714853506,experimental
NZ101,1,bugs,0.4228404965869566,experimental
NZ102,1,bugs,0.5626629051190262,experimental
NZ103,1,bugs,0.37547891811828343,experimental
NZ104,1,bugs,0.41205559447173773,experimental
NZ105,1,bugs,0.37525823023915666,experimental
NZ106,1,bugs,0.43356841091737436,experimental
NZ107,1,bugs,0.4145036572574904,experimental
NZ108,1,bugs,0.39253982184301145,experimental
NZ109,1,bugs,0.47994353013953506,experimental
NZ110,1,bugs,0.62638766657311,experimental
NZ111,1,bugs,0.45252692954264995,experimental
NZ112,1,bugs,0.4114736215138726,experimental
NZ113,1,bugs,0.45252692954264995,experimental
NZ114,1,bugs,0.43454068876429763,experimental
NZ115,1,bugs,0.46077682855565305,experimental
NZ116,1,bugs,0.4869040119144337,experimental
NZ117,1,bugs,0.4761713191995733,experimental
NZ118,1,bugs,0.7113495702549062,experimental
NZ119,1,bugs,0.419369130319267,experimental
NZ120,1,bugs,0.4154683877902691,experimental
NZ121,1,bugs,0.3966512980017995,experimental
NZ122,1,bugs,0.5429231380136065,experimental
NZ123,1,bugs,0.6951368409414617,experimental
NZ124,1,bugs,0.6391629973249925,experimental
NZ125,1,bugs,0.6762450946008615,experimental
NZ126,1,bugs,0.5892300683487519,experimental
NZ127,1,bugs,0.440052974749947,experimental
NZ128,1,bugs,0.6996004599257759,experimental
NZ129,1,bugs,0.4842122801629243,experimental
NZ130,1,bugs,0.45252692954264995,experimental
NZ131,1,bugs,0.4286574811141733,experimental
NZ132,1,bugs,0.440052974749947,experimental
NZ133,1,bugs,0.43306720972371604,experimental
NZ134,1,bugs,0.4744392666054373,experimental
NZ135,1,bugs,0.44382117857068726,experimental
NZ136,1,bugs,0.4809510739632937,experimental
NZ137,1,bugs,0.6759105551261977,experimental
NZ138,1,bugs,0.45068967423371437,experimental
NZ139,1,bugs,0.4407107855554417,experimental
NZ140,1,bugs,0.35419188468444046,experimental
NZ141,1,bugs,0.6432960117042833,experimental
NZ142,1,bugs,0.5246167229218445,experimental
NZ143,1,bugs,0.644232636895156,experimental
NZ144,1,bugs,0.5574912988520945,experimental
NZ145,1,bugs,0.3950875489248838,experimental
NZ146,1,bugs,0.4119640995729109,experimental
NZ147,1,bugs,0.39335267207478747,experimental
NZ148,1,bugs,0.4067922924439363,experimental
NZ149,1,bugs,0.46122933591844306,experimental
NZ150,1,bugs,0.5417681113108902,experimental
NZ151,1,bugs,0.3861806781076151,experimental
NZ152,1,bugs,0.5092520777421413,experimental
NZ153,1,bugs,0.5025559621171402,experimental
NZ154,1,bugs,0.5025559621171402,experimental
NZ155,1,bugs,0.47017229523445137,experimental
NZ156,1,bugs,0.5343221211099111,experimental
NZ157,1,bugs,0.5025559621171402,experimental
NZ158,1,bugs,0.5025559621171402,experimental
NZ159,1,bugs,0.7657022778919916,experimental
NZ160,1,bugs,0.5025559621171402,experimental
NZ161,1,bugs,0.6003145952867076,experimental
NZ162,1,bugs,0.5025559621171402,experimental
NZ163,1,bugs,0.47017229523445137,experimental
NZ164,1,bugs,0.4970126417755832,experimental
NZ165,1,bugs,0.7619755849580019,experimental
NZ166,1,bugs,0.532346284945162,experimental
NZ167,1,bugs,0.5810080926117676,experimental
NZ168,1,bugs,0.5415553475971812,experimental
NZ169,1,bugs,0.4844585032396772,experimental
NZ170,1,bugs,0.4761713191995733,experimental
NZ171,1,bugs,0.7149600686059685,experimental
NZ172,1,bugs,0.4809510739632937,experimental
NZ173,1,bugs,0.455001606386812,experimental
NZ174,1,bugs,0.4154683877902691,experimental
NZ175,1,bugs,0.4154683877902691,experimental
NZ176,1,bugs,0.3826540158550219,experimental
NZ177,1,bugs,0.3961074363504885,experimental
NZ178,1,bugs,0.49509157709232215,experimental
NZ179,1,bugs,0.40812311073568974,experimental
NZ180,1,bugs,0.42333832456000514,experimental
NZ181,1,bugs,0.440052974749947,experimental
NZ182,1,bugs,0.42450111499889404,experimental
NZ183,1,bugs,0.45612450730820914,experimental
NZ184,1,bugs,0.4286903511179084,experimental
NZ185,1,bugs,0.4802371185143689,experimental
NZ186,1,bugs,0.47994353013953506,experimental
NZ187,1,bugs,0.4761168480715493,experimental
NZ188,1,bugs,0.45117282918764384,experimental
NZ189,1,bugs,0.4488883183450421,experimental
NZ190,1,bugs,0.7247401840277581,experimental
NZ191,1,bugs,0.6028966125332809,experimental
NZ192,1,bugs,0.4437534374876716,experimental
NZ193,1,bugs,0.5854683456146212,experimental
NZ194,1,bugs,0.6711365559751625,experimental
NZ195,1,bugs,0.42384782995979187,experimental
NZ196,1,bugs,0.6832154505190862,experimental
NZ197,1,bugs,0.6432960117042833,experimental
NZ198,1,bugs,0.3709632852586579,experimental
NZ199,1,bugs,0.35480609489026554,experimental
NZ200,1,bugs,0.4025963313985171,experimental
NZ201,1,bugs,0.4624423627930673,experimental
NZ202,1,bugs,0.5232570812657745,experimental
NZ203,1,bugs,0.43902520993767624,experimental
NZ204,1,bugs,0.6515175597135934,experimental
NZ205,1,bugs,0.3946802938097268,experimental
NZ206,1,bugs,0.37077149234646756,experimental
NZ207,1,bugs,0.4636867968873105,experimental
NZ208,1,bugs,0.6530641447590739,experimental
NZ209,1,bugs,0.6951368409414617,experimental
NZ210,1,bugs,0.5950355787882312,experimental
NZ211,1,bugs,0.4222476143088019,experimental
NZ212,1,bugs,0.4470124245618594,experimental
NZ213,1,bugs,0.6951368409414617,experimental
NZ214,1,bugs,0.4222476143088019,experimental
NZ215,1,bugs,0.4205105099863504,experimental
NZ216,1,bugs,0.6887766774942324,experimental
NZ217,1,bugs,0.39651108225471166,experimental
NZ218,1,bugs,0.6951368409414617,experimental
NZ219,1,bugs,0.45086144270134704,experimental
NZ220,1,bugs,0.6663395760180301,experimental
NZ221,1,bugs,0.44874748778957646,experimental
NZ222,1,bugs,0.5966714606093396,experimental
NZ223,1,bugs,0.6077940865139864,experimental
NZ224,1,bugs,0.4643192638324965,experimental
NZ225,1,bugs,0.48141122889611765,experimental
NZ226,1,bugs,0.5114556936761855,experimental
NZ227,1,bugs,0.6077940865139864,experimental
NZ228,1,bugs,0.4154683877902691,experimental
NZ229,1,bugs,0.6187257447400029,experimental
NZ230,1,bugs,0.5127699840327324,experimental
NZ231,1,bugs,0.42208167068392505,experimental
NZ232,1,bugs,0.4182817332709403,experimental
NZ233,1,bugs,0.4222260200980683,experimental
NZ234,1,bugs,0.5891615263207569,experimental
NZ235,1,bugs,0.4205105099863504,experimental
NZ236,1,bugs,0.4205105099863504,experimental
NZ237,1,bugs,0.6640765101830503,experimental
NZ238,1,bugs,0.6239223726290348,experimental
NZ239,1,bugs,0.6609272004778548,experimental
NZ240,1,bugs,0.3966512980017995,experimental
NZ241,1,bugs,0.6951368409414617,experimental
NZ242,1,bugs,0.42732588051788045,experimental
NZ243,1,bugs,0.453274287998741,experimental
NZ244,1,bugs,0.5381637760229869,experimental
NZ245,1,bugs,0.5756814764666498,experimental
NZ246,1,bugs,0.7149600686059685,experimental
NZ247,1,bugs,0.473165991127912,experimental
NZ248,1,bugs,0.4579449633960687,experimental
NZ249,1,bugs,0.4761713191995733,experimental
NZ250,1,bugs,0.7413583546731167,experimental
NZ251,1,bugs,0.49015865597172414,experimental
NZ252,1,bugs,0.4809510739632937,experimental
NZ253,1,bugs,0.44382117857068726,experimental
NZ254,1,bugs,0.7149600686059685,experimental
NZ255,1,bugs,0.7413583546731167,experimental
NZ256,1,bugs,0.49465231878740606,experimental
NZ257,1,bugs,0.498165086466821,experimental
NZ258,1,bugs,0.4809510739632937,experimental
NZ259,1,bugs,0.528549083391193,experimental
NZ260,1,bugs,0.4879303051189179,experimental
NZ261,1,bugs,0.4809510739632937,experimental
NZ262,1,bugs,0.6007054541462431,experimental
NZ263,1,bugs,0.4579449633960687,experimental
NZ264,1,bugs,0.5337196460193097,experimental
NZ265,1,bugs,0.3842128223905386,experimental
NZ266,1,bugs,0.36751637052611213,experimental
NZ267,1,bugs,0.39067412505675825,experimental
NZ268,1,bugs,0.46814680013691146,experimental
NZ269,1,bugs,0.42124815384225456,experimental
NZ270,1,bugs,0.415540044325609,experimental
NZ271,1,bugs,0.37077149234646756,experimental
NZ272,1,bugs,0.3896536441518199,experimental
NZ273,1,bugs,0.4773352476415006,experimental
NZ274,1,bugs,0.38039275708858605,experimental
NZ275,1,bugs,0.6530641447590739,experimental
NZ276,1,bugs,0.39037783431027184,experimental
NZ277,1,bugs,0.40730504008628615,experimental
NZ278,1,bugs,0.4809510739632937,experimental
NZ279,1,bugs,0.3810987281667735,experimental
NZ280,1,bugs,0.4111259494061255,experimental
NZ281,1,bugs,0.6530641447590739,experimental
NZ282,1,bugs,0.4165186173662181,experimental
NZ283,1,bugs,0.37425220140848797,experimental
NZ284,1,bugs,0.3567660691362829,experimental
NZ285,1,bugs,0.5732138750992534,experimental
NZ286,1,bugs,0.4250840484502283,experimental
NZ287,1,bugs,0.5024943725894866,experimental
NZ288,1,bugs,0.4533451663348559,experimental
NZ289,1,bugs,0.39235095047103513,experimental
NZ290,1,bugs,0.42941836051881427,experimental
NZ291,1,bugs,0.38756276538423134,experimental
NZ292,1,bugs,0.35278177940840505,experimental
NZ293,1,bugs,0.3733284154787565,experimental
NZ294,1,bugs,0.6479490349629704,experimental
NZ295,1,bugs,0.3691743368652068,experimental
NZ296,1,bugs,0.3759075264020406,experimental
NZ297,1,bugs,0.5025559621171402,experimental
NZ298,1,bugs,0.47017229523445137,experimental
NZ299,1,bugs,0.3983016316631821,experimental
NZ300,1,bugs,0.5304957682787008,experimental
NZ301,1,bugs,0.5969600073982751,experimental
NZ302,1,bugs,0.3653823187155369,experimental
NZ303,1,bugs,0.5155623597421609,experimental
NZ304,1,bugs,0.40401538742288556,experimental
NZ305,1,bugs,0.6416167732761212,experimental
NZ306,1,bugs,0.6230708011723132,experimental
NZ307,1,bugs,0.39313363632800585,experimental
NZ308,1,bugs,0.4271352789504836,experimental
NZ309,1,bugs,0.4136383477950805,experimental
NZ310,1,bugs,0.40401538742288556,experimental
NZ311,1,bugs,0.6479490349629704,experimental
NZ312,1,bugs,0.39123056050683963,experimental
NZ313,1,bugs,0.37672557007382784,experimental
NZ314,1,bugs,0.644232636895156,experimental
NZ315,1,bugs,0.3790182456585388,experimental
NZ316,1,bugs,0.38811680952102295,experimental
NZ317,1,bugs,0.3608035885043635,experimental
NZ318,1,bugs,0.41056092818814705,experimental
NZ319,1,bugs,0.3755835469363686,experimental
NZ320,1,bugs,0.6241408552990868,experimental
NZ321,1,bugs,0.5548647848599554,experimental
NZ322,1,bugs,0.5586500039962219,experimental
NZ323,1,bugs,0.4158350525508683,experimental
NZ324,1,bugs,0.4447766958264185,experimental
NZ325,1,bugs,0.5637400154822474,experimental
NZ326,1,bugs,0.37563503666435744,experimental
NZ327,1,bugs,0.6601813994960491,experimental
NZ328,1,bugs,0.3892281635103683,experimental
NZ329,1,bugs,0.4156846033763493,experimental
NZ330,1,bugs,0.37214890395874456,experimental
NZ331,1,bugs,0.40757261048847715,experimental
NZ332,1,bugs,0.6989374740480508,experimental
NZ333,1,bugs,0.45252692954264995,experimental
NZ334,1,bugs,0.440052974749947,experimental
NZ335,1,bugs,0.45252692954264995,experimental
NZ336,1,bugs,0.38811680952102295,experimental
NZ337,1,bugs,0.5731415912228186,experimental
NZ338,1,bugs,0.42539414698940775,experimental
NZ339,1,bugs,0.440052974749947,experimental
NZ340,1,bugs,0.42450111499889404,experimental
NZ341,1,bugs,0.6107413414651579,experimental
NZ342,1,bugs,0.419369130319267,experimental
NZ343,1,bugs,0.45252692954264995,experimental
NZ344,1,bugs,0.6431568529712249,experimental
NZ345,1,bugs,0.7289328097815004,experimental
NZ346,1,bugs,0.6049744558407056,experimental
NZ347,1,bugs,0.3992780110941922,experimental
NZ348,1,bugs,0.7044377820007939,experimental
NZ349,1,bugs,0.426417728579054,experimental
NZ350,1,bugs,0.48768427021732597,experimental
NZ351,1,bugs,0.5318486996133701,experimental
NZ352,1,bugs,0.43409241485466965,experimental
NZ353,1,bugs,0.4223299814007509,experimental
NZ354,1,bugs,0.4182817332709403,experimental
NZ355,1,bugs,0.47158526744962154,experimental
NZ356,1,bugs,0.6996004599257759,experimental
NZ357,1,bugs,0.4499051717540962,experimental
NZ358,1,bugs,0.5788759433720468,experimental
NZ359,1,bugs,0.5025559621171402,experimental
NZ360,1,bugs,0.7024019233716076,experimental
NZ361,1,bugs,0.47017229523445137,experimental
NZ362,1,bugs,0.4114736215138726,experimental
NZ363,1,bugs,0.6428571167149161,experimental
NZ364,1,bugs,0.5211882182890757,experimental
NZ365,1,bugs,0.3928919329503177,experimental
NZ366,1,bugs,0.5025559621171402,experimental
NZ367,1,bugs,0.440052974749947,experimental
NZ368,1,bugs,0.5165354604557758,experimental
NZ369,1,bugs,0.6989374740480508,experimental
NZ370,1,bugs,0.5291830472852459,experimental
NZ371,1,bugs,0.37425220140848797,experimental
NZ372,1,bugs,0.4627191390666414,experimental
NZ373,1,bugs,0.5269997111969932,experimental
NZ374,1,bugs,0.5464330239965854,experimental
NZ375,1,bugs,0.4348712517203431,experimental
NZ376,1,bugs,0.3907695088749412,experimental
NZ377,1,bugs,0.34253298751842215,experimental
NZ378,1,bugs,0.38386948972171747,experimental
NZ379,1,bugs,0.33994992768396115,experimental
NZ380,1,bugs,0.3959333614247701,experimental
NZ381,1,bugs,0.38811680952102295,experimental
NZ382,1,bugs,0.3681112117484105,experimental
NZ383,1,bugs,0.3825657266257742,experimental
NZ384,1,bugs,0.3998948891905442,experimental
NZ385,1,bugs,0.6504158036687775,experimental
NZ386,1,bugs,0.5507840513004985,experimental
NZ387,1,bugs,0.4205105099863504,experimental
NZ388,1,bugs,0.35480609489026554,experimental
NZ389,1,bugs,0.36855953346272324,experimental
NZ390,1,bugs,0.38811680952102295,experimental
NZ391,1,bugs,0.3594395758995089,experimental
NZ392,1,bugs,0.43902520993767624,experimental
NZ393,1,bugs,0.35480609489026554,experimental
NZ394,1,bugs,0.47924430851321087,experimental
NZ395,1,bugs,0.40812311073568974,experimental
NZ396,1,bugs,0.44401943325538384,experimental
NZ397,1,bugs,0.5818068824932672,experimental
NZ398,1,bugs,0.45252692954264995,experimental
NZ399,1,bugs,0.38375222968429457,experimental
NZ400,1,bugs,0.5219692453134109,experimental
NZ401,1,bugs,0.40812311073568974,experimental
NZ402,1,bugs,0.3826540158550219,experimental
NZ403,1,bugs,0.42618725973103916,experimental
NZ404,1,bugs,0.3861818479409252,experimental
NZ405,1,bugs,0.3928919329503177,experimental
NZ406,1,bugs,0.40812311073568974,experimental
NZ407,1,bugs,0.3826540158550219,experimental
NZ408,1,bugs,0.3918235585239772,experimental
NZ409,1,bugs,0.388798453766197,experimental
NZ410,1,bugs,0.37714400083934374,experimental
NZ411,1,bugs,0.4562697661485242,experimental
NZ412,1,bugs,0.3826540158550219,experimental
NZ413,1,bugs,0.6523765238461642,experimental
NZ414,1,bugs,0.4333368759780994,experimental
NZ415,1,bugs,0.42646950595134103,experimental
NZ416,1,bugs,0.680346590573588,experimental
NZ417,1,bugs,0.40764045771657625,experimental
NZ418,1,bugs,0.371411355654605,experimental
NZ419,1,bugs,0.4020439278729686,experimental
NZ420,1,bugs,0.4102071872049079,experimental
NZ421,1,bugs,0.6497218230783077,experimental
NZ422,1,bugs,0.4315371501316153,experimental
NZ423,1,bugs,0.42450111499889404,experimental
NZ424,1,bugs,0.7289328097815004,experimental
NZ425,1,bugs,0.7289328097815004,experimental
NZ426,1,bugs,0.44401943325538384,experimental
NZ427,1,bugs,0.6937490877388998,experimental
NZ428,1,bugs,0.4361299047974902,experimental
NZ429,1,bugs,0.42734358594201133,experimental
NZ430,1,bugs,0.4541317369364741,experimental
NZ431,1,bugs,0.7289328097815004,experimental
NZ432,1,bugs,0.5708894144933326,experimental
NZ433,1,bugs,0.42450111499889404,experimental
NZ434,1,bugs,0.42450111499889404,experimental
NZ435,1,bugs,0.47677809826142276,experimental
NZ436,1,bugs,0.5679141636504474,experimental
NZ437,1,bugs,0.4726605130315844,experimental
NZ438,1,bugs,0.45252692954264995,experimental
NZ439,1,bugs,0.6084983368502569,experimental
NZ440,1,bugs,0.4556994506929738,experimental
NZ441,1,bugs,0.4990353906915828,experimental
NZ442,1,bugs,0.43178911608186404,experimental
NZ443,1,bugs,0.4324120705415516,experimental
NZ444,1,bugs,0.39869651489541197,experimental
NZ445,1,bugs,0.49638353548668257,experimental
NZ446,1,bugs,0.4554619537525292,experimental
NZ447,1,bugs,0.7024019233716076,experimental
NZ448,1,bugs,0.45252692954264995,experimental
NZ449,1,bugs,0.45252692954264995,experimental
NZ450,1,bugs,0.5179146908333427,experimental
NZ451,1,bugs,0.3582246816622924,experimental
NZ452,1,bugs,0.35480609489026554,experimental
NZ453,1,bugs,0.36369062988016854,experimental
NZ454,1,bugs,0.3911364409952996,experimental
NZ455,1,bugs,0.3816312926572378,experimental
NZ456,1,bugs,0.5626195956084207,experimental
NZ457,1,bugs,0.46473023409273356,experimental
NZ458,1,bugs,0.4082492266930316,experimental
NZ459,1,bugs,0.36015009702449596,experimental
NZ460,1,bugs,0.6234807618888294,experimental
NZ461,1,bugs,0.3840986389789814,experimental
NZ462,1,bugs,0.4205105099863504,experimental
NZ463,1,bugs,0.4303333055822152,experimental
NZ464,1,bugs,0.6444863916574355,experimental
NZ465,1,bugs,0.6636549949516942,experimental
NZ466,1,bugs,0.42322635641095907,experimental
NZ467,1,bugs,0.43902520993767624,experimental
NZ468,1,bugs,0.4019127989239162,experimental
NZ469,1,bugs,0.5112471312812596,experimental
NZ470,1,bugs,0.5506062274997404,experimental
NZ471,1,bugs,0.46737772146660594,experimental
NZ472,1,bugs,0.602417719647873,experimental
NZ473,1,bugs,0.440052974749947,experimental
NZ474,1,bugs,0.7289328097815004,experimental
NZ475,1,bugs,0.42450111499889404,experimental
NZ476,1,bugs,0.4114736215138726,experimental
NZ477,1,bugs,0.42450111499889404,experimental
NZ478,1,bugs,0.45000720709458775,experimental
NZ479,1,bugs,0.42450111499889404,experimental
NZ480,1,bugs,0.4154683877902691,experimental
NZ481,1,bugs,0.4357602858129039,experimental
NZ482,1,bugs,0.4358063946921852,experimental
NZ483,1,bugs,0.34606006203167994,experimental
NZ484,1,bugs,0.42205127952614635,experimental
NZ485,1,bugs,0.4249190826767581,experimental
NZ486,1,bugs,0.39723077215297437,experimental
NZ487,1,bugs,0.3908398868052802,experimental
NZ488,1,bugs,0.4249190826767581,experimental
NZ489,1,bugs,0.4286206919888131,experimental
NZ490,1,bugs,0.4340589702501054,experimental
NZ491,1,bugs,0.5001677542484104,experimental
NZ492,1,bugs,0.42334007141507146,experimental
NZ493,1,bugs,0.4182817332709403,experimental
NZ494,1,bugs,0.45618221019698285,experimental
NZ495,1,bugs,0.6663395760180301,experimental
NZ496,1,bugs,0.6028788542709972,experimental
NZ497,1,bugs,0.5950355787882312,experimental
NZ498,1,bugs,0.4332119693366398,experimental
NZ499,1,bugs,0.6663395760180301,experimental
NZ500,1,bugs,0.4154683877902691,experimental
NZ001,1,mud,0.8706299931078556,experimental
NZ002,1,mud,0.7754324246740402,experimental
NZ003,1,mud,0.8635323613709796,experimental
NZ004,1,mud,0.6656481753702193,experimental
NZ005,1,mud,0.5095758734874647,experimental
NZ006,1,mud,0.8379496007038483,experimental
NZ007,1,mud,0.7263706215571274,experimental
NZ008,1,mud,0.7661687300402886,experimental
NZ009,1,mud,0.8736904527044029,experimental
NZ010,1,mud,0.6821593588030684,experimental
NZ011,1,mud,0.7338935034242041,experimental
NZ012,1,mud,0.8568728841266345,experimental
NZ013,1,mud,0.8393739160724407,experimental
NZ014,1,mud,0.7337003465073229,experimental
NZ015,1,mud,0.6967680858617911,experimental
NZ016,1,mud,0.8623763614963811,experimental
NZ017,1,mud,0.7395182674561525,experimental
NZ018,1,mud,0.7685666368696616,experimental
NZ019,1,mud,0.8949436570612783,experimental
NZ020,1,mud,0.7927592230709273,experimental
NZ021,1,mud,0.878070163228895,experimental
NZ022,1,mud,0.7136742959848906,experimental
NZ023,1,mud,0.82962420302332,experimental
NZ024,1,mud,0.7993973902182414,experimental
NZ025,1,mud,0.8026310802996816,experimental
NZ026,1,mud,0.8370388421725881,experimental
NZ027,1,mud,0.8392439766186756,experimental
NZ028,1,mud,0.7837452354674005,experimental
NZ029,1,mud,0.7927481336650655,experimental
NZ030,1,mud,0.7345384946075076,experimental
NZ031,1,mud,0.8588061135624968,experimental
NZ032,1,mud,0.7365054704176398,experimental
NZ033,1,mud,0.7522272774058257,experimental
NZ034,1,mud,0.7784859694390333,experimental
NZ035,1,mud,0.8233684649507844,experimental
NZ036,1,mud,0.7831589798196561,experimental
NZ037,1,mud,0.7669880382942911,experimental
NZ038,1,mud,0.7431040733075729,experimental
NZ039,1,mud,0.8969678157074807,experimental
NZ040,1,mud,0.8568254045650648,experimental
NZ041,1,mud,0.782787832750516,experimental
NZ042,1,mud,0.7356616986141539,experimental
NZ043,1,mud,0.897488610962588,experimental
NZ044,1,mud,0.7806589798196562,experimental
NZ045,1,mud,0.8814846497728321,experimental
NZ046,1,mud,0.8623763614963811,experimental
NZ047,1,mud,0.8517763018161074,experimental
NZ048,1,mud,0.7327369763422745,experimental
NZ049,1,mud,0.623958263527898,experimental
NZ050,1,mud,0.623958263527898,experimental
NZ051,1,mud,0.5514547155913722,experimental
NZ052,1,mud,0.7116802783879532,experimental
NZ053,1,mud,0.8745761882988419,experimental
NZ054,1,mud,0.7718621767401559,experimental
NZ055,1,mud,0.7776194319779607,experimental
NZ056,1,mud,0.7396721242402247,experimental
NZ057,1,mud,0.792287222581382,experimental
NZ058,1,mud,0.8078101048724368,experimental
NZ059,1,mud,0.8244873180532938,experimental
NZ060,1,mud,0.7965692412351254,experimental
NZ061,1,mud,0.7492541475997695,experimental
NZ062,1,mud,0.7910009451327739,experimental
NZ063,1,mud,0.8278257678474104,experimental
NZ064,1,mud,0.8264521853863199,experimental
NZ065,1,mud,0.8329679240442416,experimental
NZ066,1,mud,0.8264521853863199,experimental
NZ067,1,mud,0.8269662270977751,experimental
NZ068,1,mud,0.8269662270977751,experimental
NZ069,1,mud,0.7346557715447133,experimental
NZ070,1,mud,0.8313960157812946,experimental
NZ071,1,mud,0.8329679240442416,experimental
NZ072,1,mud,0.8300783035485201,experimental
NZ073,1,mud,0.7546431538206343,experimental
NZ074,1,mud,0.8329679240442416,experimental
NZ075,1,mud,0.8169496626386753,experimental
NZ076,1,mud,0.7990218675734371,experimental
NZ077,1,mud,0.8169496626386753,experimental
NZ078,1,mud,0.7653998746502737,experimental
NZ079,1,mud,0.7701495029414921,experimental
NZ080,1,mud,0.814848701146708,experimental
NZ081,1,mud,0.8623763614963811,experimental
NZ082,1,mud,0.814848701146708,experimental
NZ083,1,mud,0.8803752802668869,experimental
NZ084,1,mud,0.7616026663283605,experimental
NZ085,1,mud,0.7455858797439617,experimental
NZ086,1,mud,0.6440274892318318,experimental
NZ087,1,mud,0.6440274892318318,experimental
NZ088,1,mud,0.7173732063229082,experimental
NZ089,1,mud,0.7309228491571875,experimental
NZ090,1,mud,0.6919637873796566,experimental
NZ091,1,mud,0.6270242480337824,experimental
NZ092,1,mud,0.7442053348327436,experimental
NZ093,1,mud,0.6515164345553466,experimental
NZ094,1,mud,0.6691865995924555,experimental
NZ095,1,mud,0.7240419248211445,experimental
NZ096,1,mud,0.755408766647523,experimental
NZ097,1,mud,0.6584874578988872,experimental
NZ098,1,mud,0.4663856445193226,experimental
NZ099,1,mud,0.6215296589754646,experimental
NZ100,1,mud,0.5430032391589051,experimental
NZ101,1,mud,0.7907756459491663,experimental
NZ102,1,mud,0.8670553061510908,experimental
NZ103,1,mud,0.6826944323740513,experimental
NZ104,1,mud,0.7558244486442963,experimental
NZ105,1,mud,0.7633794538724247,experimental
NZ106,1,mud,0.699603328868591,experimental
NZ107,1,mud,0.43929322046512315,experimental
NZ108,1,mud,0.5511450866984394,experimental
NZ109,1,mud,0.7852203118904394,experimental
NZ110,1,mud,0.8018156351945249,experimental
NZ111,1,mud,0.8748645972056093,experimental
NZ112,1,mud,0.8018233326198612,experimental
NZ113,1,mud,0.8291515831850008,experimental
NZ114,1,mud,0.7041790347888655,experimental
NZ115,1,mud,0.7837452354674005,experimental
NZ116,1,mud,0.7927592230709273,experimental
NZ117,1,mud,0.7718621767401559,experimental
NZ118,1,mud,0.7990951506789471,experimental
NZ119,1,mud,0.5265456470958821,experimental
NZ120,1,mud,0.8564081659878613,experimental
NZ121,1,mud,0.8080252275482707,experimental
NZ122,1,mud,0.7250766260242266,experimental
NZ123,1,mud,0.8619487671414479,experimental
NZ124,1,mud,0.9021226114002286,experimental
NZ125,1,mud,0.9029631588041838,experimental
NZ126,1,mud,0.8983146880426007,experimental
NZ127,1,mud,0.8386464822496595,experimental
NZ128,1,mud,0.8732937693754442,experimental
NZ129,1,mud,0.8088948082321938,experimental
NZ130,1,mud,0.8748645972056093,experimental
NZ131,1,mud,0.8694109742044632,experimental
NZ132,1,mud,0.8386464822496595,experimental
NZ133,1,mud,0.4789766150770571,experimental
NZ134,1,mud,0.6639526144712375,experimental
NZ135,1,mud,0.768292140156475,experimental
NZ136,1,mud,0.7927592230709273,experimental
NZ137,1,mud,0.8364508481122669,experimental
NZ138,1,mud,0.7823886697708968,experimental
NZ139,1,mud,0.7812274143979976,experimental
NZ140,1,mud,0.7201521172403234,experimental
NZ141,1,mud,0.8751627442729826,experimental
NZ142,1,mud,0.7825356431105573,experimental
NZ143,1,mud,0.8850952904491249,experimental
NZ144,1,mud,0.8862363091451976,experimental
NZ145,1,mud,0.8584325140845193,experimental
NZ146,1,mud,0.8585942557948322,experimental
NZ147,1,mud,0.7962680122799367,experimental
NZ148,1,mud,0.8969678157074807,experimental
NZ149,1,mud,0.7973382602138209,experimental
NZ150,1,mud,0.8542231338461782,experimental
NZ151,1,mud,0.6819319765202514,experimental
NZ152,1,mud,0.7081726203222583,experimental
NZ153,1,mud,0.78693559168443,experimental
NZ154,1,mud,0.78693559168443,experimental
NZ155,1,mud,0.776551967483652,experimental
NZ156,1,mud,0.6960780880420279,experimental
NZ157,1,mud,0.78693559168443,experimental
NZ158,1,mud,0.78693559168443,experimental
NZ159,1,mud,0.8389918202009867,experimental
NZ160,1,mud,0.78693559168443,experimental
NZ161,1,mud,0.7280806730099233,experimental
NZ162,1,mud,0.78693559168443,experimental
NZ163,1,mud,0.776551967483652,experimental
NZ164,1,mud,0.7820968850912982,experimental
NZ165,1,mud,0.8135756565932015,experimental
NZ166,1,mud,0.6818718693326443,experimental
NZ167,1,mud,0.713910981726386,experimental
NZ168,1,mud,0.7091802783879532,experimental
NZ169,1,mud,0.7605386719469277,experimental
NZ170,1,mud,0.7567506908333453,experimental
NZ171,1,mud,0.7842098649315049,experimental
NZ172,1,mud,0.7927592230709273,experimental
NZ173,1,mud,0.7837452354674005,experimental
NZ174,1,mud,0.8564081659878613,experimental
NZ175,1,mud,0.8564081659878613,experimental
NZ176,1,mud,0.6344931244419303,experimental
NZ177,1,mud,0.534606223184093,experimental
NZ178,1,mud,0.5205617761281401,experimental
NZ179,1,mud,0.623958263527898,experimental
NZ180,1,mud,0.5265456470958821,experimental
NZ181,1,mud,0.8386464822496595,experimental
NZ182,1,mud,0.8729812221383475,experimental
NZ183,1,mud,0.8323835098728752,experimental
NZ184,1,mud,0.7614769894780321,experimental
NZ185,1,mud,0.7683284543778914,experimental
NZ186,1,mud,0.6967701052721209,experimental
NZ187,1,mud,0.7374026860524989,experimental
NZ188,1,mud,0.726173543283843,experimental
NZ189,1,mud,0.7620717688029164,experimental
NZ190,1,mud,0.8708569438880519,experimental
NZ191,1,mud,0.847111251056686,experimental
NZ192,1,mud,0.8375149544084942,experimental
NZ193,1,mud,0.8159018662368996,experimental
NZ194,1,mud,0.8278415638265075,experimental
NZ195,1,mud,0.8316025243365968,experimental
NZ196,1,mud,0.8333701063669977,experimental
NZ197,1,mud,0.8882409545988337,experimental
NZ198,1,mud,0.7307516644350731,experimental
NZ199,1,mud,0.8531401146325718,experimental
NZ200,1,mud,0.7663090888990858,experimental
NZ201,1,mud,0.7701495029414921,experimental
NZ202,1,mud,0.6669405139766282,experimental
NZ203,1,mud,0.8623763614963811,experimental
NZ204,1,mud,0.7888383149899233,experimental
NZ205,1,mud,0.6982885690831552,experimental
NZ206,1,mud,0.7854182687625034,experimental
NZ207,1,mud,0.7935013764021113,experimental
NZ208,1,mud,0.7839763692062282,experimental
NZ209,1,mud,0.8803752802668869,experimental
NZ210,1,mud,0.8642204649117274,experimental
NZ211,1,mud,0.7302633258726434,experimental
NZ212,1,mud,0.7645694384530574,experimental
NZ213,1,mud,0.8803752802668869,experimental
NZ214,1,mud,0.8128686826684184,experimental
NZ215,1,mud,0.814848701146708,experimental
NZ216,1,mud,0.855657907083373,experimental
NZ217,1,mud,0.8173870553000152,experimental
NZ218,1,mud,0.8772231605661387,experimental
NZ219,1,mud,0.7230746121422074,experimental
NZ220,1,mud,0.8280275074062108,experimental
NZ221,1,mud,0.7843697265239564,experimental
NZ222,1,mud,0.8661396091289519,experimental
NZ223,1,mud,0.8870584672655276,experimental
NZ224,1,mud,0.7963554052266892,experimental
NZ225,1,mud,0.7426273736211529,experimental
NZ226,1,mud,0.7678451551154051,experimental
NZ227,1,mud,0.8753078800660146,experimental
NZ228,1,mud,0.8564081659878613,experimental
NZ229,1,mud,0.8753078800660146,experimental
NZ230,1,mud,0.7570819645272492,experimental
NZ231,1,mud,0.7773657295556643,experimental
NZ232,1,mud,0.8564081659878613,experimental
NZ233,1,mud,0.7773657295556643,experimental
NZ234,1,mud,0.8265852456340319,experimental
NZ235,1,mud,0.814848701146708,experimental
NZ236,1,mud,0.814848701146708,experimental
NZ237,1,mud,0.8393739160724407,experimental
NZ238,1,mud,0.8953070492503679,experimental
NZ239,1,mud,0.8220170802542203,experimental
NZ240,1,mud,0.813816807366131,experimental
NZ241,1,mud,0.8702484106663667,experimental
NZ242,1,mud,0.8079463026638416,experimental
NZ243,1,mud,0.7178022689286502,experimental
NZ244,1,mud,0.671913340144852,experimental
NZ245,1,mud,0.8463863544361453,experimental
NZ246,1,mud,0.7910531524424729,experimental
NZ247,1,mud,0.752282701852629,experimental
NZ248,1,mud,0.7837452354674005,experimental
NZ249,1,mud,0.7567506908333453,experimental
NZ250,1,mud,0.8177162053481688,experimental
NZ251,1,mud,0.6557938112103717,experimental
NZ252,1,mud,0.7927592230709273,experimental
NZ253,1,mud,0.7623629178636163,experimental
NZ254,1,mud,0.7910531524424729,experimental
NZ255,1,mud,0.8240976950039752,experimental
NZ256,1,mud,0.6948858098564428,experimental
NZ257,1,mud,0.7276989880570723,experimental
NZ258,1,mud,0.7927592230709273,experimental
NZ259,1,mud,0.7424527431912333,experimental
NZ260,1,mud,0.7927592230709273,experimental
NZ261,1,mud,0.7927592230709273,experimental
NZ262,1,mud,0.725287288223794,experimental
NZ263,1,mud,0.7837452354674005,experimental
NZ264,1,mud,0.6963885630047022,experimental
NZ265,1,mud,0.6947305652868822,experimental
NZ266,1,mud,0.7766375749327739,experimental
NZ267,1,mud,0.6944894452720262,experimental
NZ268,1,mud,0.834302305075314,experimental
NZ269,1,mud,0.7614571951890244,experimental
NZ270,1,mud,0.7171004491860202,experimental
NZ271,1,mud,0.7854182687625034,experimental
NZ272,1,mud,0.6905082207632877,experimental
NZ273,1,mud,0.6671323262145706,experimental
NZ274,1,mud,0.709827261254536,experimental
NZ275,1,mud,0.77713308169526,experimental
NZ276,1,mud,0.6919637873796566,experimental
NZ277,1,mud,0.8278633440261656,experimental
NZ278,1,mud,0.7927592230709273,experimental
NZ279,1,mud,0.7793071576513925,experimental
NZ280,1,mud,0.8278633440261656,experimental
NZ281,1,mud,0.77713308169526,experimental
NZ282,1,mud,0.6699143098324946,experimental
NZ283,1,mud,0.7854182687625034,experimental
NZ284,1,mud,0.7183071433992736,experimental
NZ285,1,mud,0.7789056968256289,experimental
NZ286,1,mud,0.6744785354211748,experimental
NZ287,1,mud,0.5594429521432993,experimental
NZ288,1,mud,0.7243493684749723,experimental
NZ289,1,mud,0.5547153346323237,experimental
NZ290,1,mud,0.5222157269169618,experimental
NZ291,1,mud,0.7212925005887408,experimental
NZ292,1,mud,0.7933229668313077,experimental
NZ293,1,mud,0.6957320945011735,experimental
NZ294,1,mud,0.8900879372838001,experimental
NZ295,1,mud,0.8583173748391377,experimental
NZ296,1,mud,0.7784706855658275,experimental
NZ297,1,mud,0.78693559168443,experimental
NZ298,1,mud,0.776551967483652,experimental
NZ299,1,mud,0.5408302287782822,experimental
NZ300,1,mud,0.7941331440955761,experimental
NZ301,1,mud,0.9164046757185842,experimental
NZ302,1,mud,0.8502971152523607,experimental
NZ303,1,mud,0.7750872749378218,experimental
NZ304,1,mud,0.8969678157074807,experimental
NZ305,1,mud,0.8939109492854176,experimental
NZ306,1,mud,0.8377098149481171,experimental
NZ307,1,mud,0.8117006567067736,experimental
NZ308,1,mud,0.837192851564446,experimental
NZ309,1,mud,0.7878539884132375,experimental
NZ310,1,mud,0.8969678157074807,experimental
NZ311,1,mud,0.8900879372838001,experimental
NZ312,1,mud,0.8533223152774815,experimental
NZ313,1,mud,0.897488610962588,experimental
NZ314,1,mud,0.8850952904491249,experimental
NZ315,1,mud,0.6924144787022051,experimental
NZ316,1,mud,0.8392439766186756,experimental
NZ317,1,mud,0.8426583938171632,experimental
NZ318,1,mud,0.4496922434255093,experimental
NZ319,1,mud,0.7328131352080969,experimental
NZ320,1,mud,0.8396077974213768,experimental
NZ321,1,mud,0.8545949242092769,experimental
NZ322,1,mud,0.8518326410463963,experimental
NZ323,1,mud,0.7321143804424196,experimental
NZ324,1,mud,0.7548607045861511,experimental
NZ325,1,mud,0.853336926429131,experimental
NZ326,1,mud,0.8588288572783522,experimental
NZ327,1,mud,0.8723333622300085,experimental
NZ328,1,mud,0.782480630383777,experimental
NZ329,1,mud,0.7169289681328643,experimental
NZ330,1,mud,0.8588288572783522,experimental
NZ331,1,mud,0.7129328687003254,experimental
NZ332,1,mud,0.8773452669277847,experimental
NZ333,1,mud,0.8748645972056093,experimental
NZ334,1,mud,0.8386464822496595,experimental
NZ335,1,mud,0.8748645972056093,experimental
NZ336,1,mud,0.8392439766186756,experimental
NZ337,1,mud,0.7743724412103387,experimental
NZ338,1,mud,0.8369065850609707,experimental
NZ339,1,mud,0.8386464822496595,experimental
NZ340,1,mud,0.8729812221383475,experimental
NZ341,1,mud,0.8893799410442131,experimental
NZ342,1,mud,0.5250300501662725,experimental
NZ343,1,mud,0.8748645972056093,experimental
NZ344,1,mud,0.8116796162560231,experimental
NZ345,1,mud,0.8686828411390946,experimental
NZ346,1,mud,0.8751943601580188,experimental
NZ347,1,mud,0.7778853664644961,experimental
NZ348,1,mud,0.8569519243754318,experimental
NZ349,1,mud,0.7824238092401302,experimental
NZ350,1,mud,0.7188371465862461,experimental
NZ351,1,mud,0.7035826627486551,experimental
NZ352,1,mud,0.7219526348725518,experimental
NZ353,1,mud,0.8432872870500993,experimental
NZ354,1,mud,0.8564081659878613,experimental
NZ355,1,mud,0.7573699096630736,experimental
NZ356,1,mud,0.8949436570612783,experimental
NZ357,1,mud,0.7868503166445514,experimental
NZ358,1,mud,0.6014919333160546,experimental
NZ359,1,mud,0.78693559168443,experimental
NZ360,1,mud,0.8829089829448499,experimental
NZ361,1,mud,0.776551967483652,experimental
NZ362,1,mud,0.8412373714889466,experimental
NZ363,1,mud,0.6155626922383968,experimental
NZ364,1,mud,0.7733594106440651,experimental
NZ365,1,mud,0.4900246876557648,experimental
NZ366,1,mud,0.78693559168443,experimental
NZ367,1,mud,0.8386464822496595,experimental
NZ368,1,mud,0.7357257810077118,experimental
NZ369,1,mud,0.8652804409552781,experimental
NZ370,1,mud,0.7369871121702851,experimental
NZ371,1,mud,0.7854182687625034,experimental
NZ372,1,mud,0.8748645972056093,experimental
NZ373,1,mud,0.7903260072467502,experimental
NZ374,1,mud,0.8063948082321939,experimental
NZ375,1,mud,0.7427742316643947,experimental
NZ376,1,mud,0.6951137981064787,experimental
NZ377,1,mud,0.7907315521737117,experimental
NZ378,1,mud,0.6995121410542643,experimental
NZ379,1,mud,0.7907315521737117,experimental
NZ380,1,mud,0.8392439766186756,experimental
NZ381,1,mud,0.8392439766186756,experimental
NZ382,1,mud,0.760494703852471,experimental
NZ383,1,mud,0.704995991716414,experimental
NZ384,1,mud,0.7087181560730033,experimental
NZ385,1,mud,0.8702157874822897,experimental
NZ386,1,mud,0.8578342959436466,experimental
NZ387,1,mud,0.814848701146708,experimental
NZ388,1,mud,0.8531401146325718,experimental
NZ389,1,mud,0.7701106485474823,experimental
NZ390,1,mud,0.8392439766186756,experimental
NZ391,1,mud,0.8531401146325718,experimental
NZ392,1,mud,0.8623763614963811,experimental
NZ393,1,mud,0.8531401146325718,experimental
NZ394,1,mud,0.7632891540065687,experimental
NZ395,1,mud,0.623958263527898,experimental
NZ396,1,mud,0.7973460392159832,experimental
NZ397,1,mud,0.8351818049013606,experimental
NZ398,1,mud,0.8748645972056093,experimental
NZ399,1,mud,0.4623859575908011,experimental
NZ400,1,mud,0.5055051036283439,experimental
NZ401,1,mud,0.623958263527898,experimental
NZ402,1,mud,0.6344931244419303,experimental
NZ403,1,mud,0.42425821736854763,experimental
NZ404,1,mud,0.6344931244419303,experimental
NZ405,1,mud,0.5375937196745898,experimental
NZ406,1,mud,0.623958263527898,experimental
NZ407,1,mud,0.6344931244419303,experimental
NZ408,1,mud,0.6344931244419303,experimental
NZ409,1,mud,0.5547153346323237,experimental
NZ410,1,mud,0.47186464757526875,experimental
NZ411,1,mud,0.5361254218832723,experimental
NZ412,1,mud,0.6344931244419303,experimental
NZ413,1,mud,0.6188940066008096,experimental
NZ414,1,mud,0.5186454789830776,experimental
NZ415,1,mud,0.5222157269169618,experimental
NZ416,1,mud,0.6494373107206475,experimental
NZ417,1,mud,0.5374319779642771,experimental
NZ418,1,mud,0.5661311808224316,experimental
NZ419,1,mud,0.5409892905130573,experimental
NZ420,1,mud,0.41673905544932865,experimental
NZ421,1,mud,0.9012696954501546,experimental
NZ422,1,mud,0.8729812221383475,experimental
NZ423,1,mud,0.8729812221383475,experimental
NZ424,1,mud,0.9060889112387361,experimental
NZ425,1,mud,0.9060889112387361,experimental
NZ426,1,mud,0.8327172599568009,experimental
NZ427,1,mud,0.8184338750813699,experimental
NZ428,1,mud,0.709113553913898,experimental
NZ429,1,mud,0.8729812221383475,experimental
NZ430,1,mud,0.7413201766057972,experimental
NZ431,1,mud,0.8547778216264744,experimental
NZ432,1,mud,0.7122661771654053,experimental
NZ433,1,mud,0.8255843643484454,experimental
NZ434,1,mud,0.8255843643484454,experimental
NZ435,1,mud,0.7431401779187202,experimental
NZ436,1,mud,0.7179759841465158,experimental
NZ437,1,mud,0.7480128253080472,experimental
NZ438,1,mud,0.8291515831850008,experimental
NZ439,1,mud,0.8278431812859208,experimental
NZ440,1,mud,0.7647004322489711,experimental
NZ441,1,mud,0.8508881910077614,experimental
NZ442,1,mud,0.6981785303336063,experimental
NZ443,1,mud,0.7506621908957952,experimental
NZ444,1,mud,0.8004136638389291,experimental
NZ445,1,mud,0.7421728632629927,experimental
NZ446,1,mud,0.8748645972056093,experimental
NZ447,1,mud,0.8658194207940185,experimental
NZ448,1,mud,0.8748645972056093,experimental
NZ449,1,mud,0.8748645972056093,experimental
NZ450,1,mud,0.7451813469171916,experimental
NZ451,1,mud,0.8531401146325718,experimental
NZ452,1,mud,0.8531401146325718,experimental
NZ453,1,mud,0.8531401146325718,experimental
NZ454,1,mud,0.7009172325292099,experimental
NZ455,1,mud,0.7854182687625034,experimental
NZ456,1,mud,0.748657584625796,experimental
NZ457,1,mud,0.6740077182777036,experimental
NZ458,1,mud,0.6206622385656796,experimental
NZ459,1,mud,0.7252362987873993,experimental
NZ460,1,mud,0.7539260082660038,experimental
NZ461,1,mud,0.709827261254536,experimental
NZ462,1,mud,0.814848701146708,experimental
NZ463,1,mud,0.7543138629947618,experimental
NZ464,1,mud,0.8504470864669627,experimental
NZ465,1,mud,0.8469632154992207,experimental
NZ466,1,mud,0.814848701146708,experimental
NZ467,1,mud,0.8623763614963811,experimental
NZ468,1,mud,0.816019463620691,experimental
NZ469,1,mud,0.7974718027429084,experimental
NZ470,1,mud,0.785202026464636,experimental
NZ471,1,mud,0.7365052750310436,experimental
NZ472,1,mud,0.7840101621148443,experimental
NZ473,1,mud,0.8386464822496595,experimental
NZ474,1,mud,0.8921838917261161,experimental
NZ475,1,mud,0.8729812221383475,experimental
NZ476,1,mud,0.8412373714889466,experimental
NZ477,1,mud,0.8729812221383475,experimental
NZ478,1,mud,0.7726142272976319,experimental
NZ479,1,mud,0.8729812221383475,experimental
NZ480,1,mud,0.8564081659878613,experimental
NZ481,1,mud,0.671715902899018,experimental
NZ482,1,mud,0.7569097365405308,experimental
NZ483,1,mud,0.8038046876467162,experimental
NZ484,1,mud,0.7324338000042563,experimental
NZ485,1,mud,0.8065905926729736,experimental
NZ486,1,mud,0.7939193211597455,experimental
NZ487,1,mud,0.763013163728684,experimental
NZ488,1,mud,0.8065905926729736,experimental
NZ489,1,mud,0.8065905926729736,experimental
NZ490,1,mud,0.7218342304647583,experimental
NZ491,1,mud,0.753461932451883,experimental
NZ492,1,mud,0.814848701146708,experimental
NZ493,1,mud,0.8564081659878613,experimental
NZ494,1,mud,0.8562505580069412,experimental
NZ495,1,mud,0.8230533121382781,experimental
NZ496,1,mud,0.8651938690486216,experimental
NZ497,1,mud,0.8667760204672831,experimental
NZ498,1,mud,0.8070161036458574,experimental
NZ499,1,mud,0.8348707949171789,experimental
NZ500,1,mud,0.8564081659878613,experimental
NZ001,2,overall_good,0.987234246994049,experimental
NZ002,2,overall_good,0.9874756470827796,experimental
NZ003,2,overall_good,0.9857549222717226,experimental
NZ004,2,overall_good,0.9869012893036548,experimental
NZ005,2,overall_good,0.9869308349570991,experimental
NZ006,2,overall_good,0.9832152568872028,experimental
NZ007,2,overall_good,0.987313813056294,experimental
NZ008,2,overall_good,0.9866238835870534,experimental
NZ009,2,overall_good,0.9849665107125782,experimental
NZ010,2,overall_good,0.9861252325309973,experimental
NZ011,2,overall_good,0.9872736081463045,experimental
NZ012,2,overall_good,0.9831536486477199,experimental
NZ013,2,overall_good,0.9838976992488192,experimental
NZ014,2,overall_good,0.9873814681747121,experimental
NZ015,2,overall_good,0.9819934041363967,experimental
NZ016,2,overall_good,0.9838490874068782,experimental
NZ017,2,overall_good,0.9841990450798641,experimental
NZ018,2,overall_good,0.9844791689606208,experimental
NZ019,2,overall_good,0.9827516561311103,experimental
NZ020,2,overall_good,0.9865498883775355,experimental
NZ021,2,overall_good,0.984312827871641,experimental
NZ022,2,overall_good,0.9837640393916169,experimental
NZ023,2,overall_good,0.9856630675218615,experimental
NZ024,2,overall_good,0.9856053334881756,experimental
NZ025,2,overall_good,0.9847023187756992,experimental
NZ026,2,overall_good,0.9846801924815196,experimental
NZ027,2,overall_good,0.9842989600342231,experimental
NZ028,2,overall_good,0.9860903253783962,experimental
NZ029,2,overall_good,0.984843814919714,experimental
NZ030,2,overall_good,0.987609221927405,experimental
NZ031,2,overall_good,0.9838270558934473,experimental
NZ032,2,overall_good,0.9847947411191966,experimental
NZ033,2,overall_good,0.9849821925376444,experimental
NZ034,2,overall_good,0.9817566895824562,experimental
NZ035,2,overall_good,0.9841984841999512,experimental
NZ036,2,overall_good,0.9817461264052683,experimental
NZ037,2,overall_good,0.9860589041248263,experimental
NZ038,2,overall_good,0.9834295136595655,experimental
NZ039,2,overall_good,0.9834715960687065,experimental
NZ040,2,overall_good,0.9855775711411892,experimental
NZ041,2,overall_good,0.9846237879702202,experimental
NZ042,2,overall_good,0.9860938476924151,experimental
NZ043,2,overall_good,0.9829039221131254,experimental
NZ044,2,overall_good,0.981834553494975,experimental
NZ045,2,overall_good,0.981262028732032,experimental
NZ046,2,overall_good,0.9838623047438649,experimental
NZ047,2,overall_good,0.9858873756808197,experimental
NZ048,2,overall_good,0.9856463443062933,experimental
NZ049,2,overall_good,0.9865902048210893,experimental
NZ050,2,overall_good,0.9865679318814745,experimental
NZ051,2,overall_good,0.986953103316611,experimental
NZ052,2,overall_good,0.9853035594911331,experimental
NZ053,2,overall_good,0.9843459997185855,experimental
NZ054,2,overall_good,0.987381809608612,experimental
NZ055,2,overall_good,0.9860914130869499,experimental
NZ056,2,overall_good,0.9874276814788421,experimental
NZ057,2,overall_good,0.9833070441543554,experimental
NZ058,2,overall_good,0.9851192468605104,experimental
NZ059,2,overall_good,0.9855917501325951,experimental
NZ060,2,overall_good,0.9853474666321069,experimental
NZ061,2,overall_good,0.9821224815877735,experimental
NZ062,2,overall_good,0.9857041145639835,experimental
NZ063,2,overall_good,0.9847486497959648,experimental
NZ064,2,overall_good,0.9842228896208343,experimental
NZ065,2,overall_good,0.9850951331758665,experimental
NZ066,2,overall_good,0.9842330377090193,experimental
NZ067,2,overall_good,0.9852598090074378,experimental
NZ068,2,overall_good,0.9852015402559067,experimental
NZ069,2,overall_good,0.9856945645051228,experimental
NZ070,2,overall_good,0.9848123541933532,experimental
NZ071,2,overall_good,0.985284103576751,experimental
NZ072,2,overall_good,0.9836249750873732,experimental
NZ073,2,overall_good,0.9868608725713941,experimental
NZ074,2,overall_good,0.985148778811126,experimental
NZ075,2,overall_good,0.9842036367929982,experimental
NZ076,2,overall_good,0.9848151141080694,experimental
NZ077,2,overall_good,0.9842104330747737,experimental
NZ078,2,overall_good,0.9843404089880136,experimental
NZ079,2,overall_good,0.984941428009222,experimental
NZ080,2,overall_good,0.9848185135436185,experimental
NZ081,2,overall_good,0.9838702755248121,experimental
NZ082,2,overall_good,0.9848515363625444,experimental
NZ083,2,overall_good,0.9842996095854752,experimental
NZ084,2,overall_good,0.9845014266634297,experimental
NZ085,2,overall_good,0.984782852857837,experimental
NZ086,2,overall_good,0.984325452676107,experimental
NZ087,2,overall_good,0.9843516364103744,experimental
NZ088,2,overall_good,0.9839774069350429,experimental
NZ089,2,overall_good,0.9835835692324292,experimental
NZ090,2,overall_good,0.984602487701528,experimental
NZ091,2,overall_good,0.98424164618554,experimental
NZ092,2,overall_good,0.9845587191387168,experimental
NZ093,2,overall_good,0.9821813990927942,experimental
NZ094,2,overall_good,0.9844028793361622,experimental
NZ095,2,overall_good,0.9843288221168478,experimental
NZ096,2,overall_good,0.9819622125171601,experimental
NZ097,2,overall_good,0.9869078875678875,experimental
NZ098,2,overall_good,0.9869709282014374,experimental
NZ099,2,overall_good,0.9851382700695998,experimental
NZ100,2,overall_good,0.986119838676133,experimental
NZ101,2,overall_good,0.9843930879064623,experimental
NZ102,2,overall_good,0.9850499496168859,experimental
NZ103,2,overall_good,0.9827143214823721,experimental
NZ104,2,overall_good,0.9851059409080548,experimental
NZ105,2,overall_good,0.9837611583142385,experimental
NZ106,2,overall_good,0.9825072441846057,experimental
NZ107,2,overall_good,0.9873861283051069,experimental
NZ108,2,overall_good,0.9873840511068815,experimental
NZ109,2,overall_good,0.9862536351916477,experimental
NZ110,2,overall_good,0.9866446883038109,experimental
NZ111,2,overall_good,0.9852130229525105,experimental
NZ112,2,overall_good,0.9865013791359923,experimental
NZ113,2,overall_good,0.9860840485870587,experimental
NZ114,2,overall_good,0.9865016851486814,experimental
NZ115,2,overall_good,0.9860949840736853,experimental
NZ116,2,overall_good,0.9865695236707006,experimental
NZ117,2,overall_good,0.9874035575179727,experimental
NZ118,2,overall_good,0.9846828616816871,experimental
NZ119,2,overall_good,0.9869395341363911,experimental
NZ120,2,overall_good,0.9832828156947683,experimental
NZ121,2,overall_good,0.9842392114576151,experimental
NZ122,2,overall_good,0.9850509707338327,experimental
NZ123,2,overall_good,0.9845448890330923,experimental
NZ124,2,overall_good,0.981087149012803,experimental
NZ125,2,overall_good,0.9839314983504258,experimental
NZ126,2,overall_good,0.9857648298319018,experimental
NZ127,2,overall_good,0.9861064085842869,experimental
NZ128,2,overall_good,0.9831017051149047,experimental
NZ129,2,overall_good,0.9862392322221932,experimental
NZ130,2,overall_good,0.9851937873666455,experimental
NZ131,2,overall_good,0.9846549893036333,experimental
NZ132,2,overall_good,0.9861252303382368,experimental
NZ133,2,overall_good,0.9868796166530001,experimental
NZ134,2,overall_good,0.9869085021590803,experimental
NZ135,2,overall_good,0.9869372641219946,experimental
NZ136,2,overall_good,0.9865467885016508,experimental
NZ137,2,overall_good,0.9843739686587288,experimental
NZ138,2,overall_good,0.9839542890170629,experimental
NZ139,2,overall_good,0.9846673346323124,experimental
NZ140,2,overall_good,0.9858491203548196,experimental
NZ141,2,overall_good,0.9863477950649816,experimental
NZ142,2,overall_good,0.9814784730920466,experimental
NZ143,2,overall_good,0.9835318028474337,experimental
NZ144,2,overall_good,0.9834371050905553,experimental
NZ145,2,overall_good,0.9843857386450451,experimental
NZ146,2,overall_good,0.9844639235831032,experimental
NZ147,2,overall_good,0.9819696331110902,experimental
NZ148,2,overall_good,0.9835639481260926,experimental
NZ149,2,overall_good,0.9821451797750663,experimental
NZ150,2,overall_good,0.9809945868333806,experimental
NZ151,2,overall_good,0.9812141829112682,experimental
NZ152,2,overall_good,0.981293927463055,experimental
NZ153,2,overall_good,0.9863605645404488,experimental
NZ154,2,overall_good,0.9863560040923176,experimental
NZ155,2,overall_good,0.9858457028316914,experimental
NZ156,2,overall_good,0.9863844817879985,experimental
NZ157,2,overall_good,0.9863485903842285,experimental
NZ158,2,overall_good,0.986364056886065,experimental
NZ159,2,overall_good,0.9862273681790281,experimental
NZ160,2,overall_good,0.9863469522257954,experimental
NZ161,2,overall_good,0.9869202093645305,experimental
NZ162,2,overall_good,0.9863584047679022,experimental
NZ163,2,overall_good,0.9858614056393651,experimental
NZ164,2,overall_good,0.987287903751151,experimental
NZ165,2,overall_good,0.9872221025646368,experimental
NZ166,2,overall_good,0.9873127175290329,experimental
NZ167,2,overall_good,0.9877422040603228,experimental
NZ168,2,overall_good,0.9853519046598358,experimental
NZ169,2,overall_good,0.9873493880012563,experimental
NZ170,2,overall_good,0.9873662466215406,experimental
NZ171,2,overall_good,0.9864709064258259,experimental
NZ172,2,overall_good,0.9865708263075719,experimental
NZ173,2,overall_good,0.9860805662059436,experimental
NZ174,2,overall_good,0.983229135804213,experimental
NZ175,2,overall_good,0.983243159223315,experimental
NZ176,2,overall_good,0.9860584578186793,experimental
NZ177,2,overall_good,0.9873662851168165,experimental
NZ178,2,overall_good,0.9870436279712067,experimental
NZ179,2,overall_good,0.9865562351422644,experimental
NZ180,2,overall_good,0.986983277756425,experimental
NZ181,2,overall_good,0.9861460447898109,experimental
NZ182,2,overall_good,0.9846525518700976,experimental
NZ183,2,overall_good,0.9860516107860773,experimental
NZ184,2,overall_good,0.985618934899893,experimental
NZ185,2,overall_good,0.9852031962315718,experimental
NZ186,2,overall_good,0.9870438109229324,experimental
NZ187,2,overall_good,0.9862413109376538,experimental
NZ188,2,overall_good,0.9857208586680888,experimental
NZ189,2,overall_good,0.9865472932640924,experimental
NZ190,2,overall_good,0.9864166655635516,experimental
NZ191,2,overall_good,0.9841451202170488,experimental
NZ192,2,overall_good,0.986324788065562,experimental
NZ193,2,overall_good,0.9843480710313705,experimental
NZ194,2,overall_good,0.9846886634531882,experimental
NZ195,2,overall_good,0.9858847130510353,experimental
NZ196,2,overall_good,0.9858140995299352,experimental
NZ197,2,overall_good,0.9864324792691106,experimental
NZ198,2,overall_good,0.9839437830062393,experimental
NZ199,2,overall_good,0.9848585665928996,experimental
NZ200,2,overall_good,0.9855026407806682,experimental
NZ201,2,overall_good,0.9850231811608732,experimental
NZ202,2,overall_good,0.9850048442451409,experimental
NZ203,2,overall_good,0.9838361933191161,experimental
NZ204,2,overall_good,0.9844355192954849,experimental
NZ205,2,overall_good,0.9847534797616468,experimental
NZ206,2,overall_good,0.9832939844931259,experimental
NZ207,2,overall_good,0.9846475344501544,experimental
NZ208,2,overall_good,0.9842409562857265,experimental
NZ209,2,overall_good,0.9839075081041081,experimental
NZ210,2,overall_good,0.9844465148890494,experimental
NZ211,2,overall_good,0.9841946673402726,experimental
NZ212,2,overall_good,0.9850480049998823,experimental
NZ213,2,overall_good,0.98435109019447,experimental
NZ214,2,overall_good,0.9841852148266588,experimental
NZ215,2,overall_good,0.9848321980325713,experimental
NZ216,2,overall_good,0.9848594420401686,experimental
NZ217,2,overall_good,0.9843002356355813,experimental
NZ218,2,overall_good,0.9846047427707088,experimental
NZ219,2,overall_good,0.984138925083957,experimental
NZ220,2,overall_good,0.9815281904025874,experimental
NZ221,2,overall_good,0.9834952456769184,experimental
NZ222,2,overall_good,0.9843555303007887,experimental
NZ223,2,overall_good,0.9840887794448852,experimental
NZ224,2,overall_good,0.9840262133682754,experimental
NZ225,2,overall_good,0.9846082218878759,experimental
NZ226,2,overall_good,0.9850328453203117,experimental
NZ227,2,overall_good,0.9843160565014827,experimental
NZ228,2,overall_good,0.9832431463696629,experimental
NZ229,2,overall_good,0.984232755399261,experimental
NZ230,2,overall_good,0.9853808742241303,experimental
NZ231,2,overall_good,0.9833721189576101,experimental
NZ232,2,overall_good,0.9832998587835686,experimental
NZ233,2,overall_good,0.9833438848068651,experimental
NZ234,2,overall_good,0.9847293263595704,experimental
NZ235,2,overall_good,0.9848471926018372,experimental
NZ236,2,overall_good,0.9848480394339679,experimental
NZ237,2,overall_good,0.9835176349732508,experimental
NZ238,2,overall_good,0.9841999287054184,experimental
NZ239,2,overall_good,0.9819800640537133,experimental
NZ240,2,overall_good,0.9842441183386568,experimental
NZ241,2,overall_good,0.9841589240378269,experimental
NZ242,2,overall_good,0.9847023836314813,experimental
NZ243,2,overall_good,0.9848106327074616,experimental
NZ244,2,overall_good,0.9821522307099497,experimental
NZ245,2,overall_good,0.9813167443863321,experimental
NZ246,2,overall_good,0.9866399873774733,experimental
NZ247,2,overall_good,0.9873505140831194,experimental
NZ248,2,overall_good,0.9861312399206427,experimental
NZ249,2,overall_good,0.9873807976426677,experimental
NZ250,2,overall_good,0.9874025219311092,experimental
NZ251,2,overall_good,0.9851135565593384,experimental
NZ252,2,overall_good,0.9865485112672464,experimental
NZ253,2,overall_good,0.9869134319474897,experimental
NZ254,2,overall_good,0.9863564300207835,experimental
NZ255,2,overall_good,0.9870666089732741,experimental
NZ256,2,overall_good,0.9873622269974689,experimental
NZ257,2,overall_good,0.9866257976930191,experimental
NZ258,2,overall_good,0.9866013327919227,experimental
NZ259,2,overall_good,0.9866461638824957,experimental
NZ260,2,overall_good,0.9866286026182498,experimental
NZ261,2,overall_good,0.9865756400584952,experimental
NZ262,2,overall_good,0.9874602808921904,experimental
NZ263,2,overall_good,0.9860885554611815,experimental
NZ264,2,overall_good,0.9848923570551678,experimental
NZ265,2,overall_good,0.9853892194702711,experimental
NZ266,2,overall_good,0.9852759173972439,experimental
NZ267,2,overall_good,0.9853423152168704,experimental
NZ268,2,overall_good,0.9860977321778274,experimental
NZ269,2,overall_good,0.9859953153823589,experimental
NZ270,2,overall_good,0.9813458086756479,experimental
NZ271,2,overall_good,0.9832962507358095,experimental
NZ272,2,overall_good,0.983315882647107,experimental
NZ273,2,overall_good,0.9852647650129428,experimental
NZ274,2,overall_good,0.9849005638999844,experimental
NZ275,2,overall_good,0.9842764482466004,experimental
NZ276,2,overall_good,0.9846638240489896,experimental
NZ277,2,overall_good,0.9857077276420549,experimental
NZ278,2,overall_good,0.9865467885016508,experimental
NZ279,2,overall_good,0.9833491723964796,experimental
NZ280,2,overall_good,0.9857109141415085,experimental
NZ281,2,overall_good,0.9843244664966383,experimental
NZ282,2,overall_good,0.9850352273152291,experimental
NZ283,2,overall_good,0.9834003869410536,experimental
NZ284,2,overall_good,0.9843190708188855,experimental
NZ285,2,overall_good,0.9845777813480835,experimental
NZ286,2,overall_good,0.9841968672149037,experimental
NZ287,2,overall_good,0.9869593004268304,experimental
NZ288,2,overall_good,0.9848374765067337,experimental
NZ289,2,overall_good,0.9874731373704158,experimental
NZ290,2,overall_good,0.9866658075647525,experimental
NZ291,2,overall_good,0.9827589025780087,experimental
NZ292,2,overall_good,0.9847027901126485,experimental
NZ293,2,overall_good,0.9846855862277891,experimental
NZ294,2,overall_good,0.9809909083966651,experimental
NZ295,2,overall_good,0.9839676054525917,experimental
NZ296,2,overall_good,0.9840937751681064,experimental
NZ297,2,overall_good,0.9863484910447677,experimental
NZ298,2,overall_good,0.9858597098572531,experimental
NZ299,2,overall_good,0.9861263646428928,experimental
NZ300,2,overall_good,0.9847630689960924,experimental
NZ301,2,overall_good,0.9840433977571059,experimental
NZ302,2,overall_good,0.9817889596195603,experimental
NZ303,2,overall_good,0.9817633850444617,experimental
NZ304,2,overall_good,0.9834861839835414,experimental
NZ305,2,overall_good,0.9835159727855581,experimental
NZ306,2,overall_good,0.982775609711721,experimental
NZ307,2,overall_good,0.9829984238445458,experimental
NZ308,2,overall_good,0.984609176680791,experimental
NZ309,2,overall_good,0.9818127737705734,experimental
NZ310,2,overall_good,0.9834793336114794,experimental
NZ311,2,overall_good,0.980965844210445,experimental
NZ312,2,overall_good,0.9844535407154261,experimental
NZ313,2,overall_good,0.9828962989656932,experimental
NZ314,2,overall_good,0.9836578532308878,experimental
NZ315,2,overall_good,0.9847269099071998,experimental
NZ316,2,overall_good,0.9842999630823258,experimental
NZ317,2,overall_good,0.9837189577271142,experimental
NZ318,2,overall_good,0.9874682375689998,experimental
NZ319,2,overall_good,0.9835447957820935,experimental
NZ320,2,overall_good,0.9813688794219682,experimental
NZ321,2,overall_good,0.9837064706854542,experimental
NZ322,2,overall_good,0.9837381860335705,experimental
NZ323,2,overall_good,0.9842766089992373,experimental
NZ324,2,overall_good,0.9834158928145821,experimental
NZ325,2,overall_good,0.9830410654036014,experimental
NZ326,2,overall_good,0.9824919977748983,experimental
NZ327,2,overall_good,0.9838400025347894,experimental
NZ328,2,overall_good,0.9825692490954966,experimental
NZ329,2,overall_good,0.9814034584107736,experimental
NZ330,2,overall_good,0.9824828025738969,experimental
NZ331,2,overall_good,0.9840952271241339,experimental
NZ332,2,overall_good,0.9852166042281246,experimental
NZ333,2,overall_good,0.9851815136535866,experimental
NZ334,2,overall_good,0.9861348839689258,experimental
NZ335,2,overall_good,0.9851838455682858,experimental
NZ336,2,overall_good,0.9842710709418085,experimental
NZ337,2,overall_good,0.9834493223779036,experimental
NZ338,2,overall_good,0.9855704413143613,experimental
NZ339,2,overall_good,0.9861346502219566,experimental
NZ340,2,overall_good,0.984686762253049,experimental
NZ341,2,overall_good,0.9850585925753467,experimental
NZ342,2,overall_good,0.9869310948373791,experimental
NZ343,2,overall_good,0.9851974550127655,experimental
NZ344,2,overall_good,0.9865572668725922,experimental
NZ345,2,overall_good,0.986487261425886,experimental
NZ346,2,overall_good,0.9852448344567482,experimental
NZ347,2,overall_good,0.9838776987874651,experimental
NZ348,2,overall_good,0.9865514518547085,experimental
NZ349,2,overall_good,0.98329902938452,experimental
NZ350,2,overall_good,0.9825429508811845,experimental
NZ351,2,overall_good,0.9822210470464409,experimental
NZ352,2,overall_good,0.9842267570566475,experimental
NZ353,2,overall_good,0.983214838587046,experimental
NZ354,2,overall_good,0.9832969417867118,experimental
NZ355,2,overall_good,0.9861391672424269,experimental
NZ356,2,overall_good,0.9830165107234035,experimental
NZ357,2,overall_good,0.9837426609502516,experimental
NZ358,2,overall_good,0.9871011987528682,experimental
NZ359,2,overall_good,0.986337150743434,experimental
NZ360,2,overall_good,0.9843950530279691,experimental
NZ361,2,overall_good,0.9858580247513856,experimental
NZ362,2,overall_good,0.9856416633969795,experimental
NZ363,2,overall_good,0.986882467607452,experimental
NZ364,2,overall_good,0.9845482190818354,experimental
NZ365,2,overall_good,0.9869885942373741,experimental
NZ366,2,overall_good,0.9863355007167004,experimental
NZ367,2,overall_good,0.9861545645688524,experimental
NZ368,2,overall_good,0.986050937572768,experimental
NZ369,2,overall_good,0.98521204533018,experimental
NZ370,2,overall_good,0.9873277631865437,experimental
NZ371,2,overall_good,0.9833555348164015,experimental
NZ372,2,overall_good,0.9852908678476867,experimental
NZ373,2,overall_good,0.9860999277556498,experimental
NZ374,2,overall_good,0.9863500652851772,experimental
NZ375,2,overall_good,0.9837010488548591,experimental
NZ376,2,overall_good,0.9853688148100982,experimental
NZ377,2,overall_good,0.9848041507043501,experimental
NZ378,2,overall_good,0.9853912057081087,experimental
NZ379,2,overall_good,0.9847439508866023,experimental
NZ380,2,overall_good,0.9843454077154521,experimental
NZ381,2,overall_good,0.9842736942666553,experimental
NZ382,2,overall_good,0.9848437850815769,experimental
NZ383,2,overall_good,0.9863278886136111,experimental
NZ384,2,overall_good,0.986327558585654,experimental
NZ385,2,overall_good,0.9844609449110848,experimental
NZ386,2,overall_good,0.9857983195170128,experimental
NZ387,2,overall_good,0.9848419718859801,experimental
NZ388,2,overall_good,0.9848729162078537,experimental
NZ389,2,overall_good,0.9862713467288292,experimental
NZ390,2,overall_good,0.984304335183596,experimental
NZ391,2,overall_good,0.9848470694045716,experimental
NZ392,2,overall_good,0.983858725140041,experimental
NZ393,2,overall_good,0.9848394923492334,experimental
NZ394,2,overall_good,0.9845212602981794,experimental
NZ395,2,overall_good,0.9865724478471691,experimental
NZ396,2,overall_good,0.9869240486815983,experimental
NZ397,2,overall_good,0.9852891448201505,experimental
NZ398,2,overall_good,0.9852316115822197,experimental
NZ399,2,overall_good,0.9869831775290457,experimental
NZ400,2,overall_good,0.9851012063788923,experimental
NZ401,2,overall_good,0.9865531367091942,experimental
NZ402,2,overall_good,0.9860636661247912,experimental
NZ403,2,overall_good,0.9873501840544502,experimental
NZ404,2,overall_good,0.9861277096578696,experimental
NZ405,2,overall_good,0.9869986627685589,experimental
NZ406,2,overall_good,0.9865569981127645,experimental
NZ407,2,overall_good,0.9860786826057046,experimental
NZ408,2,overall_good,0.9861593412718178,experimental
NZ409,2,overall_good,0.9874161532045759,experimental
NZ410,2,overall_good,0.9870268114260895,experimental
NZ411,2,overall_good,0.9870620501062134,experimental
NZ412,2,overall_good,0.986104311948253,experimental
NZ413,2,overall_good,0.9867301968617483,experimental
NZ414,2,overall_good,0.9866003617609346,experimental
NZ415,2,overall_good,0.9866737872433387,experimental
NZ416,2,overall_good,0.9870763089759749,experimental
NZ417,2,overall_good,0.9870896375502308,experimental
NZ418,2,overall_good,0.9868876959155061,experimental
NZ419,2,overall_good,0.9842365847193496,experimental
NZ420,2,overall_good,0.9874183556070131,experimental
NZ421,2,overall_good,0.9856736379259032,experimental
NZ422,2,overall_good,0.9847352764546546,experimental
NZ423,2,overall_good,0.9846537792205786,experimental
NZ424,2,overall_good,0.9859277276702311,experimental
NZ425,2,overall_good,0.9857186504933029,experimental
NZ426,2,overall_good,0.9860782066229308,experimental
NZ427,2,overall_good,0.9843456824797888,experimental
NZ428,2,overall_good,0.9847032680858402,experimental
NZ429,2,overall_good,0.9847453568858402,experimental
NZ430,2,overall_good,0.9836937877635761,experimental
NZ431,2,overall_good,0.9869993044210483,experimental
NZ432,2,overall_good,0.9846416299956391,experimental
NZ433,2,overall_good,0.9855873402787394,experimental
NZ434,2,overall_good,0.9855985931021776,experimental
NZ435,2,overall_good,0.9860959373638781,experimental
NZ436,2,overall_good,0.9865086401205192,experimental
NZ437,2,overall_good,0.986145228219381,experimental
NZ438,2,overall_good,0.9860781593449213,experimental
NZ439,2,overall_good,0.986898174769149,experimental
NZ440,2,overall_good,0.9865818148759781,experimental
NZ441,2,overall_good,0.9865231014555478,experimental
NZ442,2,overall_good,0.9866245495258544,experimental
NZ443,2,overall_good,0.9858193198520392,experimental
NZ444,2,overall_good,0.9867058199264308,experimental
NZ445,2,overall_good,0.9834691995536141,experimental
NZ446,2,overall_good,0.9852784141257939,experimental
NZ447,2,overall_good,0.9834453713189147,experimental
NZ448,2,overall_good,0.9852059435375454,experimental
NZ449,2,overall_good,0.9851876460699932,experimental
NZ450,2,overall_good,0.9860104489850868,experimental
NZ451,2,overall_good,0.9849156708391144,experimental
NZ452,2,overall_good,0.9848547062282035,experimental
NZ453,2,overall_good,0.9848851987270527,experimental
NZ454,2,overall_good,0.984783700986,experimental
NZ455,2,overall_good,0.9833253167733854,experimental
NZ456,2,overall_good,0.9848456628143338,experimental
NZ457,2,overall_good,0.9848226849452403,experimental
NZ458,2,overall_good,0.9848769063640757,experimental
NZ459,2,overall_good,0.9842434482231359,experimental
NZ460,2,overall_good,0.9816681977612061,experimental
NZ461,2,overall_good,0.9848511234616888,experimental
NZ462,2,overall_good,0.9848423372222291,experimental
NZ463,2,overall_good,0.9844895761602026,experimental
NZ464,2,overall_good,0.9813973025558467,experimental
NZ465,2,overall_good,0.9814101345189774,experimental
NZ466,2,overall_good,0.9848500578745927,experimental
NZ467,2,overall_good,0.9838501187231785,experimental
NZ468,2,overall_good,0.9842681732647559,experimental
NZ469,2,overall_good,0.9858438470563684,experimental
NZ470,2,overall_good,0.9863642078636387,experimental
NZ471,2,overall_good,0.9861982137576265,experimental
NZ472,2,overall_good,0.9864918247551734,experimental
NZ473,2,overall_good,0.9861277826435247,experimental
NZ474,2,overall_good,0.9861119074194377,experimental
NZ475,2,overall_good,0.9846629678186493,experimental
NZ476,2,overall_good,0.9856377577724567,experimental
NZ477,2,overall_good,0.9846622340063022,experimental
NZ478,2,overall_good,0.9838341844764232,experimental
NZ479,2,overall_good,0.9847209210377542,experimental
NZ480,2,overall_good,0.9832440684676343,experimental
NZ481,2,overall_good,0.9860591235088513,experimental
NZ482,2,overall_good,0.9859958844536278,experimental
NZ483,2,overall_good,0.9857408685696093,experimental
NZ484,2,overall_good,0.9848418620671918,experimental
NZ485,2,overall_good,0.9851439372983575,experimental
NZ486,2,overall_good,0.9846277683500636,experimental
NZ487,2,overall_good,0.9855087915800491,experimental
NZ488,2,overall_good,0.9851412067059784,experimental
NZ489,2,overall_good,0.9852064351207154,experimental
NZ490,2,overall_good,0.9841661903016867,experimental
NZ491,2,overall_good,0.9847640284939667,experimental
NZ492,2,overall_good,0.9848666167560655,experimental
NZ493,2,overall_good,0.9833067695068562,experimental
NZ494,2,overall_good,0.983851261528751,experimental
NZ495,2,overall_good,0.9818138995356334,experimental
NZ496,2,overall_good,0.9847585191382966,experimental
NZ497,2,overall_good,0.9844418069380177,experimental
NZ498,2,overall_good,0.9848267167727996,experimental
NZ499,2,overall_good,0.9815296423220099,experimental
NZ500,2,overall_good,0.9832380803678986,experimental
NZ001,2,bugs,0.7032988352896484,experimental
NZ002,2,bugs,0.5035419575070442,experimental
NZ003,2,bugs,0.6498397039990337,experimental
NZ004,2,bugs,0.5260661763673573,experimental
NZ005,2,bugs,0.5251686960439558,experimental
NZ006,2,bugs,0.631820199434649,experimental
NZ007,2,bugs,0.5888194704007359,experimental
NZ008,2,bugs,0.5486251840681843,experimental
NZ009,2,bugs,0.6403612684423291,experimental
NZ010,2,bugs,0.49383296319616404,experimental
NZ011,2,bugs,0.5934801771826447,experimental
NZ012,2,bugs,0.669149530939964,experimental
NZ013,2,bugs,0.6443412137724134,experimental
NZ014,2,bugs,0.6471079965985622,experimental
NZ015,2,bugs,0.42588783685344894,experimental
NZ016,2,bugs,0.419745050617464,experimental
NZ017,2,bugs,0.5278221466022986,experimental
NZ018,2,bugs,0.40143934942231424,experimental
NZ019,2,bugs,0.7255488614561186,experimental
NZ020,2,bugs,0.5070906190334091,experimental
NZ021,2,bugs,0.5836167586727974,experimental
NZ022,2,bugs,0.43245473497529746,experimental
NZ023,2,bugs,0.6264204061388453,experimental
NZ024,2,bugs,0.5740933880678653,experimental
NZ025,2,bugs,0.7376437473689711,experimental
NZ026,2,bugs,0.7372846686572138,experimental
NZ027,2,bugs,0.4070806238981922,experimental
NZ028,2,bugs,0.47930726312896627,experimental
NZ029,2,bugs,0.7360833273072065,experimental
NZ030,2,bugs,0.5911831694537887,experimental
NZ031,2,bugs,0.425294382691214,experimental
NZ032,2,bugs,0.47263629780677446,experimental
NZ033,2,bugs,0.43569029937633447,experimental
NZ034,2,bugs,0.5808890129301063,experimental
NZ035,2,bugs,0.4378716397843556,experimental
NZ036,2,bugs,0.5751742226294372,experimental
NZ037,2,bugs,0.46295642916171986,experimental
NZ038,2,bugs,0.4857236844928455,experimental
NZ039,2,bugs,0.454489734163367,experimental
NZ040,2,bugs,0.7331311338896683,experimental
NZ041,2,bugs,0.46417156168869284,experimental
NZ042,2,bugs,0.5187353293178483,experimental
NZ043,2,bugs,0.42703338220509235,experimental
NZ044,2,bugs,0.5808890129301063,experimental
NZ045,2,bugs,0.7100078168977592,experimental
NZ046,2,bugs,0.419745050617464,experimental
NZ047,2,bugs,0.7348353605817819,experimental
NZ048,2,bugs,0.44354470742320096,experimental
NZ049,2,bugs,0.42534194619060317,experimental
NZ050,2,bugs,0.4183866769888766,experimental
NZ051,2,bugs,0.38160635276746546,experimental
NZ052,2,bugs,0.5216313945985549,experimental
NZ053,2,bugs,0.6732989702737713,experimental
NZ054,2,bugs,0.4993997234427003,experimental
NZ055,2,bugs,0.4866904277043887,experimental
NZ056,2,bugs,0.5381852076225694,experimental
NZ057,2,bugs,0.4214607663321107,experimental
NZ058,2,bugs,0.6705303516036876,experimental
NZ059,2,bugs,0.4240234919386346,experimental
NZ060,2,bugs,0.602584447748903,experimental
NZ061,2,bugs,0.4143299039403713,experimental
NZ062,2,bugs,0.5692189891803435,experimental
NZ063,2,bugs,0.4350971087641855,experimental
NZ064,2,bugs,0.39045036535892375,experimental
NZ065,2,bugs,0.6705303516036876,experimental
NZ066,2,bugs,0.39045036535892375,experimental
NZ067,2,bugs,0.3806821903327345,experimental
NZ068,2,bugs,0.3806821903327345,experimental
NZ069,2,bugs,0.4456461156502951,experimental
NZ070,2,bugs,0.4274583796760816,experimental
NZ071,2,bugs,0.6705303516036876,experimental
NZ072,2,bugs,0.6665698647803278,experimental
NZ073,2,bugs,0.6478279261686252,experimental
NZ074,2,bugs,0.6705303516036876,experimental
NZ075,2,bugs,0.39027849489056815,experimental
NZ076,2,bugs,0.4094116258586689,experimental
NZ077,2,bugs,0.3893207630813601,experimental
NZ078,2,bugs,0.4059597351601759,experimental
NZ079,2,bugs,0.43984863364596327,experimental
NZ080,2,bugs,0.4039613150886882,experimental
NZ081,2,bugs,0.419745050617464,experimental
NZ082,2,bugs,0.4039613150886882,experimental
NZ083,2,bugs,0.6772419174229455,experimental
NZ084,2,bugs,0.40143934942231424,experimental
NZ085,2,bugs,0.5553609547698364,experimental
NZ086,2,bugs,0.3860869023043371,experimental
NZ087,2,bugs,0.3860869023043371,experimental
NZ088,2,bugs,0.6241239393261284,experimental
NZ089,2,bugs,0.40529211107450597,experimental
NZ090,2,bugs,0.38694750432732467,experimental
NZ091,2,bugs,0.40885701559666454,experimental
NZ092,2,bugs,0.5673806268060592,experimental
NZ093,2,bugs,0.5065435187332905,experimental
NZ094,2,bugs,0.49881110745034396,experimental
NZ095,2,bugs,0.3680337672040882,experimental
NZ096,2,bugs,0.5279754257656161,experimental
NZ097,2,bugs,0.6742235918645804,experimental
NZ098,2,bugs,0.38670534981156174,experimental
NZ099,2,bugs,0.6381481831159347,experimental
NZ100,2,bugs,0.4035540522753367,experimental
NZ101,2,bugs,0.43764440892467144,experimental
NZ102,2,bugs,0.5809064950528692,experimental
NZ103,2,bugs,0.39550936081108523,experimental
NZ104,2,bugs,0.44374034951121194,experimental
NZ105,2,bugs,0.3947704173192047,experimental
NZ106,2,bugs,0.45977767931444924,experimental
NZ107,2,bugs,0.42049363816485785,experimental
NZ108,2,bugs,0.4011532144335239,experimental
NZ109,2,bugs,0.5118208662708487,experimental
NZ110,2,bugs,0.6770974697542963,experimental
NZ111,2,bugs,0.4826759001447092,experimental
NZ112,2,bugs,0.4580691981780375,experimental
NZ113,2,bugs,0.5019478601799408,experimental
NZ114,2,bugs,0.48433314974325065,experimental
NZ115,2,bugs,0.48524612729415956,experimental
NZ116,2,bugs,0.5132257261753025,experimental
NZ117,2,bugs,0.5024971011520264,experimental
NZ118,2,bugs,0.7388861658408568,experimental
NZ119,2,bugs,0.42331634526103423,experimental
NZ120,2,bugs,0.3948347644246654,experimental
NZ121,2,bugs,0.3787156912079529,experimental
NZ122,2,bugs,0.5335986865134935,experimental
NZ123,2,bugs,0.6772419174229455,experimental
NZ124,2,bugs,0.7005572843174444,experimental
NZ125,2,bugs,0.7354348028113857,experimental
NZ126,2,bugs,0.6194028949442008,experimental
NZ127,2,bugs,0.4720708731258167,experimental
NZ128,2,bugs,0.7255488614561186,experimental
NZ129,2,bugs,0.5185379383175809,experimental
NZ130,2,bugs,0.4826759001447092,experimental
NZ131,2,bugs,0.4576567881648619,experimental
NZ132,2,bugs,0.4720708731258167,experimental
NZ133,2,bugs,0.4362373991236197,experimental
NZ134,2,bugs,0.5005468267289046,experimental
NZ135,2,bugs,0.46813217785036426,experimental
NZ136,2,bugs,0.5070906190334091,experimental
NZ137,2,bugs,0.6783625060915801,experimental
NZ138,2,bugs,0.4344826864789317,experimental
NZ139,2,bugs,0.4671213191879321,experimental
NZ140,2,bugs,0.37748381920251733,experimental
NZ141,2,bugs,0.6646055145975741,experimental
NZ142,2,bugs,0.5906577702829957,experimental
NZ143,2,bugs,0.7068208647456509,experimental
NZ144,2,bugs,0.6180376381917787,experimental
NZ145,2,bugs,0.4512601508005218,experimental
NZ146,2,bugs,0.4701637811146486,experimental
NZ147,2,bugs,0.4495537554051063,experimental
NZ148,2,bugs,0.4583187206455589,experimental
NZ149,2,bugs,0.5173925325156056,experimental
NZ150,2,bugs,0.5430948372992557,experimental
NZ151,2,bugs,0.3953669432318853,experimental
NZ152,2,bugs,0.5161453836209137,experimental
NZ153,2,bugs,0.5117825483850481,experimental
NZ154,2,bugs,0.5117825483850481,experimental
NZ155,2,bugs,0.4790603332555527,experimental
NZ156,2,bugs,0.5405185672968504,experimental
NZ157,2,bugs,0.5117825483850481,experimental
NZ158,2,bugs,0.5117825483850481,experimental
NZ159,2,bugs,0.7661235120950324,experimental
NZ160,2,bugs,0.5117825483850481,experimental
NZ161,2,bugs,0.6061111243102205,experimental
NZ162,2,bugs,0.5117825483850481,experimental
NZ163,2,bugs,0.4790603332555527,experimental
NZ164,2,bugs,0.5085824206483716,experimental
NZ165,2,bugs,0.7623948992851498,experimental
NZ166,2,bugs,0.5614427609393488,experimental
NZ167,2,bugs,0.6121352551242174,experimental
NZ168,2,bugs,0.5725868667427504,experimental
NZ169,2,bugs,0.5132051801625187,experimental
NZ170,2,bugs,0.5024971011520264,experimental
NZ171,2,bugs,0.7434666210931457,experimental
NZ172,2,bugs,0.5070906190334091,experimental
NZ173,2,bugs,0.47930726312896627,experimental
NZ174,2,bugs,0.3948347644246654,experimental
NZ175,2,bugs,0.3948347644246654,experimental
NZ176,2,bugs,0.3890700438256367,experimental
NZ177,2,bugs,0.40475591979597164,experimental
NZ178,2,bugs,0.49612488547197836,experimental
NZ179,2,bugs,0.4147278550197486,experimental
NZ180,2,bugs,0.42730346117032647,experimental
NZ181,2,bugs,0.4720708731258167,experimental
NZ182,2,bugs,0.4524785242273538,experimental
NZ183,2,bugs,0.4918876928098947,experimental
NZ184,2,bugs,0.46210796176986796,experimental
NZ185,2,bugs,0.509065957224208,experimental
NZ186,2,bugs,0.5311905661674611,experimental
NZ187,2,bugs,0.5266377600637538,experimental
NZ188,2,bugs,0.49607170862913175,experimental
NZ189,2,bugs,0.4964512126114674,experimental
NZ190,2,bugs,0.763736223631043,experimental
NZ191,2,bugs,0.6374451575106354,experimental
NZ192,2,bugs,0.46858671547810293,experimental
NZ193,2,bugs,0.620109778209696,experimental
NZ194,2,bugs,0.7020109758534736,experimental
NZ195,2,bugs,0.4478593149175327,experimental
NZ196,2,bugs,0.7130328105027316,experimental
NZ197,2,bugs,0.6646055145975741,experimental
NZ198,2,bugs,0.3913722045628629,experimental
NZ199,2,bugs,0.3786443431643204,experimental
NZ200,2,bugs,0.4248233470955032,experimental
NZ201,2,bugs,0.44715381331662546,experimental
NZ202,2,bugs,0.5370565405535453,experimental
NZ203,2,bugs,0.419745050617464,experimental
NZ204,2,bugs,0.6567632101926391,experimental
NZ205,2,bugs,0.411547646015116,experimental
NZ206,2,bugs,0.38564304068374444,experimental
NZ207,2,bugs,0.4543608123288632,experimental
NZ208,2,bugs,0.6583193659313444,experimental
NZ209,2,bugs,0.6772419174229455,experimental
NZ210,2,bugs,0.5783992724360557,experimental
NZ211,2,bugs,0.40924596397671964,experimental
NZ212,2,bugs,0.4329356651262673,experimental
NZ213,2,bugs,0.6772419174229455,experimental
NZ214,2,bugs,0.40924596397671964,experimental
NZ215,2,bugs,0.4039613150886882,experimental
NZ216,2,bugs,0.6710145557749032,experimental
NZ217,2,bugs,0.37857829242740454,experimental
NZ218,2,bugs,0.6772419174229455,experimental
NZ219,2,bugs,0.43971514737758877,experimental
NZ220,2,bugs,0.6450161657659077,experimental
NZ221,2,bugs,0.42693453076866544,experimental
NZ222,2,bugs,0.5800038288783602,experimental
NZ223,2,bugs,0.5909117239507317,experimental
NZ224,2,bugs,0.4450405770037973,experimental
NZ225,2,bugs,0.46560873360528393,experimental
NZ226,2,bugs,0.49718737033476473,experimental
NZ227,2,bugs,0.5909117239507317,experimental
NZ228,2,bugs,0.3948347644246654,experimental
NZ229,2,bugs,0.6001059031599547,experimental
NZ230,2,bugs,0.49804554908973026,experimental
NZ231,2,bugs,0.40451145018323115,experimental
NZ232,2,bugs,0.3975828521316592,experimental
NZ233,2,bugs,0.4046529444278194,experimental
NZ234,2,bugs,0.5633167822899267,experimental
NZ235,2,bugs,0.4039613150886882,experimental
NZ236,2,bugs,0.4039613150886882,experimental
NZ237,2,bugs,0.6443412137724134,experimental
NZ238,2,bugs,0.6033378632094929,experimental
NZ239,2,bugs,0.639737244980669,experimental
NZ240,2,bugs,0.3787156912079529,experimental
NZ241,2,bugs,0.6772419174229455,experimental
NZ242,2,bugs,0.41030462914261145,experimental
NZ243,2,bugs,0.4417636728578991,experimental
NZ244,2,bugs,0.5268923415486402,experimental
NZ245,2,bugs,0.5557880201335752,experimental
NZ246,2,bugs,0.7434666210931457,experimental
NZ247,2,bugs,0.4993997234427003,experimental
NZ248,2,bugs,0.482333867529633,experimental
NZ249,2,bugs,0.5024971011520264,experimental
NZ250,2,bugs,0.7682633380850236,experimental
NZ251,2,bugs,0.5177084428810914,experimental
NZ252,2,bugs,0.5070906190334091,experimental
NZ253,2,bugs,0.46813217785036426,experimental
NZ254,2,bugs,0.7434666210931457,experimental
NZ255,2,bugs,0.7682633380850236,experimental
NZ256,2,bugs,0.523743705933571,experimental
NZ257,2,bugs,0.5248352715695791,experimental
NZ258,2,bugs,0.5070906190334091,experimental
NZ259,2,bugs,0.5581608746689034,experimental
NZ260,2,bugs,0.514283567690579,experimental
NZ261,2,bugs,0.5070906190334091,experimental
NZ262,2,bugs,0.632568353397419,experimental
NZ263,2,bugs,0.482333867529633,experimental
NZ264,2,bugs,0.5627120815193615,experimental
NZ265,2,bugs,0.40773126501462664,experimental
NZ266,2,bugs,0.39260739732133193,experimental
NZ267,2,bugs,0.41446587263067347,experimental
NZ268,2,bugs,0.5044170413967654,experimental
NZ269,2,bugs,0.4732002641351168,experimental
NZ270,2,bugs,0.4239855873071392,experimental
NZ271,2,bugs,0.38564304068374444,experimental
NZ272,2,bugs,0.4019694588711672,experimental
NZ273,2,bugs,0.49058184269530414,experimental
NZ274,2,bugs,0.39689053529619117,experimental
NZ275,2,bugs,0.6583193659313444,experimental
NZ276,2,bugs,0.40159613852715725,experimental
NZ277,2,bugs,0.4161539759475208,experimental
NZ278,2,bugs,0.5070906190334091,experimental
NZ279,2,bugs,0.39614643563267304,experimental
NZ280,2,bugs,0.4200136072607748,experimental
NZ281,2,bugs,0.6583193659313444,experimental
NZ282,2,bugs,0.42948690752156793,experimental
NZ283,2,bugs,0.38918284578381374,experimental
NZ284,2,bugs,0.3715037265131546,experimental
NZ285,2,bugs,0.5778067852816251,experimental
NZ286,2,bugs,0.4351870562313948,experimental
NZ287,2,bugs,0.5011848090815324,experimental
NZ288,2,bugs,0.4582974268420299,experimental
NZ289,2,bugs,0.4009624899759393,experimental
NZ290,2,bugs,0.4332017549677481,experimental
NZ291,2,bugs,0.4069521129338058,experimental
NZ292,2,bugs,0.37835766165500295,experimental
NZ293,2,bugs,0.3998631277417683,experimental
NZ294,2,bugs,0.7100078168977592,experimental
NZ295,2,bugs,0.42387875896241656,experimental
NZ296,2,bugs,0.429918484328087,experimental
NZ297,2,bugs,0.5117825483850481,experimental
NZ298,2,bugs,0.4790603332555527,experimental
NZ299,2,bugs,0.4048328462744444,experimental
NZ300,2,bugs,0.5917321113482603,experimental
NZ301,2,bugs,0.6561658928065454,experimental
NZ302,2,bugs,0.42109085300898474,experimental
NZ303,2,bugs,0.5808890129301063,experimental
NZ304,2,bugs,0.454489734163367,experimental
NZ305,2,bugs,0.7040046413949643,experimental
NZ306,2,bugs,0.6365663369377023,experimental
NZ307,2,bugs,0.4441458610405513,experimental
NZ308,2,bugs,0.48493758267956294,experimental
NZ309,2,bugs,0.47337140786225007,experimental
NZ310,2,bugs,0.454489734163367,experimental
NZ311,2,bugs,0.7100078168977592,experimental
NZ312,2,bugs,0.445040217180011,experimental
NZ313,2,bugs,0.42703338220509235,experimental
NZ314,2,bugs,0.7068208647456509,experimental
NZ315,2,bugs,0.40538851713765994,experimental
NZ316,2,bugs,0.4070806238981922,experimental
NZ317,2,bugs,0.3791846716520092,experimental
NZ318,2,bugs,0.41642580451949157,experimental
NZ319,2,bugs,0.3828084277990381,experimental
NZ320,2,bugs,0.6240958766997883,experimental
NZ321,2,bugs,0.5616473775028149,experimental
NZ322,2,bugs,0.5620013728226148,experimental
NZ323,2,bugs,0.42205890941523333,experimental
NZ324,2,bugs,0.45228039711877077,experimental
NZ325,2,bugs,0.5639256135442212,experimental
NZ326,2,bugs,0.38443420308705833,experimental
NZ327,2,bugs,0.6575923170782773,experimental
NZ328,2,bugs,0.39530641828221813,experimental
NZ329,2,bugs,0.4248801557489256,experimental
NZ330,2,bugs,0.38091332151909413,experimental
NZ331,2,bugs,0.415065348306205,experimental
NZ332,2,bugs,0.7256951701374039,experimental
NZ333,2,bugs,0.4826759001447092,experimental
NZ334,2,bugs,0.4720708731258167,experimental
NZ335,2,bugs,0.4826759001447092,experimental
NZ336,2,bugs,0.4070806238981922,experimental
NZ337,2,bugs,0.6087032025129087,experimental
NZ338,2,bugs,0.4586837861336899,experimental
NZ339,2,bugs,0.4720708731258167,experimental
NZ340,2,bugs,0.4524785242273538,experimental
NZ341,2,bugs,0.6375403307731455,experimental
NZ342,2,bugs,0.4224901337743251,experimental
NZ343,2,bugs,0.4826759001447092,experimental
NZ344,2,bugs,0.6932091659583346,experimental
NZ345,2,bugs,0.7681325981527151,experimental
NZ346,2,bugs,0.6315908454402422,experimental
NZ347,2,bugs,0.41603002757268726,experimental
NZ348,2,bugs,0.7447942580497945,experimental
NZ349,2,bugs,0.4087615134230211,experimental
NZ350,2,bugs,0.4705137611406439,experimental
NZ351,2,bugs,0.520658519173512,experimental
NZ352,2,bugs,0.42182415409386576,experimental
NZ353,2,bugs,0.40475484909502235,experimental
NZ354,2,bugs,0.3975828521316592,experimental
NZ355,2,bugs,0.5067721094626102,experimental
NZ356,2,bugs,0.7255488614561186,experimental
NZ357,2,bugs,0.4838857206633629,experimental
NZ358,2,bugs,0.5779138854962308,experimental
NZ359,2,bugs,0.5117825483850481,experimental
NZ360,2,bugs,0.7284387798578577,experimental
NZ361,2,bugs,0.4790603332555527,experimental
NZ362,2,bugs,0.4412559789901075,experimental
NZ363,2,bugs,0.6354795701954263,experimental
NZ364,2,bugs,0.5546331230103706,experimental
NZ365,2,bugs,0.39752939970227236,experimental
NZ366,2,bugs,0.5117825483850481,experimental
NZ367,2,bugs,0.4720708731258167,experimental
NZ368,2,bugs,0.5521901146057312,experimental
NZ369,2,bugs,0.7256951701374039,experimental
NZ370,2,bugs,0.5378270692458508,experimental
NZ371,2,bugs,0.38918284578381374,experimental
NZ372,2,bugs,0.49415315947812494,experimental
NZ373,2,bugs,0.5630968397688484,experimental
NZ374,2,bugs,0.5797639126844922,experimental
NZ375,2,bugs,0.46548476170813413,experimental
NZ376,2,bugs,0.41446587263067347,experimental
NZ377,2,bugs,0.36771863887966083,experimental
NZ378,2,bugs,0.4102761309859604,experimental
NZ379,2,bugs,0.3642634181580178,experimental
NZ380,2,bugs,0.41591342654472774,experimental
NZ381,2,bugs,0.4070806238981922,experimental
NZ382,2,bugs,0.39096182105191707,experimental
NZ383,2,bugs,0.40652970605223,experimental
NZ384,2,bugs,0.42409481941990224,experimental
NZ385,2,bugs,0.6684675034214108,experimental
NZ386,2,bugs,0.578862352467241,experimental
NZ387,2,bugs,0.4039613150886882,experimental
NZ388,2,bugs,0.3786443431643204,experimental
NZ389,2,bugs,0.39498936746699864,experimental
NZ390,2,bugs,0.4070806238981922,experimental
NZ391,2,bugs,0.3834043335891099,experimental
NZ392,2,bugs,0.419745050617464,experimental
NZ393,2,bugs,0.3786443431643204,experimental
NZ394,2,bugs,0.4634806561926256,experimental
NZ395,2,bugs,0.4147278550197486,experimental
NZ396,2,bugs,0.4936920799175118,experimental
NZ397,2,bugs,0.6099501670284692,experimental
NZ398,2,bugs,0.4826759001447092,experimental
NZ399,2,bugs,0.3895361284881508,experimental
NZ400,2,bugs,0.5223801231888198,experimental
NZ401,2,bugs,0.4147278550197486,experimental
NZ402,2,bugs,0.3890700438256367,experimental
NZ403,2,bugs,0.4322577447575509,experimental
NZ404,2,bugs,0.39262363541371154,experimental
NZ405,2,bugs,0.39752939970227236,experimental
NZ406,2,bugs,0.4147278550197486,experimental
NZ407,2,bugs,0.3890700438256367,experimental
NZ408,2,bugs,0.3983067944010778,experimental
NZ409,2,bugs,0.3973752253367625,experimental
NZ410,2,bugs,0.3827901690613632,experimental
NZ411,2,bugs,0.4589837277943999,experimental
NZ412,2,bugs,0.3890700438256367,experimental
NZ413,2,bugs,0.6449165546869573,experimental
NZ414,2,bugs,0.43713725170129286,experimental
NZ415,2,bugs,0.43024017767672956,experimental
NZ416,2,bugs,0.6726380344667973,experimental
NZ417,2,bugs,0.4131731423371262,experimental
NZ418,2,bugs,0.37991455732219026,experimental
NZ419,2,bugs,0.4080285270759152,experimental
NZ420,2,bugs,0.41899598876382493,experimental
NZ421,2,bugs,0.675752716283695,experimental
NZ422,2,bugs,0.46063359667997733,experimental
NZ423,2,bugs,0.4524785242273538,experimental
NZ424,2,bugs,0.7544459020878768,experimental
NZ425,2,bugs,0.7544459020878768,experimental
NZ426,2,bugs,0.47618566961945263,experimental
NZ427,2,bugs,0.7326288349949248,experimental
NZ428,2,bugs,0.48726848436765474,experimental
NZ429,2,bugs,0.4562986938392689,experimental
NZ430,2,bugs,0.4882804814375422,experimental
NZ431,2,bugs,0.7681325981527151,experimental
NZ432,2,bugs,0.6178198665323472,experimental
NZ433,2,bugs,0.4710875656737358,experimental
NZ434,2,bugs,0.4710875656737358,experimental
NZ435,2,bugs,0.5285979692753876,experimental
NZ436,2,bugs,0.6120603694022605,experimental
NZ437,2,bugs,0.5242282785153202,experimental
NZ438,2,bugs,0.5019478601799408,experimental
NZ439,2,bugs,0.6395757604913332,experimental
NZ440,2,bugs,0.5064767115020125,experimental
NZ441,2,bugs,0.5295925051794285,experimental
NZ442,2,bugs,0.4629300437301833,experimental
NZ443,2,bugs,0.45657776986322746,experimental
NZ444,2,bugs,0.4263318230505245,experimental
NZ445,2,bugs,0.5322658626502577,experimental
NZ446,2,bugs,0.48663084760835046,experimental
NZ447,2,bugs,0.7284387798578577,experimental
NZ448,2,bugs,0.4826759001447092,experimental
NZ449,2,bugs,0.4826759001447092,experimental
NZ450,2,bugs,0.5550707341833486,experimental
NZ451,2,bugs,0.38215618922129607,experimental
NZ452,2,bugs,0.3786443431643204,experimental
NZ453,2,bugs,0.3877721783799808,experimental
NZ454,2,bugs,0.40793545974624257,experimental
NZ455,2,bugs,0.39668815170558425,experimental
NZ456,2,bugs,0.554630327964125,experimental
NZ457,2,bugs,0.4767922561511293,experimental
NZ458,2,bugs,0.4224336228376678,experimental
NZ459,2,bugs,0.3750382006104477,experimental
NZ460,2,bugs,0.6278163209281654,experimental
NZ461,2,bugs,0.40066644374038274,experimental
NZ462,2,bugs,0.4039613150886882,experimental
NZ463,2,bugs,0.41369208202572144,experimental
NZ464,2,bugs,0.6231076301179715,experimental
NZ465,2,bugs,0.6423979025264293,experimental
NZ466,2,bugs,0.40662646106211847,experimental
NZ467,2,bugs,0.419745050617464,experimental
NZ468,2,bugs,0.3870252872404948,experimental
NZ469,2,bugs,0.5418904455940311,experimental
NZ470,2,bugs,0.584101723224151,experimental
NZ471,2,bugs,0.5001450189107022,experimental
NZ472,2,bugs,0.638035912294836,experimental
NZ473,2,bugs,0.4720708731258167,experimental
NZ474,2,bugs,0.7544459020878768,experimental
NZ475,2,bugs,0.4524785242273538,experimental
NZ476,2,bugs,0.4412559789901075,experimental
NZ477,2,bugs,0.4524785242273538,experimental
NZ478,2,bugs,0.4817921691313257,experimental
NZ479,2,bugs,0.4524785242273538,experimental
NZ480,2,bugs,0.3948347644246654,experimental
NZ481,2,bugs,0.48860854748665755,experimental
NZ482,2,bugs,0.48865753167108883,experimental
NZ483,2,bugs,0.371911638587169,experimental
NZ484,2,bugs,0.46436132585936396,experimental
NZ485,2,bugs,0.47418484007559253,experimental
NZ486,2,bugs,0.4421723205918358,experimental
NZ487,2,bugs,0.43823254469850836,experimental
NZ488,2,bugs,0.47418484007559253,experimental
NZ489,2,bugs,0.47810136765104755,experimental
NZ490,2,bugs,0.421791173777752,experimental
NZ491,2,bugs,0.49007268578562774,experimental
NZ492,2,bugs,0.40673804935827124,experimental
NZ493,2,bugs,0.3975828521316592,experimental
NZ494,2,bugs,0.4398741665299236,experimental
NZ495,2,bugs,0.6450161657659077,experimental
NZ496,2,bugs,0.5783566938302745,experimental
NZ497,2,bugs,0.5783992724360557,experimental
NZ498,2,bugs,0.41969721812535515,experimental
NZ499,2,bugs,0.6450161657659077,experimental
NZ500,2,bugs,0.3948347644246654,experimental
NZ001,2,mud,0.8608990234524684,experimental
NZ002,2,mud,0.7460556190395776,experimental
NZ003,2,mud,0.7673068281537485,experimental
NZ004,2,mud,0.6081489193750037,experimental
NZ005,2,mud,0.5511472325343362,experimental
NZ006,2,mud,0.7489211953893505,experimental
NZ007,2,mud,0.6805856250170861,experimental
NZ008,2,mud,0.7286910083068799,experimental
NZ009,2,mud,0.8661367337306688,experimental
NZ010,2,mud,0.6207484040831915,experimental
NZ011,2,mud,0.6889820701025536,experimental
NZ012,2,mud,0.8450099804382635,experimental
NZ013,2,mud,0.821464213726707,experimental
NZ014,2,mud,0.7105860986796684,experimental
NZ015,2,mud,0.6658491651287083,experimental
NZ016,2,mud,0.8449935633200107,experimental
NZ017,2,mud,0.703589623156531,experimental
NZ018,2,mud,0.7384831559371738,experimental
NZ019,2,mud,0.8235886642027104,experimental
NZ020,2,mud,0.7556872852054124,experimental
NZ021,2,mud,0.864428968172783,experimental
NZ022,2,mud,0.6673980083676072,experimental
NZ023,2,mud,0.804000607825359,experimental
NZ024,2,mud,0.7797888695102709,experimental
NZ025,2,mud,0.788040074672263,experimental
NZ026,2,mud,0.8281863510201413,experimental
NZ027,2,mud,0.826207123799482,experimental
NZ028,2,mud,0.7395112170931685,experimental
NZ029,2,mud,0.7457186614472098,experimental
NZ030,2,mud,0.6899486719036503,experimental
NZ031,2,mud,0.8414233153861265,experimental
NZ032,2,mud,0.7080628678835795,experimental
NZ033,2,mud,0.7255462932768839,experimental
NZ034,2,mud,0.6928120674233692,experimental
NZ035,2,mud,0.7316716268212828,experimental
NZ036,2,mud,0.6975710602291245,experimental
NZ037,2,mud,0.7143979639556496,experimental
NZ038,2,mud,0.6931822105525729,experimental
NZ039,2,mud,0.8074955642340812,experimental
NZ040,2,mud,0.8222184191427415,experimental
NZ041,2,mud,0.6908188197268339,experimental
NZ042,2,mud,0.6325007732715137,experimental
NZ043,2,mud,0.7959998501041702,experimental
NZ044,2,mud,0.6950710602291246,experimental
NZ045,2,mud,0.8140408939574983,experimental
NZ046,2,mud,0.8449935633200107,experimental
NZ047,2,mud,0.8222410582332107,experimental
NZ048,2,mud,0.7171323549408338,experimental
NZ049,2,mud,0.6898964528459118,experimental
NZ050,2,mud,0.6898964528459118,experimental
NZ051,2,mud,0.6049824654405339,experimental
NZ052,2,mud,0.6697430330395352,experimental
NZ053,2,mud,0.8581011956021173,experimental
NZ054,2,mud,0.7424853711056933,experimental
NZ055,2,mud,0.7333854136037287,experimental
NZ056,2,mud,0.6978701803242459,experimental
NZ057,2,mud,0.7674704727915742,experimental
NZ058,2,mud,0.7869384755382831,experimental
NZ059,2,mud,0.8099873687593909,experimental
NZ060,2,mud,0.7803881915099316,experimental
NZ061,2,mud,0.7292577574868614,experimental
NZ062,2,mud,0.7713924244248034,experimental
NZ063,2,mud,0.8163880631901521,experimental
NZ064,2,mud,0.8076197899342973,experimental
NZ065,2,mud,0.8206427562049273,experimental
NZ066,2,mud,0.8076197899342973,experimental
NZ067,2,mud,0.8093341297901956,experimental
NZ068,2,mud,0.8093341297901956,experimental
NZ069,2,mud,0.7192128918535855,experimental
NZ070,2,mud,0.8199583111240364,experimental
NZ071,2,mud,0.8206427562049273,experimental
NZ072,2,mud,0.8096689383653098,experimental
NZ073,2,mud,0.7304458587917101,experimental
NZ074,2,mud,0.8206427562049273,experimental
NZ075,2,mud,0.7922639473427293,experimental
NZ076,2,mud,0.7805265278689163,experimental
NZ077,2,mud,0.7922639473427293,experimental
NZ078,2,mud,0.7353163937177858,experimental
NZ079,2,mud,0.7462563976004291,experimental
NZ080,2,mud,0.7982638442981812,experimental
NZ081,2,mud,0.8449935633200107,experimental
NZ082,2,mud,0.7982638442981812,experimental
NZ083,2,mud,0.865383226239851,experimental
NZ084,2,mud,0.7319374556381241,experimental
NZ085,2,mud,0.7158476110357652,experimental
NZ086,2,mud,0.6181616383696181,experimental
NZ087,2,mud,0.6181616383696181,experimental
NZ088,2,mud,0.7015882239853299,experimental
NZ089,2,mud,0.7037660037196676,experimental
NZ090,2,mud,0.6619419619216655,experimental
NZ091,2,mud,0.5893516953428968,experimental
NZ092,2,mud,0.727110665989294,experimental
NZ093,2,mud,0.6012905189136245,experimental
NZ094,2,mud,0.627626203676909,experimental
NZ095,2,mud,0.7013437529841713,experimental
NZ096,2,mud,0.7289809506734845,experimental
NZ097,2,mud,0.7343521719615225,experimental
NZ098,2,mud,0.5356684447542445,experimental
NZ099,2,mud,0.6831562692338541,experimental
NZ100,2,mud,0.6094558157870307,experimental
NZ101,2,mud,0.7688903520983448,experimental
NZ102,2,mud,0.8584457630497934,experimental
NZ103,2,mud,0.6650820033789191,experimental
NZ104,2,mud,0.7488740214273015,experimental
NZ105,2,mud,0.7343739408603275,experimental
NZ106,2,mud,0.6769124511594076,experimental
NZ107,2,mud,0.514327542319879,experimental
NZ108,2,mud,0.6083864367009922,experimental
NZ109,2,mud,0.702449137541968,experimental
NZ110,2,mud,0.7599370117132874,experimental
NZ111,2,mud,0.7848744994622121,experimental
NZ112,2,mud,0.770837893939001,experimental
NZ113,2,mud,0.7965287063929433,experimental
NZ114,2,mud,0.6589702305164176,experimental
NZ115,2,mud,0.7395112170931685,experimental
NZ116,2,mud,0.7556872852054124,experimental
NZ117,2,mud,0.7424853711056933,experimental
NZ118,2,mud,0.7691165038549982,experimental
NZ119,2,mud,0.5684546507511399,experimental
NZ120,2,mud,0.8328349922200657,experimental
NZ121,2,mud,0.7833395122523248,experimental
NZ122,2,mud,0.6954158766958753,experimental
NZ123,2,mud,0.8455512938245684,experimental
NZ124,2,mud,0.8273175422067129,experimental
NZ125,2,mud,0.8316333567884467,experimental
NZ126,2,mud,0.8212852087521304,experimental
NZ127,2,mud,0.7678028001114137,experimental
NZ128,2,mud,0.8068504774919574,experimental
NZ129,2,mud,0.7195859653655414,experimental
NZ130,2,mud,0.7848744994622121,experimental
NZ131,2,mud,0.7771046252292347,experimental
NZ132,2,mud,0.7678028001114137,experimental
NZ133,2,mud,0.533660393778595,experimental
NZ134,2,mud,0.6069317563054578,experimental
NZ135,2,mud,0.7317532540132953,experimental
NZ136,2,mud,0.7556872852054124,experimental
NZ137,2,mud,0.8251487445567192,experimental
NZ138,2,mud,0.7637401786884925,experimental
NZ139,2,mud,0.6605253582659396,experimental
NZ140,2,mud,0.6857194163765984,experimental
NZ141,2,mud,0.8499916811146495,experimental
NZ142,2,mud,0.6988195218199152,experimental
NZ143,2,mud,0.8003569572351301,experimental
NZ144,2,mud,0.7743944412155275,experimental
NZ145,2,mud,0.7827889004358306,experimental
NZ146,2,mud,0.7756943197767104,experimental
NZ147,2,mud,0.7172201798096017,experimental
NZ148,2,mud,0.8074955642340812,experimental
NZ149,2,mud,0.7182904277434861,experimental
NZ150,2,mud,0.8204051513265755,experimental
NZ151,2,mud,0.6403215585082489,experimental
NZ152,2,mud,0.659859172936292,experimental
NZ153,2,mud,0.7728970795408444,experimental
NZ154,2,mud,0.7728970795408444,experimental
NZ155,2,mud,0.7589378906965122,experimental
NZ156,2,mud,0.681116713733206,experimental
NZ157,2,mud,0.7728970795408444,experimental
NZ158,2,mud,0.7728970795408444,experimental
NZ159,2,mud,0.8332526295411506,experimental
NZ160,2,mud,0.7728970795408444,experimental
NZ161,2,mud,0.7013908605387145,experimental
NZ162,2,mud,0.7728970795408444,experimental
NZ163,2,mud,0.7589378906965122,experimental
NZ164,2,mud,0.7687319361661036,experimental
NZ165,2,mud,0.8020979514583938,experimental
NZ166,2,mud,0.6341844919778916,experimental
NZ167,2,mud,0.6678036677648841,experimental
NZ168,2,mud,0.6672430330395352,experimental
NZ169,2,mud,0.7268993235313778,experimental
NZ170,2,mud,0.7231113424177953,experimental
NZ171,2,mud,0.7427822678456925,experimental
NZ172,2,mud,0.7556872852054124,experimental
NZ173,2,mud,0.7395112170931685,experimental
NZ174,2,mud,0.8328349922200657,experimental
NZ175,2,mud,0.8328349922200657,experimental
NZ176,2,mud,0.69467979214011,experimental
NZ177,2,mud,0.5906854946530888,experimental
NZ178,2,mud,0.562470779783398,experimental
NZ179,2,mud,0.6898964528459118,experimental
NZ180,2,mud,0.5684546507511399,experimental
NZ181,2,mud,0.7678028001114137,experimental
NZ182,2,mud,0.780674873163119,experimental
NZ183,2,mud,0.7535862502331574,experimental
NZ184,2,mud,0.6595553365726995,experimental
NZ185,2,mud,0.6537968471925183,experimental
NZ186,2,mud,0.6570323110226512,experimental
NZ187,2,mud,0.6908696032676236,experimental
NZ188,2,mud,0.6637433823626079,experimental
NZ189,2,mud,0.7221117471296458,experimental
NZ190,2,mud,0.8532841437058883,experimental
NZ191,2,mud,0.8210344422031849,experimental
NZ192,2,mud,0.7834252017073267,experimental
NZ193,2,mud,0.7510411372790968,experimental
NZ194,2,mud,0.7892555173729991,experimental
NZ195,2,mud,0.7714136135784921,experimental
NZ196,2,mud,0.8013302324610246,experimental
NZ197,2,mud,0.8691512366562704,experimental
NZ198,2,mud,0.6927048470545242,experimental
NZ199,2,mud,0.8215187601578562,experimental
NZ200,2,mud,0.7362783700130814,experimental
NZ201,2,mud,0.7462563976004291,experimental
NZ202,2,mud,0.6218457531612631,experimental
NZ203,2,mud,0.8449935633200107,experimental
NZ204,2,mud,0.7788320025153578,experimental
NZ205,2,mud,0.6706974708299125,experimental
NZ206,2,mud,0.7655850769460013,experimental
NZ207,2,mud,0.769160873330457,experimental
NZ208,2,mud,0.7719523380162694,experimental
NZ209,2,mud,0.865383226239851,experimental
NZ210,2,mud,0.8505792698556154,experimental
NZ211,2,mud,0.701254633091409,experimental
NZ212,2,mud,0.741094603354246,experimental
NZ213,2,mud,0.865383226239851,experimental
NZ214,2,mud,0.7845132426018303,experimental
NZ215,2,mud,0.7982638442981812,experimental
NZ216,2,mud,0.8345845078405675,experimental
NZ217,2,mud,0.7946118228600633,experimental
NZ218,2,mud,0.8622311065391028,experimental
NZ219,2,mud,0.6940659193609726,experimental
NZ220,2,mud,0.807617805060477,experimental
NZ221,2,mud,0.7539065745058764,experimental
NZ222,2,mud,0.85249841407284,experimental
NZ223,2,mud,0.8794986174251851,experimental
NZ224,2,mud,0.7720826288000342,experimental
NZ225,2,mud,0.7126214120685099,experimental
NZ226,2,mud,0.7439520497743422,experimental
NZ227,2,mud,0.8616666850099025,experimental
NZ228,2,mud,0.8328349922200657,experimental
NZ229,2,mud,0.8616666850099025,experimental
NZ230,2,mud,0.7332663785660313,experimental
NZ231,2,mud,0.7525268628818349,experimental
NZ232,2,mud,0.8328349922200657,experimental
NZ233,2,mud,0.7525268628818349,experimental
NZ234,2,mud,0.8062639228431707,experimental
NZ235,2,mud,0.7982638442981812,experimental
NZ236,2,mud,0.7982638442981812,experimental
NZ237,2,mud,0.821464213726707,experimental
NZ238,2,mud,0.8802374758434869,experimental
NZ239,2,mud,0.7955260326927168,experimental
NZ240,2,mud,0.791041574926179,experimental
NZ241,2,mud,0.8552563566393306,experimental
NZ242,2,mud,0.7894509629593209,experimental
NZ243,2,mud,0.6949839517388406,experimental
NZ244,2,mud,0.6335622152250755,experimental
NZ245,2,mud,0.8334088562771049,experimental
NZ246,2,mud,0.7496255553566605,experimental
NZ247,2,mud,0.7186433534370791,experimental
NZ248,2,mud,0.7395112170931685,experimental
NZ249,2,mud,0.7231113424177953,experimental
NZ250,2,mud,0.7709291055293894,experimental
NZ251,2,mud,0.6057889746467698,experimental
NZ252,2,mud,0.7556872852054124,experimental
NZ253,2,mud,0.7258240317204366,experimental
NZ254,2,mud,0.7496255553566605,experimental
NZ255,2,mud,0.7943614205791024,experimental
NZ256,2,mud,0.6511814851257526,experimental
NZ257,2,mud,0.6777741950885389,experimental
NZ258,2,mud,0.7556872852054124,experimental
NZ259,2,mud,0.692894128582664,experimental
NZ260,2,mud,0.7556872852054124,experimental
NZ261,2,mud,0.7556872852054124,experimental
NZ262,2,mud,0.6795022916837526,experimental
NZ263,2,mud,0.7395112170931685,experimental
NZ264,2,mud,0.6513418282506124,experimental
NZ265,2,mud,0.6899887435497797,experimental
NZ266,2,mud,0.7794254344285406,experimental
NZ267,2,mud,0.6869026532726111,experimental
NZ268,2,mud,0.7482487230661633,experimental
NZ269,2,mud,0.7056420733058351,experimental
NZ270,2,mud,0.6812780840223248,experimental
NZ271,2,mud,0.7655850769460013,experimental
NZ272,2,mud,0.6679194711336661,experimental
NZ273,2,mud,0.6287880869740227,experimental
NZ274,2,mud,0.686498705782381,experimental
NZ275,2,mud,0.7651090505053014,experimental
NZ276,2,mud,0.6619419619216655,experimental
NZ277,2,mud,0.8176259375133504,experimental
NZ278,2,mud,0.7556872852054124,experimental
NZ279,2,mud,0.7594739658348901,experimental
NZ280,2,mud,0.8176259375133504,experimental
NZ281,2,mud,0.7651090505053014,experimental
NZ282,2,mud,0.6307999105194612,experimental
NZ283,2,mud,0.7655850769460013,experimental
NZ284,2,mud,0.6913464287812129,experimental
NZ285,2,mud,0.7573334127093666,experimental
NZ286,2,mud,0.6329181395056284,experimental
NZ287,2,mud,0.6260785232020747,experimental
NZ288,2,mud,0.7091808546326103,experimental
NZ289,2,mud,0.6119566846348765,experimental
NZ290,2,mud,0.5976876064258062,experimental
NZ291,2,mud,0.7051974911313554,experimental
NZ292,2,mud,0.7793448402408824,experimental
NZ293,2,mud,0.673328941361766,experimental
NZ294,2,mud,0.8226441814684664,experimental
NZ295,2,mud,0.7793334321554629,experimental
NZ296,2,mud,0.6740576123171627,experimental
NZ297,2,mud,0.7728970795408444,experimental
NZ298,2,mud,0.7589378906965122,experimental
NZ299,2,mud,0.6098383609619634,experimental
NZ300,2,mud,0.7143345839592516,experimental
NZ301,2,mud,0.8173708094649199,experimental
NZ302,2,mud,0.78478151362835,experimental
NZ303,2,mud,0.6902869361405485,experimental
NZ304,2,mud,0.8074955642340812,experimental
NZ305,2,mud,0.8018113026932409,experimental
NZ306,2,mud,0.8422551648061226,experimental
NZ307,2,mud,0.6815212268218271,experimental
NZ308,2,mud,0.7501303126967315,experimental
NZ309,2,mud,0.6994941389981445,experimental
NZ310,2,mud,0.8074955642340812,experimental
NZ311,2,mud,0.8226441814684664,experimental
NZ312,2,mud,0.7867824328187896,experimental
NZ313,2,mud,0.7959998501041702,experimental
NZ314,2,mud,0.8003569572351301,experimental
NZ315,2,mud,0.6689364365052916,experimental
NZ316,2,mud,0.826207123799482,experimental
NZ317,2,mud,0.821182562037935,experimental
NZ318,2,mud,0.5164672836188927,experimental
NZ319,2,mud,0.7022196469766147,experimental
NZ320,2,mud,0.8084479794429095,experimental
NZ321,2,mud,0.8355557839234712,experimental
NZ322,2,mud,0.8327935007605908,experimental
NZ323,2,mud,0.6948228738609579,experimental
NZ324,2,mud,0.712231276281878,experimental
NZ325,2,mud,0.8273495890708186,experimental
NZ326,2,mud,0.8339347466435858,experimental
NZ327,2,mud,0.8465911925702388,experimental
NZ328,2,mud,0.7563208268429765,experimental
NZ329,2,mud,0.6659573562057627,experimental
NZ330,2,mud,0.8339347466435858,experimental
NZ331,2,mud,0.6789983860218558,experimental
NZ332,2,mud,0.7984418201753197,experimental
NZ333,2,mud,0.7848744994622121,experimental
NZ334,2,mud,0.7678028001114137,experimental
NZ335,2,mud,0.7848744994622121,experimental
NZ336,2,mud,0.826207123799482,experimental
NZ337,2,mud,0.6887652443282131,experimental
NZ338,2,mud,0.7553655233494571,experimental
NZ339,2,mud,0.7678028001114137,experimental
NZ340,2,mud,0.780674873163119,experimental
NZ341,2,mud,0.8031151809135663,experimental
NZ342,2,mud,0.5669390538215302,experimental
NZ343,2,mud,0.7848744994622121,experimental
NZ344,2,mud,0.7705924496045103,experimental
NZ345,2,mud,0.8535596533600318,experimental
NZ346,2,mud,0.772479304155717,experimental
NZ347,2,mud,0.7574217910128123,experimental
NZ348,2,mud,0.8252322800639985,experimental
NZ349,2,mud,0.7575849425663007,experimental
NZ350,2,mud,0.6863311850336031,experimental
NZ351,2,mud,0.665154018449034,experimental
NZ352,2,mud,0.6929439420913173,experimental
NZ353,2,mud,0.8186515705012162,experimental
NZ354,2,mud,0.8328349922200657,experimental
NZ355,2,mud,0.6597924574417539,experimental
NZ356,2,mud,0.8235886642027104,experimental
NZ357,2,mud,0.7028356553894953,experimental
NZ358,2,mud,0.6818932967353434,experimental
NZ359,2,mud,0.7728970795408444,experimental
NZ360,2,mud,0.818915303464464,experimental
NZ361,2,mud,0.7589378906965122,experimental
NZ362,2,mud,0.7676498872789052,experimental
NZ363,2,mud,0.6806987767873534,experimental
NZ364,2,mud,0.696706062767191,experimental
NZ365,2,mud,0.5570845837293888,experimental
NZ366,2,mud,0.7728970795408444,experimental
NZ367,2,mud,0.7678028001114137,experimental
NZ368,2,mud,0.635336785489633,experimental
NZ369,2,mud,0.7863769942028133,experimental
NZ370,2,mud,0.7200387454740084,experimental
NZ371,2,mud,0.7655850769460013,experimental
NZ372,2,mud,0.7848744994622121,experimental
NZ373,2,mud,0.6982056210833386,experimental
NZ374,2,mud,0.7170859653655414,experimental
NZ375,2,mud,0.6632321512009334,experimental
NZ376,2,mud,0.6903719763693762,experimental
NZ377,2,mud,0.7816251369735426,experimental
NZ378,2,mud,0.6947703193171619,experimental
NZ379,2,mud,0.7816251369735426,experimental
NZ380,2,mud,0.826207123799482,experimental
NZ381,2,mud,0.826207123799482,experimental
NZ382,2,mud,0.7387306790115052,experimental
NZ383,2,mud,0.6742885501650443,experimental
NZ384,2,mud,0.6747603868676361,experimental
NZ385,2,mud,0.8777136693799233,experimental
NZ386,2,mud,0.8368548523055844,experimental
NZ387,2,mud,0.7982638442981812,experimental
NZ388,2,mud,0.8215187601578562,experimental
NZ389,2,mud,0.7387499519318781,experimental
NZ390,2,mud,0.826207123799482,experimental
NZ391,2,mud,0.8215187601578562,experimental
NZ392,2,mud,0.8449935633200107,experimental
NZ393,2,mud,0.8215187601578562,experimental
NZ394,2,mud,0.7332056730740809,experimental
NZ395,2,mud,0.6898964528459118,experimental
NZ396,2,mud,0.776530920592813,experimental
NZ397,2,mud,0.7257951157720463,experimental
NZ398,2,mud,0.7848744994622121,experimental
NZ399,2,mud,0.531668757825723,experimental
NZ400,2,mud,0.5440765978432996,experimental
NZ401,2,mud,0.6898964528459118,experimental
NZ402,2,mud,0.69467979214011,experimental
NZ403,2,mud,0.4905433945915329,experimental
NZ404,2,mud,0.69467979214011,experimental
NZ405,2,mud,0.5918788407019336,experimental
NZ406,2,mud,0.6898964528459118,experimental
NZ407,2,mud,0.69467979214011,experimental
NZ408,2,mud,0.69467979214011,experimental
NZ409,2,mud,0.6119566846348765,experimental
NZ410,2,mud,0.5328881661488182,experimental
NZ411,2,mud,0.5904105429106161,experimental
NZ412,2,mud,0.69467979214011,experimental
NZ413,2,mud,0.6887060170756922,experimental
NZ414,2,mud,0.594117358491922,experimental
NZ415,2,mud,0.5976876064258062,experimental
NZ416,2,mud,0.7215337043368467,experimental
NZ417,2,mud,0.591717098991621,experimental
NZ418,2,mud,0.620115454500484,experimental
NZ419,2,mud,0.6034360559790795,experimental
NZ420,2,mud,0.4815230981883353,experimental
NZ421,2,mud,0.8081595845742918,experimental
NZ422,2,mud,0.780674873163119,experimental
NZ423,2,mud,0.780674873163119,experimental
NZ424,2,mud,0.8344869578703251,experimental
NZ425,2,mud,0.8344869578703251,experimental
NZ426,2,mud,0.7618735778185551,experimental
NZ427,2,mud,0.7900486438939714,experimental
NZ428,2,mud,0.6780108054345647,experimental
NZ429,2,mud,0.780674873163119,experimental
NZ430,2,mud,0.6463086200092449,experimental
NZ431,2,mud,0.825507789718142,experimental
NZ432,2,mud,0.689933481096779,experimental
NZ433,2,mud,0.7832187183386626,experimental
NZ434,2,mud,0.7832187183386626,experimental
NZ435,2,mud,0.6998686335953833,experimental
NZ436,2,mud,0.6836216512047584,experimental
NZ437,2,mud,0.7047412809847103,experimental
NZ438,2,mud,0.7965287063929433,experimental
NZ439,2,mud,0.7568609755669222,experimental
NZ440,2,mud,0.7269134209563234,experimental
NZ441,2,mud,0.7949562428403933,experimental
NZ442,2,mud,0.6348424006889914,experimental
NZ443,2,mud,0.6689339745011559,experimental
NZ444,2,mud,0.7630728228689493,experimental
NZ445,2,mud,0.6465759752188733,experimental
NZ446,2,mud,0.7848744994622121,experimental
NZ447,2,mud,0.7876788971843629,experimental
NZ448,2,mud,0.7848744994622121,experimental
NZ449,2,mud,0.7848744994622121,experimental
NZ450,2,mud,0.6447923513991128,experimental
NZ451,2,mud,0.8215187601578562,experimental
NZ452,2,mud,0.8215187601578562,experimental
NZ453,2,mud,0.8215187601578562,experimental
NZ454,2,mud,0.6733261342759672,experimental
NZ455,2,mud,0.7655850769460013,experimental
NZ456,2,mud,0.7189193159175995,experimental
NZ457,2,mud,0.6289129574623384,experimental
NZ458,2,mud,0.5918418818758727,experimental
NZ459,2,mud,0.6982755841693383,experimental
NZ460,2,mud,0.7370464452182691,experimental
NZ461,2,mud,0.686498705782381,experimental
NZ462,2,mud,0.7982638442981812,experimental
NZ463,2,mud,0.7214425032743949,experimental
NZ464,2,mud,0.829959864741384,experimental
NZ465,2,mud,0.826475993773642,experimental
NZ466,2,mud,0.7982638442981812,experimental
NZ467,2,mud,0.8449935633200107,experimental
NZ468,2,mud,0.7913337483247451,experimental
NZ469,2,mud,0.7048913761064731,experimental
NZ470,2,mud,0.702344677894675,experimental
NZ471,2,mud,0.6411816219123602,experimental
NZ472,2,mud,0.6992510893296149,experimental
NZ473,2,mud,0.7678028001114137,experimental
NZ474,2,mud,0.8064350942284353,experimental
NZ475,2,mud,0.780674873163119,experimental
NZ476,2,mud,0.7676498872789052,experimental
NZ477,2,mud,0.780674873163119,experimental
NZ478,2,mud,0.6974954435159807,experimental
NZ479,2,mud,0.780674873163119,experimental
NZ480,2,mud,0.8328349922200657,experimental
NZ481,2,mud,0.6064918672787138,experimental
NZ482,2,mud,0.6938382922879086,experimental
NZ483,2,mud,0.7687187317187566,experimental
NZ484,2,mud,0.6499657782669708,experimental
NZ485,2,mud,0.7403749486975483,experimental
NZ486,2,mud,0.7248508925129192,experimental
NZ487,2,mud,0.7039177063341291,experimental
NZ488,2,mud,0.7403749486975483,experimental
NZ489,2,mud,0.7403749486975483,experimental
NZ490,2,mud,0.6928255376835237,experimental
NZ491,2,mud,0.7237236637436866,experimental
NZ492,2,mud,0.7982638442981812,experimental
NZ493,2,mud,0.8328349922200657,experimental
NZ494,2,mud,0.8388677598305709,experimental
NZ495,2,mud,0.7965622645767747,experimental
NZ496,2,mud,0.8477126751966134,experimental
NZ497,2,mud,0.8531348254111709,experimental
NZ498,2,mud,0.7885207639413366,experimental
NZ499,2,mud,0.814461092571445,experimental
NZ500,2,mud,0.8328349922200657,experimental
NZ001,3,overall_good,0.9869429002884579,experimental
NZ002,3,overall_good,0.9871997694141067,experimental
NZ003,3,overall_good,0.9851306281416213,experimental
NZ004,3,overall_good,0.9866129315996399,experimental
NZ005,3,overall_good,0.9868557510435453,experimental
NZ006,3,overall_good,0.9824816392761755,experimental
NZ007,3,overall_good,0.987034417426586,experimental
NZ008,3,overall_good,0.9860467443281093,experimental
NZ009,3,overall_good,0.9846946507692796,experimental
NZ010,3,overall_good,0.9858200360237198,experimental
NZ011,3,overall_good,0.9869933387241762,experimental
NZ012,3,overall_good,0.9827707976840976,experimental
NZ013,3,overall_good,0.9833678300507761,experimental
NZ014,3,overall_good,0.9870649206707827,experimental
NZ015,3,overall_good,0.9814020558747619,experimental
NZ016,3,overall_good,0.9833176456892958,experimental
NZ017,3,overall_good,0.9836789276047115,experimental
NZ018,3,overall_good,0.983968122077982,experimental
NZ019,3,overall_good,0.9819981467275837,experimental
NZ020,3,overall_good,0.9862539026100489,experimental
NZ021,3,overall_good,0.9837963941033987,experimental
NZ022,3,overall_good,0.9834531314362182,experimental
NZ023,3,overall_good,0.9853879845671634,experimental
NZ024,3,overall_good,0.9852773652696981,experimental
NZ025,3,overall_good,0.9843196296682523,experimental
NZ026,3,overall_good,0.9842969586862461,experimental
NZ027,3,overall_good,0.9840152242657041,experimental
NZ028,3,overall_good,0.9857843721043156,experimental
NZ029,3,overall_good,0.9845108744233172,experimental
NZ030,3,overall_good,0.9873362488187474,experimental
NZ031,3,overall_good,0.9832949015434752,experimental
NZ032,3,overall_good,0.9842939191581765,experimental
NZ033,3,overall_good,0.9844874474863987,experimental
NZ034,3,overall_good,0.9818413511931149,experimental
NZ035,3,overall_good,0.9842719957259706,experimental
NZ036,3,overall_good,0.9818308361291824,experimental
NZ037,3,overall_good,0.9859095660987306,experimental
NZ038,3,overall_good,0.9832524877961742,experimental
NZ039,3,overall_good,0.9835484326844659,experimental
NZ040,3,overall_good,0.9854231532633149,experimental
NZ041,3,overall_good,0.9846953516735415,experimental
NZ042,3,overall_good,0.9854841883282288,experimental
NZ043,3,overall_good,0.9829833520486644,experimental
NZ044,3,overall_good,0.9819188604179793,experimental
NZ045,3,overall_good,0.981348942301651,experimental
NZ046,3,overall_good,0.9833312905709847,experimental
NZ047,3,overall_good,0.985736226808798,experimental
NZ048,3,overall_good,0.985319296560827,experimental
NZ049,3,overall_good,0.9865131906893962,experimental
NZ050,3,overall_good,0.9864907915850377,experimental
NZ051,3,overall_good,0.9868781456364747,experimental
NZ052,3,overall_good,0.9849805643217522,experimental
NZ053,3,overall_good,0.983830640054006,experimental
NZ054,3,overall_good,0.9871038919479825,experimental
NZ055,3,overall_good,0.9857854833929209,experimental
NZ056,3,overall_good,0.9871507610055451,experimental
NZ057,3,overall_good,0.9829276187287702,experimental
NZ058,3,overall_good,0.984780374658843,experimental
NZ059,3,overall_good,0.9852634770581318,experimental
NZ060,3,overall_good,0.9850137125067145,experimental
NZ061,3,overall_good,0.9817166320741332,experimental
NZ062,3,overall_good,0.9853783635859805,experimental
NZ063,3,overall_good,0.9844014717975859,experimental
NZ064,3,overall_good,0.9838639394584693,experimental
NZ065,3,overall_good,0.9847557203424393,experimental
NZ066,3,overall_good,0.9838743146462848,experimental
NZ067,3,overall_good,0.9849240887733818,experimental
NZ068,3,overall_good,0.9848645132891928,experimental
NZ069,3,overall_good,0.985368599146314,experimental
NZ070,3,overall_good,0.98446660347162,experimental
NZ071,3,overall_good,0.984948928219129,experimental
NZ072,3,overall_good,0.9832526530492081,experimental
NZ073,3,overall_good,0.9862938166247318,experimental
NZ074,3,overall_good,0.9848105687568481,experimental
NZ075,3,overall_good,0.9836836679568041,experimental
NZ076,3,overall_good,0.9843149524929873,experimental
NZ077,3,overall_good,0.9836906842445958,experimental
NZ078,3,overall_good,0.9838248682903786,experimental
NZ079,3,overall_good,0.9844453612231606,experimental
NZ080,3,overall_good,0.9843184621166055,experimental
NZ081,3,overall_good,0.983339519190726,experimental
NZ082,3,overall_good,0.984352555366721,experimental
NZ083,3,overall_good,0.9837827478305953,experimental
NZ084,3,overall_good,0.9839911007319985,experimental
NZ085,3,overall_good,0.9842816455780334,experimental
NZ086,3,overall_good,0.9841240273446271,experimental
NZ087,3,overall_good,0.9841505421343961,experimental
NZ088,3,overall_good,0.9837715827897675,experimental
NZ089,3,overall_good,0.983372771389327,experimental
NZ090,3,overall_good,0.9844045659965464,experimental
NZ091,3,overall_good,0.9840391613638934,experimental
NZ092,3,overall_good,0.9843602437633499,experimental
NZ093,3,overall_good,0.9819529268135946,experimental
NZ094,3,overall_good,0.9842024330054205,experimental
NZ095,3,overall_good,0.9841274393860632,experimental
NZ096,3,overall_good,0.9817309820762911,experimental
NZ097,3,overall_good,0.9868326735777513,experimental
NZ098,3,overall_good,0.9868960715700241,experimental
NZ099,3,overall_good,0.9850530436263577,experimental
NZ100,3,overall_good,0.9860401613960904,experimental
NZ101,3,overall_good,0.9841110256781197,experimental
NZ102,3,overall_good,0.9847795752349409,experimental
NZ103,3,overall_good,0.9824024614465519,experimental
NZ104,3,overall_good,0.9848365635510749,experimental
NZ105,3,overall_good,0.9834678670865624,experimental
NZ106,3,overall_good,0.9821917158599808,experimental
NZ107,3,overall_good,0.9873136264828345,experimental
NZ108,3,overall_good,0.9873115374987469,experimental
NZ109,3,overall_good,0.9856508791316452,experimental
NZ110,3,overall_good,0.9860684340305534,experimental
NZ111,3,overall_good,0.9845653518004406,experimental
NZ112,3,overall_good,0.9859190296146533,experimental
NZ113,3,overall_good,0.9854839597641252,experimental
NZ114,3,overall_good,0.9859193486407274,experimental
NZ115,3,overall_good,0.9857891317942025,experimental
NZ116,3,overall_good,0.9862739639894332,experimental
NZ117,3,overall_good,0.9871261126131107,experimental
NZ118,3,overall_good,0.9843464416750534,experimental
NZ119,3,overall_good,0.986864499535484,experimental
NZ120,3,overall_good,0.9827330679657469,experimental
NZ121,3,overall_good,0.983720394262972,experimental
NZ122,3,overall_good,0.9845584559829299,experimental
NZ123,3,overall_good,0.9840359709937233,experimental
NZ124,3,overall_good,0.9811748581768486,experimental
NZ125,3,overall_good,0.9840062317589162,experimental
NZ126,3,overall_good,0.9851409633580801,experimental
NZ127,3,overall_good,0.9854972918029231,experimental
NZ128,3,overall_good,0.9823632134768717,experimental
NZ129,3,overall_good,0.9856358538131449,experimental
NZ130,3,overall_good,0.9845452869102342,experimental
NZ131,3,overall_good,0.983983273574403,experimental
NZ132,3,overall_good,0.9855169266125543,experimental
NZ133,3,overall_good,0.9868042424185139,experimental
NZ134,3,overall_good,0.9866203010876472,experimental
NZ135,3,overall_good,0.9866496876618065,experimental
NZ136,3,overall_good,0.986250735468407,experimental
NZ137,3,overall_good,0.9839831991018658,experimental
NZ138,3,overall_good,0.9834262506179547,experimental
NZ139,3,overall_good,0.9839961505267255,experimental
NZ140,3,overall_good,0.9855775549647262,experimental
NZ141,3,overall_good,0.9860856645248673,experimental
NZ142,3,overall_good,0.9815644015753139,experimental
NZ143,3,overall_good,0.9836083642411181,experimental
NZ144,3,overall_good,0.9835140993588828,experimental
NZ145,3,overall_good,0.9844583927856352,experimental
NZ146,3,overall_good,0.9845362196392063,experimental
NZ147,3,overall_good,0.9820533245806794,experimental
NZ148,3,overall_good,0.9836403625607224,experimental
NZ149,3,overall_good,0.9822280711575964,experimental
NZ150,3,overall_good,0.9807898535730698,experimental
NZ151,3,overall_good,0.9810117694320097,experimental
NZ152,3,overall_good,0.9810923566585487,experimental
NZ153,3,overall_good,0.9860187693672915,experimental
NZ154,3,overall_good,0.9860140962578018,experimental
NZ155,3,overall_good,0.9854911953492976,experimental
NZ156,3,overall_good,0.9860432774845066,experimental
NZ157,3,overall_good,0.9860064994037017,experimental
NZ158,3,overall_good,0.9860223479885826,experimental
NZ159,3,overall_good,0.9858822829676159,experimental
NZ160,3,overall_good,0.9860048207770821,experimental
NZ161,3,overall_good,0.9865922478832735,experimental
NZ162,3,overall_good,0.9860165562395663,experimental
NZ163,3,overall_good,0.9855072856666383,experimental
NZ164,3,overall_good,0.9869690400738922,experimental
NZ165,3,overall_good,0.9869016102618531,experimental
NZ166,3,overall_good,0.9870332980887337,experimental
NZ167,3,overall_good,0.987472123431186,experimental
NZ168,3,overall_good,0.9850299558668325,experimental
NZ169,3,overall_good,0.9870707656001809,experimental
NZ170,3,overall_good,0.9870879906661375,experimental
NZ171,3,overall_good,0.9861732069260606,experimental
NZ172,3,overall_good,0.98627529489417,experimental
NZ173,3,overall_good,0.985774401368604,experimental
NZ174,3,overall_good,0.9826776539005164,experimental
NZ175,3,overall_good,0.9826921303389402,experimental
NZ176,3,overall_good,0.9859784331997464,experimental
NZ177,3,overall_good,0.9872936707078909,experimental
NZ178,3,overall_good,0.9869691835110764,experimental
NZ179,3,overall_good,0.9864790285921438,experimental
NZ180,3,overall_good,0.9869084911364404,experimental
NZ181,3,overall_good,0.9855386402379427,experimental
NZ182,3,overall_good,0.9839807311799784,experimental
NZ183,3,overall_good,0.9854401270552978,experimental
NZ184,3,overall_good,0.984988771843809,experimental
NZ185,3,overall_good,0.9845551014155246,experimental
NZ186,3,overall_good,0.9864845420664285,experimental
NZ187,3,overall_good,0.985647904937545,experimental
NZ188,3,overall_good,0.9851053448009743,experimental
NZ189,3,overall_good,0.9859668963657983,experimental
NZ190,3,overall_good,0.9858307138718914,experimental
NZ191,3,overall_good,0.9834241501475948,experimental
NZ192,3,overall_good,0.9857014941411365,experimental
NZ193,3,overall_good,0.9836361763072909,experimental
NZ194,3,overall_good,0.9839920079266781,experimental
NZ195,3,overall_good,0.9852416613486139,experimental
NZ196,3,overall_good,0.9851678792767582,experimental
NZ197,3,overall_good,0.9861719519211701,experimental
NZ198,3,overall_good,0.9836362597696193,experimental
NZ199,3,overall_good,0.9845682893341415,experimental
NZ200,3,overall_good,0.9852245258575771,experimental
NZ201,3,overall_good,0.9845297652261249,experimental
NZ202,3,overall_good,0.9848120147057318,experimental
NZ203,3,overall_good,0.9833043345246849,experimental
NZ204,3,overall_good,0.9842354857194919,experimental
NZ205,3,overall_good,0.9845574684883283,experimental
NZ206,3,overall_good,0.9830795321583986,experimental
NZ207,3,overall_good,0.9841419419582826,experimental
NZ208,3,overall_good,0.9840384627430672,experimental
NZ209,3,overall_good,0.9833779562274783,experimental
NZ210,3,overall_good,0.9839344103674226,experimental
NZ211,3,overall_good,0.9836744081540835,experimental
NZ212,3,overall_good,0.984555394071101,experimental
NZ213,3,overall_good,0.9838358953661109,experimental
NZ214,3,overall_good,0.9836646496593316,experimental
NZ215,3,overall_good,0.9843325901776852,experimental
NZ216,3,overall_good,0.9843607173172235,experimental
NZ217,3,overall_good,0.9837833941509146,experimental
NZ218,3,overall_good,0.9840977638083614,experimental
NZ219,3,overall_good,0.9836168615907266,experimental
NZ220,3,overall_good,0.9809218610398405,experimental
NZ221,3,overall_good,0.9829523626314473,experimental
NZ222,3,overall_good,0.9838404792503003,experimental
NZ223,3,overall_good,0.9835650929834422,experimental
NZ224,3,overall_good,0.9835005021935046,experimental
NZ225,3,overall_good,0.9841013556458329,experimental
NZ226,3,overall_good,0.984539742777075,experimental
NZ227,3,overall_good,0.9837997272728645,experimental
NZ228,3,overall_good,0.9826921170700514,experimental
NZ229,3,overall_good,0.9837137291992472,experimental
NZ230,3,overall_good,0.9848990619382975,experimental
NZ231,3,overall_good,0.98282525668755,experimental
NZ232,3,overall_good,0.9827506616876898,experimental
NZ233,3,overall_good,0.9827961102095639,experimental
NZ234,3,overall_good,0.984226384315764,experimental
NZ235,3,overall_good,0.9843480707991673,experimental
NZ236,3,overall_good,0.9843489450820084,experimental
NZ237,3,overall_good,0.9829754756203202,experimental
NZ238,3,overall_good,0.9836798398341136,experimental
NZ239,3,overall_good,0.9813882859983785,experimental
NZ240,3,overall_good,0.9837254599989782,experimental
NZ241,3,overall_good,0.9836375078610109,experimental
NZ242,3,overall_good,0.9841985684637231,experimental
NZ243,3,overall_good,0.9843103258351077,experimental
NZ244,3,overall_good,0.9815660005015358,experimental
NZ245,3,overall_good,0.9807036108467381,experimental
NZ246,3,overall_good,0.9863459569046158,experimental
NZ247,3,overall_good,0.9870719161586031,experimental
NZ248,3,overall_good,0.9858261736556868,experimental
NZ249,3,overall_good,0.9871028579844611,experimental
NZ250,3,overall_good,0.9871250545141845,experimental
NZ251,3,overall_good,0.9847864500238744,experimental
NZ252,3,overall_good,0.9862524956171008,experimental
NZ253,3,overall_good,0.9866253379314851,experimental
NZ254,3,overall_good,0.9860562471429491,experimental
NZ255,3,overall_good,0.986781841905972,experimental
NZ256,3,overall_good,0.9870838836687428,experimental
NZ257,3,overall_good,0.9863314592564154,experimental
NZ258,3,overall_good,0.9863064634064597,experimental
NZ259,3,overall_good,0.9863522674633808,experimental
NZ260,3,overall_good,0.986334325057204,experimental
NZ261,3,overall_good,0.9862802131065442,experimental
NZ262,3,overall_good,0.9871840691407394,experimental
NZ263,3,overall_good,0.9857825638178024,experimental
NZ264,3,overall_good,0.9845604661813682,experimental
NZ265,3,overall_good,0.9851248881900954,experimental
NZ266,3,overall_good,0.9850095674930495,experimental
NZ267,3,overall_good,0.9850771482181253,experimental
NZ268,3,overall_good,0.9854882406070943,experimental
NZ269,3,overall_good,0.9858453059670901,experimental
NZ270,3,overall_good,0.9811068284485258,experimental
NZ271,3,overall_good,0.9830818269919265,experimental
NZ272,3,overall_good,0.9831017065844655,experimental
NZ273,3,overall_good,0.9850752272685284,experimental
NZ274,3,overall_good,0.9847064141928406,experimental
NZ275,3,overall_good,0.9840744033735985,experimental
NZ276,3,overall_good,0.9844666783313211,experimental
NZ277,3,overall_good,0.985382057771963,experimental
NZ278,3,overall_good,0.986250735468407,experimental
NZ279,3,overall_good,0.9831354163491663,experimental
NZ280,3,overall_good,0.9853853158038215,experimental
NZ281,3,overall_good,0.9841230286966975,experimental
NZ282,3,overall_good,0.9848427824733332,experimental
NZ283,3,overall_good,0.9831872771226471,experimental
NZ284,3,overall_good,0.9841175648007863,experimental
NZ285,3,overall_good,0.9843795471025963,experimental
NZ286,3,overall_good,0.9839938163690825,experimental
NZ287,3,overall_good,0.9868843778774993,experimental
NZ288,3,overall_good,0.9844922886951364,experimental
NZ289,3,overall_good,0.9874011292762356,experimental
NZ290,3,overall_good,0.986589221727025,experimental
NZ291,3,overall_good,0.9824478324875059,experimental
NZ292,3,overall_good,0.9844262365508593,experimental
NZ293,3,overall_good,0.9844087265668353,experimental
NZ294,3,overall_good,0.9810790552731379,experimental
NZ295,3,overall_good,0.9840421736532147,experimental
NZ296,3,overall_good,0.9841677659834834,experimental
NZ297,3,overall_good,0.9860063976102084,experimental
NZ298,3,overall_good,0.9855055480358528,experimental
NZ299,3,overall_good,0.9860467242942552,experimental
NZ300,3,overall_good,0.984833994444772,experimental
NZ301,3,overall_good,0.984117619130509,experimental
NZ302,3,overall_good,0.9818734742398567,experimental
NZ303,3,overall_good,0.9818480161580255,experimental
NZ304,3,overall_good,0.983562953916981,experimental
NZ305,3,overall_good,0.9835926065462014,experimental
NZ306,3,overall_good,0.9824648356788803,experimental
NZ307,3,overall_good,0.9830774222757538,experimental
NZ308,3,overall_good,0.9846808073296969,experimental
NZ309,3,overall_good,0.9818971799108741,experimental
NZ310,3,overall_good,0.9835561348586703,experimental
NZ311,3,overall_good,0.981054105067162,experimental
NZ312,3,overall_good,0.9845258843280396,experimental
NZ313,3,overall_good,0.9829757637056205,experimental
NZ314,3,overall_good,0.9837338383024403,experimental
NZ315,3,overall_good,0.9844507855141384,experimental
NZ316,3,overall_good,0.9840162451456876,experimental
NZ317,3,overall_good,0.9834249171525936,experimental
NZ318,3,overall_good,0.9873962016688144,experimental
NZ319,3,overall_good,0.9833670685163108,experimental
NZ320,3,overall_good,0.9811681007767088,experimental
NZ321,3,overall_good,0.9835304603770715,experimental
NZ322,3,overall_good,0.9835625126043542,experimental
NZ323,3,overall_good,0.9841066580841986,experimental
NZ324,3,overall_good,0.9832367970389517,experimental
NZ325,3,overall_good,0.9828579923347585,experimental
NZ326,3,overall_good,0.9823031041797846,experimental
NZ327,3,overall_good,0.9836654107472865,experimental
NZ328,3,overall_good,0.9823811740174906,experimental
NZ329,3,overall_good,0.9812030452691831,experimental
NZ330,3,overall_good,0.9822938115597646,experimental
NZ331,3,overall_good,0.98392334771162,experimental
NZ332,3,overall_good,0.984569087479478,experimental
NZ333,3,overall_good,0.9845324840581817,experimental
NZ334,3,overall_good,0.9855269972702251,experimental
NZ335,3,overall_good,0.9845349165043008,experimental
NZ336,3,overall_good,0.9839868393846326,experimental
NZ337,3,overall_good,0.982725755423479,experimental
NZ338,3,overall_good,0.9849381857930735,experimental
NZ339,3,overall_good,0.9855267534255235,experimental
NZ340,3,overall_good,0.98401641478261,experimental
NZ341,3,overall_good,0.9844042644303883,experimental
NZ342,3,overall_good,0.9868560123969843,experimental
NZ343,3,overall_good,0.9845491126770342,experimental
NZ344,3,overall_good,0.9859772941545107,experimental
NZ345,3,overall_good,0.9859043115492069,experimental
NZ346,3,overall_good,0.9845985348702405,experimental
NZ347,3,overall_good,0.9836706150601716,experimental
NZ348,3,overall_good,0.985971231821273,experimental
NZ349,3,overall_good,0.9827498054917077,experimental
NZ350,3,overall_good,0.981969318715172,experimental
NZ351,3,overall_good,0.9816370349275824,experimental
NZ352,3,overall_good,0.9837075366717144,experimental
NZ353,3,overall_good,0.9826628948331012,experimental
NZ354,3,overall_good,0.9827476504462151,experimental
NZ355,3,overall_good,0.9855314655795336,experimental
NZ356,3,overall_good,0.9822743630382709,experimental
NZ357,3,overall_good,0.9830316969820851,experimental
NZ358,3,overall_good,0.9870270807341408,experimental
NZ359,3,overall_good,0.9859947771670821,experimental
NZ360,3,overall_good,0.9837121470131298,experimental
NZ361,3,overall_good,0.9855038213449295,experimental
NZ362,3,overall_good,0.9850124811351454,experimental
NZ363,3,overall_good,0.9868071095322358,experimental
NZ364,3,overall_good,0.983871906124353,experimental
NZ365,3,overall_good,0.9869138377578449,experimental
NZ366,3,overall_good,0.9859930863799573,experimental
NZ367,3,overall_good,0.985547528078735,experimental
NZ368,3,overall_good,0.9854394247647811,experimental
NZ369,3,overall_good,0.9845643320290243,experimental
NZ370,3,overall_good,0.9870098861679214,experimental
NZ371,3,overall_good,0.9831418590468004,experimental
NZ372,3,overall_good,0.9846465531751813,experimental
NZ373,3,overall_good,0.9854905310252756,experimental
NZ374,3,overall_good,0.9857514764433634,experimental
NZ375,3,overall_good,0.9829882965806903,experimental
NZ376,3,overall_good,0.9851041199589007,experimental
NZ377,3,overall_good,0.9845294008198179,experimental
NZ378,3,overall_good,0.9851269098196261,experimental
NZ379,3,overall_good,0.9844681297204847,experimental
NZ380,3,overall_good,0.9840624977189766,experimental
NZ381,3,overall_good,0.9839895093434875,experimental
NZ382,3,overall_good,0.9845697405817314,experimental
NZ383,3,overall_good,0.9860653812574166,experimental
NZ384,3,overall_good,0.9860650449823789,experimental
NZ385,3,overall_good,0.984180089347186,experimental
NZ386,3,overall_good,0.985525793536418,experimental
NZ387,3,overall_good,0.984342680850911,experimental
NZ388,3,overall_good,0.9845829097399545,experimental
NZ389,3,overall_good,0.986007769157543,experimental
NZ390,3,overall_good,0.9840206949732696,experimental
NZ391,3,overall_good,0.9845565751888471,experimental
NZ392,3,overall_good,0.983327595175576,experimental
NZ393,3,overall_good,0.984548855154031,experimental
NZ394,3,overall_good,0.9840115768285803,experimental
NZ395,3,overall_good,0.9864953331308851,experimental
NZ396,3,overall_good,0.9863596815913384,experimental
NZ397,3,overall_good,0.9846447558488717,experimental
NZ398,3,overall_good,0.9845847418748584,experimental
NZ399,3,overall_good,0.9869083903408502,experimental
NZ400,3,overall_good,0.9850157706221846,experimental
NZ401,3,overall_good,0.986475912608929,experimental
NZ402,3,overall_good,0.985983670976645,experimental
NZ403,3,overall_good,0.9872774782944032,experimental
NZ404,3,overall_good,0.9860480769209312,experimental
NZ405,3,overall_good,0.9869239633709499,experimental
NZ406,3,overall_good,0.9864797958842788,experimental
NZ407,3,overall_good,0.9859987724289004,experimental
NZ408,3,overall_good,0.9860798875503943,experimental
NZ409,3,overall_good,0.987343821746906,experimental
NZ410,3,overall_good,0.9869522716190695,experimental
NZ411,3,overall_good,0.986987710100189,experimental
NZ412,3,overall_good,0.9860245468021804,experimental
NZ413,3,overall_good,0.986653975845924,experimental
NZ414,3,overall_good,0.9865234051650082,experimental
NZ415,3,overall_good,0.9865972466148615,experimental
NZ416,3,overall_good,0.987002049820935,experimental
NZ417,3,overall_good,0.9870154539733442,experimental
NZ418,3,overall_good,0.9868123674746977,experimental
NZ419,3,overall_good,0.9841462706626355,experimental
NZ420,3,overall_good,0.9873460366464339,experimental
NZ421,3,overall_good,0.985045835529957,experimental
NZ422,3,overall_good,0.9840670183628493,experimental
NZ423,3,overall_good,0.9839820113826203,experimental
NZ424,3,overall_good,0.9853108939286637,experimental
NZ425,3,overall_good,0.9850927907825856,experimental
NZ426,3,overall_good,0.985467871644406,experimental
NZ427,3,overall_good,0.9836718724584378,experimental
NZ428,3,overall_good,0.9840446001654729,experimental
NZ429,3,overall_good,0.9840775329589931,experimental
NZ430,3,overall_good,0.9829807234558908,experimental
NZ431,3,overall_good,0.986438140786717,experimental
NZ432,3,overall_good,0.9839803511550179,experimental
NZ433,3,overall_good,0.9849661587735555,experimental
NZ434,3,overall_good,0.984977889198294,experimental
NZ435,3,overall_good,0.9854963536726414,experimental
NZ436,3,overall_good,0.9859265993794794,experimental
NZ437,3,overall_good,0.9855477389410763,experimental
NZ438,3,overall_good,0.9854778203039737,experimental
NZ439,3,overall_good,0.9863006518952658,experimental
NZ440,3,overall_good,0.9860028862296218,experimental
NZ441,3,overall_good,0.9859087171987337,experimental
NZ442,3,overall_good,0.9860147245163702,experimental
NZ443,3,overall_good,0.9851733338272565,experimental
NZ444,3,overall_good,0.9860996480628339,experimental
NZ445,3,overall_good,0.9827464863493248,experimental
NZ446,3,overall_good,0.9846335624418016,experimental
NZ447,3,overall_good,0.9827216346658153,experimental
NZ448,3,overall_good,0.9845579671664728,experimental
NZ449,3,overall_good,0.9845388808509179,experimental
NZ450,3,overall_good,0.9853971874846629,experimental
NZ451,3,overall_good,0.9846264712401237,experimental
NZ452,3,overall_good,0.9845643561220924,experimental
NZ453,3,overall_good,0.9845954240484406,experimental
NZ454,3,overall_good,0.9845880721600491,experimental
NZ455,3,overall_good,0.9831112597377318,experimental
NZ456,3,overall_good,0.9843464914225588,experimental
NZ457,3,overall_good,0.984627549494088,experimental
NZ458,3,overall_good,0.9846824571974045,experimental
NZ459,3,overall_good,0.9840409861810782,experimental
NZ460,3,overall_good,0.9814332695434963,experimental
NZ461,3,overall_good,0.9846563479492347,experimental
NZ462,3,overall_good,0.9843430580296758,experimental
NZ463,3,overall_good,0.9839788663738217,experimental
NZ464,3,overall_good,0.9807867609547665,experimental
NZ465,3,overall_good,0.9808000058243969,experimental
NZ466,3,overall_good,0.9843510289521277,experimental
NZ467,3,overall_good,0.9833187103654243,experimental
NZ468,3,overall_good,0.9837502937013377,experimental
NZ469,3,overall_good,0.9852233916585613,experimental
NZ470,3,overall_good,0.985766230264665,experimental
NZ471,3,overall_good,0.9855930630554575,experimental
NZ472,3,overall_good,0.9858993636027444,experimental
NZ473,3,overall_good,0.9855195891739822,experimental
NZ474,3,overall_good,0.9855030281714737,experimental
NZ475,3,overall_good,0.983991595664498,experimental
NZ476,3,overall_good,0.9850084069692735,experimental
NZ477,3,overall_good,0.9839908302520847,experimental
NZ478,3,overall_good,0.9831271543543878,experimental
NZ479,3,overall_good,0.9840520446732883,experimental
NZ480,3,overall_good,0.9826930689563972,experimental
NZ481,3,overall_good,0.985909787799232,experimental
NZ482,3,overall_good,0.9858458810463918,experimental
NZ483,3,overall_good,0.9854672563752761,experimental
NZ484,3,overall_good,0.9846796895540392,experimental
NZ485,3,overall_good,0.9849849473275696,experimental
NZ486,3,overall_good,0.9844633414453067,experimental
NZ487,3,overall_good,0.9853536482375691,experimental
NZ488,3,overall_good,0.9849821879578013,experimental
NZ489,3,overall_good,0.9850481038518178,experimental
NZ490,3,overall_good,0.9836450093226067,experimental
NZ491,3,overall_good,0.984262211104456,experimental
NZ492,3,overall_good,0.9843681246146547,experimental
NZ493,3,overall_good,0.98275779569038,experimental
NZ494,3,overall_good,0.9833198901372362,experimental
NZ495,3,overall_good,0.9812167689851682,experimental
NZ496,3,overall_good,0.9842565231916638,experimental
NZ497,3,overall_good,0.9839295499357353,experimental
NZ498,3,overall_good,0.9843269312455645,experimental
NZ499,3,overall_good,0.9809233596916289,experimental
NZ500,3,overall_good,0.9826868874121505,experimental
NZ001,3,bugs,0.6662482281412312,experimental
NZ002,3,bugs,0.3739670953037564,experimental
NZ003,3,bugs,0.5629964856666744,experimental
NZ004,3,bugs,0.3865154158016518,experimental
NZ005,3,bugs,0.5107337161438783,experimental
NZ006,3,bugs,0.5271119366818425,experimental
NZ007,3,bugs,0.4503973914737172,experimental
NZ008,3,bugs,0.4446606445988632,experimental
NZ009,3,bugs,0.6439844544943216,experimental
NZ010,3,bugs,0.35166969252987823,experimental
NZ011,3,bugs,0.45372546150839543,experimental
NZ012,3,bugs,0.6340021212248017,experimental
NZ013,3,bugs,0.5770002225260851,experimental
NZ014,3,bugs,0.5993546851383333,experimental
NZ015,3,bugs,0.3442408702336892,experimental
NZ016,3,bugs,0.3352409634800135,experimental
NZ017,3,bugs,0.452288534054674,experimental
NZ018,3,bugs,0.3168148514494969,experimental
NZ019,3,bugs,0.6162003479695262,experimental
NZ020,3,bugs,0.3685078463253237,experimental
NZ021,3,bugs,0.5127714551512866,experimental
NZ022,3,bugs,0.3734082176083942,experimental
NZ023,3,bugs,0.5751821405751832,experimental
NZ024,3,bugs,0.5591538502477387,experimental
NZ025,3,bugs,0.6983054726153407,experimental
NZ026,3,bugs,0.6979629191709451,experimental
NZ027,3,bugs,0.41276412703550003,experimental
NZ028,3,bugs,0.3355303107555782,experimental
NZ029,3,bugs,0.5762342403233192,experimental
NZ030,3,bugs,0.45460142699463646,experimental
NZ031,3,bugs,0.34134269279704094,experimental
NZ032,3,bugs,0.39676267551228916,experimental
NZ033,3,bugs,0.35453046194755455,experimental
NZ034,3,bugs,0.48622663046577347,experimental
NZ035,3,bugs,0.35289895934099086,experimental
NZ036,3,bugs,0.48110118677251795,experimental
NZ037,3,bugs,0.4459029746971896,experimental
NZ038,3,bugs,0.47226391576167465,experimental
NZ039,3,bugs,0.3757489144103865,experimental
NZ040,3,bugs,0.7197518876005093,experimental
NZ041,3,bugs,0.38883756529402713,experimental
NZ042,3,bugs,0.4270233919303231,experimental
NZ043,3,bugs,0.34060789946415904,experimental
NZ044,3,bugs,0.48622663046577347,experimental
NZ045,3,bugs,0.6118205372895469,experimental
NZ046,3,bugs,0.3352409634800135,experimental
NZ047,3,bugs,0.7214288904168019,experimental
NZ048,3,bugs,0.4396104851334048,experimental
NZ049,3,bugs,0.42064878835967867,experimental
NZ050,3,bugs,0.4137304236229276,experimental
NZ051,3,bugs,0.3753834432758333,experimental
NZ052,3,bugs,0.3710739802942644,experimental
NZ053,3,bugs,0.6072371996970453,experimental
NZ054,3,bugs,0.367587404264259,experimental
NZ055,3,bugs,0.3466518628790841,experimental
NZ056,3,bugs,0.39749510059459203,experimental
NZ057,3,bugs,0.41801716433067254,experimental
NZ058,3,bugs,0.6375766182565248,experimental
NZ059,3,bugs,0.4201756767500329,experimental
NZ060,3,bugs,0.5777580036907601,experimental
NZ061,3,bugs,0.4061566136631191,experimental
NZ062,3,bugs,0.5559094780316528,experimental
NZ063,3,bugs,0.42521600498122736,experimental
NZ064,3,bugs,0.38311143229605277,experimental
NZ065,3,bugs,0.6375766182565248,experimental
NZ066,3,bugs,0.38311143229605277,experimental
NZ067,3,bugs,0.3764628363841209,experimental
NZ068,3,bugs,0.3764628363841209,experimental
NZ069,3,bugs,0.44170246306455196,experimental
NZ070,3,bugs,0.4176624160991571,experimental
NZ071,3,bugs,0.6375766182565248,experimental
NZ072,3,bugs,0.6315265730089781,experimental
NZ073,3,bugs,0.545798001685324,experimental
NZ074,3,bugs,0.6375766182565248,experimental
NZ075,3,bugs,0.3070441224325919,experimental
NZ076,3,bugs,0.33119110044833755,experimental
NZ077,3,bugs,0.30617160329878557,experimental
NZ078,3,bugs,0.32403597894613423,experimental
NZ079,3,bugs,0.3580418920283461,experimental
NZ080,3,bugs,0.3255975931059404,experimental
NZ081,3,bugs,0.3352409634800135,experimental
NZ082,3,bugs,0.3255975931059404,experimental
NZ083,3,bugs,0.6152852829324843,experimental
NZ084,3,bugs,0.31725052262126935,experimental
NZ085,3,bugs,0.4864223757551764,experimental
NZ086,3,bugs,0.3251424548408708,experimental
NZ087,3,bugs,0.3251424548408708,experimental
NZ088,3,bugs,0.5799030504855146,experimental
NZ089,3,bugs,0.33927860763608614,experimental
NZ090,3,bugs,0.3259928568398377,experimental
NZ091,3,bugs,0.3499154968439836,experimental
NZ092,3,bugs,0.5206812858407992,experimental
NZ093,3,bugs,0.453494294633829,experimental
NZ094,3,bugs,0.44621625782563923,experimental
NZ095,3,bugs,0.30896656922771154,experimental
NZ096,3,bugs,0.4749800972083133,experimental
NZ097,3,bugs,0.6593202749538124,experimental
NZ098,3,bugs,0.3804466048810126,experimental
NZ099,3,bugs,0.6237180525271473,experimental
NZ100,3,bugs,0.3989371631626073,experimental
NZ101,3,bugs,0.44352993077336356,experimental
NZ102,3,bugs,0.5878513801817625,experimental
NZ103,3,bugs,0.4056292797045758,experimental
NZ104,3,bugs,0.4518075976619308,experimental
NZ105,3,bugs,0.40285263871650784,experimental
NZ106,3,bugs,0.4680700798424409,experimental
NZ107,3,bugs,0.41403015130652754,experimental
NZ108,3,bugs,0.394829663214838,experimental
NZ109,3,bugs,0.4186053297010046,experimental
NZ110,3,bugs,0.5659706171425811,experimental
NZ111,3,bugs,0.39605160663584016,experimental
NZ112,3,bugs,0.3505937542387917,experimental
NZ113,3,bugs,0.3949716676454326,experimental
NZ114,3,bugs,0.36799413754771026,experimental
NZ115,3,bugs,0.3454198878825209,experimental
NZ116,3,bugs,0.3756504288472303,experimental
NZ117,3,bugs,0.3720724171665811,experimental
NZ118,3,bugs,0.578555243388126,experimental
NZ119,3,bugs,0.4157928133894195,experimental
NZ120,3,bugs,0.30440137443094684,experimental
NZ121,3,bugs,0.2967651934205739,experimental
NZ122,3,bugs,0.4656401536122769,experimental
NZ123,3,bugs,0.6152852829324843,experimental
NZ124,3,bugs,0.5975674545530892,experimental
NZ125,3,bugs,0.6485543778952778,experimental
NZ126,3,bugs,0.5323333473954335,experimental
NZ127,3,bugs,0.38669536521395326,experimental
NZ128,3,bugs,0.6162003479695262,experimental
NZ129,3,bugs,0.42238136161575257,experimental
NZ130,3,bugs,0.39605160663584016,experimental
NZ131,3,bugs,0.3631774261240361,experimental
NZ132,3,bugs,0.38669536521395326,experimental
NZ133,3,bugs,0.4281295814511728,experimental
NZ134,3,bugs,0.36536303109372603,experimental
NZ135,3,bugs,0.3333343887396317,experimental
NZ136,3,bugs,0.3685078463253237,experimental
NZ137,3,bugs,0.6270098923215456,experimental
NZ138,3,bugs,0.3471748136092997,experimental
NZ139,3,bugs,0.3697221795297255,experimental
NZ140,3,bugs,0.31402256543158175,experimental
NZ141,3,bugs,0.6200030216515986,experimental
NZ142,3,bugs,0.48997466893044433,experimental
NZ143,3,bugs,0.6120146507501644,experimental
NZ144,3,bugs,0.5187006848196698,experimental
NZ145,3,bugs,0.37253678037168236,experimental
NZ146,3,bugs,0.3917224557356458,experimental
NZ147,3,bugs,0.3607232403551999,experimental
NZ148,3,bugs,0.37924927043615564,experimental
NZ149,3,bugs,0.428493557801129,experimental
NZ150,3,bugs,0.49239957943594187,experimental
NZ151,3,bugs,0.33368403691782667,experimental
NZ152,3,bugs,0.46389287868534923,experimental
NZ153,3,bugs,0.45063075629556093,experimental
NZ154,3,bugs,0.45063075629556093,experimental
NZ155,3,bugs,0.41744808154746926,experimental
NZ156,3,bugs,0.47738691395515803,experimental
NZ157,3,bugs,0.45063075629556093,experimental
NZ158,3,bugs,0.45063075629556093,experimental
NZ159,3,bugs,0.7308434981437724,experimental
NZ160,3,bugs,0.45063075629556093,experimental
NZ161,3,bugs,0.5596647376136691,experimental
NZ162,3,bugs,0.45063075629556093,experimental
NZ163,3,bugs,0.41744808154746926,experimental
NZ164,3,bugs,0.4498381392407755,experimental
NZ165,3,bugs,0.7272708456893346,experimental
NZ166,3,bugs,0.4267715209445651,experimental
NZ167,3,bugs,0.4796836074982394,experimental
NZ168,3,bugs,0.4259257113825076,experimental
NZ169,3,bugs,0.38177305003038603,experimental
NZ170,3,bugs,0.3731782747892052,experimental
NZ171,3,bugs,0.5890166983411018,experimental
NZ172,3,bugs,0.3685078463253237,experimental
NZ173,3,bugs,0.3355303107555782,experimental
NZ174,3,bugs,0.30440137443094684,experimental
NZ175,3,bugs,0.30440137443094684,experimental
NZ176,3,bugs,0.38452811205595644,experimental
NZ177,3,bugs,0.3984065674875961,experimental
NZ178,3,bugs,0.4848043997722757,experimental
NZ179,3,bugs,0.41009088280442185,experimental
NZ180,3,bugs,0.4197458490571744,experimental
NZ181,3,bugs,0.38669536521395326,experimental
NZ182,3,bugs,0.3579707403490576,experimental
NZ183,3,bugs,0.4019666269602711,experimental
NZ184,3,bugs,0.36708471169512374,experimental
NZ185,3,bugs,0.4194307132904359,experimental
NZ186,3,bugs,0.41672367690146245,experimental
NZ187,3,bugs,0.4134046554766029,experimental
NZ188,3,bugs,0.37725837439963883,experimental
NZ189,3,bugs,0.3799332306099339,experimental
NZ190,3,bugs,0.6649180587188335,experimental
NZ191,3,bugs,0.5656214701486586,experimental
NZ192,3,bugs,0.42217502344504276,experimental
NZ193,3,bugs,0.5531409277862531,experimental
NZ194,3,bugs,0.6428521595089036,experimental
NZ195,3,bugs,0.40013344988298083,experimental
NZ196,3,bugs,0.6471168994399223,experimental
NZ197,3,bugs,0.6200030216515986,experimental
NZ198,3,bugs,0.32694965104665624,experimental
NZ199,3,bugs,0.31128644327372124,experimental
NZ200,3,bugs,0.35826589211099047,experimental
NZ201,3,bugs,0.36612382192115,experimental
NZ202,3,bugs,0.4863309043740443,experimental
NZ203,3,bugs,0.3352409634800135,experimental
NZ204,3,bugs,0.615094517980474,experimental
NZ205,3,bugs,0.3529366466098216,experimental
NZ206,3,bugs,0.3216820569887134,experimental
NZ207,3,bugs,0.38069155778809716,experimental
NZ208,3,bugs,0.6210054500522757,experimental
NZ209,3,bugs,0.6152852829324843,experimental
NZ210,3,bugs,0.5076866581346647,experimental
NZ211,3,bugs,0.3308075083142474,experimental
NZ212,3,bugs,0.3513983351539058,experimental
NZ213,3,bugs,0.6152852829324843,experimental
NZ214,3,bugs,0.3308075083142474,experimental
NZ215,3,bugs,0.3255975931059404,experimental
NZ216,3,bugs,0.6094927284523443,experimental
NZ217,3,bugs,0.296057702584903,experimental
NZ218,3,bugs,0.6152852829324843,experimental
NZ219,3,bugs,0.3634105717546502,experimental
NZ220,3,bugs,0.5748377610091803,experimental
NZ221,3,bugs,0.3348300213255003,experimental
NZ222,3,bugs,0.5094419215336407,experimental
NZ223,3,bugs,0.5177280658069896,experimental
NZ224,3,bugs,0.357511519155856,experimental
NZ225,3,bugs,0.38939026341863997,experimental
NZ226,3,bugs,0.42073192219557104,experimental
NZ227,3,bugs,0.5186635130099051,experimental
NZ228,3,bugs,0.30440137443094684,experimental
NZ229,3,bugs,0.5271167212459642,experimental
NZ230,3,bugs,0.42505378571998154,experimental
NZ231,3,bugs,0.3117450775742687,experimental
NZ232,3,bugs,0.30688419619681245,experimental
NZ233,3,bugs,0.3128985022977065,experimental
NZ234,3,bugs,0.4902521209554,experimental
NZ235,3,bugs,0.3255975931059404,experimental
NZ236,3,bugs,0.3255975931059404,experimental
NZ237,3,bugs,0.5770002225260851,experimental
NZ238,3,bugs,0.5300863045189727,experimental
NZ239,3,bugs,0.5699720037817286,experimental
NZ240,3,bugs,0.2967651934205739,experimental
NZ241,3,bugs,0.6152852829324843,experimental
NZ242,3,bugs,0.3317361548153288,experimental
NZ243,3,bugs,0.36655694167100916,experimental
NZ244,3,bugs,0.45393413547475536,experimental
NZ245,3,bugs,0.4756892975240407,experimental
NZ246,3,bugs,0.5890166983411018,experimental
NZ247,3,bugs,0.3697017708025324,experimental
NZ248,3,bugs,0.3388757180930247,experimental
NZ249,3,bugs,0.3731782747892052,experimental
NZ250,3,bugs,0.6205474902629514,experimental
NZ251,3,bugs,0.37579780014074127,experimental
NZ252,3,bugs,0.3685078463253237,experimental
NZ253,3,bugs,0.33430902453060296,experimental
NZ254,3,bugs,0.5890166983411018,experimental
NZ255,3,bugs,0.6205474902629514,experimental
NZ256,3,bugs,0.39247564451800987,experimental
NZ257,3,bugs,0.38760543861451563,experimental
NZ258,3,bugs,0.3685078463253237,experimental
NZ259,3,bugs,0.4077735520436101,experimental
NZ260,3,bugs,0.37696127998263473,experimental
NZ261,3,bugs,0.3685078463253237,experimental
NZ262,3,bugs,0.4936787647249092,experimental
NZ263,3,bugs,0.3388757180930247,experimental
NZ264,3,bugs,0.4159689473843802,experimental
NZ265,3,bugs,0.41547269037114937,experimental
NZ266,3,bugs,0.40021648487978145,experimental
NZ267,3,bugs,0.4222670811845143,experimental
NZ268,3,bugs,0.4132641360913882,experimental
NZ269,3,bugs,0.4559477054735875,experimental
NZ270,3,bugs,0.3586549410672753,experimental
NZ271,3,bugs,0.3216820569887134,experimental
NZ272,3,bugs,0.33642040662789824,experimental
NZ273,3,bugs,0.4389646917259651,experimental
NZ274,3,bugs,0.3399319291970738,experimental
NZ275,3,bugs,0.6210054500522757,experimental
NZ276,3,bugs,0.34166410646109796,experimental
NZ277,3,bugs,0.40963796741791003,experimental
NZ278,3,bugs,0.3685078463253237,experimental
NZ279,3,bugs,0.33145300861823673,experimental
NZ280,3,bugs,0.4134690419625408,experimental
NZ281,3,bugs,0.6210054500522757,experimental
NZ282,3,bugs,0.36930026833506485,experimental
NZ283,3,bugs,0.3249761271400637,experimental
NZ284,3,bugs,0.31178117221466656,experimental
NZ285,3,bugs,0.5305565454344185,experimental
NZ286,3,bugs,0.3762104238146393,experimental
NZ287,3,bugs,0.4938262420812555,experimental
NZ288,3,bugs,0.44982841136738194,experimental
NZ289,3,bugs,0.39464030126199157,experimental
NZ290,3,bugs,0.4284664947435303,experimental
NZ291,3,bugs,0.4172051647691798,experimental
NZ292,3,bugs,0.38828179134102475,experimental
NZ293,3,bugs,0.41003346379179867,experimental
NZ294,3,bugs,0.6118205372895469,experimental
NZ295,3,bugs,0.34144684172365597,experimental
NZ296,3,bugs,0.3468252136202635,experimental
NZ297,3,bugs,0.45063075629556093,experimental
NZ298,3,bugs,0.41744808154746926,experimental
NZ299,3,bugs,0.4002092704108542,experimental
NZ300,3,bugs,0.5080468053493857,experimental
NZ301,3,bugs,0.5630123776869389,experimental
NZ302,3,bugs,0.33664890774328327,experimental
NZ303,3,bugs,0.48622663046577347,experimental
NZ304,3,bugs,0.3757489144103865,experimental
NZ305,3,bugs,0.6036255614353532,experimental
NZ306,3,bugs,0.6380900065514648,experimental
NZ307,3,bugs,0.35553296249289645,experimental
NZ308,3,bugs,0.40063039809022233,experimental
NZ309,3,bugs,0.3793223741555654,experimental
NZ310,3,bugs,0.3757489144103865,experimental
NZ311,3,bugs,0.6118205372895469,experimental
NZ312,3,bugs,0.36942956746649896,experimental
NZ313,3,bugs,0.34060789946415904,experimental
NZ314,3,bugs,0.6120146507501644,experimental
NZ315,3,bugs,0.41562325799994054,experimental
NZ316,3,bugs,0.41276412703550003,experimental
NZ317,3,bugs,0.38712486327484924,experimental
NZ318,3,bugs,0.40999204187801,experimental
NZ319,3,bugs,0.3225343974110253,experimental
NZ320,3,bugs,0.5814721396922707,experimental
NZ321,3,bugs,0.5199430349288874,experimental
NZ322,3,bugs,0.5185163102226886,experimental
NZ323,3,bugs,0.36460345710066355,experimental
NZ324,3,bugs,0.39605488698828223,experimental
NZ325,3,bugs,0.5154430390918922,experimental
NZ326,3,bugs,0.3219847689355284,experimental
NZ327,3,bugs,0.6251574755854288,experimental
NZ328,3,bugs,0.3321160056308473,experimental
NZ329,3,bugs,0.36222794043169976,experimental
NZ330,3,bugs,0.3187016116749384,experimental
NZ331,3,bugs,0.35653379790699724,experimental
NZ332,3,bugs,0.624910991416773,experimental
NZ333,3,bugs,0.39605160663584016,experimental
NZ334,3,bugs,0.38669536521395326,experimental
NZ335,3,bugs,0.39605160663584016,experimental
NZ336,3,bugs,0.41276412703550003,experimental
NZ337,3,bugs,0.500334061231485,experimental
NZ338,3,bugs,0.36372788339683587,experimental
NZ339,3,bugs,0.38669536521395326,experimental
NZ340,3,bugs,0.3579707403490576,experimental
NZ341,3,bugs,0.5326761003472503,experimental
NZ342,3,bugs,0.41497364225943434,experimental
NZ343,3,bugs,0.39605160663584016,experimental
NZ344,3,bugs,0.5773070716582192,experimental
NZ345,3,bugs,0.6735316582591889,experimental
NZ346,3,bugs,0.5274063501630163,experimental
NZ347,3,bugs,0.35397290266114967,experimental
NZ348,3,bugs,0.6474987811961546,experimental
NZ349,3,bugs,0.3180060179955316,experimental
NZ350,3,bugs,0.39162858300629994,experimental
NZ351,3,bugs,0.44585198028048245,experimental
NZ352,3,bugs,0.34119583722271435,experimental
NZ353,3,bugs,0.3139528671764411,experimental
NZ354,3,bugs,0.30688419619681245,experimental
NZ355,3,bugs,0.4120140034540119,experimental
NZ356,3,bugs,0.6162003479695262,experimental
NZ357,3,bugs,0.377834991343127,experimental
NZ358,3,bugs,0.5685844887441778,experimental
NZ359,3,bugs,0.45063075629556093,experimental
NZ360,3,bugs,0.6247139358797218,experimental
NZ361,3,bugs,0.41744808154746926,experimental
NZ362,3,bugs,0.35004355325368264,experimental
NZ363,3,bugs,0.6179993525482571,experimental
NZ364,3,bugs,0.4531448718169449,experimental
NZ365,3,bugs,0.3902220987159188,experimental
NZ366,3,bugs,0.45063075629556093,experimental
NZ367,3,bugs,0.38669536521395326,experimental
NZ368,3,bugs,0.4558604226044273,experimental
NZ369,3,bugs,0.624910991416773,experimental
NZ370,3,bugs,0.47546546320786576,experimental
NZ371,3,bugs,0.3249761271400637,experimental
NZ372,3,bugs,0.40644147783174145,experimental
NZ373,3,bugs,0.4657491830265485,experimental
NZ374,3,bugs,0.4844972049128905,experimental
NZ375,3,bugs,0.36598660309335596,experimental
NZ376,3,bugs,0.4222670811845143,experimental
NZ377,3,bugs,0.37752358421956855,experimental
NZ378,3,bugs,0.4180400851534816,experimental
NZ379,3,bugs,0.37403002803296576,experimental
NZ380,3,bugs,0.4216544902698981,experimental
NZ381,3,bugs,0.41276412703550003,experimental
NZ382,3,bugs,0.401029389827774,experimental
NZ383,3,bugs,0.34474069907691884,experimental
NZ384,3,bugs,0.361610211037917,experimental
NZ385,3,bugs,0.6700494065176555,experimental
NZ386,3,bugs,0.5223918229016545,experimental
NZ387,3,bugs,0.3255975931059404,experimental
NZ388,3,bugs,0.31128644327372124,experimental
NZ389,3,bugs,0.3354016593434813,experimental
NZ390,3,bugs,0.41276412703550003,experimental
NZ391,3,bugs,0.3156996675096936,experimental
NZ392,3,bugs,0.3352409634800135,experimental
NZ393,3,bugs,0.31128644327372124,experimental
NZ394,3,bugs,0.38288718157542595,experimental
NZ395,3,bugs,0.41009088280442185,experimental
NZ396,3,bugs,0.3894003425818101,experimental
NZ397,3,bugs,0.5131492833846565,experimental
NZ398,3,bugs,0.39605160663584016,experimental
NZ399,3,bugs,0.38325738376330365,experimental
NZ400,3,bugs,0.5079910401021427,experimental
NZ401,3,bugs,0.41009088280442185,experimental
NZ402,3,bugs,0.38452811205595644,experimental
NZ403,3,bugs,0.4257074168345219,experimental
NZ404,3,bugs,0.3880634455194569,experimental
NZ405,3,bugs,0.3902220987159188,experimental
NZ406,3,bugs,0.41009088280442185,experimental
NZ407,3,bugs,0.38452811205595644,experimental
NZ408,3,bugs,0.39371722601929127,experimental
NZ409,3,bugs,0.39107860009910195,experimental
NZ410,3,bugs,0.376558961507285,experimental
NZ411,3,bugs,0.4517353125065423,experimental
NZ412,3,bugs,0.38452811205595644,experimental
NZ413,3,bugs,0.6272443689925847,experimental
NZ414,3,bugs,0.43238075089316486,experimental
NZ415,3,bugs,0.42552083139394103,experimental
NZ416,3,bugs,0.6577622883685793,experimental
NZ417,3,bugs,0.4057355273218708,experimental
NZ418,3,bugs,0.3737034838178616,experimental
NZ419,3,bugs,0.4033881922776858,experimental
NZ420,3,bugs,0.4125434635625697,experimental
NZ421,3,bugs,0.5804628140441108,experimental
NZ422,3,bugs,0.3652924683943656,experimental
NZ423,3,bugs,0.3579707403490576,experimental
NZ424,3,bugs,0.6642733066321442,experimental
NZ425,3,bugs,0.6642733066321442,experimental
NZ426,3,bugs,0.3899548747036357,experimental
NZ427,3,bugs,0.6226093904514949,experimental
NZ428,3,bugs,0.37383968990069455,experimental
NZ429,3,bugs,0.3614015322999407,experimental
NZ430,3,bugs,0.38144003432581497,experimental
NZ431,3,bugs,0.6735316582591889,experimental
NZ432,3,bugs,0.5090635202583011,experimental
NZ433,3,bugs,0.36041994390615617,experimental
NZ434,3,bugs,0.36041994390615617,experimental
NZ435,3,bugs,0.41850981589449404,experimental
NZ436,3,bugs,0.5081111451820182,experimental
NZ437,3,bugs,0.41465676766566395,experimental
NZ438,3,bugs,0.3949716676454326,experimental
NZ439,3,bugs,0.5801718775132825,experimental
NZ440,3,bugs,0.3883375926064111,experimental
NZ441,3,bugs,0.4750393507579436,experimental
NZ442,3,bugs,0.41424771880478417,experimental
NZ443,3,bugs,0.4083882659277719,experimental
NZ444,3,bugs,0.3803847178078258,experimental
NZ445,3,bugs,0.4271024288238343,experimental
NZ446,3,bugs,0.39963347982573955,experimental
NZ447,3,bugs,0.6247139358797218,experimental
NZ448,3,bugs,0.39605160663584016,experimental
NZ449,3,bugs,0.39605160663584016,experimental
NZ450,3,bugs,0.4623412060621586,experimental
NZ451,3,bugs,0.3145426599642908,experimental
NZ452,3,bugs,0.31128644327372124,experimental
NZ453,3,bugs,0.31974741196103457,experimental
NZ454,3,bugs,0.34955544198564814,experimental
NZ455,3,bugs,0.33195667950466073,experimental
NZ456,3,bugs,0.4871765379425185,experimental
NZ457,3,bugs,0.4218732615750515,experimental
NZ458,3,bugs,0.3624281791213699,experimental
NZ459,3,bugs,0.3148192702682767,experimental
NZ460,3,bugs,0.5834098140039724,experimental
NZ461,3,bugs,0.3434725866534472,experimental
NZ462,3,bugs,0.3255975931059404,experimental
NZ463,3,bugs,0.32904498330966114,experimental
NZ464,3,bugs,0.5491177982823231,experimental
NZ465,3,bugs,0.5668015438055172,experimental
NZ466,3,bugs,0.32908194001334135,experimental
NZ467,3,bugs,0.3352409634800135,experimental
NZ468,3,bugs,0.3043442639517564,experimental
NZ469,3,bugs,0.4415053941204274,experimental
NZ470,3,bugs,0.4938354891770272,experimental
NZ471,3,bugs,0.4082821389253671,experimental
NZ472,3,bugs,0.5484008782127411,experimental
NZ473,3,bugs,0.38669536521395326,experimental
NZ474,3,bugs,0.6642733066321442,experimental
NZ475,3,bugs,0.3579707403490576,experimental
NZ476,3,bugs,0.35004355325368264,experimental
NZ477,3,bugs,0.3579707403490576,experimental
NZ478,3,bugs,0.3790872939670737,experimental
NZ479,3,bugs,0.3579707403490576,experimental
NZ480,3,bugs,0.30440137443094684,experimental
NZ481,3,bugs,0.4710517098857952,experimental
NZ482,3,bugs,0.47109971748132806,experimental
NZ483,3,bugs,0.3094829398644755,experimental
NZ484,3,bugs,0.44783426754511224,experimental
NZ485,3,bugs,0.45536186517847704,experimental
NZ486,3,bugs,0.4270520383657007,experimental
NZ487,3,bugs,0.4246746119395796,experimental
NZ488,3,bugs,0.45536186517847704,experimental
NZ489,3,bugs,0.4591946819845378,experimental
NZ490,3,bugs,0.34260701390968135,experimental
NZ491,3,bugs,0.4165837680855728,experimental
NZ492,3,bugs,0.3281395486789173,experimental
NZ493,3,bugs,0.30688419619681245,experimental
NZ494,3,bugs,0.35459110943451233,experimental
NZ495,3,bugs,0.5748377610091803,experimental
NZ496,3,bugs,0.5059359285842698,experimental
NZ497,3,bugs,0.5076866581346647,experimental
NZ498,3,bugs,0.34060335144050397,experimental
NZ499,3,bugs,0.5748377610091803,experimental
NZ500,3,bugs,0.30440137443094684,experimental
NZ001,3,mud,0.8700739432796865,experimental
NZ002,3,mud,0.8040118526369875,experimental
NZ003,3,mud,0.8607215304716404,experimental
NZ004,3,mud,0.703515417948064,experimental
NZ005,3,mud,0.5734379250924085,experimental
NZ006,3,mud,0.8434969897968617,experimental
NZ007,3,mud,0.770088187716325,experimental
NZ008,3,mud,0.807064580856109,experimental
NZ009,3,mud,0.8854008607148665,experimental
NZ010,3,mud,0.7429212752074552,experimental
NZ011,3,mud,0.7803839667273105,experimental
NZ012,3,mud,0.8714581597342517,experimental
NZ013,3,mud,0.8638840087382558,experimental
NZ014,3,mud,0.7208557032199163,experimental
NZ015,3,mud,0.7152962489943192,experimental
NZ016,3,mud,0.8829923363033572,experimental
NZ017,3,mud,0.7677848383140867,experimental
NZ018,3,mud,0.789086802601552,experimental
NZ019,3,mud,0.8973078366588267,experimental
NZ020,3,mud,0.841407431911981,experimental
NZ021,3,mud,0.8883404194836407,experimental
NZ022,3,mud,0.7299503286616531,experimental
NZ023,3,mud,0.8347072392921833,experimental
NZ024,3,mud,0.7848344323360903,experimental
NZ025,3,mud,0.798467529550359,experimental
NZ026,3,mud,0.8386138058982374,experimental
NZ027,3,mud,0.8490002852685229,experimental
NZ028,3,mud,0.8360458418308433,experimental
NZ029,3,mud,0.8407362608162011,experimental
NZ030,3,mud,0.7770658339443217,experimental
NZ031,3,mud,0.8794220883694729,experimental
NZ032,3,mud,0.7570783072018181,experimental
NZ033,3,mud,0.7793383646720289,experimental
NZ034,3,mud,0.7619235385350164,experimental
NZ035,3,mud,0.8086226054500256,experimental
NZ036,3,mud,0.7644235385350164,experimental
NZ037,3,mud,0.7051509279690368,experimental
NZ038,3,mud,0.6770097086779695,experimental
NZ039,3,mud,0.8902152326428179,experimental
NZ040,3,mud,0.7951752833392958,experimental
NZ041,3,mud,0.7737913570343902,experimental
NZ042,3,mud,0.7380500743277839,experimental
NZ043,3,mud,0.8839712165114689,experimental
NZ044,3,mud,0.7619235385350164,experimental
NZ045,3,mud,0.8794419433508166,experimental
NZ046,3,mud,0.8829923363033572,experimental
NZ047,3,mud,0.7892712557630982,experimental
NZ048,3,mud,0.7136208131887286,experimental
NZ049,3,mud,0.7027463051288165,experimental
NZ050,3,mud,0.7027463051288165,experimental
NZ051,3,mud,0.6125236036244521,experimental
NZ052,3,mud,0.7665436676321364,experimental
NZ053,3,mud,0.8982511362160851,experimental
NZ054,3,mud,0.8004416047031032,experimental
NZ055,3,mud,0.8299200383414034,experimental
NZ056,3,mud,0.7919261889037139,experimental
NZ057,3,mud,0.7818861652887807,experimental
NZ058,3,mud,0.8073283638197076,experimental
NZ059,3,mud,0.7828382941447768,experimental
NZ060,3,mud,0.7869451146123987,experimental
NZ061,3,mud,0.732371635221294,experimental
NZ062,3,mud,0.776915090106714,experimental
NZ063,3,mud,0.7879034332306449,experimental
NZ064,3,mud,0.7856480836430775,experimental
NZ065,3,mud,0.842310974374121,experimental
NZ066,3,mud,0.7856480836430775,experimental
NZ067,3,mud,0.7865983814870013,experimental
NZ068,3,mud,0.7865983814870013,experimental
NZ069,3,mud,0.7155396083911674,experimental
NZ070,3,mud,0.7914736811645292,experimental
NZ071,3,mud,0.842310974374121,experimental
NZ072,3,mud,0.8348387877735287,experimental
NZ073,3,mud,0.8057346523337902,experimental
NZ074,3,mud,0.842310974374121,experimental
NZ075,3,mud,0.8312904657615388,experimental
NZ076,3,mud,0.8198374897538553,experimental
NZ077,3,mud,0.8312904657615388,experimental
NZ078,3,mud,0.7859200403821641,experimental
NZ079,3,mud,0.7994393003864054,experimental
NZ080,3,mud,0.8364136473581265,experimental
NZ081,3,mud,0.8829923363033572,experimental
NZ082,3,mud,0.8364136473581265,experimental
NZ083,3,mud,0.9051640906007027,experimental
NZ084,3,mud,0.785048322612993,experimental
NZ085,3,mud,0.7756730153980214,experimental
NZ086,3,mud,0.6326292790935755,experimental
NZ087,3,mud,0.6326292790935755,experimental
NZ088,3,mud,0.7150052145968361,experimental
NZ089,3,mud,0.7238032927280206,experimental
NZ090,3,mud,0.6857774788322444,experimental
NZ091,3,mud,0.6084416086774471,experimental
NZ092,3,mud,0.7437109525969173,experimental
NZ093,3,mud,0.6399331871297153,experimental
NZ094,3,mud,0.6521593315139264,experimental
NZ095,3,mud,0.7151597000188942,experimental
NZ096,3,mud,0.7479130064158084,experimental
NZ097,3,mud,0.7577990657114194,experimental
NZ098,3,mud,0.5481232335052599,experimental
NZ099,3,mud,0.7019050213203076,experimental
NZ100,3,mud,0.6240733708505156,experimental
NZ101,3,mud,0.7940356333120479,experimental
NZ102,3,mud,0.8755923935318379,experimental
NZ103,3,mud,0.6829241319678844,experimental
NZ104,3,mud,0.7633412611967403,experimental
NZ105,3,mud,0.749916554632312,experimental
NZ106,3,mud,0.6987055753055328,experimental
NZ107,3,mud,0.5322263517237925,experimental
NZ108,3,mud,0.6213715955378084,experimental
NZ109,3,mud,0.7934879636816047,experimental
NZ110,3,mud,0.8632318631363517,experimental
NZ111,3,mud,0.8768993515976122,experimental
NZ112,3,mud,0.8433369041078542,experimental
NZ113,3,mud,0.8809080406423621,experimental
NZ114,3,mud,0.7617892239084608,experimental
NZ115,3,mud,0.8360458418308433,experimental
NZ116,3,mud,0.841407431911981,experimental
NZ117,3,mud,0.8004416047031032,experimental
NZ118,3,mud,0.8569573624512604,experimental
NZ119,3,mud,0.5839519635505308,experimental
NZ120,3,mud,0.8720446904921444,experimental
NZ121,3,mud,0.8229751992803028,experimental
NZ122,3,mud,0.7551165689362836,experimental
NZ123,3,mud,0.8869085163237187,experimental
NZ124,3,mud,0.8976302925751123,experimental
NZ125,3,mud,0.9032204536420426,experimental
NZ126,3,mud,0.8874626061881601,experimental
NZ127,3,mud,0.8445598563709705,experimental
NZ128,3,mud,0.8756579489729925,experimental
NZ129,3,mud,0.8155364976362317,experimental
NZ130,3,mud,0.8768993515976122,experimental
NZ131,3,mud,0.8734449633674556,experimental
NZ132,3,mud,0.8445598563709705,experimental
NZ133,3,mud,0.5499188442379211,experimental
NZ134,3,mud,0.70847397874102,experimental
NZ135,3,mud,0.8026969760224338,experimental
NZ136,3,mud,0.841407431911981,experimental
NZ137,3,mud,0.8373361994348153,experimental
NZ138,3,mud,0.8021273404154725,experimental
NZ139,3,mud,0.7894948791189357,experimental
NZ140,3,mud,0.7298642653557559,experimental
NZ141,3,mud,0.8876006223027737,experimental
NZ142,3,mud,0.771248343489361,experimental
NZ143,3,mud,0.8768277739005271,experimental
NZ144,3,mud,0.8687327186986599,experimental
NZ145,3,mud,0.8471367949455173,experimental
NZ146,3,mud,0.8472985366558303,experimental
NZ147,3,mud,0.7859869629057601,experimental
NZ148,3,mud,0.8902152326428179,experimental
NZ149,3,mud,0.7870572108396443,experimental
NZ150,3,mud,0.8436943636349525,experimental
NZ151,3,mud,0.6717334548729883,experimental
NZ152,3,mud,0.7034880074707447,experimental
NZ153,3,mud,0.7831547513470675,experimental
NZ154,3,mud,0.7831547513470675,experimental
NZ155,3,mud,0.7681441606335765,experimental
NZ156,3,mud,0.6935617076654267,experimental
NZ157,3,mud,0.7831547513470675,experimental
NZ158,3,mud,0.7831547513470675,experimental
NZ159,3,mud,0.8392692221374622,experimental
NZ160,3,mud,0.7831547513470675,experimental
NZ161,3,mud,0.7106090632098035,experimental
NZ162,3,mud,0.7831547513470675,experimental
NZ163,3,mud,0.7681441606335765,experimental
NZ164,3,mud,0.77802894259392,experimental
NZ165,3,mud,0.8081145440547054,experimental
NZ166,3,mud,0.7205678256994151,experimental
NZ167,3,mud,0.7544134523205962,experimental
NZ168,3,mud,0.7640436676321365,experimental
NZ169,3,mud,0.7954574523893173,experimental
NZ170,3,mud,0.7879784365553504,experimental
NZ171,3,mud,0.835493534508806,experimental
NZ172,3,mud,0.841407431911981,experimental
NZ173,3,mud,0.8360458418308433,experimental
NZ174,3,mud,0.8720446904921444,experimental
NZ175,3,mud,0.8720446904921444,experimental
NZ176,3,mud,0.7051448342964325,experimental
NZ177,3,mud,0.6036706534899049,experimental
NZ178,3,mud,0.5779680925827888,experimental
NZ179,3,mud,0.7027463051288165,experimental
NZ180,3,mud,0.5839519635505308,experimental
NZ181,3,mud,0.8445598563709705,experimental
NZ182,3,mud,0.8770152113013399,experimental
NZ183,3,mud,0.833970653726617,experimental
NZ184,3,mud,0.7710029330005036,experimental
NZ185,3,mud,0.775932864755073,experimental
NZ186,3,mud,0.7497575164875834,experimental
NZ187,3,mud,0.8018162604122393,experimental
NZ188,3,mud,0.7829444972493002,experimental
NZ189,3,mud,0.8029676196187366,experimental
NZ190,3,mud,0.9223433360705473,experimental
NZ191,3,mud,0.8939479532166128,experimental
NZ192,3,mud,0.8813700813384667,experimental
NZ193,3,mud,0.849544476908674,experimental
NZ194,3,mud,0.862279050082436,experimental
NZ195,3,mud,0.8726398200174529,experimental
NZ196,3,mud,0.8802829367882091,experimental
NZ197,3,mud,0.9038561965797576,experimental
NZ198,3,mud,0.7561566152083634,experimental
NZ199,3,mud,0.8525524923497002,experimental
NZ200,3,mud,0.7788712717875798,experimental
NZ201,3,mud,0.7994393003864054,experimental
NZ202,3,mud,0.658601904489072,experimental
NZ203,3,mud,0.8829923363033572,experimental
NZ204,3,mud,0.7956006816191297,experimental
NZ205,3,mud,0.6929462599450973,experimental
NZ206,3,mud,0.7756027960784985,experimental
NZ207,3,mud,0.8075026786929764,experimental
NZ208,3,mud,0.7875326731257273,experimental
NZ209,3,mud,0.9051640906007027,experimental
NZ210,3,mud,0.8732141135821762,experimental
NZ211,3,mud,0.7339999452925666,experimental
NZ212,3,mud,0.7937255159243971,experimental
NZ213,3,mud,0.9051640906007027,experimental
NZ214,3,mud,0.8235397610206396,experimental
NZ215,3,mud,0.8364136473581265,experimental
NZ216,3,mud,0.8771902540382415,experimental
NZ217,3,mud,0.8361455615893634,experimental
NZ218,3,mud,0.9020119708999544,experimental
NZ219,3,mud,0.7277505591790431,experimental
NZ220,3,mud,0.858799102053009,experimental
NZ221,3,mud,0.8058385125239257,experimental
NZ222,3,mud,0.8776583890822215,experimental
NZ223,3,mud,0.9039999399304223,experimental
NZ224,3,mud,0.8242165742006383,experimental
NZ225,3,mud,0.7690132775267171,experimental
NZ226,3,mud,0.7994393003864054,experimental
NZ227,3,mud,0.8821743422828198,experimental
NZ228,3,mud,0.8720446904921444,experimental
NZ229,3,mud,0.8821743422828198,experimental
NZ230,3,mud,0.789960911063277,experimental
NZ231,3,mud,0.7892209686329098,experimental
NZ232,3,mud,0.8720446904921444,experimental
NZ233,3,mud,0.7892209686329098,experimental
NZ234,3,mud,0.842838459314747,experimental
NZ235,3,mud,0.8364136473581265,experimental
NZ236,3,mud,0.8364136473581265,experimental
NZ237,3,mud,0.8638840087382558,experimental
NZ238,3,mud,0.9165067104930689,experimental
NZ239,3,mud,0.8482836878235475,experimental
NZ240,3,mud,0.8295161031291634,experimental
NZ241,3,mud,0.8983208030897347,experimental
NZ242,3,mud,0.8281527562350911,experimental
NZ243,3,mud,0.726904726023656,experimental
NZ244,3,mud,0.7085953733215248,experimental
NZ245,3,mud,0.865906817376082,experimental
NZ246,3,mud,0.8423368220197741,experimental
NZ247,3,mud,0.7858978996425986,experimental
NZ248,3,mud,0.8360458418308433,experimental
NZ249,3,mud,0.7879784365553504,experimental
NZ250,3,mud,0.8618963274066008,experimental
NZ251,3,mud,0.6911925280755884,experimental
NZ252,3,mud,0.841407431911981,experimental
NZ253,3,mud,0.7967677537295752,experimental
NZ254,3,mud,0.8423368220197741,experimental
NZ255,3,mud,0.8781519016835847,experimental
NZ256,3,mud,0.7413049654947685,experimental
NZ257,3,mud,0.7797730355195259,experimental
NZ258,3,mud,0.841407431911981,experimental
NZ259,3,mud,0.8136509932493139,experimental
NZ260,3,mud,0.841407431911981,experimental
NZ261,3,mud,0.841407431911981,experimental
NZ262,3,mud,0.7690048543829916,experimental
NZ263,3,mud,0.8360458418308433,experimental
NZ264,3,mud,0.7463016501212393,experimental
NZ265,3,mud,0.7064154270926478,experimental
NZ266,3,mud,0.7952319400489251,experimental
NZ267,3,mud,0.7033293368154793,experimental
NZ268,3,mud,0.8358894489290558,experimental
NZ269,3,mud,0.6904702262894556,experimental
NZ270,3,mud,0.7123657028834354,experimental
NZ271,3,mud,0.7756027960784985,experimental
NZ272,3,mud,0.6785888839553975,experimental
NZ273,3,mud,0.6627720832353861,experimental
NZ274,3,mud,0.7087474948975659,experimental
NZ275,3,mud,0.7806893856147591,experimental
NZ276,3,mud,0.6857774788322444,experimental
NZ277,3,mud,0.7905324774352386,experimental
NZ278,3,mud,0.841407431911981,experimental
NZ279,3,mud,0.7694916849673874,experimental
NZ280,3,mud,0.7905324774352386,experimental
NZ281,3,mud,0.7806893856147591,experimental
NZ282,3,mud,0.6659722507751384,experimental
NZ283,3,mud,0.7756027960784985,experimental
NZ284,3,mud,0.7021031652896201,experimental
NZ285,3,mud,0.7738653207616688,experimental
NZ286,3,mud,0.6609996544394197,experimental
NZ287,3,mud,0.6418925443978277,experimental
NZ288,3,mud,0.6983492705934515,experimental
NZ289,3,mud,0.6249418434716927,experimental
NZ290,3,mud,0.6146899716158735,experimental
NZ291,3,mud,0.7236317394649828,experimental
NZ292,3,mud,0.787676705451312,experimental
NZ293,3,mud,0.680941718643734,experimental
NZ294,3,mud,0.8862852308617846,experimental
NZ295,3,mud,0.8457332282697734,experimental
NZ296,3,mud,0.7627093984632451,experimental
NZ297,3,mud,0.7831547513470675,experimental
NZ298,3,mud,0.7681441606335765,experimental
NZ299,3,mud,0.6244559160254484,experimental
NZ300,3,mud,0.7783873164739114,experimental
NZ301,3,mud,0.9056658966585028,experimental
NZ302,3,mud,0.8427675508577301,experimental
NZ303,3,mud,0.7610499753166255,experimental
NZ304,3,mud,0.8902152326428179,experimental
NZ305,3,mud,0.8849538203337192,experimental
NZ306,3,mud,0.8597592917903205,experimental
NZ307,3,mud,0.7950061217224366,experimental
NZ308,3,mud,0.8252276321077923,experimental
NZ309,3,mud,0.7676991922898881,experimental
NZ310,3,mud,0.8902152326428179,experimental
NZ311,3,mud,0.8862852308617846,experimental
NZ312,3,mud,0.8475029800945735,experimental
NZ313,3,mud,0.8839712165114689,experimental
NZ314,3,mud,0.8768277739005271,experimental
NZ315,3,mud,0.6751298589485499,experimental
NZ316,3,mud,0.8490002852685229,experimental
NZ317,3,mud,0.836104997887436,experimental
NZ318,3,mud,0.5336049553628709,experimental
NZ319,3,mud,0.7222806236519358,experimental
NZ320,3,mud,0.8340549771316293,experimental
NZ321,3,mud,0.852893496675951,experimental
NZ322,3,mud,0.8501312135130706,experimental
NZ323,3,mud,0.7369397437036304,experimental
NZ324,3,mud,0.7415502815590679,experimental
NZ325,3,mud,0.8420052423391862,experimental
NZ326,3,mud,0.8457888397021304,experimental
NZ327,3,mud,0.8683494444380959,experimental
NZ328,3,mud,0.7718858241170711,experimental
NZ329,3,mud,0.7072684053598728,experimental
NZ330,3,mud,0.8457888397021304,experimental
NZ331,3,mud,0.7146996666382519,experimental
NZ332,3,mud,0.8729719846509082,experimental
NZ333,3,mud,0.8768993515976122,experimental
NZ334,3,mud,0.8445598563709705,experimental
NZ335,3,mud,0.8768993515976122,experimental
NZ336,3,mud,0.8490002852685229,experimental
NZ337,3,mud,0.7805664051530286,experimental
NZ338,3,mud,0.8404929636857017,experimental
NZ339,3,mud,0.8445598563709705,experimental
NZ340,3,mud,0.8770152113013399,experimental
NZ341,3,mud,0.8843170463642359,experimental
NZ342,3,mud,0.582436366620921,experimental
NZ343,3,mud,0.8768993515976122,experimental
NZ344,3,mud,0.8756209754806705,experimental
NZ345,3,mud,0.9160423828448475,experimental
NZ346,3,mud,0.8648769294490407,experimental
NZ347,3,mud,0.7758723522257712,experimental
NZ348,3,mud,0.9060877617935632,experimental
NZ349,3,mud,0.7942790483173755,experimental
NZ350,3,mud,0.7547496002973001,experimental
NZ351,3,mud,0.7354890348820394,experimental
NZ352,3,mud,0.7300323759473281,experimental
NZ353,3,mud,0.8559632170719728,experimental
NZ354,3,mud,0.8720446904921444,experimental
NZ355,3,mud,0.767860959485216,experimental
NZ356,3,mud,0.8973078366588267,experimental
NZ357,3,mud,0.7963628306071777,experimental
NZ358,3,mud,0.7025915304760464,experimental
NZ359,3,mud,0.7831547513470675,experimental
NZ360,3,mud,0.885962774945499,experimental
NZ361,3,mud,0.7681441606335765,experimental
NZ362,3,mud,0.849149980381247,experimental
NZ363,3,mud,0.7017608604106681,experimental
NZ364,3,mud,0.7835615370097921,experimental
NZ365,3,mud,0.5695393724804045,experimental
NZ366,3,mud,0.7831547513470675,experimental
NZ367,3,mud,0.8445598563709705,experimental
NZ368,3,mud,0.7417324773320287,experimental
NZ369,3,mud,0.8626671586784018,experimental
NZ370,3,mud,0.735187671891518,experimental
NZ371,3,mud,0.7756027960784985,experimental
NZ372,3,mud,0.8768993515976122,experimental
NZ373,3,mud,0.7888650225422754,experimental
NZ374,3,mud,0.8130364976362318,experimental
NZ375,3,mud,0.7596052263051289,experimental
NZ376,3,mud,0.7067986599122443,experimental
NZ377,3,mud,0.793016212710288,experimental
NZ378,3,mud,0.71119700286003,experimental
NZ379,3,mud,0.793016212710288,experimental
NZ380,3,mud,0.8490002852685229,experimental
NZ381,3,mud,0.8490002852685229,experimental
NZ382,3,mud,0.7494146639665968,experimental
NZ383,3,mud,0.7365639347753979,experimental
NZ384,3,mud,0.7370357714779897,experimental
NZ385,3,mud,0.8952177963641211,experimental
NZ386,3,mud,0.8735158044646991,experimental
NZ387,3,mud,0.8364136473581265,experimental
NZ388,3,mud,0.8525524923497002,experimental
NZ389,3,mud,0.7993672427453136,experimental
NZ390,3,mud,0.8490002852685229,experimental
NZ391,3,mud,0.8525524923497002,experimental
NZ392,3,mud,0.8829923363033572,experimental
NZ393,3,mud,0.8525524923497002,experimental
NZ394,3,mud,0.789597538532288,experimental
NZ395,3,mud,0.7027463051288165,experimental
NZ396,3,mud,0.8425740550575935,experimental
NZ397,3,mud,0.8314662275083736,experimental
NZ398,3,mud,0.8768993515976122,experimental
NZ399,3,mud,0.5441235465767384,experimental
NZ400,3,mud,0.5697160729590321,experimental
NZ401,3,mud,0.7027463051288165,experimental
NZ402,3,mud,0.7051448342964325,experimental
NZ403,3,mud,0.5108265108650474,experimental
NZ404,3,mud,0.7051448342964325,experimental
NZ405,3,mud,0.6035724917930139,experimental
NZ406,3,mud,0.7027463051288165,experimental
NZ407,3,mud,0.7051448342964325,experimental
NZ408,3,mud,0.7051448342964325,experimental
NZ409,3,mud,0.6249418434716927,experimental
NZ410,3,mud,0.5476410277662142,experimental
NZ411,3,mud,0.6021041940016963,experimental
NZ412,3,mud,0.7051448342964325,experimental
NZ413,3,mud,0.709768100699007,experimental
NZ414,3,mud,0.6111197236819892,experimental
NZ415,3,mud,0.6146899716158735,experimental
NZ416,3,mud,0.7461689420810579,experimental
NZ417,3,mud,0.6034107500827012,experimental
NZ418,3,mud,0.6276565926844021,experimental
NZ419,3,mud,0.6204384211691466,experimental
NZ420,3,mud,0.49942190759224875,experimental
NZ421,3,mud,0.8954502315738072,experimental
NZ422,3,mud,0.8770152113013399,experimental
NZ423,3,mud,0.8770152113013399,experimental
NZ424,3,mud,0.9033096145298535,experimental
NZ425,3,mud,0.9033096145298535,experimental
NZ426,3,mud,0.8386306340781119,experimental
NZ427,3,mud,0.8627418086959487,experimental
NZ428,3,mud,0.7574356633372819,experimental
NZ429,3,mud,0.8770152113013399,experimental
NZ430,3,mud,0.7553600780578481,experimental
NZ431,3,mud,0.8997868085678636,experimental
NZ432,3,mud,0.7551115077240651,experimental
NZ433,3,mud,0.8736263774521893,experimental
NZ434,3,mud,0.8736263774521893,experimental
NZ435,3,mud,0.8055780557951305,experimental
NZ436,3,mud,0.7564889862256918,experimental
NZ437,3,mud,0.8130062587400131,experimental
NZ438,3,mud,0.8809080406423621,experimental
NZ439,3,mud,0.8633484909656579,experimental
NZ440,3,mud,0.8055962830647915,experimental
NZ441,3,mud,0.8861293432587332,experimental
NZ442,3,mud,0.7366797390762945,experimental
NZ443,3,mud,0.7998614374431068,experimental
NZ444,3,mud,0.8403310540686161,experimental
NZ445,3,mud,0.7490159648652865,experimental
NZ446,3,mud,0.8768993515976122,experimental
NZ447,3,mud,0.8665226580303039,experimental
NZ448,3,mud,0.8768993515976122,experimental
NZ449,3,mud,0.8768993515976122,experimental
NZ450,3,mud,0.7511880432415086,experimental
NZ451,3,mud,0.8525524923497002,experimental
NZ452,3,mud,0.8525524923497002,experimental
NZ453,3,mud,0.8525524923497002,experimental
NZ454,3,mud,0.6955749233911521,experimental
NZ455,3,mud,0.7756027960784985,experimental
NZ456,3,mud,0.7740465786164121,experimental
NZ457,3,mud,0.6656691087901473,experimental
NZ458,3,mud,0.6201256973990191,experimental
NZ459,3,mud,0.7090323206777455,experimental
NZ460,3,mud,0.7583105101073008,experimental
NZ461,3,mud,0.7087474948975659,experimental
NZ462,3,mud,0.8364136473581265,experimental
NZ463,3,mud,0.7720461499387733,experimental
NZ464,3,mud,0.8799338798487334,experimental
NZ465,3,mud,0.8799338798487334,experimental
NZ466,3,mud,0.8364136473581265,experimental
NZ467,3,mud,0.8829923363033572,experimental
NZ468,3,mud,0.8303602667435545,experimental
NZ469,3,mud,0.7989753064360665,experimental
NZ470,3,mud,0.7942933282717745,experimental
NZ471,3,mud,0.7442084460653072,experimental
NZ472,3,mud,0.7832387898134703,experimental
NZ473,3,mud,0.8445598563709705,experimental
NZ474,3,mud,0.8870540402528695,experimental
NZ475,3,mud,0.8770152113013399,experimental
NZ476,3,mud,0.849149980381247,experimental
NZ477,3,mud,0.8770152113013399,experimental
NZ478,3,mud,0.7885640376026096,experimental
NZ479,3,mud,0.8770152113013399,experimental
NZ480,3,mud,0.8720446904921444,experimental
NZ481,3,mud,0.5897934891407796,experimental
NZ482,3,mud,0.6786664452715292,experimental
NZ483,3,mud,0.8135002995564644,experimental
NZ484,3,mud,0.6393829787557709,experimental
NZ485,3,mud,0.7344319403962593,experimental
NZ486,3,mud,0.7176600416750784,experimental
NZ487,3,mud,0.6844388062548817,experimental
NZ488,3,mud,0.7344319403962593,experimental
NZ489,3,mud,0.7344319403962593,experimental
NZ490,3,mud,0.7299139715395345,experimental
NZ491,3,mud,0.7765465786164122,experimental
NZ492,3,mud,0.8364136473581265,experimental
NZ493,3,mud,0.8720446904921444,experimental
NZ494,3,mud,0.8768665328139174,experimental
NZ495,3,mud,0.8493199197076053,experimental
NZ496,3,mud,0.8847729857589122,experimental
NZ497,3,mud,0.8757696691377316,experimental
NZ498,3,mud,0.8272225572171069,experimental
NZ499,3,mud,0.8656423895639771,experimental
NZ500,3,mud,0.8720446904921444,experimental
NZ001,4,overall_good,0.9862475650363334,experimental
NZ002,4,overall_good,0.9863268014157627,experimental
NZ003,4,overall_good,0.984163012433409,experimental
NZ004,4,overall_good,0.9857005213306175,experimental
NZ005,4,overall_good,0.9862432268023921,experimental
NZ006,4,overall_good,0.9813449064910981,experimental
NZ007,4,overall_good,0.986150330729012,experimental
NZ008,4,overall_good,0.9851676719677478,experimental
NZ009,4,overall_good,0.9840660255425252,experimental
NZ010,4,overall_good,0.984854414673845,experimental
NZ011,4,overall_good,0.986106490412638,experimental
NZ012,4,overall_good,0.9818573679232927,experimental
NZ013,4,overall_good,0.9826472805783664,experimental
NZ014,4,overall_good,0.9867705667469032,experimental
NZ015,4,overall_good,0.9805980241476803,experimental
NZ016,4,overall_good,0.982594960578619,experimental
NZ017,4,overall_good,0.9829716223161554,experimental
NZ018,4,overall_good,0.9832731364794287,experimental
NZ019,4,overall_good,0.9808306531609507,experimental
NZ020,4,overall_good,0.985317386486848,experimental
NZ021,4,overall_good,0.9830940919633233,experimental
NZ022,4,overall_good,0.9828280349092704,experimental
NZ023,4,overall_good,0.9848348545016642,experimental
NZ024,4,overall_good,0.9844947280181807,experimental
NZ025,4,overall_good,0.9839638181600735,experimental
NZ026,4,overall_good,0.9839406411320937,experimental
NZ027,4,overall_good,0.9833591650494329,experimental
NZ028,4,overall_good,0.9848163595333485,experimental
NZ029,4,overall_good,0.9834575983061054,experimental
NZ030,4,overall_good,0.9864724610890058,experimental
NZ031,4,overall_good,0.9825712486124752,experimental
NZ032,4,overall_good,0.9836128217248205,experimental
NZ033,4,overall_good,0.9838146044471769,experimental
NZ034,4,overall_good,0.9813398424546811,experimental
NZ035,4,overall_good,0.9838365118314011,experimental
NZ036,4,overall_good,0.9813290425063288,experimental
NZ037,4,overall_good,0.9854981023894087,experimental
NZ038,4,overall_good,0.982764789465967,experimental
NZ039,4,overall_good,0.9830932585861114,experimental
NZ040,4,overall_good,0.9849977016427495,experimental
NZ041,4,overall_good,0.9842714025267221,experimental
NZ042,4,overall_good,0.984539219256623,experimental
NZ043,4,overall_good,0.9825128215437867,experimental
NZ044,4,overall_good,0.9814194518325624,experimental
NZ045,4,overall_good,0.9808340995942546,experimental
NZ046,4,overall_good,0.9826091861069757,experimental
NZ047,4,overall_good,0.9853197766789985,experimental
NZ048,4,overall_good,0.9845388533473344,experimental
NZ049,4,overall_good,0.9858849314026061,experimental
NZ050,4,overall_good,0.9858615038294872,experimental
NZ051,4,overall_good,0.9862666504642638,experimental
NZ052,4,overall_good,0.9839587071802923,experimental
NZ053,4,overall_good,0.9831297967605845,experimental
NZ054,4,overall_good,0.9862244764074554,experimental
NZ055,4,overall_good,0.9848175453296316,experimental
NZ056,4,overall_good,0.9862744971335038,experimental
NZ057,4,overall_good,0.9820223509624448,experimental
NZ058,4,overall_good,0.9839717477790142,experimental
NZ059,4,overall_good,0.9844801131555178,experimental
NZ060,4,overall_good,0.9842172843041869,experimental
NZ061,4,overall_good,0.9807484090755785,experimental
NZ062,4,overall_good,0.9846010113696467,experimental
NZ063,4,overall_good,0.9835730494118923,experimental
NZ064,4,overall_good,0.9830074620490531,experimental
NZ065,4,overall_good,0.9839458049198688,experimental
NZ066,4,overall_good,0.9830183784308274,experimental
NZ067,4,overall_good,0.9841229743974023,experimental
NZ068,4,overall_good,0.984060284382999,experimental
NZ069,4,overall_good,0.9845907359262573,experimental
NZ070,4,overall_good,0.9836415826829523,experimental
NZ071,4,overall_good,0.984149112536686,experimental
NZ072,4,overall_good,0.9823643110871161,experimental
NZ073,4,overall_good,0.9854300801219382,experimental
NZ074,4,overall_good,0.9840035200470713,experimental
NZ075,4,overall_good,0.9829765645454001,experimental
NZ076,4,overall_good,0.9836347520093588,experimental
NZ077,4,overall_good,0.9829838796392995,experimental
NZ078,4,overall_good,0.9831237791174761,experimental
NZ079,4,overall_good,0.9837707228226634,experimental
NZ080,4,overall_good,0.9836384113020239,experimental
NZ081,4,overall_good,0.9826177648970992,experimental
NZ082,4,overall_good,0.9836739585288296,experimental
NZ083,4,overall_good,0.9830798644016077,experimental
NZ084,4,overall_good,0.9832970943540336,experimental
NZ085,4,overall_good,0.9836000247664543,experimental
NZ086,4,overall_good,0.983983155613774,experimental
NZ087,4,overall_good,0.9840099018536053,experimental
NZ088,4,overall_good,0.9836276357524236,experimental
NZ089,4,overall_good,0.9832253471897573,experimental
NZ090,4,overall_good,0.9842661437617906,experimental
NZ091,4,overall_good,0.9838975489159842,experimental
NZ092,4,overall_good,0.9842214344380799,experimental
NZ093,4,overall_good,0.9817931467387445,experimental
NZ094,4,overall_good,0.9840622457218657,experimental
NZ095,4,overall_good,0.9839865974385197,experimental
NZ096,4,overall_good,0.9815692738916981,experimental
NZ097,4,overall_good,0.9862190889403369,experimental
NZ098,4,overall_good,0.9862854001600936,experimental
NZ099,4,overall_good,0.9843578444568484,experimental
NZ100,4,overall_good,0.9853901932035245,experimental
NZ101,4,overall_good,0.9834588323200087,experimental
NZ102,4,overall_good,0.9841543819183907,experimental
NZ103,4,overall_good,0.981681442246103,experimental
NZ104,4,overall_good,0.9842136735588674,experimental
NZ105,4,overall_good,0.9827897357342597,experimental
NZ106,4,overall_good,0.9814622247751522,experimental
NZ107,4,overall_good,0.986722152231258,experimental
NZ108,4,overall_good,0.9867199671629023,experimental
NZ109,4,overall_good,0.9847165932233849,experimental
NZ110,4,overall_good,0.98519070762533,experimental
NZ111,4,overall_good,0.9835615648791067,experimental
NZ112,4,overall_good,0.9850320332086948,experimental
NZ113,4,overall_good,0.9845699861105203,experimental
NZ114,4,overall_good,0.9850323720259493,experimental
NZ115,4,overall_good,0.9848214383436341,experimental
NZ116,4,overall_good,0.9853387943221523,experimental
NZ117,4,overall_good,0.9862481912412531,experimental
NZ118,4,overall_good,0.9832821738384641,experimental
NZ119,4,overall_good,0.9862523772962484,experimental
NZ120,4,overall_good,0.9819855226946335,experimental
NZ121,4,overall_good,0.9830148549829953,experimental
NZ122,4,overall_good,0.9838886424697583,experimental
NZ123,4,overall_good,0.9833438768729962,experimental
NZ124,4,overall_good,0.9806553047873298,experimental
NZ125,4,overall_good,0.983563512156884,experimental
NZ126,4,overall_good,0.9841740094034993,experimental
NZ127,4,overall_good,0.9845531623875965,experimental
NZ128,4,overall_good,0.9812189431640405,experimental
NZ129,4,overall_good,0.984700604776567,experimental
NZ130,4,overall_good,0.9835402168911151,experimental
NZ131,4,overall_good,0.9829422872469973,experimental
NZ132,4,overall_good,0.984574055419466,experimental
NZ133,4,overall_good,0.9861893514580382,experimental
NZ134,4,overall_good,0.985708385818401,experimental
NZ135,4,overall_good,0.9857397463335504,experimental
NZ136,4,overall_good,0.9853140067821645,experimental
NZ137,4,overall_good,0.9836198805111038,experimental
NZ138,4,overall_good,0.982708187573981,experimental
NZ139,4,overall_good,0.98295598662343,experimental
NZ140,4,overall_good,0.985031491977572,experimental
NZ141,4,overall_good,0.9855585577041784,experimental
NZ142,4,overall_good,0.9810553915781671,experimental
NZ143,4,overall_good,0.9831548199012423,experimental
NZ144,4,overall_good,0.9830579917052037,experimental
NZ145,4,overall_good,0.9840279861852991,experimental
NZ146,4,overall_good,0.984107933569095,experimental
NZ147,4,overall_good,0.9815575601956147,experimental
NZ148,4,overall_good,0.9831876884573245,experimental
NZ149,4,overall_good,0.981737044253794,experimental
NZ150,4,overall_good,0.9801306732714151,experimental
NZ151,4,overall_good,0.980360051504991,experimental
NZ152,4,overall_good,0.9804433495234262,experimental
NZ153,4,overall_good,0.9857009538317253,experimental
NZ154,4,overall_good,0.9856961760360492,experimental
NZ155,4,overall_good,0.9851615676945301,experimental
NZ156,4,overall_good,0.9857260109923796,experimental
NZ157,4,overall_good,0.9856884090007411,experimental
NZ158,4,overall_good,0.9857046126213647,experimental
NZ159,4,overall_good,0.985561410311494,experimental
NZ160,4,overall_good,0.9856866927706722,experimental
NZ161,4,overall_good,0.9862872871287769,experimental
NZ162,4,overall_good,0.9856986911257692,experimental
NZ163,4,overall_good,0.9851780180720751,experimental
NZ164,4,overall_good,0.9866725337270357,experimental
NZ165,4,overall_good,0.9866035904431013,experimental
NZ166,4,overall_good,0.9861491361376993,experimental
NZ167,4,overall_good,0.9866174780173068,experimental
NZ168,4,overall_good,0.984011404564364,experimental
NZ169,4,overall_good,0.9861891227029562,experimental
NZ170,4,overall_good,0.9862075059315116,experimental
NZ171,4,overall_good,0.9852312753647928,experimental
NZ172,4,overall_good,0.9853402145550767,experimental
NZ173,4,overall_good,0.9848057203058436,experimental
NZ174,4,overall_good,0.9819277536809717,experimental
NZ175,4,overall_good,0.9819428453017972,experimental
NZ176,4,overall_good,0.9853256337227766,experimental
NZ177,4,overall_good,0.9867012785942539,experimental
NZ178,4,overall_good,0.9863618721912729,experimental
NZ179,4,overall_good,0.9858492007513303,experimental
NZ180,4,overall_good,0.9862983904696738,experimental
NZ181,4,overall_good,0.9845971605432186,experimental
NZ182,4,overall_good,0.9829395824778939,experimental
NZ183,4,overall_good,0.9844923347627196,experimental
NZ184,4,overall_good,0.9840120747353412,experimental
NZ185,4,overall_good,0.9835506590015411,experimental
NZ186,4,overall_good,0.9856326496199409,experimental
NZ187,4,overall_good,0.9847440939678292,experimental
NZ188,4,overall_good,0.9841679153841477,experimental
NZ189,4,overall_good,0.9850828695878906,experimental
NZ190,4,overall_good,0.984938239219833,experimental
NZ191,4,overall_good,0.9826460603565894,experimental
NZ192,4,overall_good,0.9850286781142291,experimental
NZ193,4,overall_good,0.9828678658863871,experimental
NZ194,4,overall_good,0.9832401197644809,experimental
NZ195,4,overall_good,0.984547547096392,experimental
NZ196,4,overall_good,0.9844703496027565,experimental
NZ197,4,overall_good,0.9856480662891558,experimental
NZ198,4,overall_good,0.9830179618821735,experimental
NZ199,4,overall_good,0.9839846344537795,experimental
NZ200,4,overall_good,0.9846653044422861,experimental
NZ201,4,overall_good,0.9838587275868306,experimental
NZ202,4,overall_good,0.9846771526195198,experimental
NZ203,4,overall_good,0.9825810829848748,experimental
NZ204,4,overall_good,0.9840955870052536,experimental
NZ205,4,overall_good,0.9844203819096615,experimental
NZ206,4,overall_good,0.9829295531063543,experimental
NZ207,4,overall_good,0.9834543647866956,experimental
NZ208,4,overall_good,0.9838968441980832,experimental
NZ209,4,overall_good,0.9826578377111974,experimental
NZ210,4,overall_good,0.9832379882537526,experimental
NZ211,4,overall_good,0.9829669103978179,experimental
NZ212,4,overall_good,0.9838854499141229,experimental
NZ213,4,overall_good,0.9831352759537876,experimental
NZ214,4,overall_good,0.9829567363290587,experimental
NZ215,4,overall_good,0.983653141870335,experimental
NZ216,4,overall_good,0.9836824685783213,experimental
NZ217,4,overall_good,0.9830805382527832,experimental
NZ218,4,overall_good,0.9834083034440945,experimental
NZ219,4,overall_good,0.9829069132902,experimental
NZ220,4,overall_good,0.9800974903944336,experimental
NZ221,4,overall_good,0.9822141395593533,experimental
NZ222,4,overall_good,0.9831400551177039,experimental
NZ223,4,overall_good,0.9828529404452014,experimental
NZ224,4,overall_good,0.9827855998114563,experimental
NZ225,4,overall_good,0.9834120483849944,experimental
NZ226,4,overall_good,0.9838691308335809,experimental
NZ227,4,overall_good,0.9830975671180737,experimental
NZ228,4,overall_good,0.9819428314690326,experimental
NZ229,4,overall_good,0.983007906052617,experimental
NZ230,4,overall_good,0.9842437865718401,experimental
NZ231,4,overall_good,0.9820816298136004,experimental
NZ232,4,overall_good,0.9820038641613352,experimental
NZ233,4,overall_good,0.9820512444068806,experimental
NZ234,4,overall_good,0.9835424071878701,experimental
NZ235,4,overall_good,0.9836692827015802,experimental
NZ236,4,overall_good,0.9836701942710534,experimental
NZ237,4,overall_good,0.9822382353368885,experimental
NZ238,4,overall_good,0.9829725733944676,experimental
NZ239,4,overall_good,0.9805836707456427,experimental
NZ240,4,overall_good,0.9830201364726359,experimental
NZ241,4,overall_good,0.9829284387195939,experimental
NZ242,4,overall_good,0.9835134053860831,experimental
NZ243,4,overall_good,0.9836299280478702,experimental
NZ244,4,overall_good,0.9807689175890266,experimental
NZ245,4,overall_good,0.9798700030926992,experimental
NZ246,4,overall_good,0.9854156196611515,experimental
NZ247,4,overall_good,0.9861903506201676,experimental
NZ248,4,overall_good,0.9848609638452528,experimental
NZ249,4,overall_good,0.9862233729196194,experimental
NZ250,4,overall_good,0.9862470619916684,experimental
NZ251,4,overall_good,0.9837516040487608,experimental
NZ252,4,overall_good,0.9853158850632386,experimental
NZ253,4,overall_good,0.9857137609856771,experimental
NZ254,4,overall_good,0.985106468186173,experimental
NZ255,4,overall_good,0.9858807791536236,experimental
NZ256,4,overall_good,0.9862031227877609,experimental
NZ257,4,overall_good,0.9854001488171309,experimental
NZ258,4,overall_good,0.9853734751225103,experimental
NZ259,4,overall_good,0.9854223538437805,experimental
NZ260,4,overall_good,0.9854032069904812,experimental
NZ261,4,overall_good,0.98534546287223,experimental
NZ262,4,overall_good,0.9863100452418029,experimental
NZ263,4,overall_good,0.984814430008486,experimental
NZ264,4,overall_good,0.9835105058713738,experimental
NZ265,4,overall_good,0.9845136558750364,experimental
NZ266,4,overall_good,0.9843936716116096,experimental
NZ267,4,overall_good,0.9844639851596639,experimental
NZ268,4,overall_good,0.9845435311984934,experimental
NZ269,4,overall_good,0.9854319934844231,experimental
NZ270,4,overall_good,0.9809397028309342,experimental
NZ271,4,overall_good,0.9829318679275916,experimental
NZ272,4,overall_good,0.9829519206728708,experimental
NZ273,4,overall_good,0.9849426666499193,experimental
NZ274,4,overall_good,0.9845706291152714,experimental
NZ275,4,overall_good,0.9839330985048579,experimental
NZ276,4,overall_good,0.984328798617978,experimental
NZ277,4,overall_good,0.9846048988867793,experimental
NZ278,4,overall_good,0.9853140067821645,experimental
NZ279,4,overall_good,0.9829859240685775,experimental
NZ280,4,overall_good,0.9846083274254291,experimental
NZ281,4,overall_good,0.9839821482488038,experimental
NZ282,4,overall_good,0.9847081893480638,experimental
NZ283,4,overall_good,0.9830382366189179,experimental
NZ284,4,overall_good,0.9839766366597261,experimental
NZ285,4,overall_good,0.9842409063596448,experimental
NZ286,4,overall_good,0.9838518082001392,experimental
NZ287,4,overall_good,0.9862731690959827,experimental
NZ288,4,overall_good,0.9836686094872896,experimental
NZ289,4,overall_good,0.9868136801633914,experimental
NZ290,4,overall_good,0.9859644538220638,experimental
NZ291,4,overall_good,0.9817286376880414,experimental
NZ292,4,overall_good,0.9837867684655225,experimental
NZ293,4,overall_good,0.9837685513655852,experimental
NZ294,4,overall_good,0.9805569102228839,experimental
NZ295,4,overall_good,0.9836004323688972,experimental
NZ296,4,overall_good,0.9837294438364809,experimental
NZ297,4,overall_good,0.9856883049269355,experimental
NZ298,4,overall_good,0.9851762415569632,experimental
NZ299,4,overall_good,0.9853970571439775,experimental
NZ300,4,overall_good,0.9844138250077783,experimental
NZ301,4,overall_good,0.9836779316715772,experimental
NZ302,4,overall_good,0.9813728358500664,experimental
NZ303,4,overall_good,0.9813466879966627,experimental
NZ304,4,overall_good,0.9831081746850576,experimental
NZ305,4,overall_good,0.983138633676787,experimental
NZ306,4,overall_good,0.98174632463553,experimental
NZ307,4,overall_good,0.9826094469056849,experimental
NZ308,4,overall_good,0.9842564617361509,experimental
NZ309,4,overall_good,0.9813971838457999,experimental
NZ310,4,overall_good,0.983101170199012,experimental
NZ311,4,overall_good,0.9805312851508219,experimental
NZ312,4,overall_good,0.9840973166339454,experimental
NZ313,4,overall_good,0.982505027108515,experimental
NZ314,4,overall_good,0.9832837067339556,experimental
NZ315,4,overall_good,0.9838123088487314,experimental
NZ316,4,overall_good,0.983360227120615,experimental
NZ317,4,overall_good,0.9827450549476197,experimental
NZ318,4,overall_good,0.9868085258653541,experimental
NZ319,4,overall_good,0.9827947718699743,experimental
NZ320,4,overall_good,0.9805216419492966,experimental
NZ321,4,overall_good,0.9829636882305508,experimental
NZ322,4,overall_good,0.9829968244135928,experimental
NZ323,4,overall_good,0.9835593833768055,experimental
NZ324,4,overall_good,0.9826600971215665,experimental
NZ325,4,overall_good,0.9822684955171157,experimental
NZ326,4,overall_good,0.9816948806946404,experimental
NZ327,4,overall_good,0.9831032029116855,experimental
NZ328,4,overall_good,0.9817755839293293,experimental
NZ329,4,overall_good,0.9805577622415145,experimental
NZ330,4,overall_good,0.9816852746518446,experimental
NZ331,4,overall_good,0.9833698675231265,experimental
NZ332,4,overall_good,0.9835655394513962,experimental
NZ333,4,overall_good,0.9835265953593907,experimental
NZ334,4,overall_good,0.9845847714380319,experimental
NZ335,4,overall_good,0.9835291833467507,experimental
NZ336,4,overall_good,0.9833296349110252,experimental
NZ337,4,overall_good,0.9816045662828778,experimental
NZ338,4,overall_good,0.9839582509354105,experimental
NZ339,4,overall_good,0.9845845119667905,experimental
NZ340,4,overall_good,0.9829775451623001,experimental
NZ341,4,overall_good,0.9833901779852462,experimental
NZ342,4,overall_good,0.9862435001651721,experimental
NZ343,4,overall_good,0.9835442873014316,experimental
NZ344,4,overall_good,0.9850939124910514,experimental
NZ345,4,overall_good,0.9850164021047174,experimental
NZ346,4,overall_good,0.9835968700444938,experimental
NZ347,4,overall_good,0.983525787430513,experimental
NZ348,4,overall_good,0.9850874740280985,experimental
NZ349,4,overall_good,0.9820029715758024,experimental
NZ350,4,overall_good,0.9811893410040856,experimental
NZ351,4,overall_good,0.9808429635850302,experimental
NZ352,4,overall_good,0.983001449787517,experimental
NZ353,4,overall_good,0.9819123674405326,experimental
NZ354,4,overall_good,0.9820007249380998,experimental
NZ355,4,overall_good,0.9845895260958765,experimental
NZ356,4,overall_good,0.9811244388945969,experimental
NZ357,4,overall_good,0.9819299999273026,experimental
NZ358,4,overall_good,0.9864224306386911,experimental
NZ359,4,overall_good,0.9856764241733421,experimental
NZ360,4,overall_good,0.982653849808043,experimental
NZ361,4,overall_good,0.9851744762266641,experimental
NZ362,4,overall_good,0.9840373016585274,experimental
NZ363,4,overall_good,0.9861923503030702,experimental
NZ364,4,overall_good,0.9828238079623037,experimental
NZ365,4,overall_good,0.9863039828006129,experimental
NZ366,4,overall_good,0.9856746955112915,experimental
NZ367,4,overall_good,0.9846066179724984,experimental
NZ368,4,overall_good,0.9844915874752291,experimental
NZ369,4,overall_good,0.9835604798945833,experimental
NZ370,4,overall_good,0.9867142967218101,experimental
NZ371,4,overall_good,0.9829924228880836,experimental
NZ372,4,overall_good,0.9836479594494476,experimental
NZ373,4,overall_good,0.9845459683837221,experimental
NZ374,4,overall_good,0.9848236396765611,experimental
NZ375,4,overall_good,0.9818838336079213,experimental
NZ376,4,overall_good,0.9844920476918211,experimental
NZ377,4,overall_good,0.9838940994176518,experimental
NZ378,4,overall_good,0.9845157592695147,experimental
NZ379,4,overall_good,0.9838303535394806,experimental
NZ380,4,overall_good,0.9834083460208076,experimental
NZ381,4,overall_good,0.9833324125929102,experimental
NZ382,4,overall_good,0.9839360687061905,experimental
NZ383,4,overall_good,0.9855375173296503,experimental
NZ384,4,overall_good,0.9855371685028573,experimental
NZ385,4,overall_good,0.9835306833976882,experimental
NZ386,4,overall_good,0.9849778006279359,experimental
NZ387,4,overall_good,0.9836636628830216,experimental
NZ388,4,overall_good,0.9839997988431699,experimental
NZ389,4,overall_good,0.985477754940074,experimental
NZ390,4,overall_good,0.9833648564940903,experimental
NZ391,4,overall_good,0.9839724844708593,experimental
NZ392,4,overall_good,0.9826053334553795,experimental
NZ393,4,overall_good,0.9839644772096571,experimental
NZ394,4,overall_good,0.9833184430671966,experimental
NZ395,4,overall_good,0.9858662538992219,experimental
NZ396,4,overall_good,0.985500034747082,experimental
NZ397,4,overall_good,0.9836460471659525,experimental
NZ398,4,overall_good,0.9835821949523526,experimental
NZ399,4,overall_good,0.9862982850419446,experimental
NZ400,4,overall_good,0.9843188654422184,experimental
NZ401,4,overall_good,0.9858459417033617,experimental
NZ402,4,overall_good,0.98533111172594,experimental
NZ403,4,overall_good,0.9866843414427097,experimental
NZ404,4,overall_good,0.9853984718166112,experimental
NZ405,4,overall_good,0.986314573754513,experimental
NZ406,4,overall_good,0.9858500032724477,experimental
NZ407,4,overall_good,0.9853469058088657,experimental
NZ408,4,overall_good,0.9854317416746009,experimental
NZ409,4,overall_good,0.9867537363955367,experimental
NZ410,4,overall_good,0.9863441830129199,experimental
NZ411,4,overall_good,0.9863812503121464,experimental
NZ412,4,overall_good,0.9853738623801791,experimental
NZ413,4,overall_good,0.9860321819315071,experimental
NZ414,4,overall_good,0.9858956148986499,experimental
NZ415,4,overall_good,0.9859728472499254,experimental
NZ416,4,overall_good,0.9863962491482237,experimental
NZ417,4,overall_good,0.9864102694315814,experimental
NZ418,4,overall_good,0.9861978498270544,experimental
NZ419,4,overall_good,0.9834096068148851,experimental
NZ420,4,overall_good,0.9867560531779781,experimental
NZ421,4,overall_good,0.9840727912020814,experimental
NZ422,4,overall_good,0.9830313810576043,experimental
NZ423,4,overall_good,0.98294094444291,experimental
NZ424,4,overall_good,0.9843548226125995,experimental
NZ425,4,overall_good,0.9841227525140158,experimental
NZ426,4,overall_good,0.9845218570513489,experimental
NZ427,4,overall_good,0.9826458135075564,experimental
NZ428,4,overall_good,0.9830415596132118,experimental
NZ429,4,overall_good,0.9830425673210994,experimental
NZ430,4,overall_good,0.9818757778731837,experimental
NZ431,4,overall_good,0.9855833663647466,experimental
NZ432,4,overall_good,0.9829733414575059,experimental
NZ433,4,overall_good,0.9840201114638933,experimental
NZ434,4,overall_good,0.9840325680924537,experimental
NZ435,4,overall_good,0.9845831481690084,experimental
NZ436,4,overall_good,0.9850400725770482,experimental
NZ437,4,overall_good,0.9846377184172626,experimental
NZ438,4,overall_good,0.9845634661464742,experimental
NZ439,4,overall_good,0.9856556189467655,experimental
NZ440,4,overall_good,0.9851210924487154,experimental
NZ441,4,overall_good,0.9852455060941572,experimental
NZ442,4,overall_good,0.9853564285779245,experimental
NZ443,4,overall_good,0.9844760566294547,experimental
NZ444,4,overall_good,0.9854452905241975,experimental
NZ445,4,overall_good,0.9816266175978279,experimental
NZ446,4,overall_good,0.9836341378375707,experimental
NZ447,4,overall_good,0.9816001830741102,experimental
NZ448,4,overall_good,0.9835537080103333,experimental
NZ449,4,overall_good,0.9835334011928066,experimental
NZ450,4,overall_good,0.984446644106647,experimental
NZ451,4,overall_good,0.9840449812434311,experimental
NZ452,4,overall_good,0.9839805549010423,experimental
NZ453,4,overall_good,0.9840127787868919,experimental
NZ454,4,overall_good,0.9844512529661058,experimental
NZ455,4,overall_good,0.9829615570373752,experimental
NZ456,4,overall_good,0.9836676359675036,experimental
NZ457,4,overall_good,0.9844910752393476,experimental
NZ458,4,overall_good,0.9845464627541982,experimental
NZ459,4,overall_good,0.9838993896589407,experimental
NZ460,4,overall_good,0.9812689764354398,experimental
NZ461,4,overall_good,0.9845201253432542,experimental
NZ462,4,overall_good,0.9836640561476049,experimental
NZ463,4,overall_good,0.9832843386304997,experimental
NZ464,4,overall_good,0.9799566718872361,experimental
NZ465,4,overall_good,0.9799704773023609,experimental
NZ466,4,overall_good,0.9836723670148668,experimental
NZ467,4,overall_good,0.9825960705605451,experimental
NZ468,4,overall_good,0.9830460278957879,experimental
NZ469,4,overall_good,0.9842617160435204,experimental
NZ470,4,overall_good,0.984839339462657,experimental
NZ471,4,overall_good,0.9846550712898321,experimental
NZ472,4,overall_good,0.9849810102411647,experimental
NZ473,4,overall_good,0.9845768886052086,experimental
NZ474,4,overall_good,0.9845592663439454,experimental
NZ475,4,overall_good,0.9829511408489803,experimental
NZ476,4,overall_good,0.9840329666996563,experimental
NZ477,4,overall_good,0.9829503265511097,experimental
NZ478,4,overall_good,0.9820315417520868,experimental
NZ479,4,overall_good,0.9830154508827659,experimental
NZ480,4,overall_good,0.9819438238068664,experimental
NZ481,4,overall_good,0.9854983304687017,experimental
NZ482,4,overall_good,0.985432585107724,experimental
NZ483,4,overall_good,0.984917081170012,experimental
NZ484,4,overall_good,0.9842328857981466,experimental
NZ485,4,overall_good,0.9845469064407816,experimental
NZ486,4,overall_good,0.9840103305400242,experimental
NZ487,4,overall_good,0.984926199018696,experimental
NZ488,4,overall_good,0.984544067833852,experimental
NZ489,4,overall_good,0.9846118766740011,experimental
NZ490,4,overall_good,0.9829362596179908,experimental
NZ491,4,overall_good,0.9835797615833477,experimental
NZ492,4,overall_good,0.9836901917948442,experimental
NZ493,4,overall_good,0.9820113013719354,experimental
NZ494,4,overall_good,0.982597300536012,experimental
NZ495,4,overall_good,0.9804048868201801,experimental
NZ496,4,overall_good,0.9835738311376182,experimental
NZ497,4,overall_good,0.9832329207191578,experimental
NZ498,4,overall_good,0.983647241604417,experimental
NZ499,4,overall_good,0.9800990524895087,experimental
NZ500,4,overall_good,0.9819373795723827,experimental
NZ001,4,bugs,0.6630387472807197,experimental
NZ002,4,bugs,0.39903429408956265,experimental
NZ003,4,bugs,0.5485293704941319,experimental
NZ004,4,bugs,0.4136353177246795,experimental
NZ005,4,bugs,0.542179941392282,experimental
NZ006,4,bugs,0.5163186485064055,experimental
NZ007,4,bugs,0.4756458177837022,experimental
NZ008,4,bugs,0.43795541930020343,experimental
NZ009,4,bugs,0.6919768067946619,experimental
NZ010,4,bugs,0.37586133878878647,experimental
NZ011,4,bugs,0.47955849721045274,experimental
NZ012,4,bugs,0.6289313905130602,experimental
NZ013,4,bugs,0.5687258667442402,experimental
NZ014,4,bugs,0.5622954301729942,experimental
NZ015,4,bugs,0.35518973518047,experimental
NZ016,4,bugs,0.33870641401506163,experimental
NZ017,4,bugs,0.4593172710728381,experimental
NZ018,4,bugs,0.32601489751110446,experimental
NZ019,4,bugs,0.6031369047504054,experimental
NZ020,4,bugs,0.39309899979030294,experimental
NZ021,4,bugs,0.5069589789290813,experimental
NZ022,4,bugs,0.37028715157359743,experimental
NZ023,4,bugs,0.5693292398162109,experimental
NZ024,4,bugs,0.5563204646887889,experimental
NZ025,4,bugs,0.6412272384340277,experimental
NZ026,4,bugs,0.6409069844986937,experimental
NZ027,4,bugs,0.46594121534144944,experimental
NZ028,4,bugs,0.3587273238465492,experimental
NZ029,4,bugs,0.5942069070936629,experimental
NZ030,4,bugs,0.47633322946035217,experimental
NZ031,4,bugs,0.3456128733992058,experimental
NZ032,4,bugs,0.40450247097249753,experimental
NZ033,4,bugs,0.36323424491323175,experimental
NZ034,4,bugs,0.5260427454071219,experimental
NZ035,4,bugs,0.3930913240026309,experimental
NZ036,4,bugs,0.5206779125023655,experimental
NZ037,4,bugs,0.3792958863130495,experimental
NZ038,4,bugs,0.3971365053722567,experimental
NZ039,4,bugs,0.41454569785692186,experimental
NZ040,4,bugs,0.663770196377054,experimental
NZ041,4,bugs,0.42896238453609403,experimental
NZ042,4,bugs,0.42312262154101105,experimental
NZ043,4,bugs,0.3784408038853965,experimental
NZ044,4,bugs,0.5260427454071219,experimental
NZ045,4,bugs,0.6409069844986937,experimental
NZ046,4,bugs,0.33870641401506163,experimental
NZ047,4,bugs,0.6700294243031206,experimental
NZ048,4,bugs,0.43943396099668697,experimental
NZ049,4,bugs,0.44752491208885514,experimental
NZ050,4,bugs,0.4403921843218082,experimental
NZ051,4,bugs,0.4036318080650737,experimental
NZ052,4,bugs,0.3944740126241323,experimental
NZ053,4,bugs,0.5974981994902355,experimental
NZ054,4,bugs,0.3924718911075394,experimental
NZ055,4,bugs,0.37070549191899066,experimental
NZ056,4,bugs,0.42325006160922846,experimental
NZ057,4,bugs,0.41629555319288053,experimental
NZ058,4,bugs,0.6324847052750474,experimental
NZ059,4,bugs,0.42000301960665004,experimental
NZ060,4,bugs,0.5775510731565521,experimental
NZ061,4,bugs,0.4044580319430178,experimental
NZ062,4,bugs,0.5530866866342257,experimental
NZ063,4,bugs,0.4250423542134072,experimental
NZ064,4,bugs,0.3814565853093401,experimental
NZ065,4,bugs,0.6324847052750474,experimental
NZ066,4,bugs,0.3814565853093401,experimental
NZ067,4,bugs,0.37482035967684235,experimental
NZ068,4,bugs,0.37482035967684235,experimental
NZ069,4,bugs,0.44152551691194053,experimental
NZ070,4,bugs,0.41749025199392237,experimental
NZ071,4,bugs,0.6324847052750474,experimental
NZ072,4,bugs,0.6264704524648395,experimental
NZ073,4,bugs,0.5359296597080179,experimental
NZ074,4,bugs,0.6324847052750474,experimental
NZ075,4,bugs,0.3161841958213233,experimental
NZ076,4,bugs,0.3407233076969244,experimental
NZ077,4,bugs,0.3153028100067823,experimental
NZ078,4,bugs,0.3340724294947498,experimental
NZ079,4,bugs,0.36678028738785284,experimental
NZ080,4,bugs,0.3318232224319731,experimental
NZ081,4,bugs,0.33870641401506163,experimental
NZ082,4,bugs,0.3318232224319731,experimental
NZ083,4,bugs,0.6054551187030723,experimental
NZ084,4,bugs,0.32496595221560814,experimental
NZ085,4,bugs,0.49269583228431413,experimental
NZ086,4,bugs,0.300593641134013,experimental
NZ087,4,bugs,0.300593641134013,experimental
NZ088,4,bugs,0.5570284933839702,experimental
NZ089,4,bugs,0.3142516463627913,experimental
NZ090,4,bugs,0.30142122140121763,experimental
NZ091,4,bugs,0.3260427584298645,experimental
NZ092,4,bugs,0.4942210933383084,experimental
NZ093,4,bugs,0.42741228060572745,experimental
NZ094,4,bugs,0.4233072982940716,experimental
NZ095,4,bugs,0.2848464035309536,experimental
NZ096,4,bugs,0.44537616569436245,experimental
NZ097,4,bugs,0.6883683370462611,experimental
NZ098,4,bugs,0.40886006672054337,experimental
NZ099,4,bugs,0.6546767718662472,experimental
NZ100,4,bugs,0.42554447327236133,experimental
NZ101,4,bugs,0.4998712117707434,experimental
NZ102,4,bugs,0.640904459559723,experimental
NZ103,4,bugs,0.45722477423334756,experimental
NZ104,4,bugs,0.49461792867649657,experimental
NZ105,4,bugs,0.4545709169619394,experimental
NZ106,4,bugs,0.5154521987052695,experimental
NZ107,4,bugs,0.44255273173824466,experimental
NZ108,4,bugs,0.42272598396912797,experimental
NZ109,4,bugs,0.4128453160584167,experimental
NZ110,4,bugs,0.5542957590404288,experimental
NZ111,4,bugs,0.3863635266215646,experimental
NZ112,4,bugs,0.3489971919685894,experimental
NZ113,4,bugs,0.38663609117019154,experimental
NZ114,4,bugs,0.36949975188450196,experimental
NZ115,4,bugs,0.3694397811485422,experimental
NZ116,4,bugs,0.4004438376268318,experimental
NZ117,4,bugs,0.3970851853062716,experimental
NZ118,4,bugs,0.5965769138206302,experimental
NZ119,4,bugs,0.4472800508811348,experimental
NZ120,4,bugs,0.3076129148753058,experimental
NZ121,4,bugs,0.3050544274204542,experimental
NZ122,4,bugs,0.472376830583392,experimental
NZ123,4,bugs,0.6054551187030723,experimental
NZ124,4,bugs,0.6261660956061255,experimental
NZ125,4,bugs,0.6734207994920058,experimental
NZ126,4,bugs,0.5207289101048966,experimental
NZ127,4,bugs,0.38037639354593245,experimental
NZ128,4,bugs,0.6031369047504054,experimental
NZ129,4,bugs,0.4165966306640052,experimental
NZ130,4,bugs,0.3863635266215646,experimental
NZ131,4,bugs,0.3572357830194209,experimental
NZ132,4,bugs,0.38037639354593245,experimental
NZ133,4,bugs,0.4600463785645745,experimental
NZ134,4,bugs,0.39023285282325504,experimental
NZ135,4,bugs,0.3573333230949249,experimental
NZ136,4,bugs,0.39309899979030294,experimental
NZ137,4,bugs,0.5729175370578959,experimental
NZ138,4,bugs,0.35143177234001904,experimental
NZ139,4,bugs,0.366302192928765,experimental
NZ140,4,bugs,0.3124595531864354,experimental
NZ141,4,bugs,0.6152838954512456,experimental
NZ142,4,bugs,0.5312836388408753,experimental
NZ143,4,bugs,0.6422426887477023,experimental
NZ144,4,bugs,0.5581908287354236,experimental
NZ145,4,bugs,0.4165579428779002,experimental
NZ146,4,bugs,0.43673796832405304,experimental
NZ147,4,bugs,0.4036257026915669,experimental
NZ148,4,bugs,0.4182037601900089,experimental
NZ149,4,bugs,0.46250496042900285,experimental
NZ150,4,bugs,0.45653129158958006,experimental
NZ151,4,bugs,0.3190625244415801,experimental
NZ152,4,bugs,0.44942961944879023,experimental
NZ153,4,bugs,0.41407260027369575,experimental
NZ154,4,bugs,0.41407260027369575,experimental
NZ155,4,bugs,0.37798667140518755,experimental
NZ156,4,bugs,0.44081759837404144,experimental
NZ157,4,bugs,0.41407260027369575,experimental
NZ158,4,bugs,0.41407260027369575,experimental
NZ159,4,bugs,0.6734207994920058,experimental
NZ160,4,bugs,0.41407260027369575,experimental
NZ161,4,bugs,0.5242031489653494,experimental
NZ162,4,bugs,0.41407260027369575,experimental
NZ163,4,bugs,0.37798667140518755,experimental
NZ164,4,bugs,0.4148722736965353,experimental
NZ165,4,bugs,0.6700837536075125,experimental
NZ166,4,bugs,0.4551076413694691,experimental
NZ167,4,bugs,0.502032875472752,experimental
NZ168,4,bugs,0.44611774074731775,experimental
NZ169,4,bugs,0.4070659965726884,experimental
NZ170,4,bugs,0.3982227949699101,experimental
NZ171,4,bugs,0.6083519936041093,experimental
NZ172,4,bugs,0.39309899979030294,experimental
NZ173,4,bugs,0.3587273238465492,experimental
NZ174,4,bugs,0.3076129148753058,experimental
NZ175,4,bugs,0.3076129148753058,experimental
NZ176,4,bugs,0.4106972374786398,experimental
NZ177,4,bugs,0.4264183378701366,experimental
NZ178,4,bugs,0.5184450131960191,experimental
NZ179,4,bugs,0.43664066064457563,experimental
NZ180,4,bugs,0.4513779491741757,experimental
NZ181,4,bugs,0.38037639354593245,experimental
NZ182,4,bugs,0.35206364834994597,experimental
NZ183,4,bugs,0.39819727326486976,experimental
NZ184,4,bugs,0.366893272847554,experimental
NZ185,4,bugs,0.41218555523974826,experimental
NZ186,4,bugs,0.41312619302802495,experimental
NZ187,4,bugs,0.40489380638133277,experimental
NZ188,4,bugs,0.3704433689382648,experimental
NZ189,4,bugs,0.3821116444072876,experimental
NZ190,4,bugs,0.6413204460816858,experimental
NZ191,4,bugs,0.5443272153914562,experimental
NZ192,4,bugs,0.3946799302906535,experimental
NZ193,4,bugs,0.5333680498738584,experimental
NZ194,4,bugs,0.6252480094800743,experimental
NZ195,4,bugs,0.37096430564921834,experimental
NZ196,4,bugs,0.6343832967611471,experimental
NZ197,4,bugs,0.6152838954512456,experimental
NZ198,4,bugs,0.3235003889626896,experimental
NZ199,4,bugs,0.3065744507677152,experimental
NZ200,4,bugs,0.35998162383544935,experimental
NZ201,4,bugs,0.37494252514865417,experimental
NZ202,4,bugs,0.46312909900617755,experimental
NZ203,4,bugs,0.33870641401506163,experimental
NZ204,4,bugs,0.5897885093204039,experimental
NZ205,4,bugs,0.330905706167375,experimental
NZ206,4,bugs,0.29713249769400546,experimental
NZ207,4,bugs,0.3894046355722198,experimental
NZ208,4,bugs,0.5955272722867652,experimental
NZ209,4,bugs,0.6054551187030723,experimental
NZ210,4,bugs,0.5011339672482785,experimental
NZ211,4,bugs,0.3401728850981932,experimental
NZ212,4,bugs,0.35752384491582917,experimental
NZ213,4,bugs,0.6054551187030723,experimental
NZ214,4,bugs,0.3401728850981932,experimental
NZ215,4,bugs,0.3318232224319731,experimental
NZ216,4,bugs,0.5997282753597251,experimental
NZ217,4,bugs,0.30194612004723226,experimental
NZ218,4,bugs,0.6054551187030723,experimental
NZ219,4,bugs,0.37055284571941577,experimental
NZ220,4,bugs,0.5688114156842069,experimental
NZ221,4,bugs,0.33888662280635495,experimental
NZ222,4,bugs,0.5036515945186135,experimental
NZ223,4,bugs,0.5118824455470135,experimental
NZ224,4,bugs,0.36078061716995374,experimental
NZ225,4,bugs,0.39787113037151856,experimental
NZ226,4,bugs,0.4285583067214296,experimental
NZ227,4,bugs,0.5128116145330488,experimental
NZ228,4,bugs,0.3076129148753058,experimental
NZ229,4,bugs,0.5199633413913863,experimental
NZ230,4,bugs,0.4329189761273316,experimental
NZ231,4,bugs,0.3156985822054195,experimental
NZ232,4,bugs,0.3108558963895442,experimental
NZ233,4,bugs,0.31685707453511097,experimental
NZ234,4,bugs,0.4858090008532617,experimental
NZ235,4,bugs,0.3318232224319731,experimental
NZ236,4,bugs,0.3318232224319731,experimental
NZ237,4,bugs,0.5687258667442402,experimental
NZ238,4,bugs,0.5229085005847005,experimental
NZ239,4,bugs,0.5639794119431345,experimental
NZ240,4,bugs,0.3050544274204542,experimental
NZ241,4,bugs,0.6054551187030723,experimental
NZ242,4,bugs,0.34049702109498453,experimental
NZ243,4,bugs,0.37641330365030223,experimental
NZ244,4,bugs,0.4629482692453013,experimental
NZ245,4,bugs,0.4731239224746937,experimental
NZ246,4,bugs,0.6083519936041093,experimental
NZ247,4,bugs,0.39464663427427,experimental
NZ248,4,bugs,0.36216104169327795,experimental
NZ249,4,bugs,0.3982227949699101,experimental
NZ250,4,bugs,0.6405211995037673,experimental
NZ251,4,bugs,0.40010744493267053,experimental
NZ252,4,bugs,0.39309899979030294,experimental
NZ253,4,bugs,0.3583345285134022,experimental
NZ254,4,bugs,0.6083519936041093,experimental
NZ255,4,bugs,0.6405211995037673,experimental
NZ256,4,bugs,0.41808203412490325,experimental
NZ257,4,bugs,0.41274183100069883,experimental
NZ258,4,bugs,0.39309899979030294,experimental
NZ259,4,bugs,0.43266541214198523,experimental
NZ260,4,bugs,0.4017920239431733,experimental
NZ261,4,bugs,0.39309899979030294,experimental
NZ262,4,bugs,0.5182421846858872,experimental
NZ263,4,bugs,0.36216104169327795,experimental
NZ264,4,bugs,0.43987114837387936,experimental
NZ265,4,bugs,0.4599240833261874,experimental
NZ266,4,bugs,0.443882244079864,experimental
NZ267,4,bugs,0.46899801107047817,experimental
NZ268,4,bugs,0.4094462226432869,experimental
NZ269,4,bugs,0.3878415478136319,experimental
NZ270,4,bugs,0.3314118307532703,experimental
NZ271,4,bugs,0.29713249769400546,experimental
NZ272,4,bugs,0.31147181830499904,experimental
NZ273,4,bugs,0.4154721595115444,experimental
NZ274,4,bugs,0.31687395291816184,experimental
NZ275,4,bugs,0.5955272722867652,experimental
NZ276,4,bugs,0.31580187612153054,experimental
NZ277,4,bugs,0.40946736678676904,experimental
NZ278,4,bugs,0.39309899979030294,experimental
NZ279,4,bugs,0.3066398653189297,experimental
NZ280,4,bugs,0.4132976969237226,experimental
NZ281,4,bugs,0.5955272722867652,experimental
NZ282,4,bugs,0.3454821087768749,experimental
NZ283,4,bugs,0.3003381278811313,experimental
NZ284,4,bugs,0.28758717006693385,experimental
NZ285,4,bugs,0.5037984872905135,experimental
NZ286,4,bugs,0.3527071612177737,experimental
NZ287,4,bugs,0.5207120788326522,experimental
NZ288,4,bugs,0.4496498152506313,experimental
NZ289,4,bugs,0.42253052557736637,experimental
NZ290,4,bugs,0.45558721712375816,experimental
NZ291,4,bugs,0.4696239796047266,experimental
NZ292,4,bugs,0.4324983752343428,experimental
NZ293,4,bugs,0.4511920544567927,experimental
NZ294,4,bugs,0.6409069844986937,experimental
NZ295,4,bugs,0.3831933692006878,experimental
NZ296,4,bugs,0.3881845903026186,experimental
NZ297,4,bugs,0.41407260027369575,experimental
NZ298,4,bugs,0.37798667140518755,experimental
NZ299,4,bugs,0.42745436025346106,experimental
NZ300,4,bugs,0.5469982567130247,experimental
NZ301,4,bugs,0.5994990902680958,experimental
NZ302,4,bugs,0.37776841723365495,experimental
NZ303,4,bugs,0.5260427454071219,experimental
NZ304,4,bugs,0.41454569785692186,experimental
NZ305,4,bugs,0.6335537671399911,experimental
NZ306,4,bugs,0.69086586404058,experimental
NZ307,4,bugs,0.3966017491601783,experimental
NZ308,4,bugs,0.4470095330748542,experimental
NZ309,4,bugs,0.4245645861020143,experimental
NZ310,4,bugs,0.41454569785692186,experimental
NZ311,4,bugs,0.6409069844986937,experimental
NZ312,4,bugs,0.41136064311744136,experimental
NZ313,4,bugs,0.3784408038853965,experimental
NZ314,4,bugs,0.6422426887477023,experimental
NZ315,4,bugs,0.45715203593396775,experimental
NZ316,4,bugs,0.46594121534144944,experimental
NZ317,4,bugs,0.43729273798767276,experimental
NZ318,4,bugs,0.43838157457541166,experimental
NZ319,4,bugs,0.305512291077492,experimental
NZ320,4,bugs,0.5454637356743237,experimental
NZ321,4,bugs,0.4892963623637265,experimental
NZ322,4,bugs,0.4879190052436789,experimental
NZ323,4,bugs,0.35078815076649295,experimental
NZ324,4,bugs,0.3835684512604626,experimental
NZ325,4,bugs,0.48304408493133283,experimental
NZ326,4,bugs,0.29620107677913937,experimental
NZ327,4,bugs,0.5910374243682789,experimental
NZ328,4,bugs,0.3060454316387111,experimental
NZ329,4,bugs,0.34693732438283725,experimental
NZ330,4,bugs,0.2930099723524173,experimental
NZ331,4,bugs,0.347280007233328,experimental
NZ332,4,bugs,0.6128117877271247,experimental
NZ333,4,bugs,0.3863635266215646,experimental
NZ334,4,bugs,0.38037639354593245,experimental
NZ335,4,bugs,0.3863635266215646,experimental
NZ336,4,bugs,0.46594121534144944,experimental
NZ337,4,bugs,0.4994581838347338,experimental
NZ338,4,bugs,0.36353716673425707,experimental
NZ339,4,bugs,0.38037639354593245,experimental
NZ340,4,bugs,0.35206364834994597,experimental
NZ341,4,bugs,0.5231804664686505,experimental
NZ342,4,bugs,0.4472800508811348,experimental
NZ343,4,bugs,0.3863635266215646,experimental
NZ344,4,bugs,0.5655392681206427,experimental
NZ345,4,bugs,0.6496971899465999,experimental
NZ346,4,bugs,0.5179679052601623,experimental
NZ347,4,bugs,0.3323367008696555,experimental
NZ348,4,bugs,0.6243717907800057,experimental
NZ349,4,bugs,0.3219871362776174,experimental
NZ350,4,bugs,0.40197090614112974,experimental
NZ351,4,bugs,0.45404945502340144,experimental
NZ352,4,bugs,0.34934351228406263,experimental
NZ353,4,bugs,0.3203930333920839,experimental
NZ354,4,bugs,0.3108558963895442,experimental
NZ355,4,bugs,0.40820149861982213,experimental
NZ356,4,bugs,0.6031369047504054,experimental
NZ357,4,bugs,0.37680406401221445,experimental
NZ358,4,bugs,0.5972574446647874,experimental
NZ359,4,bugs,0.41407260027369575,experimental
NZ360,4,bugs,0.6115211982743873,experimental
NZ361,4,bugs,0.37798667140518755,experimental
NZ362,4,bugs,0.34733721255032285,experimental
NZ363,4,bugs,0.648747781123234,experimental
NZ364,4,bugs,0.44989346268599373,experimental
NZ365,4,bugs,0.4199614784183725,experimental
NZ366,4,bugs,0.41407260027369575,experimental
NZ367,4,bugs,0.38037639354593245,experimental
NZ368,4,bugs,0.45411351078315754,experimental
NZ369,4,bugs,0.6128117877271247,experimental
NZ370,4,bugs,0.44114133543366674,experimental
NZ371,4,bugs,0.3003381278811313,experimental
NZ372,4,bugs,0.3966392564626705,experimental
NZ373,4,bugs,0.4624672764114676,experimental
NZ374,4,bugs,0.4769735400579437,experimental
NZ375,4,bugs,0.36601193680884564,experimental
NZ376,4,bugs,0.46899801107047817,experimental
NZ377,4,bugs,0.41864788392785107,experimental
NZ378,4,bugs,0.4626252856053484,experimental
NZ379,4,bugs,0.41498797688001365,experimental
NZ380,4,bugs,0.47539119224676657,experimental
NZ381,4,bugs,0.46594121534144944,experimental
NZ382,4,bugs,0.447036824081047,experimental
NZ383,4,bugs,0.34726550021222585,experimental
NZ384,4,bugs,0.36418336312641125,experimental
NZ385,4,bugs,0.7179781304833603,experimental
NZ386,4,bugs,0.5211211221987335,experimental
NZ387,4,bugs,0.3318232224319731,experimental
NZ388,4,bugs,0.3065744507677152,experimental
NZ389,4,bugs,0.3379001841602108,experimental
NZ390,4,bugs,0.46594121534144944,experimental
NZ391,4,bugs,0.3114900989780393,experimental
NZ392,4,bugs,0.33870641401506163,experimental
NZ393,4,bugs,0.3065744507677152,experimental
NZ394,4,bugs,0.39130553416983566,experimental
NZ395,4,bugs,0.43664066064457563,experimental
NZ396,4,bugs,0.38435406874704753,experimental
NZ397,4,bugs,0.5034933999421479,experimental
NZ398,4,bugs,0.3863635266215646,experimental
NZ399,4,bugs,0.4117629928933972,experimental
NZ400,4,bugs,0.539336202111305,experimental
NZ401,4,bugs,0.43664066064457563,experimental
NZ402,4,bugs,0.4106972374786398,experimental
NZ403,4,bugs,0.45461877567101744,experimental
NZ404,4,bugs,0.4143392929726594,experimental
NZ405,4,bugs,0.4199614784183725,experimental
NZ406,4,bugs,0.43664066064457563,experimental
NZ407,4,bugs,0.4106972374786398,experimental
NZ408,4,bugs,0.42016481080129514,experimental
NZ409,4,bugs,0.41885444647518266,experimental
NZ410,4,bugs,0.4048455549130744,experimental
NZ411,4,bugs,0.47859218887091,experimental
NZ412,4,bugs,0.4106972374786398,experimental
NZ413,4,bugs,0.658333614253566,experimental
NZ414,4,bugs,0.4596248908479577,experimental
NZ415,4,bugs,0.4525490944162296,experimental
NZ416,4,bugs,0.6867560574583347,experimental
NZ417,4,bugs,0.4351750009510492,experimental
NZ418,4,bugs,0.401897322328098,experimental
NZ419,4,bugs,0.43013258658188014,experimental
NZ420,4,bugs,0.44101697741193313,experimental
NZ421,4,bugs,0.5647899784695457,experimental
NZ422,4,bugs,0.3593367192809224,experimental
NZ423,4,bugs,0.35206364834994597,experimental
NZ424,4,bugs,0.6454090744240238,experimental
NZ425,4,bugs,0.6454090744240238,experimental
NZ426,4,bugs,0.38623636807332284,experimental
NZ427,4,bugs,0.6038391667454711,experimental
NZ428,4,bugs,0.3710160885257671,experimental
NZ429,4,bugs,0.35547170172024434,experimental
NZ430,4,bugs,0.3804049025410299,experimental
NZ431,4,bugs,0.6496971899465999,experimental
NZ432,4,bugs,0.5008072455374584,experimental
NZ433,4,bugs,0.35373245989375107,experimental
NZ434,4,bugs,0.35373245989375107,experimental
NZ435,4,bugs,0.41101228802309636,experimental
NZ436,4,bugs,0.5057205232602339,experimental
NZ437,4,bugs,0.40613385972934013,experimental
NZ438,4,bugs,0.38663609117019154,experimental
NZ439,4,bugs,0.5618674411184196,experimental
NZ440,4,bugs,0.3895971891272564,experimental
NZ441,4,bugs,0.45694815551303364,experimental
NZ442,4,bugs,0.3873960723075028,experimental
NZ443,4,bugs,0.38033376206230873,experimental
NZ444,4,bugs,0.35494352156887005,experimental
NZ445,4,bugs,0.4271984185743738,experimental
NZ446,4,bugs,0.38990622492269933,experimental
NZ447,4,bugs,0.6115211982743873,experimental
NZ448,4,bugs,0.3863635266215646,experimental
NZ449,4,bugs,0.3863635266215646,experimental
NZ450,4,bugs,0.45953469718029355,experimental
NZ451,4,bugs,0.3098137042727991,experimental
NZ452,4,bugs,0.3065744507677152,experimental
NZ453,4,bugs,0.3149911693528471,experimental
NZ454,4,bugs,0.3262517742384105,experimental
NZ455,4,bugs,0.3071298469130167,experimental
NZ456,4,bugs,0.49268892424871635,experimental
NZ457,4,bugs,0.3980838964205747,experimental
NZ458,4,bugs,0.3387906679527297,experimental
NZ459,4,bugs,0.29054521359214286,experimental
NZ460,4,bugs,0.5569790232848485,experimental
NZ461,4,bugs,0.32032460395969803,experimental
NZ462,4,bugs,0.3318232224319731,experimental
NZ463,4,bugs,0.3383718443567228,experimental
NZ464,4,bugs,0.543267535632809,experimental
NZ465,4,bugs,0.5608308331636539,experimental
NZ466,4,bugs,0.3353318822639944,experimental
NZ467,4,bugs,0.33870641401506163,experimental
NZ468,4,bugs,0.31345693934820473,experimental
NZ469,4,bugs,0.43919458926874355,experimental
NZ470,4,bugs,0.48713736409177394,experimental
NZ471,4,bugs,0.4044857275941752,experimental
NZ472,4,bugs,0.5416580852466663,experimental
NZ473,4,bugs,0.38037639354593245,experimental
NZ474,4,bugs,0.6454090744240238,experimental
NZ475,4,bugs,0.35206364834994597,experimental
NZ476,4,bugs,0.34733721255032285,experimental
NZ477,4,bugs,0.35206364834994597,experimental
NZ478,4,bugs,0.37569367524077973,experimental
NZ479,4,bugs,0.35206364834994597,experimental
NZ480,4,bugs,0.3076129148753058,experimental
NZ481,4,bugs,0.40180869179799844,experimental
NZ482,4,bugs,0.40332831853979567,experimental
NZ483,4,bugs,0.30792775355564295,experimental
NZ484,4,bugs,0.3712962982772524,experimental
NZ485,4,bugs,0.3895037282494673,experimental
NZ486,4,bugs,0.3519903174190454,experimental
NZ487,4,bugs,0.3496129744959165,experimental
NZ488,4,bugs,0.3895037282494673,experimental
NZ489,4,bugs,0.39305906900758164,experimental
NZ490,4,bugs,0.3508088897899674,experimental
NZ491,4,bugs,0.4232137780166866,experimental
NZ492,4,bugs,0.3351547854477917,experimental
NZ493,4,bugs,0.3108558963895442,experimental
NZ494,4,bugs,0.3589253680024787,experimental
NZ495,4,bugs,0.5688114156842069,experimental
NZ496,4,bugs,0.5003661645588207,experimental
NZ497,4,bugs,0.5011339672482785,experimental
NZ498,4,bugs,0.3502369782258263,experimental
NZ499,4,bugs,0.5688114156842069,experimental
NZ500,4,bugs,0.3076129148753058,experimental
NZ001,4,mud,0.9078386001368636,experimental
NZ002,4,mud,0.7937953834240662,experimental
NZ003,4,mud,0.8363839305617534,experimental
NZ004,4,mud,0.7503281974474872,experimental
NZ005,4,mud,0.45390366498010287,experimental
NZ006,4,mud,0.840484355851815,experimental
NZ007,4,mud,0.815389911098172,experimental
NZ008,4,mud,0.6750564311766319,experimental
NZ009,4,mud,0.6643835719921196,experimental
NZ010,4,mud,0.7499282485608981,experimental
NZ011,4,mud,0.821714189387657,experimental
NZ012,4,mud,0.9122911234079271,experimental
NZ013,4,mud,0.8997298172515102,experimental
NZ014,4,mud,0.6916757313014535,experimental
NZ015,4,mud,0.7657396108052271,experimental
NZ016,4,mud,0.8898437811391857,experimental
NZ017,4,mud,0.8199019726239685,experimental
NZ018,4,mud,0.8374197582893584,experimental
NZ019,4,mud,0.9064295137889311,experimental
NZ020,4,mud,0.8196371237820184,experimental
NZ021,4,mud,0.9052215923370884,experimental
NZ022,4,mud,0.7018780815974928,experimental
NZ023,4,mud,0.8165685210155951,experimental
NZ024,4,mud,0.8213138490178367,experimental
NZ025,4,mud,0.7971486517531382,experimental
NZ026,4,mud,0.8391443167296756,experimental
NZ027,4,mud,0.5871466220978586,experimental
NZ028,4,mud,0.8216538426383206,experimental
NZ029,4,mud,0.8880565605623507,experimental
NZ030,4,mud,0.7997237881652397,experimental
NZ031,4,mud,0.8862735332053014,experimental
NZ032,4,mud,0.8098445282429385,experimental
NZ033,4,mud,0.8346412559779103,experimental
NZ034,4,mud,0.7483797367861138,experimental
NZ035,4,mud,0.7565850329926228,experimental
NZ036,4,mud,0.7508797367861137,experimental
NZ037,4,mud,0.6462721717539145,experimental
NZ038,4,mud,0.6468016953061648,experimental
NZ039,4,mud,0.7868798973534514,experimental
NZ040,4,mud,0.786164675411929,experimental
NZ041,4,mud,0.6855452328512264,experimental
NZ042,4,mud,0.705309472084387,experimental
NZ043,4,mud,0.7842447965503619,experimental
NZ044,4,mud,0.7483797367861138,experimental
NZ045,4,mud,0.8628156971031675,experimental
NZ046,4,mud,0.8898437811391857,experimental
NZ047,4,mud,0.7811230087452625,experimental
NZ048,4,mud,0.7316935884759272,experimental
NZ049,4,mud,0.5892406686035054,experimental
NZ050,4,mud,0.5892406686035054,experimental
NZ051,4,mud,0.4901699556293705,experimental
NZ052,4,mud,0.8115322555372378,experimental
NZ053,4,mud,0.9283007555538687,experimental
NZ054,4,mud,0.7902251354901819,experimental
NZ055,4,mud,0.8155280391488808,experimental
NZ056,4,mud,0.818595955151939,experimental
NZ057,4,mud,0.8051449715993747,experimental
NZ058,4,mud,0.8640711742568093,experimental
NZ059,4,mud,0.7866984496304065,experimental
NZ060,4,mud,0.8249171158134901,experimental
NZ061,4,mud,0.7403693343378207,experimental
NZ062,4,mud,0.814116007509961,experimental
NZ063,4,mud,0.7835299474025312,experimental
NZ064,4,mud,0.7925738633213899,experimental
NZ065,4,mud,0.88880620219874,experimental
NZ066,4,mud,0.7925738633213899,experimental
NZ067,4,mud,0.7998046208578181,experimental
NZ068,4,mud,0.7998046208578181,experimental
NZ069,4,mud,0.7316935884759272,experimental
NZ070,4,mud,0.7871001953364155,experimental
NZ071,4,mud,0.88880620219874,experimental
NZ072,4,mud,0.8869555659437449,experimental
NZ073,4,mud,0.6961243442093825,experimental
NZ074,4,mud,0.88880620219874,experimental
NZ075,4,mud,0.8578025598487946,experimental
NZ076,4,mud,0.8542709611803438,experimental
NZ077,4,mud,0.8578025598487946,experimental
NZ078,4,mud,0.8335012529449899,experimental
NZ079,4,mud,0.8476332191300769,experimental
NZ080,4,mud,0.8603297721593702,experimental
NZ081,4,mud,0.8898437811391857,experimental
NZ082,4,mud,0.8603297721593702,experimental
NZ083,4,mud,0.9331745523995782,experimental
NZ084,4,mud,0.8282835599433135,experimental
NZ085,4,mud,0.8256800033811006,experimental
NZ086,4,mud,0.5594085291017619,experimental
NZ087,4,mud,0.5594085291017619,experimental
NZ088,4,mud,0.7006669654032316,experimental
NZ089,4,mud,0.6671123146590844,experimental
NZ090,4,mud,0.6229042440238824,experimental
NZ091,4,mud,0.537819461318454,experimental
NZ092,4,mud,0.717151075198385,experimental
NZ093,4,mud,0.5847980771254495,experimental
NZ094,4,mud,0.596258088668631,experimental
NZ095,4,mud,0.6498557804389584,experimental
NZ096,4,mud,0.7238971779590363,experimental
NZ097,4,mud,0.6587403133014754,experimental
NZ098,4,mud,0.3981781716370733,experimental
NZ099,4,mud,0.6077014389956391,experimental
NZ100,4,mud,0.4995640462523773,experimental
NZ101,4,mud,0.5179729199535305,experimental
NZ102,4,mud,0.6475005105551217,experimental
NZ103,4,mud,0.4211636864252637,experimental
NZ104,4,mud,0.5026978587609907,experimental
NZ105,4,mud,0.47407368683968837,experimental
NZ106,4,mud,0.49951655167821796,experimental
NZ107,4,mud,0.38934357081015053,experimental
NZ108,4,mud,0.5030691478989923,experimental
NZ109,4,mud,0.7676527992219607,experimental
NZ110,4,mud,0.7340743268949608,experimental
NZ111,4,mud,0.8128423120824048,experimental
NZ112,4,mud,0.7035921533085654,experimental
NZ113,4,mud,0.7423134074023952,experimental
NZ114,4,mud,0.59063397602137,experimental
NZ115,4,mud,0.8216538426383206,experimental
NZ116,4,mud,0.8196371237820184,experimental
NZ117,4,mud,0.7902251354901819,experimental
NZ118,4,mud,0.8964411478451956,experimental
NZ119,4,mud,0.45452646084656184,experimental
NZ120,4,mud,0.8845582562325176,experimental
NZ121,4,mud,0.8533905516440544,experimental
NZ122,4,mud,0.8123467834125853,experimental
NZ123,4,mud,0.9207669251424618,experimental
NZ124,4,mud,0.8752299844428513,experimental
NZ125,4,mud,0.8707565960972903,experimental
NZ126,4,mud,0.8491207474116609,experimental
NZ127,4,mud,0.7888145988136971,experimental
NZ128,4,mud,0.8937641164489534,experimental
NZ129,4,mud,0.785523800741124,experimental
NZ130,4,mud,0.8128423120824048,experimental
NZ131,4,mud,0.8208797536317382,experimental
NZ132,4,mud,0.7888145988136971,experimental
NZ133,4,mud,0.40749195734193805,experimental
NZ134,4,mud,0.7552867582404432,experimental
NZ135,4,mud,0.7996957446429835,experimental
NZ136,4,mud,0.8196371237820184,experimental
NZ137,4,mud,0.8371549607280636,experimental
NZ138,4,mud,0.8173552834172976,experimental
NZ139,4,mud,0.7430992873904497,experimental
NZ140,4,mud,0.6928794624257831,experimental
NZ141,4,mud,0.8673880250833039,experimental
NZ142,4,mud,0.7544051796083376,experimental
NZ143,4,mud,0.8480155929089795,experimental
NZ144,4,mud,0.8215572487102959,experimental
NZ145,4,mud,0.7642791434676955,experimental
NZ146,4,mud,0.7570228210982626,experimental
NZ147,4,mud,0.7459056202213511,experimental
NZ148,4,mud,0.7868798973534514,experimental
NZ149,4,mud,0.7469758681552354,experimental
NZ150,4,mud,0.8322577040315363,experimental
NZ151,4,mud,0.6345635776305476,experimental
NZ152,4,mud,0.6858690715811793,experimental
NZ153,4,mud,0.7312732131282342,experimental
NZ154,4,mud,0.7312732131282342,experimental
NZ155,4,mud,0.7272259524278856,experimental
NZ156,4,mud,0.6402215740879224,experimental
NZ157,4,mud,0.7312732131282342,experimental
NZ158,4,mud,0.7312732131282342,experimental
NZ159,4,mud,0.8364579479790424,experimental
NZ160,4,mud,0.7312732131282342,experimental
NZ161,4,mud,0.6925847486868602,experimental
NZ162,4,mud,0.7312732131282342,experimental
NZ163,4,mud,0.7272259524278856,experimental
NZ164,4,mud,0.7171534044833676,experimental
NZ165,4,mud,0.8044232175722966,experimental
NZ166,4,mud,0.7573625634057333,experimental
NZ167,4,mud,0.801116545531474,experimental
NZ168,4,mud,0.8090322555372378,experimental
NZ169,4,mud,0.7919711050571536,experimental
NZ170,4,mud,0.7838673701896361,experimental
NZ171,4,mud,0.8797524097037809,experimental
NZ172,4,mud,0.8196371237820184,experimental
NZ173,4,mud,0.8216538426383206,experimental
NZ174,4,mud,0.8845582562325176,experimental
NZ175,4,mud,0.8845582562325176,experimental
NZ176,4,mud,0.5917338859036815,experimental
NZ177,4,mud,0.4820355644403016,experimental
NZ178,4,mud,0.44854258987881995,experimental
NZ179,4,mud,0.5892406686035054,experimental
NZ180,4,mud,0.45452646084656184,experimental
NZ181,4,mud,0.7888145988136971,experimental
NZ182,4,mud,0.8244500015656224,experimental
NZ183,4,mud,0.780072712874113,experimental
NZ184,4,mud,0.731586463024567,experimental
NZ185,4,mud,0.715868990123881,experimental
NZ186,4,mud,0.6070231450965324,experimental
NZ187,4,mud,0.6499485410445051,experimental
NZ188,4,mud,0.6401478861344136,experimental
NZ189,4,mud,0.6688625503392728,experimental
NZ190,4,mud,0.830974751000096,experimental
NZ191,4,mud,0.896408354368737,experimental
NZ192,4,mud,0.867192692247625,experimental
NZ193,4,mud,0.8565956019208377,experimental
NZ194,4,mud,0.8725212205176304,experimental
NZ195,4,mud,0.8621119671530649,experimental
NZ196,4,mud,0.8820097350652211,experimental
NZ197,4,mud,0.8806035993602879,experimental
NZ198,4,mud,0.7257047570719708,experimental
NZ199,4,mud,0.821498357650602,experimental
NZ200,4,mud,0.7388757499371564,experimental
NZ201,4,mud,0.8476332191300769,experimental
NZ202,4,mud,0.6047924840770839,experimental
NZ203,4,mud,0.8898437811391857,experimental
NZ204,4,mud,0.77717003015167,experimental
NZ205,4,mud,0.6289533367857904,experimental
NZ206,4,mud,0.7215280126803649,experimental
NZ207,4,mud,0.841152151558568,experimental
NZ208,4,mud,0.7713306829340985,experimental
NZ209,4,mud,0.9331745523995782,experimental
NZ210,4,mud,0.8926849689753065,experimental
NZ211,4,mud,0.7791118901826191,experimental
NZ212,4,mud,0.8398082759121606,experimental
NZ213,4,mud,0.9331745523995782,experimental
NZ214,4,mud,0.8515041716320978,experimental
NZ215,4,mud,0.8603297721593702,experimental
NZ216,4,mud,0.9126745772807251,experimental
NZ217,4,mud,0.8595185115592511,experimental
NZ218,4,mud,0.9300224326988301,experimental
NZ219,4,mud,0.7758980647114557,experimental
NZ220,4,mud,0.8957226236782114,experimental
NZ221,4,mud,0.8357189048184268,experimental
NZ222,4,mud,0.8971292444753517,experimental
NZ223,4,mud,0.9200542290508449,experimental
NZ224,4,mud,0.8507391934166815,experimental
NZ225,4,mud,0.8229572403922891,experimental
NZ226,4,mud,0.8476332191300769,experimental
NZ227,4,mud,0.9020765784231101,experimental
NZ228,4,mud,0.8845582562325176,experimental
NZ229,4,mud,0.9020765784231101,experimental
NZ230,4,mud,0.8371550316265409,experimental
NZ231,4,mud,0.8101110325392796,experimental
NZ232,4,mud,0.8845582562325176,experimental
NZ233,4,mud,0.8101110325392796,experimental
NZ234,4,mud,0.8850755515166127,experimental
NZ235,4,mud,0.8603297721593702,experimental
NZ236,4,mud,0.8603297721593702,experimental
NZ237,4,mud,0.8997298172515102,experimental
NZ238,4,mud,0.9407083828109852,experimental
NZ239,4,mud,0.8900913883526753,experimental
NZ240,4,mud,0.8559482636253668,experimental
NZ241,4,mud,0.9263312648886103,experimental
NZ242,4,mud,0.8586829693850841,experimental
NZ243,4,mud,0.7767029120868174,experimental
NZ244,4,mud,0.776302966796575,experimental
NZ245,4,mud,0.8908741663228317,experimental
NZ246,4,mud,0.886595697214749,experimental
NZ247,4,mud,0.7786353181253693,experimental
NZ248,4,mud,0.8216538426383206,experimental
NZ249,4,mud,0.7838673701896361,experimental
NZ250,4,mud,0.8944969287457802,experimental
NZ251,4,mud,0.7483436207035762,experimental
NZ252,4,mud,0.8196371237820184,experimental
NZ253,4,mud,0.7926095731422201,experimental
NZ254,4,mud,0.886595697214749,experimental
NZ255,4,mud,0.9047858111557568,experimental
NZ256,4,mud,0.7562885331799002,experimental
NZ257,4,mud,0.770609402759975,experimental
NZ258,4,mud,0.8196371237820184,experimental
NZ259,4,mud,0.8259277780673995,experimental
NZ260,4,mud,0.8196371237820184,experimental
NZ261,4,mud,0.8196371237820184,experimental
NZ262,4,mud,0.8111872253639553,experimental
NZ263,4,mud,0.8216538426383206,experimental
NZ264,4,mud,0.8138798290323871,experimental
NZ265,4,mud,0.41267754023428577,experimental
NZ266,4,mud,0.5284608623493579,experimental
NZ267,4,mud,0.3968847687870588,experimental
NZ268,4,mud,0.7819915080765518,experimental
NZ269,4,mud,0.6361516743912108,experimental
NZ270,4,mud,0.6577126985480828,experimental
NZ271,4,mud,0.7215280126803649,experimental
NZ272,4,mud,0.6174443289689153,experimental
NZ273,4,mud,0.610262956801371,experimental
NZ274,4,mud,0.6445798202131072,experimental
NZ275,4,mud,0.7644873954231304,experimental
NZ276,4,mud,0.6229042440238824,experimental
NZ277,4,mud,0.793073596749023,experimental
NZ278,4,mud,0.8196371237820184,experimental
NZ279,4,mud,0.7154169015692537,experimental
NZ280,4,mud,0.793073596749023,experimental
NZ281,4,mud,0.7644873954231304,experimental
NZ282,4,mud,0.6067143602134927,experimental
NZ283,4,mud,0.7215280126803649,experimental
NZ284,4,mud,0.6368914575522964,experimental
NZ285,4,mud,0.7479449576560788,experimental
NZ286,4,mud,0.6023573977692396,experimental
NZ287,4,mud,0.5251764035596629,experimental
NZ288,4,mud,0.7045700359754269,experimental
NZ289,4,mud,0.5066393958328765,experimental
NZ290,4,mud,0.4874583965025396,experimental
NZ291,4,mud,0.4898212816800275,experimental
NZ292,4,mud,0.5156764146705985,experimental
NZ293,4,mud,0.3891568521695267,experimental
NZ294,4,mud,0.8696589846141355,experimental
NZ295,4,mud,0.7697848382955716,experimental
NZ296,4,mud,0.6802766909064388,experimental
NZ297,4,mud,0.7312732131282342,experimental
NZ298,4,mud,0.7272259524278856,experimental
NZ299,4,mud,0.49739103587175454,experimental
NZ300,4,mud,0.7493835587364029,experimental
NZ301,4,mud,0.8507766821331441,experimental
NZ302,4,mud,0.779439538966713,experimental
NZ303,4,mud,0.7483797367861138,experimental
NZ304,4,mud,0.7868798973534514,experimental
NZ305,4,mud,0.8472991735487646,experimental
NZ306,4,mud,0.6864559089629624,experimental
NZ307,4,mud,0.6820723072556478,experimental
NZ308,4,mud,0.7692949920145093,experimental
NZ309,4,mud,0.7370139029047892,experimental
NZ310,4,mud,0.7868798973534514,experimental
NZ311,4,mud,0.8696589846141355,experimental
NZ312,4,mud,0.7683732256320766,experimental
NZ313,4,mud,0.7842447965503619,experimental
NZ314,4,mud,0.8480155929089795,experimental
NZ315,4,mud,0.3696489131881322,experimental
NZ316,4,mud,0.5871466220978586,experimental
NZ317,4,mud,0.5854334792335726,experimental
NZ318,4,mud,0.3985263620606215,experimental
NZ319,4,mud,0.6758657326027452,experimental
NZ320,4,mud,0.8308174151685933,experimental
NZ321,4,mud,0.8282248519626896,experimental
NZ322,4,mud,0.828400920076801,experimental
NZ323,4,mud,0.7062605716885743,experimental
NZ324,4,mud,0.7208297128864887,experimental
NZ325,4,mud,0.836385750179224,experimental
NZ326,4,mud,0.813488073734317,experimental
NZ327,4,mud,0.860706793313908,experimental
NZ328,4,mud,0.7292107985034634,experimental
NZ329,4,mud,0.6836021413195998,experimental
NZ330,4,mud,0.813488073734317,experimental
NZ331,4,mud,0.6688878140618931,experimental
NZ332,4,mud,0.8838284789573709,experimental
NZ333,4,mud,0.8128423120824048,experimental
NZ334,4,mud,0.7888145988136971,experimental
NZ335,4,mud,0.8128423120824048,experimental
NZ336,4,mud,0.5871466220978586,experimental
NZ337,4,mud,0.7968345351501641,experimental
NZ338,4,mud,0.7959159966161661,experimental
NZ339,4,mud,0.7888145988136971,experimental
NZ340,4,mud,0.8244500015656224,experimental
NZ341,4,mud,0.8860853713950763,experimental
NZ342,4,mud,0.4530108639169522,experimental
NZ343,4,mud,0.8128423120824048,experimental
NZ344,4,mud,0.7476786347483774,experimental
NZ345,4,mud,0.8344362894616345,experimental
NZ346,4,mud,0.8718423942946775,experimental
NZ347,4,mud,0.7207217836479266,experimental
NZ348,4,mud,0.8081112816179514,experimental
NZ349,4,mud,0.8177246677793012,experimental
NZ350,4,mud,0.8107581645359295,experimental
NZ351,4,mud,0.7970567351972008,experimental
NZ352,4,mud,0.7756835381387092,experimental
NZ353,4,mud,0.8755191852062099,experimental
NZ354,4,mud,0.8845582562325176,experimental
NZ355,4,mud,0.7222790819371303,experimental
NZ356,4,mud,0.9064295137889311,experimental
NZ357,4,mud,0.7845149437750982,experimental
NZ358,4,mud,0.5880240649784165,experimental
NZ359,4,mud,0.7312732131282342,experimental
NZ360,4,mud,0.9006074039599213,experimental
NZ361,4,mud,0.7272259524278856,experimental
NZ362,4,mud,0.8028082362894815,experimental
NZ363,4,mud,0.6040136273327797,experimental
NZ364,4,mud,0.7818380513373929,experimental
NZ365,4,mud,0.42661992468499077,experimental
NZ366,4,mud,0.7312732131282342,experimental
NZ367,4,mud,0.7888145988136971,experimental
NZ368,4,mud,0.7089918750886322,experimental
NZ369,4,mud,0.876985191446403,experimental
NZ370,4,mud,0.6974107674182987,experimental
NZ371,4,mud,0.7215280126803649,experimental
NZ372,4,mud,0.8128423120824048,experimental
NZ373,4,mud,0.7747557417708091,experimental
NZ374,4,mud,0.7865890181324284,experimental
NZ375,4,mud,0.7258594441148635,experimental
NZ376,4,mud,0.4162163392647015,experimental
NZ377,4,mud,0.5347876986123691,experimental
NZ378,4,mud,0.4200928938116477,experimental
NZ379,4,mud,0.5347876986123691,experimental
NZ380,4,mud,0.5871466220978586,experimental
NZ381,4,mud,0.5871466220978586,experimental
NZ382,4,mud,0.48654602699705807,experimental
NZ383,4,mud,0.6935551187425084,experimental
NZ384,4,mud,0.6996035742874984,experimental
NZ385,4,mud,0.6906874061004612,experimental
NZ386,4,mud,0.8510745459693984,experimental
NZ387,4,mud,0.8603297721593702,experimental
NZ388,4,mud,0.821498357650602,experimental
NZ389,4,mud,0.7584413097654507,experimental
NZ390,4,mud,0.5871466220978586,experimental
NZ391,4,mud,0.821498357650602,experimental
NZ392,4,mud,0.8898437811391857,experimental
NZ393,4,mud,0.821498357650602,experimental
NZ394,4,mud,0.8371787510951139,experimental
NZ395,4,mud,0.5892406686035054,experimental
NZ396,4,mud,0.7034679250673939,experimental
NZ397,4,mud,0.82168808836418,experimental
NZ398,4,mud,0.8128423120824048,experimental
NZ399,4,mud,0.397450755724863,experimental
NZ400,4,mud,0.45373823751022263,experimental
NZ401,4,mud,0.5892406686035054,experimental
NZ402,4,mud,0.5917338859036815,experimental
NZ403,4,mud,0.364399718983168,experimental
NZ404,4,mud,0.5917338859036815,experimental
NZ405,4,mud,0.4736544281896147,experimental
NZ406,4,mud,0.5892406686035054,experimental
NZ407,4,mud,0.5917338859036815,experimental
NZ408,4,mud,0.5917338859036815,experimental
NZ409,4,mud,0.5066393958328765,experimental
NZ410,4,mud,0.4129511142445913,experimental
NZ411,4,mud,0.4721861303982971,experimental
NZ412,4,mud,0.5917338859036815,experimental
NZ413,4,mud,0.6117274928799178,experimental
NZ414,4,mud,0.4838881485686553,experimental
NZ415,4,mud,0.48809239995344444,experimental
NZ416,4,mud,0.640481752093861,experimental
NZ417,4,mud,0.4734926864793018,experimental
NZ418,4,mud,0.49962712825592837,experimental
NZ419,4,mud,0.501009513291776,experimental
NZ420,4,mud,0.3685868161600738,experimental
NZ421,4,mud,0.8852629573646108,experimental
NZ422,4,mud,0.8244500015656224,experimental
NZ423,4,mud,0.8244500015656224,experimental
NZ424,4,mud,0.8970802653608707,experimental
NZ425,4,mud,0.8970802653608707,experimental
NZ426,4,mud,0.7817284273129338,experimental
NZ427,4,mud,0.7836193394525903,experimental
NZ428,4,mud,0.6220084082693592,experimental
NZ429,4,mud,0.8244500015656224,experimental
NZ430,4,mud,0.739772166877069,experimental
NZ431,4,mud,0.81157282007949,experimental
NZ432,4,mud,0.6648639551714023,experimental
NZ433,4,mud,0.7365483352965032,experimental
NZ434,4,mud,0.7365483352965032,experimental
NZ435,4,mud,0.6531103257721328,experimental
NZ436,4,mud,0.6596867733168276,experimental
NZ437,4,mud,0.6579829731614598,experimental
NZ438,4,mud,0.7423134074023952,experimental
NZ439,4,mud,0.8689924147303434,experimental
NZ440,4,mud,0.6750564311766319,experimental
NZ441,4,mud,0.8812804168127668,experimental
NZ442,4,mud,0.7190757759913529,experimental
NZ443,4,mud,0.7865213945542219,experimental
NZ444,4,mud,0.8221354869702313,experimental
NZ445,4,mud,0.7575820846450702,experimental
NZ446,4,mud,0.8128423120824048,experimental
NZ447,4,mud,0.8863644268595225,experimental
NZ448,4,mud,0.8128423120824048,experimental
NZ449,4,mud,0.8128423120824048,experimental
NZ450,4,mud,0.7243014816453378,experimental
NZ451,4,mud,0.821498357650602,experimental
NZ452,4,mud,0.821498357650602,experimental
NZ453,4,mud,0.821498357650602,experimental
NZ454,4,mud,0.6315820002318451,experimental
NZ455,4,mud,0.7215280126803649,experimental
NZ456,4,mud,0.8240535665994915,experimental
NZ457,4,mud,0.6106541862047434,experimental
NZ458,4,mud,0.5551814131020545,experimental
NZ459,4,mud,0.6438206129404219,experimental
NZ460,4,mud,0.7430122609136964,experimental
NZ461,4,mud,0.6445798202131072,experimental
NZ462,4,mud,0.8603297721593702,experimental
NZ463,4,mud,0.8214547358786806,experimental
NZ464,4,mud,0.9130486119929764,experimental
NZ465,4,mud,0.9130486119929764,experimental
NZ466,4,mud,0.8603297721593702,experimental
NZ467,4,mud,0.8898437811391857,experimental
NZ468,4,mud,0.8576241039557909,experimental
NZ469,4,mud,0.7815829144276062,experimental
NZ470,4,mud,0.7744050325363472,experimental
NZ471,4,mud,0.696367575711466,experimental
NZ472,4,mud,0.78510795084891,experimental
NZ473,4,mud,0.7888145988136971,experimental
NZ474,4,mud,0.8859549353192955,experimental
NZ475,4,mud,0.8244500015656224,experimental
NZ476,4,mud,0.8028082362894815,experimental
NZ477,4,mud,0.8244500015656224,experimental
NZ478,4,mud,0.7750916398475224,experimental
NZ479,4,mud,0.8244500015656224,experimental
NZ480,4,mud,0.8845582562325176,experimental
NZ481,4,mud,0.5439913109041059,experimental
NZ482,4,mud,0.6241861516629715,experimental
NZ483,4,mud,0.7759663275414556,experimental
NZ484,4,mud,0.6001472809410635,experimental
NZ485,4,mud,0.6609132237314561,experimental
NZ486,4,mud,0.6559474873258215,experimental
NZ487,4,mud,0.6364675907508495,experimental
NZ488,4,mud,0.6609132237314561,experimental
NZ489,4,mud,0.6609132237314561,experimental
NZ490,4,mud,0.7748484182701598,experimental
NZ491,4,mud,0.8265535665994914,experimental
NZ492,4,mud,0.8603297721593702,experimental
NZ493,4,mud,0.8845582562325176,experimental
NZ494,4,mud,0.8837179776497459,experimental
NZ495,4,mud,0.8900913883526753,experimental
NZ496,4,mud,0.9194193877858553,experimental
NZ497,4,mud,0.8926849689753065,experimental
NZ498,4,mud,0.8585045134920803,experimental
NZ499,4,mud,0.9025659111891795,experimental
NZ500,4,mud,0.8845582562325176,experimental
NZ001,5,overall_good,0.9857338118610237,experimental
NZ002,5,overall_good,0.9858127200452057,experimental
NZ003,5,overall_good,0.9826536324532393,experimental
NZ004,5,overall_good,0.9851632474438572,experimental
NZ005,5,overall_good,0.9851084381805943,experimental
NZ006,5,overall_good,0.9795725153636499,experimental
NZ007,5,overall_good,0.9856297111265554,experimental
NZ008,5,overall_good,0.9835779466428702,experimental
NZ009,5,overall_good,0.9823870277083357,experimental
NZ010,5,overall_good,0.9842858568582156,experimental
NZ011,5,overall_good,0.985584246910019,experimental
NZ012,5,overall_good,0.981182738221038,experimental
NZ013,5,overall_good,0.9806235864941596,experimental
NZ014,5,overall_good,0.9859240937439043,experimental
NZ015,5,overall_good,0.9783406111368421,experimental
NZ016,5,overall_good,0.9805652855531973,experimental
NZ017,5,overall_good,0.9809850213933893,experimental
NZ018,5,overall_good,0.9813210430139696,experimental
NZ019,5,overall_good,0.9790104486431775,experimental
NZ020,5,overall_good,0.9847659395695276,experimental
NZ021,5,overall_good,0.9811215044506605,experimental
NZ022,5,overall_good,0.9811663837326026,experimental
NZ023,5,overall_good,0.9833641069432314,experimental
NZ024,5,overall_good,0.983916561517022,experimental
NZ025,5,overall_good,0.9829408626307033,experimental
NZ026,5,overall_good,0.9829162327988211,experimental
NZ027,5,overall_good,0.9816070759255936,experimental
NZ028,5,overall_good,0.9842463959977237,experimental
NZ029,5,overall_good,0.9828375184597851,experimental
NZ030,5,overall_good,0.9859637782584003,experimental
NZ031,5,overall_good,0.9805388632009299,experimental
NZ032,5,overall_good,0.9816996331018675,experimental
NZ033,5,overall_good,0.9819245408641344,experimental
NZ034,5,overall_good,0.9796709604339783,experimental
NZ035,5,overall_good,0.9823869132574695,experimental
NZ036,5,overall_good,0.9796592146067244,experimental
NZ037,5,overall_good,0.9843403862748998,experimental
NZ038,5,overall_good,0.9813929873039066,experimental
NZ039,5,overall_good,0.9815782505652308,experimental
NZ040,5,overall_good,0.9838006941670927,experimental
NZ041,5,overall_good,0.9828601270015661,experimental
NZ042,5,overall_good,0.9830650775432459,experimental
NZ043,5,overall_good,0.9809468087863512,experimental
NZ044,5,overall_good,0.9797575428577607,experimental
NZ045,5,overall_good,0.979120948513684,experimental
NZ046,5,overall_good,0.9805811371958446,experimental
NZ047,5,overall_good,0.9841480534494861,experimental
NZ048,5,overall_good,0.9839623054048858,experimental
NZ049,5,overall_good,0.9847210450686408,experimental
NZ050,5,overall_good,0.9846957157155194,experimental
NZ051,5,overall_good,0.9851337649221119,experimental
NZ052,5,overall_good,0.9833570931603857,experimental
NZ053,5,overall_good,0.9811612954640777,experimental
NZ054,5,overall_good,0.9857066035995045,experimental
NZ055,5,overall_good,0.9842476255944439,experimental
NZ056,5,overall_good,0.9857584776346442,experimental
NZ057,5,overall_good,0.9813537396116064,experimental
NZ058,5,overall_good,0.9833744095143688,experimental
NZ059,5,overall_good,0.983901410601114,experimental
NZ060,5,overall_good,0.9836289444088809,experimental
NZ061,5,overall_good,0.9800333815523996,experimental
NZ062,5,overall_good,0.9840267437015084,experimental
NZ063,5,overall_good,0.9829611098206756,experimental
NZ064,5,overall_good,0.9823748306530743,experimental
NZ065,5,overall_good,0.9833475161834727,experimental
NZ066,5,overall_good,0.9823861461689296,experimental
NZ067,5,overall_good,0.983531177693102,experimental
NZ068,5,overall_good,0.9834661902428548,experimental
NZ069,5,overall_good,0.9840160912813452,experimental
NZ070,5,overall_good,0.983032152062321,experimental
NZ071,5,overall_good,0.9835582738224833,experimental
NZ072,5,overall_good,0.9817081807700873,experimental
NZ073,5,overall_good,0.9838680190991446,experimental
NZ074,5,overall_good,0.9834073458989516,experimental
NZ075,5,overall_good,0.9809905290531546,experimental
NZ076,5,overall_good,0.9817240761556224,experimental
NZ077,5,overall_good,0.9809986810641127,experimental
NZ078,5,overall_good,0.9811545891114378,experimental
NZ079,5,overall_good,0.9818756293278424,experimental
NZ080,5,overall_good,0.9817281547419641,experimental
NZ081,5,overall_good,0.9805906966498075,experimental
NZ082,5,overall_good,0.9817677752702195,experimental
NZ083,5,overall_good,0.9811056487173279,experimental
NZ084,5,overall_good,0.9813477438321003,experimental
NZ085,5,overall_good,0.9816853699284293,experimental
NZ086,5,overall_good,0.9828415326060795,experimental
NZ087,5,overall_good,0.9828701520341158,experimental
NZ088,5,overall_good,0.9824611242414379,experimental
NZ089,5,overall_good,0.9820306967159118,experimental
NZ090,5,overall_good,0.9831443456115193,experimental
NZ091,5,overall_good,0.982749931139741,experimental
NZ092,5,overall_good,0.9830965033309854,experimental
NZ093,5,overall_good,0.9804985214347484,experimental
NZ094,5,overall_good,0.9829261621560128,experimental
NZ095,5,overall_good,0.9828452154747729,experimental
NZ096,5,overall_good,0.9802590498569858,experimental
NZ097,5,overall_good,0.9850823393167831,experimental
NZ098,5,overall_good,0.9851540380278913,experimental
NZ099,5,overall_good,0.9830702014060837,experimental
NZ100,5,overall_good,0.9841861665933702,experimental
NZ101,5,overall_good,0.9817170419122266,experimental
NZ102,5,overall_good,0.982484528674426,experimental
NZ103,5,overall_good,0.9797563446007306,experimental
NZ104,5,overall_good,0.982549957836378,experimental
NZ105,5,overall_good,0.9809788519318272,experimental
NZ106,5,overall_good,0.9795145703018195,experimental
NZ107,5,overall_good,0.9856262941309037,experimental
NZ108,5,overall_good,0.9856239313501792,experimental
NZ109,5,overall_good,0.9832590760456972,experimental
NZ110,5,overall_good,0.9836034101646994,experimental
NZ111,5,overall_good,0.9819959112206652,experimental
NZ112,5,overall_good,0.9834280147007113,experimental
NZ113,5,overall_good,0.9829173117498962,experimental
NZ114,5,overall_good,0.9834283892159429,experimental
NZ115,5,overall_good,0.9842516624077177,experimental
NZ116,5,overall_good,0.9847881390233286,experimental
NZ117,5,overall_good,0.9857311970627618,experimental
NZ118,5,overall_good,0.9826556343031136,experimental
NZ119,5,overall_good,0.9851183321039809,experimental
NZ120,5,overall_good,0.9798862333365762,experimental
NZ121,5,overall_good,0.981033200441753,experimental
NZ122,5,overall_good,0.9820070666173518,experimental
NZ123,5,overall_good,0.9813998829320454,experimental
NZ124,5,overall_good,0.9789265154367932,experimental
NZ125,5,overall_good,0.9820898757182059,experimental
NZ126,5,overall_good,0.9826656590541536,experimental
NZ127,5,overall_good,0.9830803272654317,experimental
NZ128,5,overall_good,0.9794348352525658,experimental
NZ129,5,overall_good,0.9832415887939061,experimental
NZ130,5,overall_good,0.9819725672431536,experimental
NZ131,5,overall_good,0.9813187717104859,experimental
NZ132,5,overall_good,0.983103178231053,experimental
NZ133,5,overall_good,0.9850501860547598,experimental
NZ134,5,overall_good,0.9851714029785066,experimental
NZ135,5,overall_good,0.9852039241238597,experimental
NZ136,5,overall_good,0.9847624348935049,experimental
NZ137,5,overall_good,0.9825753735642533,experimental
NZ138,5,overall_good,0.9806914569622391,experimental
NZ139,5,overall_good,0.981333750202552,experimental
NZ140,5,overall_good,0.9835794967670534,experimental
NZ141,5,overall_good,0.98415686730443,experimental
NZ142,5,overall_good,0.9793616045532587,experimental
NZ143,5,overall_good,0.9816452253760607,experimental
NZ144,5,overall_good,0.9815398827716652,experimental
NZ145,5,overall_good,0.9825952559199611,experimental
NZ146,5,overall_good,0.9826822485776402,experimental
NZ147,5,overall_good,0.9799077512177065,experimental
NZ148,5,overall_good,0.9816809845905815,experimental
NZ149,5,overall_good,0.9801029659446265,experimental
NZ150,5,overall_good,0.9783177241770604,experimental
NZ151,5,overall_good,0.9785675740496633,experimental
NZ152,5,overall_good,0.9786583089236063,experimental
NZ153,5,overall_good,0.9847870977413818,experimental
NZ154,5,overall_good,0.9847820193096543,experimental
NZ155,5,overall_good,0.984213791364882,experimental
NZ156,5,overall_good,0.9848137316400352,experimental
NZ157,5,overall_good,0.9847737635513238,experimental
NZ158,5,overall_good,0.9847909867573238,experimental
NZ159,5,overall_good,0.9846387749380624,experimental
NZ160,5,overall_good,0.984771939332505,experimental
NZ161,5,overall_good,0.985410349120609,experimental
NZ162,5,overall_good,0.9847846926574539,experimental
NZ163,5,overall_good,0.9842312756603315,experimental
NZ164,5,overall_good,0.9858198783103075,experimental
NZ165,5,overall_good,0.9857465879388854,experimental
NZ166,5,overall_good,0.985628472284072,experimental
NZ167,5,overall_good,0.9861141715711943,experimental
NZ168,5,overall_good,0.9834117335926779,experimental
NZ169,5,overall_good,0.9856699401304568,experimental
NZ170,5,overall_good,0.9856890043983939,experimental
NZ171,5,overall_good,0.9846766445981231,experimental
NZ172,5,overall_good,0.9847896117748788,experimental
NZ173,5,overall_good,0.9842353637879462,experimental
NZ174,5,overall_good,0.9798218706315143,experimental
NZ175,5,overall_good,0.9798386847081125,experimental
NZ176,5,overall_good,0.9841163723841444,experimental
NZ177,5,overall_good,0.985603722869031,experimental
NZ178,5,overall_good,0.9852367240585765,experimental
NZ179,5,overall_good,0.9846824139501908,experimental
NZ180,5,overall_good,0.9851680838354475,experimental
NZ181,5,overall_good,0.983128448696419,experimental
NZ182,5,overall_good,0.9813158144008299,experimental
NZ183,5,overall_good,0.9830137998713638,experimental
NZ184,5,overall_good,0.9824885652596199,experimental
NZ185,5,overall_good,0.9819839856556817,experimental
NZ186,5,overall_good,0.984091955754765,experimental
NZ187,5,overall_good,0.9831097480005523,experimental
NZ188,5,overall_good,0.9824729427551645,experimental
NZ189,5,overall_good,0.9834842075382079,experimental
NZ190,5,overall_good,0.9833243395859907,experimental
NZ191,5,overall_good,0.9808746241897676,experimental
NZ192,5,overall_good,0.9834963674170408,experimental
NZ193,5,overall_good,0.9811186358910952,experimental
NZ194,5,overall_good,0.9815281834257887,experimental
NZ195,5,overall_good,0.9829668442940239,experimental
NZ196,5,overall_good,0.9828818872135584,experimental
NZ197,5,overall_good,0.9842549248242147,experimental
NZ198,5,overall_good,0.9813743407654244,experimental
NZ199,5,overall_good,0.982432901595156,experimental
NZ200,5,overall_good,0.9831783944265013,experimental
NZ201,5,overall_good,0.981973722112872,experimental
NZ202,5,overall_good,0.9835841699833227,experimental
NZ203,5,overall_good,0.9805498216690017,experimental
NZ204,5,overall_good,0.9829618389410822,experimental
NZ205,5,overall_good,0.983309394207008,experimental
NZ206,5,overall_good,0.9817142286637744,experimental
NZ207,5,overall_good,0.9815230239692754,experimental
NZ208,5,overall_good,0.9827491770773702,experimental
NZ209,5,overall_good,0.9806353505494706,experimental
NZ210,5,overall_good,0.981281870933258,experimental
NZ211,5,overall_good,0.9809797703999561,experimental
NZ212,5,overall_good,0.982003508036708,experimental
NZ213,5,overall_good,0.9811674017504225,experimental
NZ214,5,overall_good,0.9809684323694489,experimental
NZ215,5,overall_good,0.9817445732226271,experimental
NZ216,5,overall_good,0.9817772605226528,experimental
NZ217,5,overall_good,0.9811063996813768,experimental
NZ218,5,overall_good,0.9814716872692909,experimental
NZ219,5,overall_good,0.980912909733869,experimental
NZ220,5,overall_good,0.977783159899076,experimental
NZ221,5,overall_good,0.9801409529344592,experimental
NZ222,5,overall_good,0.9811727278956798,experimental
NZ223,5,overall_good,0.9808527633085083,experimental
NZ224,5,overall_good,0.98077772112598,experimental
NZ225,5,overall_good,0.9814758610933909,experimental
NZ226,5,overall_good,0.9819853180233528,experimental
NZ227,5,overall_good,0.9811253773027967,experimental
NZ228,5,overall_good,0.9798386692965418,experimental
NZ229,5,overall_good,0.9810254564296672,experimental
NZ230,5,overall_good,0.9824029446626238,experimental
NZ231,5,overall_good,0.9799933119712447,experimental
NZ232,5,overall_good,0.9799066684625964,experimental
NZ233,5,overall_good,0.9799594575255334,experimental
NZ234,5,overall_good,0.9816211513364433,experimental
NZ235,5,overall_good,0.9817625636280988,experimental
NZ236,5,overall_good,0.9817635796561696,experimental
NZ237,5,overall_good,0.9801678006949883,experimental
NZ238,5,overall_good,0.9809860812821589,experimental
NZ239,5,overall_good,0.9783246246359426,experimental
NZ240,5,overall_good,0.9810390862366523,experimental
NZ241,5,overall_good,0.9809368975231614,experimental
NZ242,5,overall_good,0.9815888272476239,experimental
NZ243,5,overall_good,0.981718699454322,experimental
NZ244,5,overall_good,0.9785309526458859,experimental
NZ245,5,overall_good,0.9775298260852883,experimental
NZ246,5,overall_good,0.9848678055064474,experimental
NZ247,5,overall_good,0.9856712135372115,experimental
NZ248,5,overall_good,0.9842926479612119,experimental
NZ249,5,overall_good,0.9857054592287654,experimental
NZ250,5,overall_good,0.9857300259737166,experimental
NZ251,5,overall_good,0.9831423558868322,experimental
NZ252,5,overall_good,0.9847643826276666,experimental
NZ253,5,overall_good,0.9851769770713525,experimental
NZ254,5,overall_good,0.9845472238731188,experimental
NZ255,5,overall_good,0.9853501774286624,experimental
NZ256,5,overall_good,0.9856844588708652,experimental
NZ257,5,overall_good,0.9848517624842816,experimental
NZ258,5,overall_good,0.984824102326502,experimental
NZ259,5,overall_good,0.984874788753934,experimental
NZ260,5,overall_good,0.9848549337604943,experimental
NZ261,5,overall_good,0.9847950541703155,experimental
NZ262,5,overall_good,0.9857953429498759,experimental
NZ263,5,overall_good,0.9842443952011328,experimental
NZ264,5,overall_good,0.9828923747279422,experimental
NZ265,5,overall_good,0.982881005291102,experimental
NZ266,5,overall_good,0.9827485933172329,experimental
NZ267,5,overall_good,0.9828261893777578,experimental
NZ268,5,overall_good,0.9830697935467316,experimental
NZ269,5,overall_good,0.9842690840042755,experimental
NZ270,5,overall_good,0.979585653958658,experimental
NZ271,5,overall_good,0.981716705222424,experimental
NZ272,5,overall_good,0.9817381590951604,experimental
NZ273,5,overall_good,0.9838683129223642,experimental
NZ274,5,overall_good,0.983470175684038,experimental
NZ275,5,overall_good,0.982787970016898,experimental
NZ276,5,overall_good,0.9832113914594671,experimental
NZ277,5,overall_good,0.9840307738427428,experimental
NZ278,5,overall_good,0.9847624348935049,experimental
NZ279,5,overall_good,0.981774538522027,experimental
NZ280,5,overall_good,0.9840343281676098,experimental
NZ281,5,overall_good,0.9828404546918944,experimental
NZ282,5,overall_good,0.9836173837365072,experimental
NZ283,5,overall_good,0.9818305068292489,experimental
NZ284,5,overall_good,0.9828345571101643,experimental
NZ285,5,overall_good,0.9831173396880059,experimental
NZ286,5,overall_good,0.9827009878106913,experimental
NZ287,5,overall_good,0.9851408131844615,experimental
NZ288,5,overall_good,0.9830601684065601,experimental
NZ289,5,overall_good,0.9857252668373597,experimental
NZ290,5,overall_good,0.9848070236195178,experimental
NZ291,5,overall_good,0.9798083977982596,experimental
NZ292,5,overall_good,0.9820788805850617,experimental
NZ293,5,overall_good,0.9820587795075976,experimental
NZ294,5,overall_good,0.9788195175044311,experimental
NZ295,5,overall_good,0.9821300459233305,experimental
NZ296,5,overall_good,0.9822704160680632,experimental
NZ297,5,overall_good,0.9847736529289672,experimental
NZ298,5,overall_good,0.9842293874881873,experimental
NZ299,5,overall_good,0.9841935871325723,experimental
NZ300,5,overall_good,0.9830151080651282,experimental
NZ301,5,overall_good,0.9822143681735604,experimental
NZ302,5,overall_good,0.9797068435934887,experimental
NZ303,5,overall_good,0.9796784055328118,experimental
NZ304,5,overall_good,0.981594478266923,experimental
NZ305,5,overall_good,0.98162761571645,experimental
NZ306,5,overall_good,0.9798279053720467,experimental
NZ307,5,overall_good,0.9810519202720033,experimental
NZ308,5,overall_good,0.9828438689896366,experimental
NZ309,5,overall_good,0.9797333242745536,experimental
NZ310,5,overall_good,0.9815868578567583,experimental
NZ311,5,overall_good,0.978791652156838,experimental
NZ312,5,overall_good,0.982670695963928,experimental
NZ313,5,overall_good,0.9809383298853912,experimental
NZ314,5,overall_good,0.9817854485190166,experimental
NZ315,5,overall_good,0.9821070624377447,experimental
NZ316,5,overall_good,0.9816082477292527,experimental
NZ317,5,overall_good,0.9809295610085357,experimental
NZ318,5,overall_good,0.9857196932545168,experimental
NZ319,5,overall_good,0.9812202471865418,experimental
NZ320,5,overall_good,0.9787435925881232,experimental
NZ321,5,overall_good,0.9814043293231611,experimental
NZ322,5,overall_good,0.981440441243397,experimental
NZ323,5,overall_good,0.982053553843579,experimental
NZ324,5,overall_good,0.98107348511726,experimental
NZ325,5,overall_good,0.980646757418157,experimental
NZ326,5,overall_good,0.980021746353681,experimental
NZ327,5,overall_good,0.9815563743833199,experimental
NZ328,5,overall_good,0.9801096766123513,experimental
NZ329,5,overall_good,0.9787829387146618,experimental
NZ330,5,overall_good,0.9800112801718879,experimental
NZ331,5,overall_good,0.9818470002166277,experimental
NZ332,5,overall_good,0.9820002574173043,experimental
NZ333,5,overall_good,0.981957672178869,experimental
NZ334,5,overall_good,0.9831148985080799,experimental
NZ335,5,overall_good,0.9819605021246994,experimental
NZ336,5,overall_good,0.9815744948599529,experimental
NZ337,5,overall_good,0.9798563386361213,experimental
NZ338,5,overall_good,0.9824297041033447,experimental
NZ339,5,overall_good,0.9831146147200396,experimental
NZ340,5,overall_good,0.9813573217503119,experimental
NZ341,5,overall_good,0.9818085027552862,experimental
NZ342,5,overall_good,0.9851087337524441,experimental
NZ343,5,overall_good,0.9819770182203582,experimental
NZ344,5,overall_good,0.9834964140771086,experimental
NZ345,5,overall_good,0.983410736724819,experimental
NZ346,5,overall_good,0.9820345175524923,experimental
NZ347,5,overall_good,0.9823521495420218,experimental
NZ348,5,overall_good,0.9834892971634929,experimental
NZ349,5,overall_good,0.9799056739872954,experimental
NZ350,5,overall_good,0.9789992540714408,experimental
NZ351,5,overall_good,0.9786134276439097,experimental
NZ352,5,overall_good,0.9810182614640112,experimental
NZ353,5,overall_good,0.9798047283714081,experimental
NZ354,5,overall_good,0.9799031708939889,experimental
NZ355,5,overall_good,0.9831200987594843,experimental
NZ356,5,overall_good,0.9793315426442779,experimental
NZ357,5,overall_good,0.9802120767105356,experimental
NZ358,5,overall_good,0.9853022041426726,experimental
NZ359,5,overall_good,0.9847610246222476,experimental
NZ360,5,overall_good,0.9810034119917129,experimental
NZ361,5,overall_good,0.9842275112042721,experimental
NZ362,5,overall_good,0.9825161533756036,experimental
NZ363,5,overall_good,0.9850534285092983,experimental
NZ364,5,overall_good,0.9811892316309422,experimental
NZ365,5,overall_good,0.9851741305678803,experimental
NZ366,5,overall_good,0.9847591871920579,experimental
NZ367,5,overall_good,0.9831387924796985,experimental
NZ368,5,overall_good,0.9830129825651973,experimental
NZ369,5,overall_good,0.9819947247901678,experimental
NZ370,5,overall_good,0.9858642749098865,experimental
NZ371,5,overall_good,0.9817814914753304,experimental
NZ372,5,overall_good,0.9820903844773449,experimental
NZ373,5,overall_good,0.9830724591164197,experimental
NZ374,5,overall_good,0.9833761587496426,experimental
NZ375,5,overall_good,0.9801616100120306,experimental
NZ376,5,overall_good,0.9828571587278074,experimental
NZ377,5,overall_good,0.9821973130904434,experimental
NZ378,5,overall_good,0.9828833265809773,experimental
NZ379,5,overall_good,0.9821269734620046,experimental
NZ380,5,overall_good,0.9816613385212758,experimental
NZ381,5,overall_good,0.981577559511237,experimental
NZ382,5,overall_good,0.9822436241251823,experimental
NZ383,5,overall_good,0.9841338176217638,experimental
NZ384,5,overall_good,0.9841334354836068,experimental
NZ385,5,overall_good,0.9817963188875662,experimental
NZ386,5,overall_good,0.9835206843098723,experimental
NZ387,5,overall_good,0.981756299827972,experimental
NZ388,5,overall_good,0.9824495090597913,experimental
NZ389,5,overall_good,0.9840683485802479,experimental
NZ390,5,overall_good,0.9816133554095811,experimental
NZ391,5,overall_good,0.9824195954300494,experimental
NZ392,5,overall_good,0.9805768441439455,experimental
NZ393,5,overall_good,0.9824108262219912,experimental
NZ394,5,overall_good,0.9813715368931373,experimental
NZ395,5,overall_good,0.9847008513736218,experimental
NZ396,5,overall_good,0.9839453514662164,experimental
NZ397,5,overall_good,0.9820882933606607,experimental
NZ398,5,overall_good,0.9820184702516963,experimental
NZ399,5,overall_good,0.985167969841306,experimental
NZ400,5,overall_good,0.9830280690100877,experimental
NZ401,5,overall_good,0.9846788903576156,experimental
NZ402,5,overall_good,0.9841222945353965,experimental
NZ403,5,overall_good,0.9855854082996168,experimental
NZ404,5,overall_good,0.9841951165224432,experimental
NZ405,5,overall_good,0.9851855820988823,experimental
NZ406,5,overall_good,0.9846832816141341,experimental
NZ407,5,overall_good,0.9841393692087015,experimental
NZ408,5,overall_good,0.9842310843712663,experimental
NZ409,5,overall_good,0.9856604471427068,experimental
NZ410,5,overall_good,0.985217597390789,experimental
NZ411,5,overall_good,0.9852576769836933,experimental
NZ412,5,overall_good,0.9841685115334841,experimental
NZ413,5,overall_good,0.9848802512257748,experimental
NZ414,5,overall_good,0.9847325958517511,experimental
NZ415,5,overall_good,0.9848160985455042,experimental
NZ416,5,overall_good,0.9852738947787435,experimental
NZ417,5,overall_good,0.9852890545306581,experimental
NZ418,5,overall_good,0.9850593747882779,experimental
NZ419,5,overall_good,0.9820453297771494,experimental
NZ420,5,overall_good,0.9856629523640492,experimental
NZ421,5,overall_good,0.9825549649022172,experimental
NZ422,5,overall_good,0.9814161849529273,experimental
NZ423,5,overall_good,0.9813173035304434,experimental
NZ424,5,overall_good,0.9828634052225543,experimental
NZ425,5,overall_good,0.9826096032728373,experimental
NZ426,5,overall_good,0.9830460884076815,experimental
NZ427,5,overall_good,0.980791066197731,experimental
NZ428,5,overall_good,0.9812283001074228,experimental
NZ429,5,overall_good,0.9814284158898634,experimental
NZ430,5,overall_good,0.9801528039341925,experimental
NZ431,5,overall_good,0.9840374731623159,experimental
NZ432,5,overall_good,0.9811529276575519,experimental
NZ433,5,overall_good,0.9823095994761915,experimental
NZ434,5,overall_good,0.9823233655291713,experimental
NZ435,5,overall_good,0.9829318591280467,experimental
NZ436,5,overall_good,0.9834369011088948,experimental
NZ437,5,overall_good,0.9829921733932717,experimental
NZ438,5,overall_good,0.9829101055686206,experimental
NZ439,5,overall_good,0.9841864453378311,experimental
NZ440,5,overall_good,0.9835264582226884,experimental
NZ441,5,overall_good,0.9837350212381931,experimental
NZ442,5,overall_good,0.9838571133046747,experimental
NZ443,5,overall_good,0.9828881678413638,experimental
NZ444,5,overall_good,0.9839549254299639,experimental
NZ445,5,overall_good,0.9798804426648219,experimental
NZ446,5,overall_good,0.982075270311513,experimental
NZ447,5,overall_good,0.9798515474152901,experimental
NZ448,5,overall_good,0.9819873197408667,experimental
NZ449,5,overall_good,0.9819651143124988,experimental
NZ450,5,overall_good,0.9829638283505004,experimental
NZ451,5,overall_good,0.9824989914064917,experimental
NZ452,5,overall_good,0.9824284338320506,experimental
NZ453,5,overall_good,0.9824637242417004,experimental
NZ454,5,overall_good,0.9833424294379173,experimental
NZ455,5,overall_good,0.9817484687948751,experimental
NZ456,5,overall_good,0.9817607281919767,experimental
NZ457,5,overall_good,0.98338504361703,experimental
NZ458,5,overall_good,0.983444314712453,experimental
NZ459,5,overall_good,0.9827519007722024,experimental
NZ460,5,overall_good,0.9799378408462829,experimental
NZ461,5,overall_good,0.983416130554227,experimental
NZ462,5,overall_good,0.9817567381569309,experimental
NZ463,5,overall_good,0.9813335276834368,experimental
NZ464,5,overall_good,0.9776263403490119,experimental
NZ465,5,overall_good,0.9776417142256932,experimental
NZ466,5,overall_good,0.9817660013799968,experimental
NZ467,5,overall_good,0.9805665224147754,experimental
NZ468,5,overall_good,0.9810679402495378,experimental
NZ469,5,overall_good,0.9827615784602235,experimental
NZ470,5,overall_good,0.9833933306895292,experimental
NZ471,5,overall_good,0.983191787158243,experimental
NZ472,5,overall_good,0.983548288161904,experimental
NZ473,5,overall_good,0.9831062769282249,experimental
NZ474,5,overall_good,0.9830870032279143,experimental
NZ475,5,overall_good,0.9813284519718822,experimental
NZ476,5,overall_good,0.9825114126631039,experimental
NZ477,5,overall_good,0.9813275616424558,experimental
NZ478,5,overall_good,0.9803230787139916,experimental
NZ479,5,overall_good,0.981398767121466,experimental
NZ480,5,overall_good,0.9798397748952269,experimental
NZ481,5,overall_good,0.9843406322729064,experimental
NZ482,5,overall_good,0.9842697221007746,experimental
NZ483,5,overall_good,0.9834541741493122,experimental
NZ484,5,overall_good,0.9829759096766918,experimental
NZ485,5,overall_good,0.983314540080684,experimental
NZ486,5,overall_good,0.9827359232193109,experimental
NZ487,5,overall_good,0.983723580744586,experimental
NZ488,5,overall_good,0.9833114789353014,experimental
NZ489,5,overall_good,0.9833846041743545,experimental
NZ490,5,overall_good,0.9809456131084727,experimental
NZ491,5,overall_good,0.9816627851740933,experimental
NZ492,5,overall_good,0.9817858687921505,experimental
NZ493,5,overall_good,0.9799149546483886,experimental
NZ494,5,overall_good,0.9805678929864787,experimental
NZ495,5,overall_good,0.9781255036274078,experimental
NZ496,5,overall_good,0.9816561752923793,experimental
NZ497,5,overall_good,0.9812762232818378,experimental
NZ498,5,overall_good,0.9817379968637676,experimental
NZ499,5,overall_good,0.9777848995225805,experimental
NZ500,5,overall_good,0.9798325951502654,experimental
NZ001,5,bugs,0.6630387472807198,experimental
NZ002,5,bugs,0.39903429408956265,experimental
NZ003,5,bugs,0.553438794742396,experimental
NZ004,5,bugs,0.4136353177246795,experimental
NZ005,5,bugs,0.4609376354070092,experimental
NZ006,5,bugs,0.5227536227005161,experimental
NZ007,5,bugs,0.4756458177837021,experimental
NZ008,5,bugs,0.441987347179082,experimental
NZ009,5,bugs,0.5756967949673683,experimental
NZ010,5,bugs,0.3758613387887866,experimental
NZ011,5,bugs,0.47955849721045263,experimental
NZ012,5,bugs,0.6289313905130602,experimental
NZ013,5,bugs,0.5958442800793448,experimental
NZ014,5,bugs,0.5628562976785957,experimental
NZ015,5,bugs,0.39020395772463423,experimental
NZ016,5,bugs,0.3764796165558698,experimental
NZ017,5,bugs,0.49047098037999026,experimental
NZ018,5,bugs,0.3643020446484784,experimental
NZ019,5,bugs,0.6102550795467994,experimental
NZ020,5,bugs,0.39309899979030294,experimental
NZ021,5,bugs,0.5381253659054058,experimental
NZ022,5,bugs,0.3763156066692367,experimental
NZ023,5,bugs,0.5565873141699563,experimental
NZ024,5,bugs,0.5563204646887889,experimental
NZ025,5,bugs,0.6412272384340277,experimental
NZ026,5,bugs,0.6409069844986937,experimental
NZ027,5,bugs,0.3380475471083306,experimental
NZ028,5,bugs,0.3587273238465492,experimental
NZ029,5,bugs,0.5942069070936631,experimental
NZ030,5,bugs,0.47633322946035217,experimental
NZ031,5,bugs,0.3836870296997157,experimental
NZ032,5,bugs,0.4403486825407213,experimental
NZ033,5,bugs,0.4039670371492682,experimental
NZ034,5,bugs,0.5260427454071221,experimental
NZ035,5,bugs,0.3930913240026309,experimental
NZ036,5,bugs,0.5206779125023655,experimental
NZ037,5,bugs,0.3600665443466751,experimental
NZ038,5,bugs,0.38262237375315505,experimental
NZ039,5,bugs,0.41454569785692186,experimental
NZ040,5,bugs,0.6274973849679224,experimental
NZ041,5,bugs,0.42896238453609403,experimental
NZ042,5,bugs,0.427372244051666,experimental
NZ043,5,bugs,0.37844080388539636,experimental
NZ044,5,bugs,0.5260427454071221,experimental
NZ045,5,bugs,0.6409069844986937,experimental
NZ046,5,bugs,0.3764796165558698,experimental
NZ047,5,bugs,0.6334948548977503,experimental
NZ048,5,bugs,0.43943396099668697,experimental
NZ049,5,bugs,0.35648462787005314,experimental
NZ050,5,bugs,0.35004868666691263,experimental
NZ051,5,bugs,0.31082176355934094,experimental
NZ052,5,bugs,0.3944740126241323,experimental
NZ053,5,bugs,0.6238296370547475,experimental
NZ054,5,bugs,0.3924718911075394,experimental
NZ055,5,bugs,0.37070549191899066,experimental
NZ056,5,bugs,0.4232500616092284,experimental
NZ057,5,bugs,0.41629555319288053,experimental
NZ058,5,bugs,0.6324847052750475,experimental
NZ059,5,bugs,0.42000301960665004,experimental
NZ060,5,bugs,0.5775510731565521,experimental
NZ061,5,bugs,0.4044580319430177,experimental
NZ062,5,bugs,0.5530866866342257,experimental
NZ063,5,bugs,0.425042354213407,experimental
NZ064,5,bugs,0.3814565853093401,experimental
NZ065,5,bugs,0.6324847052750475,experimental
NZ066,5,bugs,0.3814565853093401,experimental
NZ067,5,bugs,0.37482035967684235,experimental
NZ068,5,bugs,0.37482035967684235,experimental
NZ069,5,bugs,0.44152551691194053,experimental
NZ070,5,bugs,0.4174902519939222,experimental
NZ071,5,bugs,0.6324847052750475,experimental
NZ072,5,bugs,0.6264704524648395,experimental
NZ073,5,bugs,0.5404168083924826,experimental
NZ074,5,bugs,0.6324847052750475,experimental
NZ075,5,bugs,0.353199256436409,experimental
NZ076,5,bugs,0.37954189358079893,experimental
NZ077,5,bugs,0.3522807193637139,experimental
NZ078,5,bugs,0.3712539230211415,experimental
NZ079,5,bugs,0.40768061559575897,experimental
NZ080,5,bugs,0.3702472825700234,experimental
NZ081,5,bugs,0.3764796165558698,experimental
NZ082,5,bugs,0.3702472825700234,experimental
NZ083,5,bugs,0.6320358089605393,experimental
NZ084,5,bugs,0.3632071858546753,experimental
NZ085,5,bugs,0.5259757864119987,experimental
NZ086,5,bugs,0.3047598750147972,experimental
NZ087,5,bugs,0.3047598750147972,experimental
NZ088,5,bugs,0.5484706212449127,experimental
NZ089,5,bugs,0.31434330893508017,experimental
NZ090,5,bugs,0.3040970281104526,experimental
NZ091,5,bugs,0.3302676823525458,experimental
NZ092,5,bugs,0.4880890431457173,experimental
NZ093,5,bugs,0.43118273420592185,experimental
NZ094,5,bugs,0.42706012016100525,experimental
NZ095,5,bugs,0.2875123150836974,experimental
NZ096,5,bugs,0.43881964539973345,experimental
NZ097,5,bugs,0.617347811254533,experimental
NZ098,5,bugs,0.3138652337467982,experimental
NZ099,5,bugs,0.573721674837897,experimental
NZ100,5,bugs,0.3272339113046287,experimental
NZ101,5,bugs,0.3642853927948638,experimental
NZ102,5,bugs,0.5111584407587791,experimental
NZ103,5,bugs,0.31612772569588593,experimental
NZ104,5,bugs,0.37143453406895205,experimental
NZ105,5,bugs,0.3182995682004213,experimental
NZ106,5,bugs,0.3778275047332806,experimental
NZ107,5,bugs,0.35172912289060915,experimental
NZ108,5,bugs,0.3359663960591513,experimental
NZ109,5,bugs,0.4170454008933944,experimental
NZ110,5,bugs,0.5553776030578923,experimental
NZ111,5,bugs,0.3904390005690858,experimental
NZ112,5,bugs,0.3526418215633523,experimental
NZ113,5,bugs,0.3904390005690858,experimental
NZ114,5,bugs,0.37322958767624664,experimental
NZ115,5,bugs,0.3694397811485422,experimental
NZ116,5,bugs,0.4004438376268318,experimental
NZ117,5,bugs,0.39708518530627146,experimental
NZ118,5,bugs,0.5965769138206303,experimental
NZ119,5,bugs,0.3522814613270385,experimental
NZ120,5,bugs,0.3428038152190772,experimental
NZ121,5,bugs,0.34160398241070267,experimental
NZ122,5,bugs,0.5074691400783008,experimental
NZ123,5,bugs,0.6320358089605393,experimental
NZ124,5,bugs,0.6261660956061255,experimental
NZ125,5,bugs,0.6734207994920062,experimental
NZ126,5,bugs,0.5254828971734585,experimental
NZ127,5,bugs,0.38442429748437995,experimental
NZ128,5,bugs,0.6102550795467994,experimental
NZ129,5,bugs,0.4208147205579171,experimental
NZ130,5,bugs,0.3904390005690858,experimental
NZ131,5,bugs,0.3625998685022352,experimental
NZ132,5,bugs,0.38442429748437995,experimental
NZ133,5,bugs,0.36743126172982016,experimental
NZ134,5,bugs,0.39023285282325504,experimental
NZ135,5,bugs,0.3573333230949249,experimental
NZ136,5,bugs,0.39309899979030294,experimental
NZ137,5,bugs,0.5729175370578962,experimental
NZ138,5,bugs,0.391679626593946,experimental
NZ139,5,bugs,0.3717214781283798,experimental
NZ140,5,bugs,0.3196217857793194,experimental
NZ141,5,bugs,0.5996526994619771,experimental
NZ142,5,bugs,0.5312836388408753,experimental
NZ143,5,bugs,0.6422426887477025,experimental
NZ144,5,bugs,0.5581908287354236,experimental
NZ145,5,bugs,0.4165579428779002,experimental
NZ146,5,bugs,0.43673796832405304,experimental
NZ147,5,bugs,0.4036257026915667,experimental
NZ148,5,bugs,0.4182037601900089,experimental
NZ149,5,bugs,0.46250496042900285,experimental
NZ150,5,bugs,0.46588296796578127,experimental
NZ151,5,bugs,0.33090983310229194,experimental
NZ152,5,bugs,0.4557862218981995,experimental
NZ153,5,bugs,0.41454569785692186,experimental
NZ154,5,bugs,0.41454569785692186,experimental
NZ155,5,bugs,0.37844080388539636,experimental
NZ156,5,bugs,0.4413053393123305,experimental
NZ157,5,bugs,0.41454569785692186,experimental
NZ158,5,bugs,0.41454569785692186,experimental
NZ159,5,bugs,0.6734207994920062,experimental
NZ160,5,bugs,0.41454569785692186,experimental
NZ161,5,bugs,0.5247398698208465,experimental
NZ162,5,bugs,0.41454569785692186,experimental
NZ163,5,bugs,0.37844080388539636,experimental
NZ164,5,bugs,0.41534580182088954,experimental
NZ165,5,bugs,0.6700837536075127,experimental
NZ166,5,bugs,0.4551076413694691,experimental
NZ167,5,bugs,0.5020328754727521,experimental
NZ168,5,bugs,0.4461177407473179,experimental
NZ169,5,bugs,0.4070659965726884,experimental
NZ170,5,bugs,0.39822279496991003,experimental
NZ171,5,bugs,0.6083519936041093,experimental
NZ172,5,bugs,0.39309899979030294,experimental
NZ173,5,bugs,0.3587273238465492,experimental
NZ174,5,bugs,0.3428038152190772,experimental
NZ175,5,bugs,0.3428038152190772,experimental
NZ176,5,bugs,0.31393118528044134,experimental
NZ177,5,bugs,0.338866930084123,experimental
NZ178,5,bugs,0.4293664584269478,experimental
NZ179,5,bugs,0.346661265042067,experimental
NZ180,5,bugs,0.3574544713492852,experimental
NZ181,5,bugs,0.38442429748437995,experimental
NZ182,5,bugs,0.3573965536880103,experimental
NZ183,5,bugs,0.40232789290501814,experimental
NZ184,5,bugs,0.3723161807680923,experimental
NZ185,5,bugs,0.41638248253897214,experimental
NZ186,5,bugs,0.4170454008933944,experimental
NZ187,5,bugs,0.4087764362138202,experimental
NZ188,5,bugs,0.3741771845455486,experimental
NZ189,5,bugs,0.38670331660929724,experimental
NZ190,5,bugs,0.6425176231203662,experimental
NZ191,5,bugs,0.5145107333958948,experimental
NZ192,5,bugs,0.38469334101141944,experimental
NZ193,5,bugs,0.5051411268774821,experimental
NZ194,5,bugs,0.5876223455679765,experimental
NZ195,5,bugs,0.3549725468803554,experimental
NZ196,5,bugs,0.6012696864598376,experimental
NZ197,5,bugs,0.5996526994619771,experimental
NZ198,5,bugs,0.33165707421088075,experimental
NZ199,5,bugs,0.30870418884950285,experimental
NZ200,5,bugs,0.36026322390871757,experimental
NZ201,5,bugs,0.416231651175036,experimental
NZ202,5,bugs,0.46666830240756213,experimental
NZ203,5,bugs,0.3764796165558698,experimental
NZ204,5,bugs,0.5804582273247276,experimental
NZ205,5,bugs,0.3366520437127322,experimental
NZ206,5,bugs,0.2972613111731397,experimental
NZ207,5,bugs,0.4237135350777051,experimental
NZ208,5,bugs,0.5861349477361225,experimental
NZ209,5,bugs,0.6320358089605393,experimental
NZ210,5,bugs,0.5315710627732934,experimental
NZ211,5,bugs,0.37511147671083905,experimental
NZ212,5,bugs,0.397988592060203,experimental
NZ213,5,bugs,0.6320358089605393,experimental
NZ214,5,bugs,0.37511147671083905,experimental
NZ215,5,bugs,0.3702472825700234,experimental
NZ216,5,bugs,0.6288567445139559,experimental
NZ217,5,bugs,0.33782570238756343,experimental
NZ218,5,bugs,0.6320358089605393,experimental
NZ219,5,bugs,0.40254396052403496,experimental
NZ220,5,bugs,0.5944164631091192,experimental
NZ221,5,bugs,0.37678711556265665,experimental
NZ222,5,bugs,0.5346973093549343,experimental
NZ223,5,bugs,0.5407597107260109,experimental
NZ224,5,bugs,0.40041618449387617,experimental
NZ225,5,bugs,0.43605277939703974,experimental
NZ226,5,bugs,0.4689603709735768,experimental
NZ227,5,bugs,0.541720349056088,experimental
NZ228,5,bugs,0.3428038152190772,experimental
NZ229,5,bugs,0.5491155724188205,experimental
NZ230,5,bugs,0.4735276834476054,experimental
NZ231,5,bugs,0.3530504705313009,experimental
NZ232,5,bugs,0.34617660120572147,experimental
NZ233,5,bugs,0.3548097565366894,experimental
NZ234,5,bugs,0.5205173981044922,experimental
NZ235,5,bugs,0.3702472825700234,experimental
NZ236,5,bugs,0.3702472825700234,experimental
NZ237,5,bugs,0.5958442800793448,experimental
NZ238,5,bugs,0.55091477866557,experimental
NZ239,5,bugs,0.5920523915285328,experimental
NZ240,5,bugs,0.34160398241070267,experimental
NZ241,5,bugs,0.6320358089605393,experimental
NZ242,5,bugs,0.37930551282137087,experimental
NZ243,5,bugs,0.41361995225559595,experimental
NZ244,5,bugs,0.4952231824937866,experimental
NZ245,5,bugs,0.5008565917007382,experimental
NZ246,5,bugs,0.6083519936041093,experimental
NZ247,5,bugs,0.39464663427427,experimental
NZ248,5,bugs,0.36216104169327795,experimental
NZ249,5,bugs,0.39822279496991003,experimental
NZ250,5,bugs,0.6405211995037673,experimental
NZ251,5,bugs,0.40010744493267036,experimental
NZ252,5,bugs,0.39309899979030294,experimental
NZ253,5,bugs,0.35833452851340214,experimental
NZ254,5,bugs,0.6083519936041093,experimental
NZ255,5,bugs,0.6405211995037673,experimental
NZ256,5,bugs,0.418082034124903,experimental
NZ257,5,bugs,0.4127418310006989,experimental
NZ258,5,bugs,0.39309899979030294,experimental
NZ259,5,bugs,0.4326654121419852,experimental
NZ260,5,bugs,0.4017920239431733,experimental
NZ261,5,bugs,0.39309899979030294,experimental
NZ262,5,bugs,0.5182421846858872,experimental
NZ263,5,bugs,0.36216104169327795,experimental
NZ264,5,bugs,0.43987114837387936,experimental
NZ265,5,bugs,0.3350228058394848,experimental
NZ266,5,bugs,0.32248700300226085,experimental
NZ267,5,bugs,0.34154250300540545,experimental
NZ268,5,bugs,0.413630068894891,experimental
NZ269,5,bugs,0.371006977703075,experimental
NZ270,5,bugs,0.33150525890464466,experimental
NZ271,5,bugs,0.2972613111731397,experimental
NZ272,5,bugs,0.3130302833804219,experimental
NZ273,5,bugs,0.4188462457446571,experimental
NZ274,5,bugs,0.32029748393796864,experimental
NZ275,5,bugs,0.5861349477361225,experimental
NZ276,5,bugs,0.3185206531733244,experimental
NZ277,5,bugs,0.4094673667867687,experimental
NZ278,5,bugs,0.39309899979030294,experimental
NZ279,5,bugs,0.3067700360623897,experimental
NZ280,5,bugs,0.4132976969237225,experimental
NZ281,5,bugs,0.5861349477361225,experimental
NZ282,5,bugs,0.34948074364928244,experimental
NZ283,5,bugs,0.3004673967565205,experimental
NZ284,5,bugs,0.29169411848443894,experimental
NZ285,5,bugs,0.49638773607064596,experimental
NZ286,5,bugs,0.35706031516071807,experimental
NZ287,5,bugs,0.43507832934696433,experimental
NZ288,5,bugs,0.4496498152506313,experimental
NZ289,5,bugs,0.3357891737340838,experimental
NZ290,5,bugs,0.3637521933371776,experimental
NZ291,5,bugs,0.32852504409472494,experimental
NZ292,5,bugs,0.3022378266112657,experimental
NZ293,5,bugs,0.3227884143060734,experimental
NZ294,5,bugs,0.6409069844986937,experimental
NZ295,5,bugs,0.3831933692006877,experimental
NZ296,5,bugs,0.3881845903026186,experimental
NZ297,5,bugs,0.41454569785692186,experimental
NZ298,5,bugs,0.37844080388539636,experimental
NZ299,5,bugs,0.32894307650023863,experimental
NZ300,5,bugs,0.5469982567130247,experimental
NZ301,5,bugs,0.5994990902680958,experimental
NZ302,5,bugs,0.37776841723365495,experimental
NZ303,5,bugs,0.5260427454071221,experimental
NZ304,5,bugs,0.41454569785692186,experimental
NZ305,5,bugs,0.6335537671399911,experimental
NZ306,5,bugs,0.5662738225964442,experimental
NZ307,5,bugs,0.3966017491601782,experimental
NZ308,5,bugs,0.4470095330748543,experimental
NZ309,5,bugs,0.4245645861020144,experimental
NZ310,5,bugs,0.41454569785692186,experimental
NZ311,5,bugs,0.6409069844986937,experimental
NZ312,5,bugs,0.41136064311744136,experimental
NZ313,5,bugs,0.37844080388539636,experimental
NZ314,5,bugs,0.6422426887477025,experimental
NZ315,5,bugs,0.32704900288862404,experimental
NZ316,5,bugs,0.3380475471083306,experimental
NZ317,5,bugs,0.30346237555632244,experimental
NZ318,5,bugs,0.3486936575521631,experimental
NZ319,5,bugs,0.3171816263415925,experimental
NZ320,5,bugs,0.5497480814286312,experimental
NZ321,5,bugs,0.4974818306866864,experimental
NZ322,5,bugs,0.49609147304198264,experimental
NZ323,5,bugs,0.3617588429999808,experimental
NZ324,5,bugs,0.3945222711849883,experimental
NZ325,5,bugs,0.49268593834239316,experimental
NZ326,5,bugs,0.3077895583500243,experimental
NZ327,5,bugs,0.5955546740258435,experimental
NZ328,5,bugs,0.31772170035773195,experimental
NZ329,5,bugs,0.35916214075670955,experimental
NZ330,5,bugs,0.30455752850943646,experimental
NZ331,5,bugs,0.3582073018970136,experimental
NZ332,5,bugs,0.6200110040539765,experimental
NZ333,5,bugs,0.3904390005690858,experimental
NZ334,5,bugs,0.38442429748437995,experimental
NZ335,5,bugs,0.3904390005690858,experimental
NZ336,5,bugs,0.3380475471083306,experimental
NZ337,5,bugs,0.5057690470507422,experimental
NZ338,5,bugs,0.36893954414533053,experimental
NZ339,5,bugs,0.38442429748437995,experimental
NZ340,5,bugs,0.3573965536880103,experimental
NZ341,5,bugs,0.5296667146657983,experimental
NZ342,5,bugs,0.3515190148821803,experimental
NZ343,5,bugs,0.3904390005690858,experimental
NZ344,5,bugs,0.5666352878763984,experimental
NZ345,5,bugs,0.6509061939078017,experimental
NZ346,5,bugs,0.524415162613268,experimental
NZ347,5,bugs,0.3331418363771759,experimental
NZ348,5,bugs,0.6255454504842718,experimental
NZ349,5,bugs,0.3601627346703868,experimental
NZ350,5,bugs,0.4412646900505881,experimental
NZ351,5,bugs,0.48550033834647577,experimental
NZ352,5,bugs,0.38325198973525243,experimental
NZ353,5,bugs,0.3566517665269671,experimental
NZ354,5,bugs,0.34617660120572147,experimental
NZ355,5,bugs,0.4123794164502233,experimental
NZ356,5,bugs,0.6102550795467994,experimental
NZ357,5,bugs,0.3822881527665456,experimental
NZ358,5,bugs,0.5160386491619883,experimental
NZ359,5,bugs,0.41454569785692186,experimental
NZ360,5,bugs,0.6187095431894918,experimental
NZ361,5,bugs,0.37844080388539636,experimental
NZ362,5,bugs,0.3526418215633523,experimental
NZ363,5,bugs,0.573217250891367,experimental
NZ364,5,bugs,0.45585445386439305,experimental
NZ365,5,bugs,0.32368337813582065,experimental
NZ366,5,bugs,0.41454569785692186,experimental
NZ367,5,bugs,0.38442429748437995,experimental
NZ368,5,bugs,0.45851654959259025,experimental
NZ369,5,bugs,0.6200110040539765,experimental
NZ370,5,bugs,0.4416292567210688,experimental
NZ371,5,bugs,0.3004673967565205,experimental
NZ372,5,bugs,0.4007625660597585,experimental
NZ373,5,bugs,0.46691271963797387,experimental
NZ374,5,bugs,0.4814936947565366,experimental
NZ375,5,bugs,0.3714294441082488,experimental
NZ376,5,bugs,0.34122524782857233,experimental
NZ377,5,bugs,0.2926306107813208,experimental
NZ378,5,bugs,0.33880227634295346,experimental
NZ379,5,bugs,0.289451966920973,experimental
NZ380,5,bugs,0.34621522509755603,experimental
NZ381,5,bugs,0.3380475471083306,experimental
NZ382,5,bugs,0.3123591949535739,experimental
NZ383,5,bugs,0.3527914440641964,experimental
NZ384,5,bugs,0.3687686749753954,experimental
NZ385,5,bugs,0.6040669741270962,experimental
NZ386,5,bugs,0.5119076790560294,experimental
NZ387,5,bugs,0.3702472825700234,experimental
NZ388,5,bugs,0.30870418884950285,experimental
NZ389,5,bugs,0.3434092027048353,experimental
NZ390,5,bugs,0.3380475471083306,experimental
NZ391,5,bugs,0.3136314639740351,experimental
NZ392,5,bugs,0.3764796165558698,experimental
NZ393,5,bugs,0.30870418884950285,experimental
NZ394,5,bugs,0.4291970325900439,experimental
NZ395,5,bugs,0.346661265042067,experimental
NZ396,5,bugs,0.38814714935741745,experimental
NZ397,5,bugs,0.5098337260387529,experimental
NZ398,5,bugs,0.3904390005690858,experimental
NZ399,5,bugs,0.3172179309561562,experimental
NZ400,5,bugs,0.45035006233162655,experimental
NZ401,5,bugs,0.346661265042067,experimental
NZ402,5,bugs,0.31393118528044134,experimental
NZ403,5,bugs,0.3672574658701742,experimental
NZ404,5,bugs,0.3171969763283641,experimental
NZ405,5,bugs,0.32368337813582065,experimental
NZ406,5,bugs,0.346661265042067,experimental
NZ407,5,bugs,0.31393118528044134,experimental
NZ408,5,bugs,0.3224171295781172,experimental
NZ409,5,bugs,0.3324552556041179,experimental
NZ410,5,bugs,0.3109550346982387,experimental
NZ411,5,bugs,0.3885149911238333,experimental
NZ412,5,bugs,0.31393118528044134,experimental
NZ413,5,bugs,0.5819905802887758,experimental
NZ414,5,bugs,0.3673890022450253,experimental
NZ415,5,bugs,0.35954311069076084,experimental
NZ416,5,bugs,0.6114619514029023,experimental
NZ417,5,bugs,0.33917826129534606,experimental
NZ418,5,bugs,0.30899296737949883,experimental
NZ419,5,bugs,0.33054427652977353,experimental
NZ420,5,bugs,0.3520783742234308,experimental
NZ421,5,bugs,0.5697929057260391,experimental
NZ422,5,bugs,0.3647135345130112,experimental
NZ423,5,bugs,0.3573965536880103,experimental
NZ424,5,bugs,0.6509061939078017,experimental
NZ425,5,bugs,0.6509061939078017,experimental
NZ426,5,bugs,0.3903112541672721,experimental
NZ427,5,bugs,0.604985046101475,experimental
NZ428,5,bugs,0.37475232214469356,experimental
NZ429,5,bugs,0.3608251271664131,experimental
NZ430,5,bugs,0.3859114245251582,experimental
NZ431,5,bugs,0.6509061939078017,experimental
NZ432,5,bugs,0.5051160180451358,experimental
NZ433,5,bugs,0.3573965536880103,experimental
NZ434,5,bugs,0.3573965536880103,experimental
NZ435,5,bugs,0.41492206579511104,experimental
NZ436,5,bugs,0.5100537750432672,experimental
NZ437,5,bugs,0.41002197415028946,experimental
NZ438,5,bugs,0.3904390005690858,experimental
NZ439,5,bugs,0.5384910296499642,experimental
NZ440,5,bugs,0.3942280293261609,experimental
NZ441,5,bugs,0.4335151847232069,experimental
NZ442,5,bugs,0.38055223341172445,experimental
NZ443,5,bugs,0.367299775389168,experimental
NZ444,5,bugs,0.3444683200672004,experimental
NZ445,5,bugs,0.43300643688433393,experimental
NZ446,5,bugs,0.39399811698443515,experimental
NZ447,5,bugs,0.6187095431894918,experimental
NZ448,5,bugs,0.3904390005690858,experimental
NZ449,5,bugs,0.3904390005690858,experimental
NZ450,5,bugs,0.4639652030688054,experimental
NZ451,5,bugs,0.31195109433629836,experimental
NZ452,5,bugs,0.30870418884950285,experimental
NZ453,5,bugs,0.3171408683756594,experimental
NZ454,5,bugs,0.33120825255576664,experimental
NZ455,5,bugs,0.30726008814710115,experimental
NZ456,5,bugs,0.5254551333033614,experimental
NZ457,5,bugs,0.4023053537247033,experimental
NZ458,5,bugs,0.3437762847648967,experimental
NZ459,5,bugs,0.2946655379547945,experimental
NZ460,5,bugs,0.5484216381511995,experimental
NZ461,5,bugs,0.32376130673463605,experimental
NZ462,5,bugs,0.3702472825700234,experimental
NZ463,5,bugs,0.3772052295184345,experimental
NZ464,5,bugs,0.5694937246595803,experimental
NZ465,5,bugs,0.5861965182584271,experimental
NZ466,5,bugs,0.3739108656608345,experimental
NZ467,5,bugs,0.3764796165558698,experimental
NZ468,5,bugs,0.350357203272492,experimental
NZ469,5,bugs,0.44508291045429166,experimental
NZ470,5,bugs,0.4917106885782155,experimental
NZ471,5,bugs,0.40864600523318656,experimental
NZ472,5,bugs,0.54652857837465,experimental
NZ473,5,bugs,0.38442429748437995,experimental
NZ474,5,bugs,0.6509061939078017,experimental
NZ475,5,bugs,0.3573965536880103,experimental
NZ476,5,bugs,0.3526418215633523,experimental
NZ477,5,bugs,0.3573965536880103,experimental
NZ478,5,bugs,0.38117086828866686,experimental
NZ479,5,bugs,0.3573965536880103,experimental
NZ480,5,bugs,0.3428038152190772,experimental
NZ481,5,bugs,0.3847085777025024,experimental
NZ482,5,bugs,0.38700751867632405,experimental
NZ483,5,bugs,0.31509361433606464,experimental
NZ484,5,bugs,0.352559234458544,experimental
NZ485,5,bugs,0.36852665388806277,experimental
NZ486,5,bugs,0.33369118768437495,experimental
NZ487,5,bugs,0.3353048406384796,experimental
NZ488,5,bugs,0.36852665388806277,experimental
NZ489,5,bugs,0.37199854556348766,experimental
NZ490,5,bugs,0.3847744686065566,experimental
NZ491,5,bugs,0.45691735355607,experimental
NZ492,5,bugs,0.3737259301966454,experimental
NZ493,5,bugs,0.34617660120572147,experimental
NZ494,5,bugs,0.3995229912472982,experimental
NZ495,5,bugs,0.5944164631091192,experimental
NZ496,5,bugs,0.5361349105107017,experimental
NZ497,5,bugs,0.5315710627732934,experimental
NZ498,5,bugs,0.38948293438488746,experimental
NZ499,5,bugs,0.5944164631091192,experimental
NZ500,5,bugs,0.3428038152190772,experimental
NZ001,5,mud,0.8778263562207509,experimental
NZ002,5,mud,0.7829948021661005,experimental
NZ003,5,mud,0.7959556012222532,experimental
NZ004,5,mud,0.749788766143326,experimental
NZ005,5,mud,0.5412970932005075,experimental
NZ006,5,mud,0.8106320802687396,experimental
NZ007,5,mud,0.8068896357088744,experimental
NZ008,5,mud,0.765345802590891,experimental
NZ009,5,mud,0.7490686230590512,experimental
NZ010,5,mud,0.7297089645847575,experimental
NZ011,5,mud,0.8132139139983592,experimental
NZ012,5,mud,0.8818473514285963,experimental
NZ013,5,mud,0.9249371095100872,experimental
NZ014,5,mud,0.762006854865687,experimental
NZ015,5,mud,0.8104318811198313,experimental
NZ016,5,mud,0.8697741138369918,experimental
NZ017,5,mud,0.8600397708736377,experimental
NZ018,5,mud,0.8531876515258955,experimental
NZ019,5,mud,0.8893766332357568,experimental
NZ020,5,mud,0.7924080500622387,experimental
NZ021,5,mud,0.9101769676925051,experimental
NZ022,5,mud,0.8128842142177745,experimental
NZ023,5,mud,0.8780152309308064,experimental
NZ024,5,mud,0.7913925248246606,experimental
NZ025,5,mud,0.8467712116957674,experimental
NZ026,5,mud,0.8815483271158847,experimental
NZ027,5,mud,0.665925740500163,experimental
NZ028,5,mud,0.7998349724175449,experimental
NZ029,5,mud,0.8831135847416913,experimental
NZ030,5,mud,0.7879807231522159,experimental
NZ031,5,mud,0.8662038659031075,experimental
NZ032,5,mud,0.8370153233822711,experimental
NZ033,5,mud,0.840217585788725,experimental
NZ034,5,mud,0.7959159200212742,experimental
NZ035,5,mud,0.7660239922028232,experimental
NZ036,5,mud,0.7984159200212743,experimental
NZ037,5,mud,0.6355570799699543,experimental
NZ038,5,mud,0.6516565238829098,experimental
NZ039,5,mud,0.7626545451707272,experimental
NZ040,5,mud,0.7831898266625013,experimental
NZ041,5,mud,0.6869930177929248,experimental
NZ042,5,mud,0.664440509122948,experimental
NZ043,5,mud,0.7710778209992828,experimental
NZ044,5,mud,0.7959159200212742,experimental
NZ045,5,mud,0.8872471722074564,experimental
NZ046,5,mud,0.8697741138369918,experimental
NZ047,5,mud,0.7781481599958346,experimental
NZ048,5,mud,0.6928298409931631,experimental
NZ049,5,mud,0.6435295245298095,experimental
NZ050,5,mud,0.6435295245298095,experimental
NZ051,5,mud,0.5605545872074205,experimental
NZ052,5,mud,0.8040975327498686,experimental
NZ053,5,mud,0.9346205788297662,experimental
NZ054,5,mud,0.7794245542322162,experimental
NZ055,5,mud,0.7937091689281051,experimental
NZ056,5,mud,0.8032876727476107,experimental
NZ057,5,mud,0.7747386406027579,experimental
NZ058,5,mud,0.8392311833882983,experimental
NZ059,5,mud,0.747834702147642,experimental
NZ060,5,mud,0.7876570864780804,experimental
NZ061,5,mud,0.7004320153021911,experimental
NZ062,5,mud,0.784194683316785,experimental
NZ063,5,mud,0.7418272652384099,experimental
NZ064,5,mud,0.7548088436858662,experimental
NZ065,5,mud,0.8645219433918699,experimental
NZ066,5,mud,0.7548088436858662,experimental
NZ067,5,mud,0.7648785359036514,experimental
NZ068,5,mud,0.7648785359036514,experimental
NZ069,5,mud,0.6928298409931631,experimental
NZ070,5,mud,0.7453975131722943,experimental
NZ071,5,mud,0.8645219433918699,experimental
NZ072,5,mud,0.8559560619027728,experimental
NZ073,5,mud,0.7837200475753592,experimental
NZ074,5,mud,0.8645219433918699,experimental
NZ075,5,mud,0.8694628644332093,experimental
NZ076,5,mud,0.8534706706601208,experimental
NZ077,5,mud,0.8694628644332093,experimental
NZ078,5,mud,0.8569638857109613,experimental
NZ079,5,mud,0.8547267903202017,experimental
NZ080,5,mud,0.8562794816391472,experimental
NZ081,5,mud,0.8697741138369918,experimental
NZ082,5,mud,0.8562794816391472,experimental
NZ083,5,mud,0.9425919538647642,experimental
NZ084,5,mud,0.8416932442246263,experimental
NZ085,5,mud,0.8544538395193956,experimental
NZ086,5,mud,0.5444255811478589,experimental
NZ087,5,mud,0.5444255811478589,experimental
NZ088,5,mud,0.7117625152353718,experimental
NZ089,5,mud,0.6581524650117607,experimental
NZ090,5,mud,0.6260536053310869,experimental
NZ091,5,mud,0.537270633219949,experimental
NZ092,5,mud,0.6834308441344195,experimental
NZ093,5,mud,0.6116344113393045,experimental
NZ094,5,mud,0.6200883980024763,experimental
NZ095,5,mud,0.6274744833838884,experimental
NZ096,5,mud,0.7248378436027632,experimental
NZ097,5,mud,0.713113870484841,experimental
NZ098,5,mud,0.48149445857133016,experimental
NZ099,5,mud,0.6699349198071812,experimental
NZ100,5,mud,0.5659014542576829,experimental
NZ101,5,mud,0.629797469184333,experimental
NZ102,5,mud,0.7297049219418933,experimental
NZ103,5,mud,0.5219083520370231,experimental
NZ104,5,mud,0.5674920648380842,experimental
NZ105,5,mud,0.5907738001472925,experimental
NZ106,5,mud,0.5859153865684543,experimental
NZ107,5,mud,0.46137463119288824,experimental
NZ108,5,mud,0.5568006301805016,experimental
NZ109,5,mud,0.727075272438748,experimental
NZ110,5,mud,0.8044026009799754,experimental
NZ111,5,mud,0.7488420478682684,experimental
NZ112,5,mud,0.7671236000403545,experimental
NZ113,5,mud,0.7632217448008322,experimental
NZ114,5,mud,0.6924748265143593,experimental
NZ115,5,mud,0.7998349724175449,experimental
NZ116,5,mud,0.7924080500622387,experimental
NZ117,5,mud,0.7794245542322162,experimental
NZ118,5,mud,0.8920539040861775,experimental
NZ119,5,mud,0.5412724954290927,experimental
NZ120,5,mud,0.8734453279106984,experimental
NZ121,5,mud,0.8614530779364071,experimental
NZ122,5,mud,0.8413645550662108,experimental
NZ123,5,mud,0.9317473393931465,experimental
NZ124,5,mud,0.8970393301108144,experimental
NZ125,5,mud,0.8745234526260377,experimental
NZ126,5,mud,0.8175882909097685,experimental
NZ127,5,mud,0.7467777741452348,experimental
NZ128,5,mud,0.8795844753323987,experimental
NZ129,5,mud,0.7422960072429411,experimental
NZ130,5,mud,0.7488420478682684,experimental
NZ131,5,mud,0.7574500515490544,experimental
NZ132,5,mud,0.7467777741452348,experimental
NZ133,5,mud,0.5013494505777599,experimental
NZ134,5,mud,0.7480932052443443,experimental
NZ135,5,mud,0.7916790806452276,experimental
NZ136,5,mud,0.7924080500622387,experimental
NZ137,5,mud,0.8795589711142728,experimental
NZ138,5,mud,0.8074591954179642,experimental
NZ139,5,mud,0.6715930138296915,experimental
NZ140,5,mud,0.7633114279413442,experimental
NZ141,5,mud,0.8984429747154796,experimental
NZ142,5,mud,0.8031137615291499,experimental
NZ143,5,mud,0.8703599869088232,experimental
NZ144,5,mud,0.8424103415230112,experimental
NZ145,5,mud,0.7611525374975829,experimental
NZ146,5,mud,0.75389621512815,experimental
NZ147,5,mud,0.7664546578018664,experimental
NZ148,5,mud,0.7626545451707272,experimental
NZ149,5,mud,0.7710901231270552,experimental
NZ150,5,mud,0.8683240725963844,experimental
NZ151,5,mud,0.6971535359673384,experimental
NZ152,5,mud,0.762114155868414,experimental
NZ153,5,mud,0.7501257217030936,experimental
NZ154,5,mud,0.7501257217030936,experimental
NZ155,5,mud,0.7585489975316494,experimental
NZ156,5,mud,0.6761352834704204,experimental
NZ157,5,mud,0.7501257217030936,experimental
NZ158,5,mud,0.7501257217030936,experimental
NZ159,5,mud,0.8688246075344661,experimental
NZ160,5,mud,0.7501257217030936,experimental
NZ161,5,mud,0.7794697508354992,experimental
NZ162,5,mud,0.7501257217030936,experimental
NZ163,5,mud,0.7585489975316494,experimental
NZ164,5,mud,0.7549988611485658,experimental
NZ165,5,mud,0.8440084266841404,experimental
NZ166,5,mud,0.7473850931494245,experimental
NZ167,5,mud,0.7990609326784995,experimental
NZ168,5,mud,0.8015975327498686,experimental
NZ169,5,mud,0.7799048063139855,experimental
NZ170,5,mud,0.771801071446468,experimental
NZ171,5,mud,0.8745123854492683,experimental
NZ172,5,mud,0.7924080500622387,experimental
NZ173,5,mud,0.7998349724175449,experimental
NZ174,5,mud,0.8734453279106984,experimental
NZ175,5,mud,0.8734453279106984,experimental
NZ176,5,mud,0.6574166870907686,experimental
NZ177,5,mud,0.53927443965775,experimental
NZ178,5,mud,0.5387724954290927,experimental
NZ179,5,mud,0.6435295245298095,experimental
NZ180,5,mud,0.5412724954290927,experimental
NZ181,5,mud,0.7467777741452348,experimental
NZ182,5,mud,0.7610202994829387,experimental
NZ183,5,mud,0.735833182582174,experimental
NZ184,5,mud,0.6816202386290617,experimental
NZ185,5,mud,0.6394689220109261,experimental
NZ186,5,mud,0.6918431016444047,experimental
NZ187,5,mud,0.6934706416786011,experimental
NZ188,5,mud,0.6988773654026774,experimental
NZ189,5,mud,0.7617805851995867,experimental
NZ190,5,mud,0.8825906845042565,experimental
NZ191,5,mud,0.9238219590320225,experimental
NZ192,5,mud,0.8682345174538216,experimental
NZ193,5,mud,0.8727664684625256,experimental
NZ194,5,mud,0.9034370401391422,experimental
NZ195,5,mud,0.8777505293377657,experimental
NZ196,5,mud,0.9104461263395739,experimental
NZ197,5,mud,0.9092875891870975,experimental
NZ198,5,mud,0.8098467477611156,experimental
NZ199,5,mud,0.8264408568095197,experimental
NZ200,5,mud,0.7483287068946796,experimental
NZ201,5,mud,0.8547267903202017,experimental
NZ202,5,mud,0.6079553348374218,experimental
NZ203,5,mud,0.8697741138369918,experimental
NZ204,5,mud,0.7602422691324366,experimental
NZ205,5,mud,0.5919758032654427,experimental
NZ206,5,mud,0.6885431607793641,experimental
NZ207,5,mud,0.8569180627697829,experimental
NZ208,5,mud,0.7556019744281139,experimental
NZ209,5,mud,0.9425919538647642,experimental
NZ210,5,mud,0.8986847619820374,experimental
NZ211,5,mud,0.8179672413906313,experimental
NZ212,5,mud,0.8430263967677513,experimental
NZ213,5,mud,0.9425919538647642,experimental
NZ214,5,mud,0.8694628644332093,experimental
NZ215,5,mud,0.8562794816391472,experimental
NZ216,5,mud,0.9250368097132279,experimental
NZ217,5,mud,0.8642618889154334,experimental
NZ218,5,mud,0.9375700116788092,experimental
NZ219,5,mud,0.8211413205739675,experimental
NZ220,5,mud,0.9259180738459807,experimental
NZ221,5,mud,0.8401440506804321,experimental
NZ222,5,mud,0.9034664380125865,experimental
NZ223,5,mud,0.920942961757581,experimental
NZ224,5,mud,0.8428764953442199,experimental
NZ225,5,mud,0.8449029659829238,experimental
NZ226,5,mud,0.8547267903202017,experimental
NZ227,5,mud,0.9100983472859631,experimental
NZ228,5,mud,0.8734453279106984,experimental
NZ229,5,mud,0.9100983472859631,experimental
NZ230,5,mud,0.8524580284955224,experimental
NZ231,5,mud,0.8112683067473353,experimental
NZ232,5,mud,0.8734453279106984,experimental
NZ233,5,mud,0.8112683067473353,experimental
NZ234,5,mud,0.897431216240033,experimental
NZ235,5,mud,0.8562794816391472,experimental
NZ236,5,mud,0.8562794816391472,experimental
NZ237,5,mud,0.9249371095100872,experimental
NZ238,5,mud,0.9454651933013839,experimental
NZ239,5,mud,0.9218498513059432,experimental
NZ240,5,mud,0.8606916409815492,experimental
NZ241,5,mud,0.9357486663537963,experimental
NZ242,5,mud,0.8614804571569231,experimental
NZ243,5,mud,0.8054001447306682,experimental
NZ244,5,mud,0.8337553574115442,experimental
NZ245,5,mud,0.9163996433944336,experimental
NZ246,5,mud,0.8813556729602363,experimental
NZ247,5,mud,0.7665690193822013,experimental
NZ248,5,mud,0.7998349724175449,experimental
NZ249,5,mud,0.771801071446468,experimental
NZ250,5,mud,0.8864430886313706,experimental
NZ251,5,mud,0.7458817643565896,experimental
NZ252,5,mud,0.7924080500622387,experimental
NZ253,5,mud,0.7845929091444643,experimental
NZ254,5,mud,0.8813556729602363,experimental
NZ255,5,mud,0.8941355834022402,experimental
NZ256,5,mud,0.7433989144072668,experimental
NZ257,5,mud,0.7452628913636713,experimental
NZ258,5,mud,0.7924080500622387,experimental
NZ259,5,mud,0.8034621029455029,experimental
NZ260,5,mud,0.7924080500622387,experimental
NZ261,5,mud,0.7924080500622387,experimental
NZ262,5,mud,0.8070931509725191,experimental
NZ263,5,mud,0.7998349724175449,experimental
NZ264,5,mud,0.810528879475301,experimental
NZ265,5,mud,0.49872573441410684,experimental
NZ266,5,mud,0.5915144397045762,experimental
NZ267,5,mud,0.4950774476624865,experimental
NZ268,5,mud,0.7322007918366726,experimental
NZ269,5,mud,0.6209491728023803,experimental
NZ270,5,mud,0.6506854195304971,experimental
NZ271,5,mud,0.6885431607793641,experimental
NZ272,5,mud,0.5948108359040021,experimental
NZ273,5,mud,0.5998748680573242,experimental
NZ274,5,mud,0.6094727326620561,experimental
NZ275,5,mud,0.7487586869171459,experimental
NZ276,5,mud,0.6260536053310869,experimental
NZ277,5,mud,0.7542098492662584,experimental
NZ278,5,mud,0.7924080500622387,experimental
NZ279,5,mud,0.682432049668253,experimental
NZ280,5,mud,0.7542098492662584,experimental
NZ281,5,mud,0.7487586869171459,experimental
NZ282,5,mud,0.5988358847997147,experimental
NZ283,5,mud,0.6885431607793641,experimental
NZ284,5,mud,0.613975609181285,experimental
NZ285,5,mud,0.7332044671586451,experimental
NZ286,5,mud,0.6287419239705548,experimental
NZ287,5,mud,0.5992539612120514,experimental
NZ288,5,mud,0.666271147849246,experimental
NZ289,5,mud,0.5603708781143859,experimental
NZ290,5,mud,0.551497759703618,experimental
NZ291,5,mud,0.586082610856781,experimental
NZ292,5,mud,0.5980907860384435,experimental
NZ293,5,mud,0.49222108874666776,experimental
NZ294,5,mud,0.8940904597184244,experimental
NZ295,5,mud,0.7701221450678127,experimental
NZ296,5,mud,0.6939907292970037,experimental
NZ297,5,mud,0.7501257217030936,experimental
NZ298,5,mud,0.7585489975316494,experimental
NZ299,5,mud,0.5662839994326155,experimental
NZ300,5,mud,0.7721969275431331,experimental
NZ301,5,mud,0.8529853418953759,experimental
NZ302,5,mud,0.7847791178198332,experimental
NZ303,5,mud,0.7959159200212742,experimental
NZ304,5,mud,0.7626545451707272,experimental
NZ305,5,mud,0.8683706309072113,experimental
NZ306,5,mud,0.7604066995136696,experimental
NZ307,5,mud,0.6835533458195688,experimental
NZ308,5,mud,0.7702976596563,experimental
NZ309,5,mud,0.7740220808063368,experimental
NZ310,5,mud,0.7626545451707272,experimental
NZ311,5,mud,0.8940904597184244,experimental
NZ312,5,mud,0.7604415131154362,experimental
NZ313,5,mud,0.7710778209992828,experimental
NZ314,5,mud,0.8703599869088232,experimental
NZ315,5,mud,0.48654380458393576,experimental
NZ316,5,mud,0.665925740500163,experimental
NZ317,5,mud,0.679271342349677,experimental
NZ318,5,mud,0.4651127030709954,experimental
NZ319,5,mud,0.7125940110050558,experimental
NZ320,5,mud,0.8654503568835615,experimental
NZ321,5,mud,0.8164850275328854,experimental
NZ322,5,mud,0.8166610956469967,experimental
NZ323,5,mud,0.7087377535031293,experimental
NZ324,5,mud,0.7882840789279167,experimental
NZ325,5,mud,0.867883419617511,experimental
NZ326,5,mud,0.7914054792426797,experimental
NZ327,5,mud,0.8620036633085315,experimental
NZ328,5,mud,0.7256278854702012,experimental
NZ329,5,mud,0.7611602763397161,experimental
NZ330,5,mud,0.7914054792426797,experimental
NZ331,5,mud,0.6927803933903145,experimental
NZ332,5,mud,0.8674886387160519,experimental
NZ333,5,mud,0.7488420478682684,experimental
NZ334,5,mud,0.7467777741452348,experimental
NZ335,5,mud,0.7488420478682684,experimental
NZ336,5,mud,0.665925740500163,experimental
NZ337,5,mud,0.7774173085879692,experimental
NZ338,5,mud,0.74969634116063,experimental
NZ339,5,mud,0.7467777741452348,experimental
NZ340,5,mud,0.7610202994829387,experimental
NZ341,5,mud,0.8668722917171374,experimental
NZ342,5,mud,0.539756898499483,experimental
NZ343,5,mud,0.7488420478682684,experimental
NZ344,5,mud,0.8136937758211844,experimental
NZ345,5,mud,0.8825906845042565,experimental
NZ346,5,mud,0.8433186338239246,experimental
NZ347,5,mud,0.6723179594327628,experimental
NZ348,5,mud,0.8650294804704854,experimental
NZ349,5,mud,0.8192193425178607,experimental
NZ350,5,mud,0.844817056941816,experimental
NZ351,5,mud,0.8472943179699127,experimental
NZ352,5,mud,0.8131063445038235,experimental
NZ353,5,mud,0.867725405820561,experimental
NZ354,5,mud,0.8734453279106984,experimental
NZ355,5,mud,0.6691979530388471,experimental
NZ356,5,mud,0.8893766332357568,experimental
NZ357,5,mud,0.7480672362960559,experimental
NZ358,5,mud,0.6527936992234334,experimental
NZ359,5,mud,0.7501257217030936,experimental
NZ360,5,mud,0.8864277628433668,experimental
NZ361,5,mud,0.7585489975316494,experimental
NZ362,5,mud,0.7606409327236909,experimental
NZ363,5,mud,0.6685034102265957,experimental
NZ364,5,mud,0.7482635832949703,experimental
NZ365,5,mud,0.5185794093302323,experimental
NZ366,5,mud,0.7501257217030936,experimental
NZ367,5,mud,0.7467777741452348,experimental
NZ368,5,mud,0.6708948419517543,experimental
NZ369,5,mud,0.8606453512050838,experimental
NZ370,5,mud,0.7480980020807301,experimental
NZ371,5,mud,0.6885431607793641,experimental
NZ372,5,mud,0.7488420478682684,experimental
NZ373,5,mud,0.7429465082857782,experimental
NZ374,5,mud,0.7433612246342454,experimental
NZ375,5,mud,0.6810276770230955,experimental
NZ376,5,mud,0.5022645334445225,experimental
NZ377,5,mud,0.6106343897031702,experimental
NZ378,5,mud,0.5060087213583652,experimental
NZ379,5,mud,0.6106343897031702,experimental
NZ380,5,mud,0.665925740500163,experimental
NZ381,5,mud,0.665925740500163,experimental
NZ382,5,mud,0.5885833901158356,experimental
NZ383,5,mud,0.7418739158743982,experimental
NZ384,5,mud,0.7512419556444536,experimental
NZ385,5,mud,0.7596158308962953,experimental
NZ386,5,mud,0.8618116813862591,experimental
NZ387,5,mud,0.8562794816391472,experimental
NZ388,5,mud,0.8264408568095197,experimental
NZ389,5,mud,0.7897482689273625,experimental
NZ390,5,mud,0.665925740500163,experimental
NZ391,5,mud,0.8264408568095197,experimental
NZ392,5,mud,0.8697741138369918,experimental
NZ393,5,mud,0.8264408568095197,experimental
NZ394,5,mud,0.8544638857109612,experimental
NZ395,5,mud,0.6435295245298095,experimental
NZ396,5,mud,0.755162980719672,experimental
NZ397,5,mud,0.7810704871098886,experimental
NZ398,5,mud,0.7488420478682684,experimental
NZ399,5,mud,0.4841708366970602,experimental
NZ400,5,mud,0.5414678812043395,experimental
NZ401,5,mud,0.6435295245298095,experimental
NZ402,5,mud,0.6574166870907686,experimental
NZ403,5,mud,0.4432048555906383,experimental
NZ404,5,mud,0.6574166870907686,experimental
NZ405,5,mud,0.558502454181565,experimental
NZ406,5,mud,0.6435295245298095,experimental
NZ407,5,mud,0.6574166870907686,experimental
NZ408,5,mud,0.6574166870907686,experimental
NZ409,5,mud,0.5603708781143859,experimental
NZ410,5,mud,0.4854610377218332,experimental
NZ411,5,mud,0.5570341563902474,experimental
NZ412,5,mud,0.6574166870907686,experimental
NZ413,5,mud,0.6800221538225142,experimental
NZ414,5,mud,0.5479275117697338,experimental
NZ415,5,mud,0.552131763154523,experimental
NZ416,5,mud,0.7071990668432854,experimental
NZ417,5,mud,0.5583407124712522,experimental
NZ418,5,mud,0.570101501311392,experimental
NZ419,5,mud,0.5618237159890722,experimental
NZ420,5,mud,0.43059812063538366,experimental
NZ421,5,mud,0.8552146952765337,experimental
NZ422,5,mud,0.7610202994829387,experimental
NZ423,5,mud,0.7610202994829387,experimental
NZ424,5,mud,0.879816453024479,experimental
NZ425,5,mud,0.879816453024479,experimental
NZ426,5,mud,0.7396916026444715,experimental
NZ427,5,mud,0.8558284809458961,experimental
NZ428,5,mud,0.704397206260617,experimental
NZ429,5,mud,0.7610202994829387,experimental
NZ430,5,mud,0.7016735306841315,experimental
NZ431,5,mud,0.8650294804704854,experimental
NZ432,5,mud,0.7709905159774545,experimental
NZ433,5,mud,0.7699272092238448,experimental
NZ434,5,mud,0.7699272092238448,experimental
NZ435,5,mud,0.6932286323682884,experimental
NZ436,5,mud,0.7677081288953782,experimental
NZ437,5,mud,0.6981012797576154,experimental
NZ438,5,mud,0.7632217448008322,experimental
NZ439,5,mud,0.8732937311441995,experimental
NZ440,5,mud,0.765345802590891,experimental
NZ441,5,mud,0.8833879685119784,experimental
NZ442,5,mud,0.7673715153935151,experimental
NZ443,5,mud,0.812647106755557,experimental
NZ444,5,mud,0.8458223476107872,experimental
NZ445,5,mud,0.7363670665389698,experimental
NZ446,5,mud,0.7488420478682684,experimental
NZ447,5,mud,0.8622735754279023,experimental
NZ448,5,mud,0.7488420478682684,experimental
NZ449,5,mud,0.7488420478682684,experimental
NZ450,5,mud,0.6889208303376422,experimental
NZ451,5,mud,0.8264408568095197,experimental
NZ452,5,mud,0.8264408568095197,experimental
NZ453,5,mud,0.8264408568095197,experimental
NZ454,5,mud,0.5946044667114975,experimental
NZ455,5,mud,0.6885431607793641,experimental
NZ456,5,mud,0.8528274027377865,experimental
NZ457,5,mud,0.6182336924245384,experimental
NZ458,5,mud,0.524272878059239,experimental
NZ459,5,mud,0.620347613877408,experimental
NZ460,5,mud,0.7490945972692418,experimental
NZ461,5,mud,0.6094727326620561,experimental
NZ462,5,mud,0.8562794816391472,experimental
NZ463,5,mud,0.8372226291152176,experimental
NZ464,5,mud,0.9385834711859584,experimental
NZ465,5,mud,0.9385834711859584,experimental
NZ466,5,mud,0.8562794816391472,experimental
NZ467,5,mud,0.8697741138369918,experimental
NZ468,5,mud,0.8672038716274538,experimental
NZ469,5,mud,0.7461125100292713,experimental
NZ470,5,mud,0.7376881180417868,experimental
NZ471,5,mud,0.6453347411821256,experimental
NZ472,5,mud,0.7622921326676215,experimental
NZ473,5,mud,0.7467777741452348,experimental
NZ474,5,mud,0.8587799126678379,experimental
NZ475,5,mud,0.7610202994829387,experimental
NZ476,5,mud,0.7606409327236909,experimental
NZ477,5,mud,0.7610202994829387,experimental
NZ478,5,mud,0.7400539455506472,experimental
NZ479,5,mud,0.7610202994829387,experimental
NZ480,5,mud,0.8734453279106984,experimental
NZ481,5,mud,0.5401026712854408,experimental
NZ482,5,mud,0.6089836500741409,experimental
NZ483,5,mud,0.8178223293040139,experimental
NZ484,5,mud,0.6219835625534142,experimental
NZ485,5,mud,0.6482912853901258,experimental
NZ486,5,mud,0.6578113477094214,experimental
NZ487,5,mud,0.6365296318483017,experimental
NZ488,5,mud,0.6482912853901258,experimental
NZ489,5,mud,0.6482912853901258,experimental
NZ490,5,mud,0.8178700630742749,experimental
NZ491,5,mud,0.8553274027377864,experimental
NZ492,5,mud,0.8562794816391472,experimental
NZ493,5,mud,0.8734453279106984,experimental
NZ494,5,mud,0.863648310347552,experimental
NZ495,5,mud,0.9218498513059432,experimental
NZ496,5,mud,0.9138787876085672,experimental
NZ497,5,mud,0.8986847619820374,experimental
NZ498,5,mud,0.8592214643511678,experimental
NZ499,5,mud,0.9327613613569486,experimental
NZ500,5,mud,0.8734453279106984,experimental
NZ001,6,overall_good,0.984843805814475,experimental
NZ002,6,overall_good,0.9861481653354935,experimental
NZ003,6,overall_good,0.9812366662194961,experimental
NZ004,6,overall_good,0.9855138232673812,experimental
NZ005,6,overall_good,0.9837217663957369,experimental
NZ006,6,overall_good,0.9779095210828653,experimental
NZ007,6,overall_good,0.9859694219106061,experimental
NZ008,6,overall_good,0.9823223305165174,experimental
NZ009,6,overall_good,0.9807851589857762,experimental
NZ010,6,overall_good,0.9846568415561697,experimental
NZ011,6,overall_good,0.985925017111295,experimental
NZ012,6,overall_good,0.9800145667115713,experimental
NZ013,6,overall_good,0.9786705881039724,experimental
NZ014,6,overall_good,0.9847917061929649,experimental
NZ015,6,overall_good,0.9761630992244296,experimental
NZ016,6,overall_good,0.9786065390601602,experimental
NZ017,6,overall_good,0.9790676753220147,experimental
NZ018,6,overall_good,0.9794368689354164,experimental
NZ019,6,overall_good,0.9773027569403836,experimental
NZ020,6,overall_good,0.9851257615911098,experimental
NZ021,6,overall_good,0.9792176288860163,experimental
NZ022,6,overall_good,0.9798658356796653,experimental
NZ023,6,overall_good,0.9822125705236091,experimental
NZ024,6,overall_good,0.982915149995765,experimental
NZ025,6,overall_good,0.9815729637562148,experimental
NZ026,6,overall_good,0.9815463960416659,experimental
NZ027,6,overall_good,0.9799357207476745,experimental
NZ028,6,overall_good,0.9846182977423018,experimental
NZ029,6,overall_good,0.983242113862647,experimental
NZ030,6,overall_good,0.986295701566208,experimental
NZ031,6,overall_good,0.9785775118843879,experimental
NZ032,6,overall_good,0.9798528639237131,experimental
NZ033,6,overall_good,0.9801000080229869,experimental
NZ034,6,overall_good,0.9783010205941911,experimental
NZ035,6,overall_good,0.9811964840186476,experimental
NZ036,6,overall_good,0.9782885007773104,experimental
NZ037,6,overall_good,0.9832535276181116,experimental
NZ038,6,overall_good,0.9801056982432775,experimental
NZ039,6,overall_good,0.980334259734833,experimental
NZ040,6,overall_good,0.9826770372670414,experimental
NZ041,6,overall_good,0.9817010854682654,experimental
NZ042,6,overall_good,0.981681094311682,experimental
NZ043,6,overall_good,0.9796610612512363,experimental
NZ044,6,overall_good,0.9783933089787605,experimental
NZ045,6,overall_good,0.9777147874217245,experimental
NZ046,6,overall_good,0.97862395349821,experimental
NZ047,6,overall_good,0.9830480757835613,experimental
NZ048,6,overall_good,0.9829636927436266,experimental
NZ049,6,overall_good,0.9832989115992197,experimental
NZ050,6,overall_good,0.9832712646940643,experimental
NZ051,6,overall_good,0.983749412607319,experimental
NZ052,6,overall_good,0.9837496424164249,experimental
NZ053,6,overall_good,0.9792613479564274,experimental
NZ054,6,overall_good,0.9860445223977563,experimental
NZ055,6,overall_good,0.9846194987650364,experimental
NZ056,6,overall_good,0.9860951873475023,experimental
NZ057,6,overall_good,0.9801959695650686,experimental
NZ058,6,overall_good,0.9823398475861306,experimental
NZ059,6,overall_good,0.9828990721263268,experimental
NZ060,6,overall_good,0.9826099413462885,experimental
NZ061,6,overall_good,0.9787954002343557,experimental
NZ062,6,overall_good,0.9830320742026977,experimental
NZ063,6,overall_good,0.9819013027995303,experimental
NZ064,6,overall_good,0.981279251986112,experimental
NZ065,6,overall_good,0.9823113108641899,experimental
NZ066,6,overall_good,0.9812912574779526,experimental
NZ067,6,overall_good,0.9825061974494463,experimental
NZ068,6,overall_good,0.9824372375601386,experimental
NZ069,6,overall_good,0.9830207698922034,experimental
NZ070,6,overall_good,0.9819766827972419,experimental
NZ071,6,overall_good,0.9825349500311183,experimental
NZ072,6,overall_good,0.9805719827363084,experimental
NZ073,6,overall_good,0.9826341900827009,experimental
NZ074,6,overall_good,0.9823747967715116,experimental
NZ075,6,overall_good,0.9790737264913603,experimental
NZ076,6,overall_good,0.9798797230768046,experimental
NZ077,6,overall_good,0.9790826829756346,experimental
NZ078,6,overall_good,0.979253979546448,experimental
NZ079,6,overall_good,0.9800462596945247,experimental
NZ080,6,overall_good,0.9798842048284399,experimental
NZ081,6,overall_good,0.9786344554352857,experimental
NZ082,6,overall_good,0.9799277420126682,experimental
NZ083,6,overall_good,0.9792002080189047,experimental
NZ084,6,overall_good,0.9794662067472377,experimental
NZ085,6,overall_good,0.9798371909542668,experimental
NZ086,6,overall_good,0.9817122371747461,experimental
NZ087,6,overall_good,0.9817427052186986,experimental
NZ088,6,overall_good,0.9813072681689292,experimental
NZ089,6,overall_good,0.9808490754496179,experimental
NZ090,6,overall_good,0.9820346157126456,experimental
NZ091,6,overall_good,0.9816147196761197,experimental
NZ092,6,overall_good,0.9819836813488175,experimental
NZ093,6,overall_good,0.9792182798641018,experimental
NZ094,6,overall_good,0.9818023335426744,experimental
NZ095,6,overall_good,0.9817161579245843,experimental
NZ096,6,overall_good,0.9789634246440782,experimental
NZ097,6,overall_good,0.9836932774879522,experimental
NZ098,6,overall_good,0.9837715424571959,experimental
NZ099,6,overall_good,0.981497298013681,experimental
NZ100,6,overall_good,0.9827151216299674,experimental
NZ101,6,overall_good,0.9800554762537331,experimental
NZ102,6,overall_good,0.9808913550078758,experimental
NZ103,6,overall_good,0.9779205972358903,experimental
NZ104,6,overall_good,0.9809626201636626,experimental
NZ105,6,overall_good,0.9792516170191886,experimental
NZ106,6,overall_good,0.9776573981909336,experimental
NZ107,6,overall_good,0.9842870748754562,experimental
NZ108,6,overall_good,0.98428449546111,experimental
NZ109,6,overall_good,0.9818906550185362,experimental
NZ110,6,overall_good,0.9823497060199659,experimental
NZ111,6,overall_good,0.9805262826929849,experimental
NZ112,6,overall_good,0.982161142819642,experimental
NZ113,6,overall_good,0.981612128353659,experimental
NZ114,6,overall_good,0.98216154544596,experimental
NZ115,6,overall_good,0.9846234417683193,experimental
NZ116,6,overall_good,0.9851474446115518,experimental
NZ117,6,overall_good,0.9860685426497369,experimental
NZ118,6,overall_good,0.9830644436334146,experimental
NZ119,6,overall_good,0.9837325664072625,experimental
NZ120,6,overall_good,0.9778605931375877,experimental
NZ121,6,overall_good,0.979120609031015,experimental
NZ122,6,overall_good,0.9801906958557379,experimental
NZ123,6,overall_good,0.9795234956097624,experimental
NZ124,6,overall_good,0.9775075604894439,experimental
NZ125,6,overall_good,0.9808797611168742,experimental
NZ126,6,overall_good,0.9812496564871167,experimental
NZ127,6,overall_good,0.9816975670938558,experimental
NZ128,6,overall_good,0.9777608869476915,experimental
NZ129,6,overall_good,0.9818717646942587,experimental
NZ130,6,overall_good,0.9805010710418685,experimental
NZ131,6,overall_good,0.9797950072561071,experimental
NZ132,6,overall_good,0.9817222508334555,experimental
NZ133,6,overall_good,0.9836581799342979,experimental
NZ134,6,overall_good,0.985521788927952,experimental
NZ135,6,overall_good,0.9855535528972873,experimental
NZ136,6,overall_good,0.9851223384434333,experimental
NZ137,6,overall_good,0.9811787288610347,experimental
NZ138,6,overall_good,0.9787451511365146,experimental
NZ139,6,overall_good,0.9798111823578491,experimental
NZ140,6,overall_good,0.9824426034331696,experimental
NZ141,6,overall_good,0.983059260404809,experimental
NZ142,6,overall_good,0.9779712865016144,experimental
NZ143,6,overall_good,0.9804056669634447,experimental
NZ144,6,overall_good,0.9802933530429384,experimental
NZ145,6,overall_good,0.9814186417539403,experimental
NZ146,6,overall_good,0.9815114047256693,experimental
NZ147,6,overall_good,0.9785534189881502,experimental
NZ148,6,overall_good,0.9804437930054861,experimental
NZ149,6,overall_good,0.9787615071028735,experimental
NZ150,6,overall_good,0.9767996093453802,experimental
NZ151,6,overall_good,0.9770665427259355,experimental
NZ152,6,overall_good,0.9771634839681504,experimental
NZ153,6,overall_good,0.9835647651956542,experimental
NZ154,6,overall_good,0.9835592855321659,experimental
NZ155,6,overall_good,0.9829461922683523,experimental
NZ156,6,overall_good,0.9835935034336472,experimental
NZ157,6,overall_good,0.9835503775206574,experimental
NZ158,6,overall_good,0.9835689614742295,experimental
NZ159,6,overall_good,0.9834047257199621,experimental
NZ160,6,overall_good,0.9835484091795049,experimental
NZ161,6,overall_good,0.9842372922867275,experimental
NZ162,6,overall_good,0.9835621700926446,experimental
NZ163,6,overall_good,0.982965056215827,experimental
NZ164,6,overall_good,0.9846792370521794,experimental
NZ165,6,overall_good,0.9846001433380441,experimental
NZ166,6,overall_good,0.9859682119371875,experimental
NZ167,6,overall_good,0.9864425873369381,experimental
NZ168,6,overall_good,0.9838030152954369,experimental
NZ169,6,overall_good,0.9860087134086086,experimental
NZ170,6,overall_good,0.9860273333720098,experimental
NZ171,6,overall_good,0.9850385436854151,experimental
NZ172,6,overall_good,0.9851488831011707,experimental
NZ173,6,overall_good,0.9846075219013825,experimental
NZ174,6,overall_good,0.977789895438729,experimental
NZ175,6,overall_good,0.9778083643752614,experimental
NZ176,6,overall_good,0.9826389495039851,experimental
NZ177,6,overall_good,0.9842624341947263,experimental
NZ178,6,overall_good,0.9838618022957482,experimental
NZ179,6,overall_good,0.9832567459142189,experimental
NZ180,6,overall_good,0.9837868747217414,experimental
NZ181,6,overall_good,0.9817495482392781,experimental
NZ182,6,overall_good,0.9797918136960982,experimental
NZ183,6,overall_good,0.981625704368346,experimental
NZ184,6,overall_good,0.9810583751571026,experimental
NZ185,6,overall_good,0.9805134029911878,experimental
NZ186,6,overall_good,0.9828749560614581,experimental
NZ187,6,overall_good,0.9818189955187204,experimental
NZ188,6,overall_good,0.9811344594959335,experimental
NZ189,6,overall_good,0.9822215537495976,experimental
NZ190,6,overall_good,0.982049686759767,experimental
NZ191,6,overall_good,0.9797288020278193,experimental
NZ192,6,overall_good,0.9825048151803178,experimental
NZ193,6,overall_good,0.9799871344639763,experimental
NZ194,6,overall_good,0.9804207351288218,experimental
NZ195,6,overall_good,0.981944061933704,experimental
NZ196,6,overall_good,0.9818540976462512,experimental
NZ197,6,overall_good,0.9831639951017672,experimental
NZ198,6,overall_good,0.9800878616696939,experimental
NZ199,6,overall_good,0.9812181382694193,experimental
NZ200,6,overall_good,0.9820142381062889,experimental
NZ201,6,overall_good,0.9801540532803498,experimental
NZ202,6,overall_good,0.9825028815631714,experimental
NZ203,6,overall_good,0.9785895506639072,experimental
NZ204,6,overall_good,0.9818403152482668,experimental
NZ205,6,overall_good,0.9822103340305939,experimental
NZ206,6,overall_good,0.9805122101310615,experimental
NZ207,6,overall_good,0.9796588016865491,experimental
NZ208,6,overall_good,0.9816139169179938,experimental
NZ209,6,overall_good,0.9786835121135647,experimental
NZ210,6,overall_good,0.9793938284807991,experimental
NZ211,6,overall_good,0.9790619061538538,experimental
NZ212,6,overall_good,0.9801867852875403,experimental
NZ213,6,overall_good,0.9792680570698478,experimental
NZ214,6,overall_good,0.9790494492932794,experimental
NZ215,6,overall_good,0.9799022463019881,experimental
NZ216,6,overall_good,0.9799381649748398,experimental
NZ217,6,overall_good,0.9792010331100132,experimental
NZ218,6,overall_good,0.9796023930441022,experimental
NZ219,6,overall_good,0.9789884481364678,experimental
NZ220,6,overall_good,0.975551005535148,experimental
NZ221,6,overall_good,0.9781403930618149,experimental
NZ222,6,overall_good,0.979273909031678,experimental
NZ223,6,overall_good,0.9789223677376322,experimental
NZ224,6,overall_good,0.9788399231298915,experimental
NZ225,6,overall_good,0.9796069792097486,experimental
NZ226,6,overall_good,0.9801667961020124,experimental
NZ227,6,overall_good,0.9792218840395188,experimental
NZ228,6,overall_good,0.9778083474468379,experimental
NZ229,6,overall_good,0.9791121007478526,experimental
NZ230,6,overall_good,0.9806257489904764,experimental
NZ231,6,overall_good,0.9779782132166412,experimental
NZ232,6,overall_good,0.9778830398165326,experimental
NZ233,6,overall_good,0.9779410256622747,experimental
NZ234,6,overall_good,0.9797666254581292,experimental
NZ235,6,overall_good,0.9799220151575326,experimental
NZ236,6,overall_good,0.9799231316277222,experimental
NZ237,6,overall_good,0.9781698851732042,experimental
NZ238,6,overall_good,0.9790688398027148,experimental
NZ239,6,overall_good,0.9761455447190124,experimental
NZ240,6,overall_good,0.9791270757151115,experimental
NZ241,6,overall_good,0.9790148027599079,experimental
NZ242,6,overall_good,0.9797311070411441,experimental
NZ243,6,overall_good,0.9798738148982342,experimental
NZ244,6,overall_good,0.9763721144378419,experimental
NZ245,6,overall_good,0.9752728626234249,experimental
NZ246,6,overall_good,0.9852252575963676,experimental
NZ247,6,overall_good,0.9860099571383634,experimental
NZ248,6,overall_good,0.9846634748306651,experimental
NZ249,6,overall_good,0.9860434046987081,experimental
NZ250,6,overall_good,0.9860673988564507,experimental
NZ251,6,overall_good,0.9835398852806672,experimental
NZ252,6,overall_good,0.9851242408680443,experimental
NZ253,6,overall_good,0.9855272332450797,experimental
NZ254,6,overall_good,0.9849121327170742,experimental
NZ255,6,overall_good,0.9856964004359887,experimental
NZ256,6,overall_good,0.986022893782353,experimental
NZ257,6,overall_good,0.9852095878506185,experimental
NZ258,6,overall_good,0.9851825712393072,experimental
NZ259,6,overall_good,0.9852320783593792,experimental
NZ260,6,overall_good,0.9852126853410278,experimental
NZ261,6,overall_good,0.9851541988844322,experimental
NZ262,6,overall_good,0.9861311933255077,experimental
NZ263,6,overall_good,0.9846163434410748,experimental
NZ264,6,overall_good,0.9832956989058552,experimental
NZ265,6,overall_good,0.9813232088328006,experimental
NZ266,6,overall_good,0.9811789783461728,experimental
NZ267,6,overall_good,0.9812634998622026,experimental
NZ268,6,overall_good,0.9816861885441655,experimental
NZ269,6,overall_good,0.9831773611744054,experimental
NZ270,6,overall_good,0.9782468136261387,experimental
NZ271,6,overall_good,0.9805148462555379,experimental
NZ272,6,overall_good,0.9805376824478731,experimental
NZ273,6,overall_good,0.9828054134247569,experimental
NZ274,6,overall_good,0.9823815131132259,experimental
NZ275,6,overall_good,0.9816552151288032,experimental
NZ276,6,overall_good,0.9821059953343468,experimental
NZ277,6,overall_good,0.9830363509782547,experimental
NZ278,6,overall_good,0.9851223384434333,experimental
NZ279,6,overall_good,0.9805764060301531,experimental
NZ280,6,overall_good,0.9830401228205115,experimental
NZ281,6,overall_good,0.9817110896370869,experimental
NZ282,6,overall_good,0.9825382442217058,experimental
NZ283,6,overall_good,0.9806359810960121,experimental
NZ284,6,overall_good,0.9817048111280312,experimental
NZ285,6,overall_good,0.9820058643354598,experimental
NZ286,6,overall_good,0.9815626158584086,experimental
NZ287,6,overall_good,0.9837571063861804,experimental
NZ288,6,overall_good,0.982006409972981,experimental
NZ289,6,overall_good,0.984395123016275,experimental
NZ290,6,overall_good,0.9833927578904884,experimental
NZ291,6,overall_good,0.9779772646506198,experimental
NZ292,6,overall_good,0.9804495441592821,experimental
NZ293,6,overall_good,0.9804276519717121,experimental
NZ294,6,overall_good,0.9773935243700577,experimental
NZ295,6,overall_good,0.9809225927371642,experimental
NZ296,6,overall_good,0.981072264749022,experimental
NZ297,6,overall_good,0.9835502581585694,experimental
NZ298,6,overall_good,0.9829630190490695,experimental
NZ299,6,overall_good,0.9827232203301091,experimental
NZ300,6,overall_good,0.9818663533844725,experimental
NZ301,6,overall_good,0.981012502398472,experimental
NZ302,6,overall_good,0.9783392683947352,experimental
NZ303,6,overall_good,0.9783089562972359,experimental
NZ304,6,overall_good,0.9803515613314291,experimental
NZ305,6,overall_good,0.9803868918262774,experimental
NZ306,6,overall_good,0.9779985015995196,experimental
NZ307,6,overall_good,0.9797731196119736,experimental
NZ308,6,overall_good,0.9816837485366728,experimental
NZ309,6,overall_good,0.978367494230094,experimental
NZ310,6,overall_good,0.9803434366232516,experimental
NZ311,6,overall_good,0.9773638263510586,experimental
NZ312,6,overall_good,0.9814990857510568,experimental
NZ313,6,overall_good,0.9796520220457486,experimental
NZ314,6,overall_good,0.9805551722570247,experimental
NZ315,6,overall_good,0.9804802372981876,experimental
NZ316,6,overall_good,0.9799369968561438,experimental
NZ317,6,overall_good,0.9791979450964667,experimental
NZ318,6,overall_good,0.984389038302595,experimental
NZ319,6,overall_good,0.9799011814662906,experimental
NZ320,6,overall_good,0.9772546022799001,experimental
NZ321,6,overall_good,0.980097931043104,experimental
NZ322,6,overall_good,0.9801365285797624,experimental
NZ323,6,overall_good,0.9807918727361974,experimental
NZ324,6,overall_good,0.979744323817252,experimental
NZ325,6,overall_good,0.9792882607741515,experimental
NZ326,6,overall_good,0.978620333685199,experimental
NZ327,6,overall_good,0.9802604428521781,experimental
NZ328,6,overall_good,0.9787142980120046,experimental
NZ329,6,overall_good,0.9772966406306596,experimental
NZ330,6,overall_good,0.9786091493578131,experimental
NZ331,6,overall_good,0.9805710851484003,experimental
NZ332,6,overall_good,0.9805309766250925,experimental
NZ333,6,overall_good,0.9804849843244157,experimental
NZ334,6,overall_good,0.9817349111779855,experimental
NZ335,6,overall_good,0.9804880406719717,experimental
NZ336,6,overall_good,0.9799002396808812,experimental
NZ337,6,overall_good,0.9782159364693643,experimental
NZ338,6,overall_good,0.9809947996972698,experimental
NZ339,6,overall_good,0.9817346046274006,experimental
NZ340,6,overall_good,0.9798366370834148,experimental
NZ341,6,overall_good,0.9803238830630352,experimental
NZ342,6,overall_good,0.9837220890358428,experimental
NZ343,6,overall_good,0.9805058781193309,experimental
NZ344,6,overall_good,0.9822346766371439,experimental
NZ345,6,overall_good,0.9821425679856125,experimental
NZ346,6,overall_good,0.9805679780030775,experimental
NZ347,6,overall_good,0.9811912614414604,experimental
NZ348,6,overall_good,0.9822270254515976,experimental
NZ349,6,overall_good,0.9778819474468364,experimental
NZ350,6,overall_good,0.976886393998925,experimental
NZ351,6,overall_good,0.976462683293207,experimental
NZ352,6,overall_good,0.9791041957096805,experimental
NZ353,6,overall_good,0.9777710660842189,experimental
NZ354,6,overall_good,0.9778791979544265,experimental
NZ355,6,overall_good,0.981740528542394,experimental
NZ356,6,overall_good,0.9776493784667388,experimental
NZ357,6,overall_good,0.978600011435128,experimental
NZ358,6,overall_good,0.983933281172494,experimental
NZ359,6,overall_good,0.9835366321652469,experimental
NZ360,6,overall_good,0.9794544632642568,experimental
NZ361,6,overall_good,0.9829609947092557,experimental
NZ362,6,overall_good,0.9810881730726525,experimental
NZ363,6,overall_good,0.9836617192924835,experimental
NZ364,6,overall_good,0.9796551200907191,experimental
NZ365,6,overall_good,0.983793475287569,experimental
NZ366,6,overall_good,0.983534649573083,experimental
NZ367,6,overall_good,0.9817607217290337,experimental
NZ368,6,overall_good,0.9816248215212012,experimental
NZ369,6,overall_good,0.9805250013377893,experimental
NZ370,6,overall_good,0.9847271495624855,experimental
NZ371,6,overall_good,0.980583807027468,experimental
NZ372,6,overall_good,0.9806283154383699,experimental
NZ373,6,overall_good,0.9816890678974284,experimental
NZ374,6,overall_good,0.982017133153266,experimental
NZ375,6,overall_good,0.9785455233477658,experimental
NZ376,6,overall_good,0.9812972335686432,experimental
NZ377,6,overall_good,0.9805785312685041,experimental
NZ378,6,overall_good,0.9813257373423819,experimental
NZ379,6,overall_good,0.9805019226913075,experimental
NZ380,6,overall_good,0.9799948136662762,experimental
NZ381,6,overall_good,0.9799035771039418,experimental
NZ382,6,overall_good,0.9806289702724109,experimental
NZ383,6,overall_good,0.9830346413755561,experimental
NZ384,6,overall_good,0.9830342332200478,experimental
NZ385,6,overall_good,0.9801418122282781,experimental
NZ386,6,overall_good,0.9823797919710731,experimental
NZ387,6,overall_good,0.9799151321381739,experimental
NZ388,6,overall_good,0.9812358722046566,experimental
NZ389,6,overall_good,0.982964715284678,experimental
NZ390,6,overall_good,0.9799425591855189,experimental
NZ391,6,overall_good,0.9812039295880465,experimental
NZ392,6,overall_good,0.9786192371936083,experimental
NZ393,6,overall_good,0.9811945656061182,experimental
NZ394,6,overall_good,0.9794923497652903,experimental
NZ395,6,overall_good,0.9832768702371973,experimental
NZ396,6,overall_good,0.9827173331965454,experimental
NZ397,6,overall_good,0.9806260569789691,experimental
NZ398,6,overall_good,0.980550646689641,experimental
NZ399,6,overall_good,0.9837867502867006,experimental
NZ400,6,overall_good,0.9814513250642878,experimental
NZ401,6,overall_good,0.9832528999447374,experimental
NZ402,6,overall_good,0.9826454127927445,experimental
NZ403,6,overall_good,0.9842424405534312,experimental
NZ404,6,overall_good,0.9827248894918916,experimental
NZ405,6,overall_good,0.983805975709916,experimental
NZ406,6,overall_good,0.9832576929619721,experimental
NZ407,6,overall_good,0.9826640477075278,experimental
NZ408,6,overall_good,0.9827641446043875,experimental
NZ409,6,overall_good,0.9843243593647818,experimental
NZ410,6,overall_good,0.9838409235535427,experimental
NZ411,6,overall_good,0.983884674673949,experimental
NZ412,6,overall_good,0.9826958531249131,experimental
NZ413,6,overall_good,0.9834726876242718,experimental
NZ414,6,overall_good,0.9833115192847305,experimental
NZ415,6,overall_good,0.9834026633353988,experimental
NZ416,6,overall_good,0.9839023782090525,experimental
NZ417,6,overall_good,0.9839189268209552,experimental
NZ418,6,overall_good,0.9836682100633517,experimental
NZ419,6,overall_good,0.9803791086760888,experimental
NZ420,6,overall_good,0.9843270942984569,experimental
NZ421,6,overall_good,0.9811300936219423,experimental
NZ422,6,overall_good,0.9799002034198473,experimental
NZ423,6,overall_good,0.9797934217874903,experimental
NZ424,6,overall_good,0.9814632513725043,experimental
NZ425,6,overall_good,0.9811891092933596,experimental
NZ426,6,overall_good,0.9816605822656479,experimental
NZ427,6,overall_good,0.9793268462163238,experimental
NZ428,6,overall_good,0.9797967221790124,experimental
NZ429,6,overall_good,0.9799134116792011,experimental
NZ430,6,overall_good,0.9785360156131796,experimental
NZ431,6,overall_good,0.9828163782129196,experimental
NZ432,6,overall_good,0.9797157204595697,experimental
NZ433,6,overall_good,0.9809588839880906,experimental
NZ434,6,overall_good,0.980973680762451,experimental
NZ435,6,overall_good,0.9816277664325255,experimental
NZ436,6,overall_good,0.9821706962473048,experimental
NZ437,6,overall_good,0.9816926031828488,experimental
NZ438,6,overall_good,0.9816043818965728,experimental
NZ439,6,overall_good,0.9832356468462383,experimental
NZ440,6,overall_good,0.9822669763120954,experimental
NZ441,6,overall_good,0.9827575561454922,experimental
NZ442,6,overall_good,0.9828868578537917,experimental
NZ443,6,overall_good,0.9818607484102203,experimental
NZ444,6,overall_good,0.9829904472610452,experimental
NZ445,6,overall_good,0.9782419598261604,experimental
NZ446,6,overall_good,0.9806119917711091,experimental
NZ447,6,overall_good,0.9782107637510897,experimental
NZ448,6,overall_good,0.9805170038262293,experimental
NZ449,6,overall_good,0.9804930218477519,experimental
NZ450,6,overall_good,0.9815717257786382,experimental
NZ451,6,overall_good,0.981288711143839,experimental
NZ452,6,overall_good,0.9812133674687119,experimental
NZ453,6,overall_good,0.9812510516235389,experimental
NZ454,6,overall_good,0.9822455053217732,experimental
NZ455,6,overall_good,0.9805486564472643,experimental
NZ456,6,overall_good,0.9799199982751522,experimental
NZ457,6,overall_good,0.9822908751664396,experimental
NZ458,6,overall_good,0.9823539794851519,experimental
NZ459,6,overall_good,0.9816168165036671,experimental
NZ460,6,overall_good,0.9786215940147651,experimental
NZ461,6,overall_good,0.9823239725181269,experimental
NZ462,6,overall_good,0.9799156137986422,experimental
NZ463,6,overall_good,0.9794505865805629,experimental
NZ464,6,overall_good,0.975378826866286,experimental
NZ465,6,overall_good,0.9753957062359124,experimental
NZ466,6,overall_good,0.9799257927583475,experimental
NZ467,6,overall_good,0.9786078978604719,experimental
NZ468,6,overall_good,0.9791587775422607,experimental
NZ469,6,overall_good,0.9813532626469015,experimental
NZ470,6,overall_good,0.9820356832814561,experimental
NZ471,6,overall_good,0.981817967574167,experimental
NZ472,6,overall_good,0.9822030797508831,experimental
NZ473,6,overall_good,0.98172559807052,experimental
NZ474,6,overall_good,0.9817047784958005,experimental
NZ475,6,overall_good,0.979805460854729,experimental
NZ476,6,overall_good,0.9810830526208212,experimental
NZ477,6,overall_good,0.9798044993979166,experimental
NZ478,6,overall_good,0.9787198601315806,experimental
NZ479,6,overall_good,0.9798813938495285,experimental
NZ480,6,overall_good,0.9778095618619957,experimental
NZ481,6,overall_good,0.9832537903991939,experimental
NZ482,6,overall_good,0.9831780427978445,experimental
NZ483,6,overall_good,0.9823087600200889,experimental
NZ484,6,overall_good,0.9817961006130276,experimental
NZ485,6,overall_good,0.9821577729208762,experimental
NZ486,6,overall_good,0.9815397948762784,experimental
NZ487,6,overall_good,0.9825946695427868,experimental
NZ488,6,overall_good,0.9821545034043302,experimental
NZ489,6,overall_good,0.982232606640269,experimental
NZ490,6,overall_good,0.9790243783293056,experimental
NZ491,6,overall_good,0.9798123739788981,experimental
NZ492,6,overall_good,0.979947624273351,experimental
NZ493,6,overall_good,0.9778921416885258,experimental
NZ494,6,overall_good,0.9786094035534209,experimental
NZ495,6,overall_good,0.9759268981508127,experimental
NZ496,6,overall_good,0.9798051108146871,experimental
NZ497,6,overall_good,0.979387623133512,experimental
NZ498,6,overall_good,0.9798950198523013,experimental
NZ499,6,overall_good,0.9755529155708498,experimental
NZ500,6,overall_good,0.9778016754690529,experimental
NZ001,6,bugs,0.6463808212098469,experimental
NZ002,6,bugs,0.3747993514358015,experimental
NZ003,6,bugs,0.5201146655196281,experimental
NZ004,6,bugs,0.391737301105365,experimental
NZ005,6,bugs,0.4407151169633252,experimental
NZ006,6,bugs,0.49266790186305065,experimental
NZ007,6,bugs,0.45290123465029786,experimental
NZ008,6,bugs,0.4026059808935175,experimental
NZ009,6,bugs,0.5574314787576209,experimental
NZ010,6,bugs,0.3573618038037735,experimental
NZ011,6,bugs,0.45671309551435874,experimental
NZ012,6,bugs,0.6139281353263509,experimental
NZ013,6,bugs,0.5490672889016308,experimental
NZ014,6,bugs,0.5504507198278416,experimental
NZ015,6,bugs,0.34254064177023374,experimental
NZ016,6,bugs,0.3313786790620265,experimental
NZ017,6,bugs,0.44527726165198317,experimental
NZ018,6,bugs,0.3175372156729923,experimental
NZ019,6,bugs,0.5829865884335944,experimental
NZ020,6,bugs,0.37329261316948004,experimental
NZ021,6,bugs,0.48699467229551713,experimental
NZ022,6,bugs,0.353166328245911,experimental
NZ023,6,bugs,0.5428476660274463,experimental
NZ024,6,bugs,0.5391526241361131,experimental
NZ025,6,bugs,0.6272291047098598,experimental
NZ026,6,bugs,0.6269140516628824,experimental
NZ027,6,bugs,0.3263849884369659,experimental
NZ028,6,bugs,0.3402750820763254,experimental
NZ029,6,bugs,0.5771774685156734,experimental
NZ030,6,bugs,0.4567968469497582,experimental
NZ031,6,bugs,0.3382285897829846,experimental
NZ032,6,bugs,0.39522450473429466,experimental
NZ033,6,bugs,0.3557316309060101,experimental
NZ034,6,bugs,0.5103532888040866,experimental
NZ035,6,bugs,0.37375720981037697,experimental
NZ036,6,bugs,0.5050842101034708,experimental
NZ037,6,bugs,0.33459183815330257,experimental
NZ038,6,bugs,0.3515566039417584,experimental
NZ039,6,bugs,0.3978557903084521,experimental
NZ040,6,bugs,0.6030099501159482,experimental
NZ041,6,bugs,0.4078657159753308,experimental
NZ042,6,bugs,0.39450668450430604,experimental
NZ043,6,bugs,0.3616176416599911,experimental
NZ044,6,bugs,0.5103532888040866,experimental
NZ045,6,bugs,0.6256941857684551,experimental
NZ046,6,bugs,0.3313786790620265,experimental
NZ047,6,bugs,0.6088379430336953,experimental
NZ048,6,bugs,0.4180872699828966,experimental
NZ049,6,bugs,0.3337447564341368,experimental
NZ050,6,bugs,0.32746992290296467,experimental
NZ051,6,bugs,0.28679639477228014,experimental
NZ052,6,bugs,0.3788748825505675,experimental
NZ053,6,bugs,0.5763282279889391,experimental
NZ054,6,bugs,0.3684136919213313,experimental
NZ055,6,bugs,0.3520059378669722,experimental
NZ056,6,bugs,0.40180945900405396,experimental
NZ057,6,bugs,0.39752057142088326,experimental
NZ058,6,bugs,0.6160438324241061,experimental
NZ059,6,bugs,0.39879508776175127,experimental
NZ060,6,bugs,0.5550629117180917,experimental
NZ061,6,bugs,0.3871854579155422,experimental
NZ062,6,bugs,0.5359822320751542,experimental
NZ063,6,bugs,0.4081540524407847,experimental
NZ064,6,bugs,0.3645766543687759,experimental
NZ065,6,bugs,0.6160438324241061,experimental
NZ066,6,bugs,0.3645766543687759,experimental
NZ067,6,bugs,0.35386877601746397,experimental
NZ068,6,bugs,0.35386877601746397,experimental
NZ069,6,bugs,0.4201284916514929,experimental
NZ070,6,bugs,0.4007449587899916,experimental
NZ071,6,bugs,0.6160438324241061,experimental
NZ072,6,bugs,0.6115098480364439,experimental
NZ073,6,bugs,0.5064235283445748,experimental
NZ074,6,bugs,0.6160438324241061,experimental
NZ075,6,bugs,0.3041923527819557,experimental
NZ076,6,bugs,0.33020317485750217,experimental
NZ077,6,bugs,0.30332257494576914,experimental
NZ078,6,bugs,0.3237788281015972,experimental
NZ079,6,bugs,0.3592478128428666,experimental
NZ080,6,bugs,0.32140636468522865,experimental
NZ081,6,bugs,0.3313786790620265,experimental
NZ082,6,bugs,0.32140636468522865,experimental
NZ083,6,bugs,0.5840909826561341,experimental
NZ084,6,bugs,0.31477551007802335,experimental
NZ085,6,bugs,0.47964821605739083,experimental
NZ086,6,bugs,0.2968469620619704,experimental
NZ087,6,bugs,0.2971347298286024,experimental
NZ088,6,bugs,0.5512574965227661,experimental
NZ089,6,bugs,0.31121761315718566,experimental
NZ090,6,bugs,0.29735489580855606,experimental
NZ091,6,bugs,0.32390635460636447,experimental
NZ092,6,bugs,0.48267082224669045,experimental
NZ093,6,bugs,0.43169149464226786,experimental
NZ094,6,bugs,0.42646088077892325,experimental
NZ095,6,bugs,0.2797471202625141,experimental
NZ096,6,bugs,0.4368154968931596,experimental
NZ097,6,bugs,0.5851971683377549,experimental
NZ098,6,bugs,0.2900457881938475,experimental
NZ099,6,bugs,0.5445405538325218,experimental
NZ100,6,bugs,0.30386059542840715,experimental
NZ101,6,bugs,0.355262991752911,experimental
NZ102,6,bugs,0.4921601409222019,experimental
NZ103,6,bugs,0.3087557533956854,experimental
NZ104,6,bugs,0.3612488337276844,experimental
NZ105,6,bugs,0.30799005565687493,experimental
NZ106,6,bugs,0.3770447137116796,experimental
NZ107,6,bugs,0.32828978801951286,experimental
NZ108,6,bugs,0.31117105175701826,experimental
NZ109,6,bugs,0.38451214732940875,experimental
NZ110,6,bugs,0.523025101004332,experimental
NZ111,6,bugs,0.3624726253349547,experimental
NZ112,6,bugs,0.31211936880365837,experimental
NZ113,6,bugs,0.3608545519170602,experimental
NZ114,6,bugs,0.33446251736904153,experimental
NZ115,6,bugs,0.3507665508786443,experimental
NZ116,6,bugs,0.3804740234267086,experimental
NZ117,6,bugs,0.37290289533348037,experimental
NZ118,6,bugs,0.5795010150301878,experimental
NZ119,6,bugs,0.32981673163689484,experimental
NZ120,6,bugs,0.2982719050317412,experimental
NZ121,6,bugs,0.2932080339369511,experimental
NZ122,6,bugs,0.4620910993403975,experimental
NZ123,6,bugs,0.5840909826561341,experimental
NZ124,6,bugs,0.6112107564287712,experimental
NZ125,6,bugs,0.6565601962427955,experimental
NZ126,6,bugs,0.493454243376303,experimental
NZ127,6,bugs,0.347249623147702,experimental
NZ128,6,bugs,0.5829865884335944,experimental
NZ129,6,bugs,0.39002582205223774,experimental
NZ130,6,bugs,0.3624726253349547,experimental
NZ131,6,bugs,0.33232672327261653,experimental
NZ132,6,bugs,0.347249623147702,experimental
NZ133,6,bugs,0.3453431973427428,experimental
NZ134,6,bugs,0.36717437315413537,experimental
NZ135,6,bugs,0.33480221879657207,experimental
NZ136,6,bugs,0.37329261316948004,experimental
NZ137,6,bugs,0.559980848621098,experimental
NZ138,6,bugs,0.3443026545590487,experimental
NZ139,6,bugs,0.3396320039910384,experimental
NZ140,6,bugs,0.2924797343271228,experimental
NZ141,6,bugs,0.5820303026750395,experimental
NZ142,6,bugs,0.5155000255333757,experimental
NZ143,6,bugs,0.6256150522344394,experimental
NZ144,6,bugs,0.5373165119523095,experimental
NZ145,6,bugs,0.3954318513562449,experimental
NZ146,6,bugs,0.41512735463622064,experimental
NZ147,6,bugs,0.3851158523119966,experimental
NZ148,6,bugs,0.4014450147530715,experimental
NZ149,6,bugs,0.4479098125016368,experimental
NZ150,6,bugs,0.4603425869511647,experimental
NZ151,6,bugs,0.3167287621454268,experimental
NZ152,6,bugs,0.45496814204563496,experimental
NZ153,6,bugs,0.40198362360203743,experimental
NZ154,6,bugs,0.40198362360203743,experimental
NZ155,6,bugs,0.367228799129802,experimental
NZ156,6,bugs,0.42869114867852337,experimental
NZ157,6,bugs,0.40198362360203743,experimental
NZ158,6,bugs,0.40198362360203743,experimental
NZ159,6,bugs,0.6578250215091294,experimental
NZ160,6,bugs,0.40198362360203743,experimental
NZ161,6,bugs,0.5123716695593356,experimental
NZ162,6,bugs,0.40198362360203743,experimental
NZ163,6,bugs,0.367228799129802,experimental
NZ164,6,bugs,0.398359363420671,experimental
NZ165,6,bugs,0.6545485827781121,experimental
NZ166,6,bugs,0.42963446983599163,experimental
NZ167,6,bugs,0.48191877305001013,experimental
NZ168,6,bugs,0.4295843898510627,experimental
NZ169,6,bugs,0.3826126795116422,experimental
NZ170,6,bugs,0.3740097901367731,experimental
NZ171,6,bugs,0.5897089367499134,experimental
NZ172,6,bugs,0.37329261316948004,experimental
NZ173,6,bugs,0.3402750820763254,experimental
NZ174,6,bugs,0.2982719050317412,experimental
NZ175,6,bugs,0.2982719050317412,experimental
NZ176,6,bugs,0.2908948177388824,experimental
NZ177,6,bugs,0.3154635830324312,experimental
NZ178,6,bugs,0.4098513271376173,experimental
NZ179,6,bugs,0.3241667182774939,experimental
NZ180,6,bugs,0.33662248211998363,experimental
NZ181,6,bugs,0.347249623147702,experimental
NZ182,6,bugs,0.32729634885159614,experimental
NZ183,6,bugs,0.3662420560588452,experimental
NZ184,6,bugs,0.33244625828946833,experimental
NZ185,6,bugs,0.3860049553770524,experimental
NZ186,6,bugs,0.3828533825824506,experimental
NZ187,6,bugs,0.37954230779810094,experimental
NZ188,6,bugs,0.34642671080456955,experimental
NZ189,6,bugs,0.3500019209747517,experimental
NZ190,6,bugs,0.6105459604909675,experimental
NZ191,6,bugs,0.5284223894086371,experimental
NZ192,6,bugs,0.38535147484011845,experimental
NZ193,6,bugs,0.5121727085648073,experimental
NZ194,6,bugs,0.6012822502600754,experimental
NZ195,6,bugs,0.35648291032468754,experimental
NZ196,6,bugs,0.615446563207262,experimental
NZ197,6,bugs,0.5820303026750395,experimental
NZ198,6,bugs,0.30435353633034246,experimental
NZ199,6,bugs,0.2851877554487436,experimental
NZ200,6,bugs,0.3350579061714953,experimental
NZ201,6,bugs,0.3702650674685379,experimental
NZ202,6,bugs,0.4627000806931383,experimental
NZ203,6,bugs,0.3313786790620265,experimental
NZ204,6,bugs,0.5795266014659225,experimental
NZ205,6,bugs,0.32609884239994663,experimental
NZ206,6,bugs,0.2930328906082777,experimental
NZ207,6,bugs,0.37690665811281326,experimental
NZ208,6,bugs,0.5851971683377549,experimental
NZ209,6,bugs,0.5840909826561341,experimental
NZ210,6,bugs,0.480813529585278,experimental
NZ211,6,bugs,0.32815707014000606,experimental
NZ212,6,bugs,0.35006901256784745,experimental
NZ213,6,bugs,0.5840909826561341,experimental
NZ214,6,bugs,0.3278592481602682,experimental
NZ215,6,bugs,0.32140636468522865,experimental
NZ216,6,bugs,0.5810842366530394,experimental
NZ217,6,bugs,0.28962668254749047,experimental
NZ218,6,bugs,0.5840909826561341,experimental
NZ219,6,bugs,0.354156400113325,experimental
NZ220,6,bugs,0.5494038378773363,experimental
NZ221,6,bugs,0.33346334358078444,experimental
NZ222,6,bugs,0.483762149274532,experimental
NZ223,6,bugs,0.4894782151884476,experimental
NZ224,6,bugs,0.3565578424997574,experimental
NZ225,6,bugs,0.38844040079737646,experimental
NZ226,6,bugs,0.42022927788063236,experimental
NZ227,6,bugs,0.4903837448581003,experimental
NZ228,6,bugs,0.2982719050317412,experimental
NZ229,6,bugs,0.497352619437015,experimental
NZ230,6,bugs,0.4245486625381886,experimental
NZ231,6,bugs,0.3065649643729698,experimental
NZ232,6,bugs,0.3014815665743621,experimental
NZ233,6,bugs,0.3082353420588508,experimental
NZ234,6,bugs,0.4719557417900937,experimental
NZ235,6,bugs,0.32140636468522865,experimental
NZ236,6,bugs,0.32140636468522865,experimental
NZ237,6,bugs,0.5490672889016308,experimental
NZ238,6,bugs,0.5037460636259096,experimental
NZ239,6,bugs,0.5471597427128643,experimental
NZ240,6,bugs,0.2932080339369511,experimental
NZ241,6,bugs,0.5840909826561341,experimental
NZ242,6,bugs,0.329979530384285,experimental
NZ243,6,bugs,0.3657764826498642,experimental
NZ244,6,bugs,0.45129817020004975,experimental
NZ245,6,bugs,0.45063851084175943,experimental
NZ246,6,bugs,0.5897089367499134,experimental
NZ247,6,bugs,0.3705300307963654,experimental
NZ248,6,bugs,0.3436383171841345,experimental
NZ249,6,bugs,0.3740097901367731,experimental
NZ250,6,bugs,0.6196270497074394,experimental
NZ251,6,bugs,0.3765262187166265,experimental
NZ252,6,bugs,0.37329261316948004,experimental
NZ253,6,bugs,0.33577845370553777,experimental
NZ254,6,bugs,0.5897089367499134,experimental
NZ255,6,bugs,0.6196270497074394,experimental
NZ256,6,bugs,0.3933255097808767,experimental
NZ257,6,bugs,0.3924948673746334,experimental
NZ258,6,bugs,0.37329261316948004,experimental
NZ259,6,bugs,0.4154737239743165,experimental
NZ260,6,bugs,0.38179204149349066,experimental
NZ261,6,bugs,0.37329261316948004,experimental
NZ262,6,bugs,0.4977542088067848,experimental
NZ263,6,bugs,0.3436383171841345,experimental
NZ264,6,bugs,0.41841248263734176,experimental
NZ265,6,bugs,0.32255026354087085,experimental
NZ266,6,bugs,0.30993335816235645,experimental
NZ267,6,bugs,0.3304753421890727,experimental
NZ268,6,bugs,0.3752025807774384,experimental
NZ269,6,bugs,0.3452220691941599,experimental
NZ270,6,bugs,0.3310598087977084,experimental
NZ271,6,bugs,0.2930328906082777,experimental
NZ272,6,bugs,0.3090194218622441,experimental
NZ273,6,bugs,0.41180422462380256,experimental
NZ274,6,bugs,0.30993335816235645,experimental
NZ275,6,bugs,0.5851971683377549,experimental
NZ276,6,bugs,0.31614004900083903,experimental
NZ277,6,bugs,0.38850858614898987,experimental
NZ278,6,bugs,0.37329261316948004,experimental
NZ279,6,bugs,0.3024972053345611,experimental
NZ280,6,bugs,0.39224872383743675,experimental
NZ281,6,bugs,0.5851971683377549,experimental
NZ282,6,bugs,0.3412569312972726,experimental
NZ283,6,bugs,0.29622407552641306,experimental
NZ284,6,bugs,0.2838934781066402,experimental
NZ285,6,bugs,0.4935081245469456,experimental
NZ286,6,bugs,0.35297231837198445,experimental
NZ287,6,bugs,0.4118455315586966,experimental
NZ288,6,bugs,0.43262102522464696,experimental
NZ289,6,bugs,0.3109986483673831,experimental
NZ290,6,bugs,0.34113083422983353,experimental
NZ291,6,bugs,0.32482767744067503,experimental
NZ292,6,bugs,0.29218895057132166,experimental
NZ293,6,bugs,0.31274320812385914,experimental
NZ294,6,bugs,0.6256941857684551,experimental
NZ295,6,bugs,0.36204551512565847,experimental
NZ296,6,bugs,0.3672298440690138,experimental
NZ297,6,bugs,0.40198362360203743,experimental
NZ298,6,bugs,0.367228799129802,experimental
NZ299,6,bugs,0.3058165210264464,experimental
NZ300,6,bugs,0.5300124545690933,experimental
NZ301,6,bugs,0.5802878837495243,experimental
NZ302,6,bugs,0.3564867012620445,experimental
NZ303,6,bugs,0.5103532888040866,experimental
NZ304,6,bugs,0.3978557903084521,experimental
NZ305,6,bugs,0.6170925505487193,experimental
NZ306,6,bugs,0.5524843327185327,experimental
NZ307,6,bugs,0.37974884622495036,experimental
NZ308,6,bugs,0.4287144139645298,experimental
NZ309,6,bugs,0.4056142280418259,experimental
NZ310,6,bugs,0.3978557903084521,experimental
NZ311,6,bugs,0.6256941857684551,experimental
NZ312,6,bugs,0.3903573371167679,experimental
NZ313,6,bugs,0.3616176416599911,experimental
NZ314,6,bugs,0.6256150522344394,experimental
NZ315,6,bugs,0.3185882943452984,experimental
NZ316,6,bugs,0.3263849884369659,experimental
NZ317,6,bugs,0.2930328906082777,experimental
NZ318,6,bugs,0.323845440375442,experimental
NZ319,6,bugs,0.3034594395454822,experimental
NZ320,6,bugs,0.5523166512554076,experimental
NZ321,6,bugs,0.4881356778591014,experimental
NZ322,6,bugs,0.48676015340730766,experimental
NZ323,6,bugs,0.3491756498333839,experimental
NZ324,6,bugs,0.39032520395477743,experimental
NZ325,6,bugs,0.4912365703461601,experimental
NZ326,6,bugs,0.29755881366459475,experimental
NZ327,6,bugs,0.5930336427216503,experimental
NZ328,6,bugs,0.30766981767045043,experimental
NZ329,6,bugs,0.35137075933452855,experimental
NZ330,6,bugs,0.29436295241460403,experimental
NZ331,6,bugs,0.3427287015773115,experimental
NZ332,6,bugs,0.5906608335984977,experimental
NZ333,6,bugs,0.3624726253349547,experimental
NZ334,6,bugs,0.347249623147702,experimental
NZ335,6,bugs,0.3624726253349547,experimental
NZ336,6,bugs,0.3263849884369659,experimental
NZ337,6,bugs,0.47621394930763816,experimental
NZ338,6,bugs,0.33100850396062625,experimental
NZ339,6,bugs,0.347249623147702,experimental
NZ340,6,bugs,0.32729634885159614,experimental
NZ341,6,bugs,0.5035299617451169,experimental
NZ342,6,bugs,0.32981673163689484,experimental
NZ343,6,bugs,0.3624726253349547,experimental
NZ344,6,bugs,0.5338672680464792,experimental
NZ345,6,bugs,0.6186252870309095,experimental
NZ346,6,bugs,0.49843361479424525,experimental
NZ347,6,bugs,0.3263849884369659,experimental
NZ348,6,bugs,0.5961408808063191,experimental
NZ349,6,bugs,0.31331647106265514,experimental
NZ350,6,bugs,0.3947920565292049,experimental
NZ351,6,bugs,0.4420499127227446,experimental
NZ352,6,bugs,0.33587764178292095,experimental
NZ353,6,bugs,0.3114451716293748,experimental
NZ354,6,bugs,0.3014815665743621,experimental
NZ355,6,bugs,0.37605026960338794,experimental
NZ356,6,bugs,0.5829865884335944,experimental
NZ357,6,bugs,0.3521227148599802,experimental
NZ358,6,bugs,0.48267082224669045,experimental
NZ359,6,bugs,0.40198362360203743,experimental
NZ360,6,bugs,0.5911758035308384,experimental
NZ361,6,bugs,0.367228799129802,experimental
NZ362,6,bugs,0.3136516455145867,experimental
NZ363,6,bugs,0.5427892538645812,experimental
NZ364,6,bugs,0.42171515290448525,experimental
NZ365,6,bugs,0.3012084597075029,experimental
NZ366,6,bugs,0.40198362360203743,experimental
NZ367,6,bugs,0.347249623147702,experimental
NZ368,6,bugs,0.42437488830911974,experimental
NZ369,6,bugs,0.5906608335984977,experimental
NZ370,6,bugs,0.42769489078532136,experimental
NZ371,6,bugs,0.29622407552641306,experimental
NZ372,6,bugs,0.37247318203940083,experimental
NZ373,6,bugs,0.4381592254438814,experimental
NZ374,6,bugs,0.44510651502096216,experimental
NZ375,6,bugs,0.33262998874374133,experimental
NZ376,6,bugs,0.32866673374639616,experimental
NZ377,6,bugs,0.28126758352517656,experimental
NZ378,6,bugs,0.3263175754479064,experimental
NZ379,6,bugs,0.2781281242067455,experimental
NZ380,6,bugs,0.33444649092433615,experimental
NZ381,6,bugs,0.3263849884369659,experimental
NZ382,6,bugs,0.3033318250719801,experimental
NZ383,6,bugs,0.32403189682665684,experimental
NZ384,6,bugs,0.34243267666082045,experimental
NZ385,6,bugs,0.5851971683377549,experimental
NZ386,6,bugs,0.48720128675068103,experimental
NZ387,6,bugs,0.32140636468522865,experimental
NZ388,6,bugs,0.2851877554487436,experimental
NZ389,6,bugs,0.3146509891614102,experimental
NZ390,6,bugs,0.3263849884369659,experimental
NZ391,6,bugs,0.2899887593375263,experimental
NZ392,6,bugs,0.3313786790620265,experimental
NZ393,6,bugs,0.2851877554487436,experimental
NZ394,6,bugs,0.3819442770575945,experimental
NZ395,6,bugs,0.3241667182774939,experimental
NZ396,6,bugs,0.34922242744221893,experimental
NZ397,6,bugs,0.47725654668237677,experimental
NZ398,6,bugs,0.3624726253349547,experimental
NZ399,6,bugs,0.29331138256436184,experimental
NZ400,6,bugs,0.4314784411401278,experimental
NZ401,6,bugs,0.3241667182774939,experimental
NZ402,6,bugs,0.2908948177388824,experimental
NZ403,6,bugs,0.34339132581056897,experimental
NZ404,6,bugs,0.29407850611850617,experimental
NZ405,6,bugs,0.3012084597075029,experimental
NZ406,6,bugs,0.3241667182774939,experimental
NZ407,6,bugs,0.2908948177388824,experimental
NZ408,6,bugs,0.2991665879646032,experimental
NZ409,6,bugs,0.3077551557577773,experimental
NZ410,6,bugs,0.2857848402815748,experimental
NZ411,6,bugs,0.369128196941114,experimental
NZ412,6,bugs,0.2908948177388824,experimental
NZ413,6,bugs,0.5512574965227661,experimental
NZ414,6,bugs,0.3446762543464875,experimental
NZ415,6,bugs,0.33702695654612763,experimental
NZ416,6,bugs,0.5795266014659225,experimental
NZ417,6,bugs,0.3200746572901741,experimental
NZ418,6,bugs,0.28501526077715345,experimental
NZ419,6,bugs,0.30810717779996105,experimental
NZ420,6,bugs,0.3283320238593734,experimental
NZ421,6,bugs,0.5449471862033903,experimental
NZ422,6,bugs,0.33436978647005794,experimental
NZ423,6,bugs,0.32729634885159614,experimental
NZ424,6,bugs,0.6208010330695359,experimental
NZ425,6,bugs,0.6208010330695359,experimental
NZ426,6,bugs,0.35289430046179915,experimental
NZ427,6,bugs,0.5758105243958113,experimental
NZ428,6,bugs,0.3342405282766013,experimental
NZ429,6,bugs,0.3306111067401163,experimental
NZ430,6,bugs,0.3556246437924641,experimental
NZ431,6,bugs,0.6186252870309095,experimental
NZ432,6,bugs,0.47374277057607966,experimental
NZ433,6,bugs,0.3257406990059353,experimental
NZ434,6,bugs,0.3257406990059353,experimental
NZ435,6,bugs,0.38261833691937336,experimental
NZ436,6,bugs,0.47409574481326056,experimental
NZ437,6,bugs,0.37820897768825856,experimental
NZ438,6,bugs,0.3608545519170602,experimental
NZ439,6,bugs,0.5424414219375017,experimental
NZ440,6,bugs,0.3643318670001303,experimental
NZ441,6,bugs,0.43429570595767547,experimental
NZ442,6,bugs,0.3795227170921505,experimental
NZ443,6,bugs,0.36914307044562555,experimental
NZ444,6,bugs,0.3407607108690336,experimental
NZ445,6,bugs,0.40461810254530467,experimental
NZ446,6,bugs,0.36592087241045884,experimental
NZ447,6,bugs,0.5911758035308384,experimental
NZ448,6,bugs,0.3624726253349547,experimental
NZ449,6,bugs,0.3624726253349547,experimental
NZ450,6,bugs,0.4299602491289743,experimental
NZ451,6,bugs,0.2883515588499111,experimental
NZ452,6,bugs,0.2851877554487436,experimental
NZ453,6,bugs,0.29340765230252597,experimental
NZ454,6,bugs,0.32071848761523125,experimental
NZ455,6,bugs,0.3029849509289643,experimental
NZ456,6,bugs,0.47915456376837634,experimental
NZ457,6,bugs,0.3967961261714595,experimental
NZ458,6,bugs,0.33343889421935785,experimental
NZ459,6,bugs,0.2868395669309379,experimental
NZ460,6,bugs,0.5524843327185327,experimental
NZ461,6,bugs,0.31335751250801297,experimental
NZ462,6,bugs,0.32140636468522865,experimental
NZ463,6,bugs,0.33258073361127855,experimental
NZ464,6,bugs,0.5257287685054642,experimental
NZ465,6,bugs,0.5415995716569416,experimental
NZ466,6,bugs,0.3248744682115873,experimental
NZ467,6,bugs,0.3313786790620265,experimental
NZ468,6,bugs,0.3015009648802257,experimental
NZ469,6,bugs,0.4072676161769534,experimental
NZ470,6,bugs,0.4565106142209765,experimental
NZ471,6,bugs,0.3714135141828141,experimental
NZ472,6,bugs,0.5142229931726477,experimental
NZ473,6,bugs,0.347249623147702,experimental
NZ474,6,bugs,0.6208010330695359,experimental
NZ475,6,bugs,0.32729634885159614,experimental
NZ476,6,bugs,0.3136516455145867,experimental
NZ477,6,bugs,0.32729634885159614,experimental
NZ478,6,bugs,0.34924225739321957,experimental
NZ479,6,bugs,0.32729634885159614,experimental
NZ480,6,bugs,0.2982719050317412,experimental
NZ481,6,bugs,0.3585286832190254,experimental
NZ482,6,bugs,0.36076064427755067,experimental
NZ483,6,bugs,0.28779989004084616,experimental
NZ484,6,bugs,0.3350573877280515,experimental
NZ485,6,bugs,0.35032433539196084,experimental
NZ486,6,bugs,0.3154224535142759,experimental
NZ487,6,bugs,0.30976446527631146,experimental
NZ488,6,bugs,0.35032433539196084,experimental
NZ489,6,bugs,0.3537257291997487,experimental
NZ490,6,bugs,0.3370201984227019,experimental
NZ491,6,bugs,0.41095559765118866,experimental
NZ492,6,bugs,0.3246994233628859,experimental
NZ493,6,bugs,0.3014815665743621,experimental
NZ494,6,bugs,0.35143052235652344,experimental
NZ495,6,bugs,0.5494038378773363,experimental
NZ496,6,bugs,0.48908742872169025,experimental
NZ497,6,bugs,0.480813529585278,experimental
NZ498,6,bugs,0.33960499441051384,experimental
NZ499,6,bugs,0.5494038378773363,experimental
NZ500,6,bugs,0.2982719050317412,experimental
NZ001,6,mud,0.8456130865663012,experimental
NZ002,6,mud,0.7288621337209107,experimental
NZ003,6,mud,0.7665340484265274,experimental
NZ004,6,mud,0.6945701320014488,experimental
NZ005,6,mud,0.39811223602558793,experimental
NZ006,6,mud,0.7843585090177437,experimental
NZ007,6,mud,0.7579340423214784,experimental
NZ008,6,mud,0.7484847970619266,experimental
NZ009,6,mud,0.7551658176685306,experimental
NZ010,6,mud,0.6499186697982205,experimental
NZ011,6,mud,0.7653140390860363,experimental
NZ012,6,mud,0.8472915403376824,experimental
NZ013,6,mud,0.8996187856480883,experimental
NZ014,6,mud,0.7898198514925707,experimental
NZ015,6,mud,0.7899329094284683,experimental
NZ016,6,mud,0.8233655700523701,experimental
NZ017,6,mud,0.8451405908834229,experimental
NZ018,6,mud,0.8295170372214044,experimental
NZ019,6,mud,0.8694280100639972,experimental
NZ020,6,mud,0.7173709151480056,experimental
NZ021,6,mud,0.8721928712589805,experimental
NZ022,6,mud,0.7347326913916644,experimental
NZ023,6,mud,0.8247609426684627,experimental
NZ024,6,mud,0.7631523475054003,experimental
NZ025,6,mud,0.8635301281906281,experimental
NZ026,6,mud,0.8964965927231713,experimental
NZ027,6,mud,0.6517721338276941,experimental
NZ028,6,mud,0.7333135734756446,experimental
NZ029,6,mud,0.8222816891571608,experimental
NZ030,6,mud,0.7330121035677118,experimental
NZ031,6,mud,0.8197953221184858,experimental
NZ032,6,mud,0.8140991656368085,experimental
NZ033,6,mud,0.8105329161083714,experimental
NZ034,6,mud,0.7870974084369715,experimental
NZ035,6,mud,0.7573097104414512,experimental
NZ036,6,mud,0.7895974084369715,experimental
NZ037,6,mud,0.6334885612370149,experimental
NZ038,6,mud,0.6557378826064334,experimental
NZ039,6,mud,0.7476168204336594,experimental
NZ040,6,mud,0.7827719795157726,experimental
NZ041,6,mud,0.6793792194954242,experimental
NZ042,6,mud,0.6614782883776885,experimental
NZ043,6,mud,0.7643759481889484,experimental
NZ044,6,mud,0.7870974084369715,experimental
NZ045,6,mud,0.8758230534408559,experimental
NZ046,6,mud,0.8233655700523701,experimental
NZ047,6,mud,0.78088926657144,experimental
NZ048,6,mud,0.6633184658715063,experimental
NZ049,6,mud,0.4667622217606,experimental
NZ050,6,mud,0.4667622217606,experimental
NZ051,6,mud,0.38984054799118567,experimental
NZ052,6,mud,0.7470053447695763,experimental
NZ053,6,mud,0.9028957965029717,experimental
NZ054,6,mud,0.7252918857870264,experimental
NZ055,6,mud,0.7271877699862048,experimental
NZ056,6,mud,0.744151545068826,experimental
NZ057,6,mud,0.7422601293308666,experimental
NZ058,6,mud,0.8156674012499633,experimental
NZ059,6,mud,0.7171040016541019,experimental
NZ060,6,mud,0.7539175384605056,experimental
NZ061,6,mud,0.661754142837677,experimental
NZ062,6,mud,0.7557765304691596,experimental
NZ063,6,mud,0.7042726088384765,experimental
NZ064,6,mud,0.7261678517692535,experimental
NZ065,6,mud,0.8391475103659611,experimental
NZ066,6,mud,0.7261678517692535,experimental
NZ067,6,mud,0.7368621387008092,experimental
NZ068,6,mud,0.7368621387008092,experimental
NZ069,6,mud,0.6633184658715063,experimental
NZ070,6,mud,0.7078428567723608,experimental
NZ071,6,mud,0.8391475103659611,experimental
NZ072,6,mud,0.8232109016994328,experimental
NZ073,6,mud,0.7743453525160268,experimental
NZ074,6,mud,0.8391475103659611,experimental
NZ075,6,mud,0.8432000908645227,experimental
NZ076,6,mud,0.822073662913622,experimental
NZ077,6,mud,0.8432000908645227,experimental
NZ078,6,mud,0.8332932714064701,experimental
NZ079,6,mud,0.8288916716371071,experimental
NZ080,6,mud,0.8229481913778507,experimental
NZ081,6,mud,0.8233655700523701,experimental
NZ082,6,mud,0.8229481913778507,experimental
NZ083,6,mud,0.9090633546719816,experimental
NZ084,6,mud,0.8122387964080788,experimental
NZ085,6,mud,0.8369560122741058,experimental
NZ086,6,mud,0.5233648561782873,experimental
NZ087,6,mud,0.5246684388307072,experimental
NZ088,6,mud,0.6831769532520948,experimental
NZ089,6,mud,0.6231271824349046,experimental
NZ090,6,mud,0.6070740556102138,experimental
NZ091,6,mud,0.52094207473009,experimental
NZ092,6,mud,0.6406250431025391,experimental
NZ093,6,mud,0.6037716798116105,experimental
NZ094,6,mud,0.6123828184264709,experimental
NZ095,6,mud,0.6083002844212484,experimental
NZ096,6,mud,0.6862397158635093,experimental
NZ097,6,mud,0.5659818314486891,experimental
NZ098,6,mud,0.28531841477559233,experimental
NZ099,6,mud,0.5307362902803008,experimental
NZ100,6,mud,0.3858147050744433,experimental
NZ101,6,mud,0.6273048843051411,experimental
NZ102,6,mud,0.7385512761250799,experimental
NZ103,6,mud,0.5451259469816614,experimental
NZ104,6,mud,0.5962022513028503,experimental
NZ105,6,mud,0.5894941024426673,experimental
NZ106,6,mud,0.6276646399016526,experimental
NZ107,6,mud,0.26839223167050685,experimental
NZ108,6,mud,0.39136375910505306,experimental
NZ109,6,mud,0.7150951783457951,experimental
NZ110,6,mud,0.7654494964799718,experimental
NZ111,6,mud,0.7196983413356284,experimental
NZ112,6,mud,0.7523817928792322,experimental
NZ113,6,mud,0.7313879000441312,experimental
NZ114,6,mud,0.6723044985935182,experimental
NZ115,6,mud,0.7333135734756446,experimental
NZ116,6,mud,0.7173709151480056,experimental
NZ117,6,mud,0.7252918857870264,experimental
NZ118,6,mud,0.8329197375023412,experimental
NZ119,6,mud,0.3833663992999484,experimental
NZ120,6,mud,0.8382967739838445,experimental
NZ121,6,mud,0.8331097674549689,experimental
NZ122,6,mud,0.8251418543039495,experimental
NZ123,6,mud,0.9031815107886859,experimental
NZ124,6,mud,0.88245625762188,experimental
NZ125,6,mud,0.8622829215735672,experimental
NZ126,6,mud,0.7897101328252225,experimental
NZ127,6,mud,0.7304634821677636,experimental
NZ128,6,mud,0.8596358521606392,experimental
NZ129,6,mud,0.7331297124331422,experimental
NZ130,6,mud,0.7196983413356284,experimental
NZ131,6,mud,0.7354037938768921,experimental
NZ132,6,mud,0.7304634821677636,experimental
NZ133,6,mud,0.3215240929141294,experimental
NZ134,6,mud,0.6928745711024669,experimental
NZ135,6,mud,0.7404821418184577,experimental
NZ136,6,mud,0.7173709151480056,experimental
NZ137,6,mud,0.8913482829992255,experimental
NZ138,6,mud,0.7630360291342971,experimental
NZ139,6,mud,0.6545653082416324,experimental
NZ140,6,mud,0.6838348233408286,experimental
NZ141,6,mud,0.8399997093348083,experimental
NZ142,6,mud,0.794473225473212,experimental
NZ143,6,mud,0.8681172462072275,experimental
NZ144,6,mud,0.8419782517089897,experimental
NZ145,6,mud,0.7529387686669085,experimental
NZ146,6,mud,0.7456824462974756,experimental
NZ147,6,mud,0.7558737233541312,experimental
NZ148,6,mud,0.7476168204336594,experimental
NZ149,6,mud,0.7605091886793199,experimental
NZ150,6,mud,0.7919233650242196,experimental
NZ151,6,mud,0.6183145761997705,experimental
NZ152,6,mud,0.7002779278744731,experimental
NZ153,6,mud,0.7657633912759942,experimental
NZ154,6,mud,0.7657633912759942,experimental
NZ155,6,mud,0.7813100090072256,experimental
NZ156,6,mud,0.7003009291125101,experimental
NZ157,6,mud,0.7657633912759942,experimental
NZ158,6,mud,0.7657633912759942,experimental
NZ159,6,mud,0.8868152082711138,experimental
NZ160,6,mud,0.7657633912759942,experimental
NZ161,6,mud,0.8070993560078444,experimental
NZ162,6,mud,0.7657633912759942,experimental
NZ163,6,mud,0.7813100090072256,experimental
NZ164,6,mud,0.7741042896838869,experimental
NZ165,6,mud,0.8638096783083623,experimental
NZ166,6,mud,0.688133080170321,experimental
NZ167,6,mud,0.7500445242451431,experimental
NZ168,6,mud,0.7445053447695763,experimental
NZ169,6,mud,0.7212335493520945,experimental
NZ170,6,mud,0.7172973225788577,experimental
NZ171,6,mud,0.8306661069328863,experimental
NZ172,6,mud,0.7173709151480056,experimental
NZ173,6,mud,0.7333135734756446,experimental
NZ174,6,mud,0.8382967739838445,experimental
NZ175,6,mud,0.8382967739838445,experimental
NZ176,6,mud,0.4871025350401387,experimental
NZ177,6,mud,0.36911492381689665,experimental
NZ178,6,mud,0.3808663992999484,experimental
NZ179,6,mud,0.4667622217606,experimental
NZ180,6,mud,0.3833663992999484,experimental
NZ181,6,mud,0.7304634821677636,experimental
NZ182,6,mud,0.7389740418107764,experimental
NZ183,6,mud,0.7223326898878569,experimental
NZ184,6,mud,0.6725246954672476,experimental
NZ185,6,mud,0.6132872203736097,experimental
NZ186,6,mud,0.6658746050801946,experimental
NZ187,6,mud,0.6510221313039458,experimental
NZ188,6,mud,0.6630730002705897,experimental
NZ189,6,mud,0.7446102901113835,experimental
NZ190,6,mud,0.8556692185195688,experimental
NZ191,6,mud,0.8584691417258652,experimental
NZ192,6,mud,0.7398343423071105,experimental
NZ193,6,mud,0.7777775738086113,experimental
NZ194,6,mud,0.8205017453054008,experimental
NZ195,6,mud,0.7529393295087582,experimental
NZ196,6,mud,0.8414301303112128,experimental
NZ197,6,mud,0.849033672918852,experimental
NZ198,6,mud,0.7266184480994382,experimental
NZ199,6,mud,0.7609340767420931,experimental
NZ200,6,mud,0.6657857304435484,experimental
NZ201,6,mud,0.8324568890284114,experimental
NZ202,6,mud,0.5984164630962441,experimental
NZ203,6,mud,0.8233655700523701,experimental
NZ204,6,mud,0.7249616704022439,experimental
NZ205,6,mud,0.5799984588514311,experimental
NZ206,6,mud,0.6454815986332306,experimental
NZ207,6,mud,0.8332146495890935,experimental
NZ208,6,mud,0.7263535688568751,experimental
NZ209,6,mud,0.9090633546719816,experimental
NZ210,6,mud,0.8607006655485127,experimental
NZ211,6,mud,0.8006168670504784,experimental
NZ212,6,mud,0.8114074445726,experimental
NZ213,6,mud,0.9090633546719816,experimental
NZ214,6,mud,0.8432000908645227,experimental
NZ215,6,mud,0.8229481913778507,experimental
NZ216,6,mud,0.8964709811087673,experimental
NZ217,6,mud,0.8339842959191975,experimental
NZ218,6,mud,0.9071935321867747,experimental
NZ219,6,mud,0.8029499626272573,experimental
NZ220,6,mud,0.8926136125842324,experimental
NZ221,6,mud,0.8123509954748057,experimental
NZ222,6,mud,0.8654823415790619,experimental
NZ223,6,mud,0.8779960947357344,experimental
NZ224,6,mud,0.8011474257759785,experimental
NZ225,6,mud,0.824797569069737,experimental
NZ226,6,mud,0.8324568890284114,experimental
NZ227,6,mud,0.8721142508524387,experimental
NZ228,6,mud,0.8382967739838445,experimental
NZ229,6,mud,0.8721142508524387,experimental
NZ230,6,mud,0.8301881272037319,experimental
NZ231,6,mud,0.7772159374349789,experimental
NZ232,6,mud,0.8382967739838445,experimental
NZ233,6,mud,0.7772159374349789,experimental
NZ234,6,mud,0.8779835421523012,experimental
NZ235,6,mud,0.8229481913778507,experimental
NZ236,6,mud,0.8229481913778507,experimental
NZ237,6,mud,0.8996187856480883,experimental
NZ238,6,mud,0.9052124229949631,experimental
NZ239,6,mud,0.8935750562119048,experimental
NZ240,6,mud,0.8304140479853132,experimental
NZ241,6,mud,0.9022200671610137,experimental
NZ242,6,mud,0.8321639863231759,experimental
NZ243,6,mud,0.7858852660119118,experimental
NZ244,6,mud,0.8165485636766763,experimental
NZ245,6,mud,0.8736769143036213,experimental
NZ246,6,mud,0.8375093944438544,experimental
NZ247,6,mud,0.7078977624203103,experimental
NZ248,6,mud,0.7333135734756446,experimental
NZ249,6,mud,0.7172973225788577,experimental
NZ250,6,mud,0.8300554465073012,experimental
NZ251,6,mud,0.6942218235038223,experimental
NZ252,6,mud,0.7173709151480056,experimental
NZ253,6,mud,0.7333959703176943,experimental
NZ254,6,mud,0.8375093944438544,experimental
NZ255,6,mud,0.84251407418766,experimental
NZ256,6,mud,0.6800865430038974,experimental
NZ257,6,mud,0.66558464200796,experimental
NZ258,6,mud,0.7173709151480056,experimental
NZ259,6,mud,0.7231886449479095,experimental
NZ260,6,mud,0.7173709151480056,experimental
NZ261,6,mud,0.7173709151480056,experimental
NZ262,6,mud,0.7520173817180006,experimental
NZ263,6,mud,0.7333135734756446,experimental
NZ264,6,mud,0.7646729442614709,experimental
NZ265,6,mud,0.5203563149640715,experimental
NZ266,6,mud,0.6004988597018089,experimental
NZ267,6,mud,0.5194792778793428,experimental
NZ268,6,mud,0.7150763675184238,experimental
NZ269,6,mud,0.624267250287461,experimental
NZ270,6,mud,0.6154204319587356,experimental
NZ271,6,mud,0.6454815986332306,experimental
NZ272,6,mud,0.5515346951657162,experimental
NZ273,6,mud,0.5856059044090999,experimental
NZ274,6,mud,0.5979612034482916,experimental
NZ275,6,mud,0.719510281345907,experimental
NZ276,6,mud,0.6070740556102138,experimental
NZ277,6,mud,0.7228597939340087,experimental
NZ278,6,mud,0.7173709151480056,experimental
NZ279,6,mud,0.6393704875221196,experimental
NZ280,6,mud,0.7228597939340087,experimental
NZ281,6,mud,0.719510281345907,experimental
NZ282,6,mud,0.5855396971255894,experimental
NZ283,6,mud,0.6454815986332306,experimental
NZ284,6,mud,0.5922641831649339,experimental
NZ285,6,mud,0.6989781739303046,experimental
NZ286,6,mud,0.6179252332834384,experimental
NZ287,6,mud,0.432749171865439,experimental
NZ288,6,mud,0.6299358168211961,experimental
NZ289,6,mud,0.3949340070389374,experimental
NZ290,6,mud,0.3596551334963368,experimental
NZ291,6,mud,0.6089217737470591,experimental
NZ292,6,mud,0.6172947520208714,experimental
NZ293,6,mud,0.545168513517408,experimental
NZ294,6,mud,0.882666340951824,experimental
NZ295,6,mud,0.764044866971249,experimental
NZ296,6,mud,0.6882435836858664,experimental
NZ297,6,mud,0.7657633912759942,experimental
NZ298,6,mud,0.7813100090072256,experimental
NZ299,6,mud,0.38364169469382053,experimental
NZ300,6,mud,0.7645776952381096,experimental
NZ301,6,mud,0.8425554617304792,experimental
NZ302,6,mud,0.7759459941504491,experimental
NZ303,6,mud,0.7870974084369715,experimental
NZ304,6,mud,0.7476168204336594,experimental
NZ305,6,mud,0.8661278902056156,experimental
NZ306,6,mud,0.7608318277871903,experimental
NZ307,6,mud,0.677181605494661,experimental
NZ308,6,mud,0.7603360800472746,experimental
NZ309,6,mud,0.7699623411518586,experimental
NZ310,6,mud,0.7476168204336594,experimental
NZ311,6,mud,0.882666340951824,experimental
NZ312,6,mud,0.751608389446052,experimental
NZ313,6,mud,0.7643759481889484,experimental
NZ314,6,mud,0.8681172462072275,experimental
NZ315,6,mud,0.527546245016915,experimental
NZ316,6,mud,0.6517721338276941,experimental
NZ317,6,mud,0.6726203533713498,experimental
NZ318,6,mud,0.2782104156782182,experimental
NZ319,6,mud,0.6219149442748563,experimental
NZ320,6,mud,0.7997027783367282,experimental
NZ321,6,mud,0.7382534643044282,experimental
NZ322,6,mud,0.7327406934672286,experimental
NZ323,6,mud,0.6309199684743637,experimental
NZ324,6,mud,0.7247689014926003,experimental
NZ325,6,mud,0.8046415127454954,experimental
NZ326,6,mud,0.7056652393837441,experimental
NZ327,6,mud,0.7973012494838178,experimental
NZ328,6,mud,0.629336731121829,experimental
NZ329,6,mud,0.6938305933349722,experimental
NZ330,6,mud,0.7056652393837441,experimental
NZ331,6,mud,0.6022814789339803,experimental
NZ332,6,mud,0.8515556653160115,experimental
NZ333,6,mud,0.7196983413356284,experimental
NZ334,6,mud,0.7304634821677636,experimental
NZ335,6,mud,0.7196983413356284,experimental
NZ336,6,mud,0.6517721338276941,experimental
NZ337,6,mud,0.7741585756038268,experimental
NZ338,6,mud,0.7372857401329126,experimental
NZ339,6,mud,0.7304634821677636,experimental
NZ340,6,mud,0.7389740418107764,experimental
NZ341,6,mud,0.8509393183170971,experimental
NZ342,6,mud,0.374491615363715,experimental
NZ343,6,mud,0.7196983413356284,experimental
NZ344,6,mud,0.7728253135162123,experimental
NZ345,6,mud,0.8588281722419028,experimental
NZ346,6,mud,0.8241672837352607,experimental
NZ347,6,mud,0.6330590722843895,experimental
NZ348,6,mud,0.8326636885568168,experimental
NZ349,6,mud,0.7851669732055044,experimental
NZ350,6,mud,0.8219972055538903,experimental
NZ351,6,mud,0.830087524235045,experimental
NZ352,6,mud,0.7957559701636705,experimental
NZ353,6,mud,0.8313111344085047,experimental
NZ354,6,mud,0.8382967739838445,experimental
NZ355,6,mud,0.6619210037013917,experimental
NZ356,6,mud,0.8694280100639972,experimental
NZ357,6,mud,0.7439684237899847,experimental
NZ358,6,mud,0.4531669417895227,experimental
NZ359,6,mud,0.7657633912759942,experimental
NZ360,6,mud,0.8696380933939412,experimental
NZ361,6,mud,0.7813100090072256,experimental
NZ362,6,mud,0.7454165324128195,experimental
NZ363,6,mud,0.520404888810904,experimental
NZ364,6,mud,0.7453640500681784,experimental
NZ365,6,mud,0.3278387955952994,experimental
NZ366,6,mud,0.7657633912759942,experimental
NZ367,6,mud,0.7304634821677636,experimental
NZ368,6,mud,0.6659457791012318,experimental
NZ369,6,mud,0.8447123778050434,experimental
NZ370,6,mud,0.7729359874299957,experimental
NZ371,6,mud,0.6454815986332306,experimental
NZ372,6,mud,0.7196983413356284,experimental
NZ373,6,mud,0.736108099962912,experimental
NZ374,6,mud,0.7341949298244466,experimental
NZ375,6,mud,0.6760044107062136,experimental
NZ376,6,mud,0.5238951139944872,experimental
NZ377,6,mud,0.6240293692515985,experimental
NZ378,6,mud,0.5247151639772953,experimental
NZ379,6,mud,0.6240293692515985,experimental
NZ380,6,mud,0.6517721338276941,experimental
NZ381,6,mud,0.6517721338276941,experimental
NZ382,6,mud,0.6194823376494959,experimental
NZ383,6,mud,0.6580390535563054,experimental
NZ384,6,mud,0.6704178292570967,experimental
NZ385,6,mud,0.7602802765032208,experimental
NZ386,6,mud,0.7946782443557069,experimental
NZ387,6,mud,0.8229481913778507,experimental
NZ388,6,mud,0.7609340767420931,experimental
NZ389,6,mud,0.7071810867264287,experimental
NZ390,6,mud,0.6517721338276941,experimental
NZ391,6,mud,0.7609340767420931,experimental
NZ392,6,mud,0.8233655700523701,experimental
NZ393,6,mud,0.7609340767420931,experimental
NZ394,6,mud,0.8343584887977745,experimental
NZ395,6,mud,0.4667622217606,experimental
NZ396,6,mud,0.738895392623403,experimental
NZ397,6,mud,0.7569427431454051,experimental
NZ398,6,mud,0.7196983413356284,experimental
NZ399,6,mud,0.28557374026974336,experimental
NZ400,6,mud,0.40552121169564104,experimental
NZ401,6,mud,0.4667622217606,experimental
NZ402,6,mud,0.4871025350401387,experimental
NZ403,6,mud,0.2518581903846424,experimental
NZ404,6,mud,0.4871025350401387,experimental
NZ405,6,mud,0.3889347506358505,experimental
NZ406,6,mud,0.4667622217606,experimental
NZ407,6,mud,0.4871025350401387,experimental
NZ408,6,mud,0.4871025350401387,experimental
NZ409,6,mud,0.3949340070389374,experimental
NZ410,6,mud,0.30195478314697843,experimental
NZ411,6,mud,0.38746645284453285,experimental
NZ412,6,mud,0.4871025350401387,experimental
NZ413,6,mud,0.534979350881896,experimental
NZ414,6,mud,0.3560848855624525,experimental
NZ415,6,mud,0.3602891369472417,experimental
NZ416,6,mud,0.5364901987077295,experimental
NZ417,6,mud,0.3887730089255376,experimental
NZ418,6,mud,0.4000181619575349,experimental
NZ419,6,mud,0.3954000311385523,experimental
NZ420,6,mud,0.24962091803358014,experimental
NZ421,6,mud,0.8273039579032508,experimental
NZ422,6,mud,0.7389740418107764,experimental
NZ423,6,mud,0.7389740418107764,experimental
NZ424,6,mud,0.8582830460621538,experimental
NZ425,6,mud,0.8582830460621538,experimental
NZ426,6,mud,0.7233773106670003,experimental
NZ427,6,mud,0.8329799477958455,experimental
NZ428,6,mud,0.6850926776808669,experimental
NZ429,6,mud,0.7389740418107764,experimental
NZ430,6,mud,0.6929803398224439,experimental
NZ431,6,mud,0.8358226422791509,experimental
NZ432,6,mud,0.7678473653960255,experimental
NZ433,6,mud,0.7456267025961684,experimental
NZ434,6,mud,0.7456267025961684,experimental
NZ435,6,mud,0.6540416604551716,experimental
NZ436,6,mud,0.7612465394680268,experimental
NZ437,6,mud,0.6589143078444986,experimental
NZ438,6,mud,0.7313879000441312,experimental
NZ439,6,mud,0.7452007451323673,experimental
NZ440,6,mud,0.7481755075026878,experimental
NZ441,6,mud,0.7815881756593407,experimental
NZ442,6,mud,0.6833772979233371,experimental
NZ443,6,mud,0.6730450747884279,experimental
NZ444,6,mud,0.7609631966033951,experimental
NZ445,6,mud,0.730001762164215,experimental
NZ446,6,mud,0.7196983413356284,experimental
NZ447,6,mud,0.8422655292898531,experimental
NZ448,6,mud,0.7196983413356284,experimental
NZ449,6,mud,0.7196983413356284,experimental
NZ450,6,mud,0.6839717674871195,experimental
NZ451,6,mud,0.7609340767420931,experimental
NZ452,6,mud,0.7609340767420931,experimental
NZ453,6,mud,0.7609340767420931,experimental
NZ454,6,mud,0.5799984588514311,experimental
NZ455,6,mud,0.6454815986332306,experimental
NZ456,6,mud,0.8353295754924965,experimental
NZ457,6,mud,0.6086948206833606,experimental
NZ458,6,mud,0.506460573434404,experimental
NZ459,6,mud,0.5980789362684659,experimental
NZ460,6,mud,0.7178264171121832,experimental
NZ461,6,mud,0.5979612034482916,experimental
NZ462,6,mud,0.8229481913778507,experimental
NZ463,6,mud,0.8153482181175238,experimental
NZ464,6,mud,0.9021200562018762,experimental
NZ465,6,mud,0.9021200562018762,experimental
NZ466,6,mud,0.8229481913778507,experimental
NZ467,6,mud,0.8233655700523701,experimental
NZ468,6,mud,0.8409410980587674,experimental
NZ469,6,mud,0.7378982096304079,experimental
NZ470,6,mud,0.7297211025112673,experimental
NZ471,6,mud,0.6358633474002262,experimental
NZ472,6,mud,0.7566530036240346,experimental
NZ473,6,mud,0.7304634821677636,experimental
NZ474,6,mud,0.8340281290168893,experimental
NZ475,6,mud,0.7389740418107764,experimental
NZ476,6,mud,0.7454165324128195,experimental
NZ477,6,mud,0.7389740418107764,experimental
NZ478,6,mud,0.733141333761422,experimental
NZ479,6,mud,0.7389740418107764,experimental
NZ480,6,mud,0.8382967739838445,experimental
NZ481,6,mud,0.5572210824772084,experimental
NZ482,6,mud,0.6170109279180279,experimental
NZ483,6,mud,0.7465466677964732,experimental
NZ484,6,mud,0.6379225397234779,experimental
NZ485,6,mud,0.646359425962448,experimental
NZ486,6,mud,0.6663661033259154,experimental
NZ487,6,mud,0.6475777216669311,experimental
NZ488,6,mud,0.646359425962448,experimental
NZ489,6,mud,0.646359425962448,experimental
NZ490,6,mud,0.800519688734122,experimental
NZ491,6,mud,0.8342643581011923,experimental
NZ492,6,mud,0.8229481913778507,experimental
NZ493,6,mud,0.8382967739838445,experimental
NZ494,6,mud,0.8172397665629303,experimental
NZ495,6,mud,0.8935750562119048,experimental
NZ496,6,mud,0.8834291317648014,experimental
NZ497,6,mud,0.8607006655485127,experimental
NZ498,6,mud,0.8299049935174205,experimental
NZ499,6,mud,0.8994569000952005,experimental
NZ500,6,mud,0.8382967739838445,experimental
NZ001,7,overall_good,0.9849516994394172,experimental
NZ002,7,overall_good,0.9871353264174421,experimental
NZ003,7,overall_good,0.9799889257341455,experimental
NZ004,7,overall_good,0.9865455744229712,experimental
NZ005,7,overall_good,0.9827182556051216,experimental
NZ006,7,overall_good,0.9764458402505835,experimental
NZ007,7,overall_good,0.9869691529507072,experimental
NZ008,7,overall_good,0.9810231377299539,experimental
NZ009,7,overall_good,0.9796884013089134,experimental
NZ010,7,overall_good,0.9857487470108363,experimental
NZ011,7,overall_good,0.9869278702101456,experimental
NZ012,7,overall_good,0.9801561459348553,experimental
NZ013,7,overall_good,0.9775390771984734,experimental
NZ014,7,overall_good,0.9837611923323447,experimental
NZ015,7,overall_good,0.9749019790411841,experimental
NZ016,7,overall_good,0.9774717086100672,experimental
NZ017,7,overall_good,0.9779567551598013,experimental
NZ018,7,overall_good,0.9783451092396018,experimental
NZ019,7,overall_good,0.9757998677599905,experimental
NZ020,7,overall_good,0.9861847642704855,experimental
NZ021,7,overall_good,0.9781144891621233,experimental
NZ022,7,overall_good,0.9784833803353267,experimental
NZ023,7,overall_good,0.9809881207110287,experimental
NZ024,7,overall_good,0.9830365368116835,experimental
NZ025,7,overall_good,0.9803287045397452,experimental
NZ026,7,overall_good,0.9803003788818542,experimental
NZ027,7,overall_good,0.9787915266954698,experimental
NZ028,7,overall_good,0.9857129063914789,experimental
NZ029,7,overall_good,0.9844331076012638,experimental
NZ030,7,overall_good,0.9872724840715887,experimental
NZ031,7,overall_good,0.9774411771629947,experimental
NZ032,7,overall_good,0.9787827122246394,experimental
NZ033,7,overall_good,0.9790427030574448,experimental
NZ034,7,overall_good,0.9765925826602933,experimental
NZ035,7,overall_good,0.9797112884237129,experimental
NZ036,7,overall_good,0.976579100712384,experimental
NZ037,7,overall_good,0.9822470953210225,experimental
NZ038,7,overall_good,0.9789141441058999,experimental
NZ039,7,overall_good,0.9787824340266397,experimental
NZ040,7,overall_good,0.9816366060107218,experimental
NZ041,7,overall_good,0.98025494377677,experimental
NZ042,7,overall_good,0.9804623193346905,experimental
NZ043,7,overall_good,0.9780573024040219,experimental
NZ044,7,overall_good,0.9766919641209255,experimental
NZ045,7,overall_good,0.9759613274063383,experimental
NZ046,7,overall_good,0.9774900255602327,experimental
NZ047,7,overall_good,0.9820295218733743,experimental
NZ048,7,overall_good,0.9830847406016496,experimental
NZ049,7,overall_good,0.9822698027466128,experimental
NZ050,7,overall_good,0.9822404830280468,experimental
NZ051,7,overall_good,0.9827475762436287,experimental
NZ052,7,overall_good,0.9849051195324138,experimental
NZ053,7,overall_good,0.9781604771077705,experimental
NZ054,7,overall_good,0.9870389725918158,experimental
NZ055,7,overall_good,0.9857140231858623,experimental
NZ056,7,overall_good,0.9870860745027604,experimental
NZ057,7,overall_good,0.9803362894933835,experimental
NZ058,7,overall_good,0.9824652489716346,experimental
NZ059,7,overall_good,0.9830205712012131,experimental
NZ060,7,overall_good,0.9827334585579055,experimental
NZ061,7,overall_good,0.9789454306294295,experimental
NZ062,7,overall_good,0.9831526445182992,experimental
NZ063,7,overall_good,0.9820297612424427,experimental
NZ064,7,overall_good,0.9814120419551879,experimental
NZ065,7,overall_good,0.9824369112606759,experimental
NZ066,7,overall_good,0.9814239639017648,experimental
NZ067,7,overall_good,0.9826304385022939,experimental
NZ068,7,overall_good,0.9825619596739821,experimental
NZ069,7,overall_good,0.9831414191561718,experimental
NZ070,7,overall_good,0.9821046159692765,experimental
NZ071,7,overall_good,0.9826589904871206,experimental
NZ072,7,overall_good,0.9807096908841757,experimental
NZ073,7,overall_good,0.9813574819603375,experimental
NZ074,7,overall_good,0.9824999544105122,experimental
NZ075,7,overall_good,0.977963120248358,experimental
NZ076,7,overall_good,0.978810967199015,experimental
NZ077,7,overall_good,0.9779725413798258,experimental
NZ078,7,overall_good,0.9781527262863977,experimental
NZ079,7,overall_good,0.9789861602582333,experimental
NZ080,7,overall_good,0.9788156818671327,experimental
NZ081,7,overall_good,0.9775010717822582,experimental
NZ082,7,overall_good,0.9788614817965898,experimental
NZ083,7,overall_good,0.978096164270328,experimental
NZ084,7,overall_good,0.9783759702963443,experimental
NZ085,7,overall_good,0.9787662247975203,experimental
NZ086,7,overall_good,0.9804913161342836,experimental
NZ087,7,overall_good,0.9805237779203111,experimental
NZ088,7,overall_good,0.9800598598857094,experimental
NZ089,7,overall_good,0.9795717274476365,experimental
NZ090,7,overall_good,0.9808347970247305,experimental
NZ091,7,overall_good,0.9803874182724077,experimental
NZ092,7,overall_good,0.9807805275820028,experimental
NZ093,7,overall_good,0.9778346174436485,experimental
NZ094,7,overall_good,0.980587308541342,experimental
NZ095,7,overall_good,0.9804954934392901,experimental
NZ096,7,overall_good,0.977563182570985,experimental
NZ097,7,overall_good,0.9826880413377655,experimental
NZ098,7,overall_good,0.982771046488388,experimental
NZ099,7,overall_good,0.9803593924674632,experimental
NZ100,7,overall_good,0.9816507113512649,experimental
NZ101,7,overall_good,0.9789179645076233,experimental
NZ102,7,overall_good,0.9798005340209238,experimental
NZ103,7,overall_good,0.976664224444324,experimental
NZ104,7,overall_good,0.9798757838990573,experimental
NZ105,7,overall_good,0.9780692840577071,experimental
NZ106,7,overall_good,0.9763864103586599,experimental
NZ107,7,overall_good,0.9833178228924458,experimental
NZ108,7,overall_good,0.9833150870640301,experimental
NZ109,7,overall_good,0.9806855480107208,experimental
NZ110,7,overall_good,0.9810524863464951,experimental
NZ111,7,overall_good,0.9792323023259666,experimental
NZ112,7,overall_good,0.9808503347282181,experimental
NZ113,7,overall_good,0.980261789145126,experimental
NZ114,7,overall_good,0.9808507663628945,experimental
NZ115,7,overall_good,0.9857176896629044,experimental
NZ116,7,overall_good,0.9862049251406435,experimental
NZ117,7,overall_good,0.9870613036501487,experimental
NZ118,7,overall_good,0.9842678624718323,experimental
NZ119,7,overall_good,0.9827297097205823,experimental
NZ120,7,overall_good,0.9766871361245821,experimental
NZ121,7,overall_good,0.9780124350759347,experimental
NZ122,7,overall_good,0.9791381066581609,experimental
NZ123,7,overall_good,0.9784362339298456,experimental
NZ124,7,overall_good,0.975738199915381,experimental
NZ125,7,overall_good,0.9793700751412249,experimental
NZ126,7,overall_good,0.9800027622351792,experimental
NZ127,7,overall_good,0.980479866275099,experimental
NZ128,7,overall_good,0.9762875966497181,experimental
NZ129,7,overall_good,0.9806654253616164,experimental
NZ130,7,overall_good,0.9792054509509374,experimental
NZ131,7,overall_good,0.9784535032131956,experimental
NZ132,7,overall_good,0.9805061596669106,experimental
NZ133,7,overall_good,0.9826508183367288,experimental
NZ134,7,overall_good,0.9865529804852592,experimental
NZ135,7,overall_good,0.986582512908575,experimental
NZ136,7,overall_good,0.986181581422356,experimental
NZ137,7,overall_good,0.979908394380249,experimental
NZ138,7,overall_good,0.9776175052856532,experimental
NZ139,7,overall_good,0.9784707286576962,experimental
NZ140,7,overall_good,0.9812336860638607,experimental
NZ141,7,overall_good,0.9818920204450301,experimental
NZ142,7,overall_good,0.9762375180123362,experimental
NZ143,7,overall_good,0.978859354495525,experimental
NZ144,7,overall_good,0.9787383693915056,experimental
NZ145,7,overall_good,0.9799506347355896,experimental
NZ146,7,overall_good,0.9800505774091822,experimental
NZ147,7,overall_good,0.976864383325092,experimental
NZ148,7,overall_good,0.9789004245516556,experimental
NZ149,7,overall_good,0.977088475813008,experimental
NZ150,7,overall_good,0.9755573988892596,experimental
NZ151,7,overall_good,0.9758382710618592,experimental
NZ152,7,overall_good,0.9759402764399397,experimental
NZ153,7,overall_good,0.9824525952001468,experimental
NZ154,7,overall_good,0.9824467513462604,experimental
NZ155,7,overall_good,0.981792938390756,experimental
NZ156,7,overall_good,0.9824832435163297,experimental
NZ157,7,overall_good,0.9824372512982634,experimental
NZ158,7,overall_good,0.9824570703755366,experimental
NZ159,7,overall_good,0.9822819209664261,experimental
NZ160,7,overall_good,0.9824351521405092,experimental
NZ161,7,overall_good,0.9831698533680532,experimental
NZ162,7,overall_good,0.9824498276203766,experimental
NZ163,7,overall_good,0.9818130543988174,experimental
NZ164,7,overall_good,0.983641228877493,experimental
NZ165,7,overall_good,0.9835568659128928,experimental
NZ166,7,overall_good,0.986968028052868,experimental
NZ167,7,overall_good,0.9874090341176126,experimental
NZ168,7,overall_good,0.9849547553886848,experimental
NZ169,7,overall_good,0.9870056816803134,experimental
NZ170,7,overall_good,0.9870229923148366,experimental
NZ171,7,overall_good,0.9861036684325538,experimental
NZ172,7,overall_good,0.9862062626459068,experimental
NZ173,7,overall_good,0.9857028862572326,experimental
NZ174,7,overall_good,0.9766127808497617,experimental
NZ175,7,overall_good,0.9766322052297066,experimental
NZ176,7,overall_good,0.9815699364835416,experimental
NZ177,7,overall_good,0.9832916880524096,experimental
NZ178,7,overall_good,0.9828667739982924,experimental
NZ179,7,overall_good,0.9822250858104634,experimental
NZ180,7,overall_good,0.9827873074593573,experimental
NZ181,7,overall_good,0.9805352372672623,experimental
NZ182,7,overall_good,0.9784501022813579,experimental
NZ183,7,overall_good,0.9804033178077389,experimental
NZ184,7,overall_good,0.9797990226034159,experimental
NZ185,7,overall_good,0.979218584938294,experimental
NZ186,7,overall_good,0.9816156175219033,experimental
NZ187,7,overall_good,0.9804835458516555,experimental
NZ188,7,overall_good,0.9797497656530654,experimental
NZ189,7,overall_good,0.9809150984262446,experimental
NZ190,7,overall_good,0.9807308494993651,experimental
NZ191,7,overall_good,0.9778969369369034,experimental
NZ192,7,overall_good,0.9809189267355218,experimental
NZ193,7,overall_good,0.9781780943546203,experimental
NZ194,7,overall_good,0.9786500359587608,experimental
NZ195,7,overall_good,0.9803083615743514,experimental
NZ196,7,overall_good,0.9802104116070968,experimental
NZ197,7,overall_good,0.9820038394000377,experimental
NZ198,7,overall_good,0.9787203200408917,experimental
NZ199,7,overall_good,0.9799266327997254,experimental
NZ200,7,overall_good,0.9807764027095385,experimental
NZ201,7,overall_good,0.9790995585556478,experimental
NZ202,7,overall_good,0.9813337415912163,experimental
NZ203,7,overall_good,0.9774538398148532,experimental
NZ204,7,overall_good,0.9806277761782107,experimental
NZ205,7,overall_good,0.9810220239078469,experimental
NZ206,7,overall_good,0.9792128697173583,experimental
NZ207,7,overall_good,0.9785785673711628,experimental
NZ208,7,overall_good,0.9803865629972378,experimental
NZ209,7,overall_good,0.977552671092523,experimental
NZ210,7,overall_good,0.9782998342644664,experimental
NZ211,7,overall_good,0.9779506867058189,experimental
NZ212,7,overall_good,0.9791339927210357,experimental
NZ213,7,overall_good,0.9781675344212913,experimental
NZ214,7,overall_good,0.9779375836364738,experimental
NZ215,7,overall_good,0.9788346609786309,experimental
NZ216,7,overall_good,0.978872446500372,experimental
NZ217,7,overall_good,0.9780970321772804,experimental
NZ218,7,overall_good,0.9785192287906006,experimental
NZ219,7,overall_good,0.9778734182554514,experimental
NZ220,7,overall_good,0.9742583557538244,experimental
NZ221,7,overall_good,0.9769814172093929,experimental
NZ222,7,overall_good,0.9781736901016148,experimental
NZ223,7,overall_good,0.9778039106430917,experimental
NZ224,7,overall_good,0.977717190801795,experimental
NZ225,7,overall_good,0.9785240531540916,experimental
NZ226,7,overall_good,0.9791129640260366,experimental
NZ227,7,overall_good,0.9781189651344515,experimental
NZ228,7,overall_good,0.9766321874255164,experimental
NZ229,7,overall_good,0.9780034853604751,experimental
NZ230,7,overall_good,0.979595795603335,experimental
NZ231,7,overall_good,0.9768108425919052,experimental
NZ232,7,overall_good,0.9767107442113396,experimental
NZ233,7,overall_good,0.9767717305536184,experimental
NZ234,7,overall_good,0.9786919926592063,experimental
NZ235,7,overall_good,0.9788554572889543,experimental
NZ236,7,overall_good,0.9788566317872331,experimental
NZ237,7,overall_good,0.977012436217203,experimental
NZ238,7,overall_good,0.9779579800504615,experimental
NZ239,7,overall_good,0.9748835196896953,experimental
NZ240,7,overall_good,0.9780192372742753,experimental
NZ241,7,overall_good,0.977901139881847,experimental
NZ242,7,overall_good,0.9786546288904465,experimental
NZ243,7,overall_good,0.9788047519761024,experimental
NZ244,7,overall_good,0.975121770631896,experimental
NZ245,7,overall_good,0.973965899515144,experimental
NZ246,7,overall_good,0.9862772751256009,experimental
NZ247,7,overall_good,0.9870068379542436,experimental
NZ248,7,overall_good,0.9857549150535428,experimental
NZ249,7,overall_good,0.9870379334916429,experimental
NZ250,7,overall_good,0.9870602402944275,experimental
NZ251,7,overall_good,0.984710045306471,experimental
NZ252,7,overall_good,0.9861833502999657,experimental
NZ253,7,overall_good,0.9865580423269396,experimental
NZ254,7,overall_good,0.9859861287874802,experimental
NZ255,7,overall_good,0.9867153231598049,experimental
NZ256,7,overall_good,0.9870188649149286,experimental
NZ257,7,overall_good,0.9862627055678309,experimental
NZ258,7,overall_good,0.9862375857413905,experimental
NZ259,7,overall_good,0.9862836169859475,experimental
NZ260,7,overall_good,0.9862655855830645,experimental
NZ261,7,overall_good,0.9862112052499604,experimental
NZ262,7,overall_good,0.9871195481320741,experimental
NZ263,7,overall_good,0.9857110891460021,experimental
NZ264,7,overall_good,0.984482944422145,experimental
NZ265,7,overall_good,0.9802565441048559,experimental
NZ266,7,overall_good,0.980104243364509,experimental
NZ267,7,overall_good,0.9801934938762094,experimental
NZ268,7,overall_good,0.980467745748027,experimental
NZ269,7,overall_good,0.9821664344364862,experimental
NZ270,7,overall_good,0.9768000027039021,experimental
NZ271,7,overall_good,0.9792156778786446,experimental
NZ272,7,overall_good,0.9792400044318449,experimental
NZ273,7,overall_good,0.9816561109062459,experimental
NZ274,7,overall_good,0.9812044185641121,experimental
NZ275,7,overall_good,0.9804305630894246,experimental
NZ276,7,overall_good,0.9809108510720032,experimental
NZ277,7,overall_good,0.9831568914247323,experimental
NZ278,7,overall_good,0.986181581422356,experimental
NZ279,7,overall_good,0.9792812554080995,experimental
NZ280,7,overall_good,0.9831606369241158,experimental
NZ281,7,overall_good,0.9804900935076549,experimental
NZ282,7,overall_good,0.9813714223459481,experimental
NZ283,7,overall_good,0.9793447192177313,experimental
NZ284,7,overall_good,0.9804834041685976,experimental
NZ285,7,overall_good,0.9808041630194314,experimental
NZ286,7,overall_good,0.9803319059771769,experimental
NZ287,7,overall_good,0.982755736023774,experimental
NZ288,7,overall_good,0.9821341359745352,experimental
NZ289,7,overall_good,0.9834324237993497,experimental
NZ290,7,overall_good,0.982369328092468,experimental
NZ291,7,overall_good,0.9767240396272577,experimental
NZ292,7,overall_good,0.9793340336750855,experimental
NZ293,7,overall_good,0.9793109187210058,experimental
NZ294,7,overall_good,0.975615416959084,experimental
NZ295,7,overall_good,0.9794162176697735,experimental
NZ296,7,overall_good,0.9795774619106714,experimental
NZ297,7,overall_good,0.9824371240033154,experimental
NZ298,7,overall_good,0.9818108820162652,experimental
NZ299,7,overall_good,0.9816592994650758,experimental
NZ300,7,overall_good,0.9804330122952658,experimental
NZ301,7,overall_good,0.9795130784332794,experimental
NZ302,7,overall_good,0.9766337699209647,experimental
NZ303,7,overall_good,0.9766011282254737,experimental
NZ304,7,overall_good,0.9788010713712404,experimental
NZ305,7,overall_good,0.9788391296737424,experimental
NZ306,7,overall_good,0.9767464563503034,experimental
NZ307,7,overall_good,0.9781779999291725,experimental
NZ308,7,overall_good,0.9802362643112487,experimental
NZ309,7,overall_good,0.9766641651604677,experimental
NZ310,7,overall_good,0.9787923193987218,experimental
NZ311,7,overall_good,0.9755834414024703,experimental
NZ312,7,overall_good,0.9800373048801904,experimental
NZ313,7,overall_good,0.9780475664138606,experimental
NZ314,7,overall_good,0.9790204057224485,experimental
NZ315,7,overall_good,0.9793664412481181,experimental
NZ316,7,overall_good,0.9787928740009574,experimental
NZ317,7,overall_good,0.9780126223480976,experimental
NZ318,7,overall_good,0.9834259700264613,experimental
NZ319,7,overall_good,0.9788214368260006,experimental
NZ320,7,overall_good,0.9760361556905228,experimental
NZ321,7,overall_good,0.9790285299340062,experimental
NZ322,7,overall_good,0.9790691571469986,experimental
NZ323,7,overall_good,0.9797589892427082,experimental
NZ324,7,overall_good,0.9786563360474063,experimental
NZ325,7,overall_good,0.9781763222648521,experimental
NZ326,7,overall_good,0.9774733614395525,experimental
NZ327,7,overall_good,0.979199588693361,experimental
NZ328,7,overall_good,0.9775722512187912,experimental
NZ329,7,overall_good,0.9760803908712343,experimental
NZ330,7,overall_good,0.9774615909163297,experimental
NZ331,7,overall_good,0.9795265770184132,experimental
NZ332,7,overall_good,0.9792373015537534,experimental
NZ333,7,overall_good,0.9791883180280504,experimental
NZ334,7,overall_good,0.9805196456397449,experimental
NZ335,7,overall_good,0.9791915731433908,experimental
NZ336,7,overall_good,0.9787540661387177,experimental
NZ337,7,overall_good,0.9767720760044591,experimental
NZ338,7,overall_good,0.9797313075940117,experimental
NZ339,7,overall_good,0.9805193190975792,experimental
NZ340,7,overall_good,0.978497836382051,experimental
NZ341,7,overall_good,0.979016741548614,experimental
NZ342,7,overall_good,0.9827185977857376,experimental
NZ343,7,overall_good,0.9792105706656541,experimental
NZ344,7,overall_good,0.9809291669301153,experimental
NZ345,7,overall_good,0.9808304216456999,experimental
NZ346,7,overall_good,0.9792767096311195,experimental
NZ347,7,overall_good,0.9799362700467463,experimental
NZ348,7,overall_good,0.9809209644078307,experimental
NZ349,7,overall_good,0.9767095953202958,experimental
NZ350,7,overall_good,0.9756625865476998,experimental
NZ351,7,overall_good,0.9752170105701088,experimental
NZ352,7,overall_good,0.9779951701953544,experimental
NZ353,7,overall_good,0.9765929774465687,experimental
NZ354,7,overall_good,0.9767067035643647,experimental
NZ355,7,overall_good,0.9805256293408583,experimental
NZ356,7,overall_good,0.9761688810362561,experimental
NZ357,7,overall_good,0.9771810138509973,experimental
NZ358,7,overall_good,0.9829425836202265,experimental
NZ359,7,overall_good,0.9824225924338811,experimental
NZ360,7,overall_good,0.9780908544996871,experimental
NZ361,7,overall_good,0.9818087233126414,experimental
NZ362,7,overall_good,0.9798307609330358,experimental
NZ363,7,overall_good,0.982654572024925,experimental
NZ364,7,overall_good,0.9783045339417932,experimental
NZ365,7,overall_good,0.9827943078444934,experimental
NZ366,7,overall_good,0.9824204780819902,experimental
NZ367,7,overall_good,0.9805471394648144,experimental
NZ368,7,overall_good,0.9804023774000079,experimental
NZ369,7,overall_good,0.9792309376313444,experimental
NZ370,7,overall_good,0.983692333782322,experimental
NZ371,7,overall_good,0.9792891394752256,experimental
NZ372,7,overall_good,0.979340972048695,experimental
NZ373,7,overall_good,0.9804708128576343,experimental
NZ374,7,overall_good,0.9808202783711846,experimental
NZ375,7,overall_good,0.9771229972117855,experimental
NZ376,7,overall_good,0.9802291152354048,experimental
NZ377,7,overall_good,0.9794702264277122,experimental
NZ378,7,overall_good,0.9802592141171353,experimental
NZ379,7,overall_good,0.9793893379973112,experimental
NZ380,7,overall_good,0.978853916753442,experimental
NZ381,7,overall_good,0.9787575897501365,experimental
NZ382,7,overall_good,0.9795234836760796,experimental
NZ383,7,overall_good,0.9818657364221978,experimental
NZ384,7,overall_good,0.9818653006637535,experimental
NZ385,7,overall_good,0.9790091190859207,experimental
NZ386,7,overall_good,0.9811666326163748,experimental
NZ387,7,overall_good,0.9788482165305697,experimental
NZ388,7,overall_good,0.979945561257977,experimental
NZ389,7,overall_good,0.9817910816999811,experimental
NZ390,7,overall_good,0.9787987466677822,experimental
NZ391,7,overall_good,0.979911467083457,experimental
NZ392,7,overall_good,0.9774850648273301,experimental
NZ393,7,overall_good,0.9799014724009992,experimental
NZ394,7,overall_good,0.9784034707655308,experimental
NZ395,7,overall_good,0.9822464277339419,experimental
NZ396,7,overall_good,0.9814466222175628,experimental
NZ397,7,overall_good,0.9793385666658407,experimental
NZ398,7,overall_good,0.9792582510036745,experimental
NZ399,7,overall_good,0.9827871754869074,experimental
NZ400,7,overall_good,0.9803106489254069,experimental
NZ401,7,overall_good,0.9822210071508649,experimental
NZ402,7,overall_good,0.9815767902900668,experimental
NZ403,7,overall_good,0.9832704820978709,experimental
NZ404,7,overall_good,0.9816610694972884,experimental
NZ405,7,overall_good,0.9828075654769189,experimental
NZ406,7,overall_good,0.9822260901571146,experimental
NZ407,7,overall_good,0.9815965511743724,experimental
NZ408,7,overall_good,0.9817026969731534,experimental
NZ409,7,overall_good,0.9833573683886371,experimental
NZ410,7,overall_good,0.9828446303879835,experimental
NZ411,7,overall_good,0.9828910320888129,experimental
NZ412,7,overall_good,0.9816302784635551,experimental
NZ413,7,overall_good,0.9824540956514333,experimental
NZ414,7,overall_good,0.9822831733109255,experimental
NZ415,7,overall_good,0.982379833028006,experimental
NZ416,7,overall_good,0.9829098082320422,experimental
NZ417,7,overall_good,0.9829273595161494,experimental
NZ418,7,overall_good,0.9826614558564076,experimental
NZ419,7,overall_good,0.9791738942960113,experimental
NZ420,7,overall_good,0.9833602691814985,experimental
NZ421,7,overall_good,0.979875411528666,experimental
NZ422,7,overall_good,0.9785655310470979,experimental
NZ423,7,overall_good,0.9784518147929782,experimental
NZ424,7,overall_good,0.9802302749640932,experimental
NZ425,7,overall_good,0.9799382709842357,experimental
NZ426,7,overall_good,0.9804404697926122,experimental
NZ427,7,overall_good,0.9778124774265482,experimental
NZ428,7,overall_good,0.978316011059974,experimental
NZ429,7,overall_good,0.9785795971927145,experimental
NZ430,7,overall_good,0.9771128738170763,experimental
NZ431,7,overall_good,0.9815528128348707,experimental
NZ432,7,overall_good,0.9782292045838556,experimental
NZ433,7,overall_good,0.9795615716981857,experimental
NZ434,7,overall_good,0.9795774317120777,experimental
NZ435,7,overall_good,0.9802785525558536,experimental
NZ436,7,overall_good,0.9808605764667673,experimental
NZ437,7,overall_good,0.9803480554422883,experimental
NZ438,7,overall_good,0.9802534852597351,experimental
NZ439,7,overall_good,0.9817147732745183,experimental
NZ440,7,overall_good,0.9809637941906707,experimental
NZ441,7,overall_good,0.9811941394271719,experimental
NZ442,7,overall_good,0.9813349425830957,experimental
NZ443,7,overall_good,0.98021765267046,experimental
NZ444,7,overall_good,0.9814477487406338,experimental
NZ445,7,overall_good,0.9767997832966777,experimental
NZ446,7,overall_good,0.9793235864663341,experimental
NZ447,7,overall_good,0.9767665685783811,experimental
NZ448,7,overall_good,0.979222419966459,experimental
NZ449,7,overall_good,0.9791968782699276,experimental
NZ450,7,overall_good,0.9803458200849154,experimental
NZ451,7,overall_good,0.980001959603157,experimental
NZ452,7,overall_good,0.9799215406552921,experimental
NZ453,7,overall_good,0.9799617631700446,experimental
NZ454,7,overall_good,0.9810594992589811,experimental
NZ455,7,overall_good,0.9792516946554101,experimental
NZ456,7,overall_good,0.9788533355802826,experimental
NZ457,7,overall_good,0.9811078415323461,experimental
NZ458,7,overall_good,0.9811750806589705,experimental
NZ459,7,overall_good,0.9803896522764408,experimental
NZ460,7,overall_good,0.9771991288579744,experimental
NZ461,7,overall_good,0.9811431074622373,experimental
NZ462,7,overall_good,0.9788487232247519,experimental
NZ463,7,overall_good,0.9783595391046978,experimental
NZ464,7,overall_good,0.9740773156735919,experimental
NZ465,7,overall_good,0.9740950636137514,experimental
NZ466,7,overall_good,0.9788594312296268,experimental
NZ467,7,overall_good,0.9774731378296527,experimental
NZ468,7,overall_good,0.9780525839723626,experimental
NZ469,7,overall_good,0.9801131185501137,experimental
NZ470,7,overall_good,0.9808400390201595,experimental
NZ471,7,overall_good,0.9806081190273432,experimental
NZ472,7,overall_good,0.9810183614837817,experimental
NZ473,7,overall_good,0.9805097251875426,experimental
NZ474,7,overall_good,0.9804875479309334,experimental
NZ475,7,overall_good,0.9784646356200237,experimental
NZ476,7,overall_good,0.9798253070327609,experimental
NZ477,7,overall_good,0.9784636117300068,experimental
NZ478,7,overall_good,0.9773086252438024,experimental
NZ479,7,overall_good,0.9785454998246663,experimental
NZ480,7,overall_good,0.9766334646667111,experimental
NZ481,7,overall_good,0.9822473736096301,experimental
NZ482,7,overall_good,0.9821671562779324,experimental
NZ483,7,overall_good,0.981090804218853,experimental
NZ484,7,overall_good,0.9807037985389189,experimental
NZ485,7,overall_good,0.9810867544787147,experimental
NZ486,7,overall_good,0.9804324200145057,experimental
NZ487,7,overall_good,0.9815493840994267,experimental
NZ488,7,overall_good,0.9810832924823693,experimental
NZ489,7,overall_good,0.9811659941143324,experimental
NZ490,7,overall_good,0.9779112121515181,experimental
NZ491,7,overall_good,0.9787401182466196,experimental
NZ492,7,overall_good,0.9788823974640464,experimental
NZ493,7,overall_good,0.9767203170373084,experimental
NZ494,7,overall_good,0.9774747215547728,experimental
NZ495,7,overall_good,0.9746536059387523,experimental
NZ496,7,overall_good,0.9787324776766625,experimental
NZ497,7,overall_good,0.9782933067731413,experimental
NZ498,7,overall_good,0.9788270589568568,experimental
NZ499,7,overall_good,0.9742603641110823,experimental
NZ500,7,overall_good,0.9766251702854724,experimental
NZ001,7,bugs,0.5546755202407798,experimental
NZ002,7,bugs,0.33868117824991495,experimental
NZ003,7,bugs,0.4449074591821566,experimental
NZ004,7,bugs,0.34511669871189965,experimental
NZ005,7,bugs,0.3984236223906924,experimental
NZ006,7,bugs,0.4145644549951283,experimental
NZ007,7,bugs,0.41056774792365364,experimental
NZ008,7,bugs,0.33441220701819924,experimental
NZ009,7,bugs,0.5002286386849447,experimental
NZ010,7,bugs,0.31567966123812063,experimental
NZ011,7,bugs,0.41419958719449623,experimental
NZ012,7,bugs,0.5249315025904326,experimental
NZ013,7,bugs,0.4652457462711588,experimental
NZ014,7,bugs,0.47474486940013405,experimental
NZ015,7,bugs,0.2791324303636635,experimental
NZ016,7,bugs,0.2770960501993192,experimental
NZ017,7,bugs,0.3750815044631158,experimental
NZ018,7,bugs,0.25133431175729987,experimental
NZ019,7,bugs,0.4967231094154521,experimental
NZ020,7,bugs,0.3404805552491255,experimental
NZ021,7,bugs,0.4129641943736132,experimental
NZ022,7,bugs,0.30043939605647174,experimental
NZ023,7,bugs,0.46690624701456,experimental
NZ024,7,bugs,0.46494297884859287,experimental
NZ025,7,bugs,0.5363114599757908,experimental
NZ026,7,bugs,0.5360279491804659,experimental
NZ027,7,bugs,0.2991245745262992,experimental
NZ028,7,bugs,0.303665027672973,experimental
NZ029,7,bugs,0.5143337287909647,experimental
NZ030,7,bugs,0.40827002241117505,experimental
NZ031,7,bugs,0.28354590311821837,experimental
NZ032,7,bugs,0.32691962058377927,experimental
NZ033,7,bugs,0.29055457222299674,experimental
NZ034,7,bugs,0.4398187705369895,experimental
NZ035,7,bugs,0.3119118102174179,experimental
NZ036,7,bugs,0.43495769381626215,experimental
NZ037,7,bugs,0.2814617748302368,experimental
NZ038,7,bugs,0.294050905727068,experimental
NZ039,7,bugs,0.3435195946060388,experimental
NZ040,7,bugs,0.5193942272563791,experimental
NZ041,7,bugs,0.3477298919598422,experimental
NZ042,7,bugs,0.3307555102621041,experimental
NZ043,7,bugs,0.3083123203224471,experimental
NZ044,7,bugs,0.4398187705369895,experimental
NZ045,7,bugs,0.5360279491804659,experimental
NZ046,7,bugs,0.2770960501993192,experimental
NZ047,7,bugs,0.5246828123509025,experimental
NZ048,7,bugs,0.3548615315508767,experimental
NZ049,7,bugs,0.31115506370819485,experimental
NZ050,7,bugs,0.30503511880140943,experimental
NZ051,7,bugs,0.25715067994354257,experimental
NZ052,7,bugs,0.3382892468010134,experimental
NZ053,7,bugs,0.49142406450479437,experimental
NZ054,7,bugs,0.33254835906164953,experimental
NZ055,7,bugs,0.31492434674020453,experimental
NZ056,7,bugs,0.36444909950169097,experimental
NZ057,7,bugs,0.3293841463022882,experimental
NZ058,7,bugs,0.5240058726856447,experimental
NZ059,7,bugs,0.3370922573480947,experimental
NZ060,7,bugs,0.4736240976538045,experimental
NZ061,7,bugs,0.3258652418635191,experimental
NZ062,7,bugs,0.4620313964412411,experimental
NZ063,7,bugs,0.347723987749432,experimental
NZ064,7,bugs,0.3043321205765943,experimental
NZ065,7,bugs,0.5240058726856447,experimental
NZ066,7,bugs,0.3043321205765943,experimental
NZ067,7,bugs,0.29251994262890535,experimental
NZ068,7,bugs,0.29251994262890535,experimental
NZ069,7,bugs,0.3550686541273345,experimental
NZ070,7,bugs,0.3408012525057191,experimental
NZ071,7,bugs,0.5240058726856447,experimental
NZ072,7,bugs,0.5227498144489964,experimental
NZ073,7,bugs,0.4325678157415095,experimental
NZ074,7,bugs,0.5240058726856447,experimental
NZ075,7,bugs,0.24593792800935815,experimental
NZ076,7,bugs,0.27247476175047486,experimental
NZ077,7,bugs,0.24479422377474366,experimental
NZ078,7,bugs,0.2580710751563391,experimental
NZ079,7,bugs,0.29382450029200263,experimental
NZ080,7,bugs,0.26421638527892455,experimental
NZ081,7,bugs,0.2770960501993192,experimental
NZ082,7,bugs,0.26421638527892455,experimental
NZ083,7,bugs,0.5002310288649193,experimental
NZ084,7,bugs,0.24876480062015283,experimental
NZ085,7,bugs,0.40809311914283486,experimental
NZ086,7,bugs,0.24576101099658287,experimental
NZ087,7,bugs,0.24603327119436658,experimental
NZ088,7,bugs,0.47349992921760936,experimental
NZ089,7,bugs,0.25715974162021865,experimental
NZ090,7,bugs,0.2423827930553215,experimental
NZ091,7,bugs,0.26977692857639674,experimental
NZ092,7,bugs,0.4109588677733697,experimental
NZ093,7,bugs,0.3704108107141389,experimental
NZ094,7,bugs,0.3655303025754122,experimental
NZ095,7,bugs,0.23123006414692213,experimental
NZ096,7,bugs,0.36567625251908265,experimental
NZ097,7,bugs,0.5283914287008594,experimental
NZ098,7,bugs,0.258290996304541,experimental
NZ099,7,bugs,0.48868906191575,experimental
NZ100,7,bugs,0.27671962300088426,experimental
NZ101,7,bugs,0.32359592381142943,experimental
NZ102,7,bugs,0.4437583032610149,experimental
NZ103,7,bugs,0.2760457717061957,experimental
NZ104,7,bugs,0.32875129325007346,experimental
NZ105,7,bugs,0.2759971671262588,experimental
NZ106,7,bugs,0.33677780975794475,experimental
NZ107,7,bugs,0.30068773920426584,experimental
NZ108,7,bugs,0.28427696090332044,experimental
NZ109,7,bugs,0.32400415370042424,experimental
NZ110,7,bugs,0.43958918230147653,experimental
NZ111,7,bugs,0.3103450585127273,experimental
NZ112,7,bugs,0.2534392830408489,experimental
NZ113,7,bugs,0.3034481669211643,experimental
NZ114,7,bugs,0.2698670812966343,experimental
NZ115,7,bugs,0.3137351452171739,experimental
NZ116,7,bugs,0.3474007956709007,experimental
NZ117,7,bugs,0.3368600384157514,experimental
NZ118,7,bugs,0.5164943425569348,experimental
NZ119,7,bugs,0.29447962477891204,experimental
NZ120,7,bugs,0.2422778976782851,experimental
NZ121,7,bugs,0.23413861670691233,experimental
NZ122,7,bugs,0.39185008976976127,experimental
NZ123,7,bugs,0.5002310288649193,experimental
NZ124,7,bugs,0.5229636945118382,experimental
NZ125,7,bugs,0.5643257073824195,experimental
NZ126,7,bugs,0.42021691893942054,experimental
NZ127,7,bugs,0.29417526696997365,experimental
NZ128,7,bugs,0.4967231094154521,experimental
NZ129,7,bugs,0.329154494862786,experimental
NZ130,7,bugs,0.3103450585127273,experimental
NZ131,7,bugs,0.279330002176331,experimental
NZ132,7,bugs,0.29417526696997365,experimental
NZ133,7,bugs,0.3110825412319345,experimental
NZ134,7,bugs,0.32100475664340805,experimental
NZ135,7,bugs,0.2953110071031198,experimental
NZ136,7,bugs,0.3404805552491255,experimental
NZ137,7,bugs,0.46964301712274675,experimental
NZ138,7,bugs,0.28619398593507156,experimental
NZ139,7,bugs,0.2848628141524842,experimental
NZ140,7,bugs,0.23990268402554213,experimental
NZ141,7,bugs,0.5060046958965908,experimental
NZ142,7,bugs,0.44456455593694155,experimental
NZ143,7,bugs,0.5350904051183885,experimental
NZ144,7,bugs,0.4540746803440578,experimental
NZ145,7,bugs,0.340648281332378,experimental
NZ146,7,bugs,0.35724031086806346,experimental
NZ147,7,bugs,0.3231855401541275,experimental
NZ148,7,bugs,0.3468950902997548,experimental
NZ149,7,bugs,0.3825923147242205,experimental
NZ150,7,bugs,0.4080773901260092,experimental
NZ151,7,bugs,0.2799661651804145,experimental
NZ152,7,bugs,0.406316736470615,experimental
NZ153,7,bugs,0.3435195946060388,experimental
NZ154,7,bugs,0.3435195946060388,experimental
NZ155,7,bugs,0.3083123203224471,experimental
NZ156,7,bugs,0.36656411396061894,experimental
NZ157,7,bugs,0.3435195946060388,experimental
NZ158,7,bugs,0.3435195946060388,experimental
NZ159,7,bugs,0.5643257073824195,experimental
NZ160,7,bugs,0.3435195946060388,experimental
NZ161,7,bugs,0.4367451334735195,experimental
NZ162,7,bugs,0.3435195946060388,experimental
NZ163,7,bugs,0.3083123203224471,experimental
NZ164,7,bugs,0.3382372657932064,experimental
NZ165,7,bugs,0.5613869324383992,experimental
NZ166,7,bugs,0.38549194633198697,experimental
NZ167,7,bugs,0.43366461720246763,experimental
NZ168,7,bugs,0.3839297896798572,experimental
NZ169,7,bugs,0.3492890952097456,experimental
NZ170,7,bugs,0.3379229969529234,experimental
NZ171,7,bugs,0.5231501457123522,experimental
NZ172,7,bugs,0.3404805552491255,experimental
NZ173,7,bugs,0.303665027672973,experimental
NZ174,7,bugs,0.2422778976782851,experimental
NZ175,7,bugs,0.2422778976782851,experimental
NZ176,7,bugs,0.2658529029531768,experimental
NZ177,7,bugs,0.28844394152115194,experimental
NZ178,7,bugs,0.36708676778784816,experimental
NZ179,7,bugs,0.3018128830057625,experimental
NZ180,7,bugs,0.3009255918573697,experimental
NZ181,7,bugs,0.29417526696997365,experimental
NZ182,7,bugs,0.2745843952752361,experimental
NZ183,7,bugs,0.3136799529639763,experimental
NZ184,7,bugs,0.27762045415986564,experimental
NZ185,7,bugs,0.3310993018563132,experimental
NZ186,7,bugs,0.316192120287504,experimental
NZ187,7,bugs,0.3149555493506045,experimental
NZ188,7,bugs,0.2815557551816638,experimental
NZ189,7,bugs,0.2840647733330025,experimental
NZ190,7,bugs,0.5198801590209974,experimental
NZ191,7,bugs,0.40683389422949884,experimental
NZ192,7,bugs,0.3034172730973712,experimental
NZ193,7,bugs,0.39460641996125584,experimental
NZ194,7,bugs,0.4820627585675758,experimental
NZ195,7,bugs,0.2725470943986932,experimental
NZ196,7,bugs,0.4916606965824575,experimental
NZ197,7,bugs,0.5060046958965908,experimental
NZ198,7,bugs,0.2531978680457428,experimental
NZ199,7,bugs,0.24019822594905557,experimental
NZ200,7,bugs,0.2871019569670304,experimental
NZ201,7,bugs,0.3001123022130668,experimental
NZ202,7,bugs,0.4007147679577834,experimental
NZ203,7,bugs,0.2770960501993192,experimental
NZ204,7,bugs,0.5008981024282373,experimental
NZ205,7,bugs,0.2773266751171172,experimental
NZ206,7,bugs,0.24553756260292536,experimental
NZ207,7,bugs,0.3159136424396925,experimental
NZ208,7,bugs,0.5060749497892658,experimental
NZ209,7,bugs,0.5002310288649193,experimental
NZ210,7,bugs,0.40579561661026287,experimental
NZ211,7,bugs,0.26487034727711334,experimental
NZ212,7,bugs,0.28528603058951113,experimental
NZ213,7,bugs,0.5002310288649193,experimental
NZ214,7,bugs,0.2645925278763584,experimental
NZ215,7,bugs,0.26421638527892455,experimental
NZ216,7,bugs,0.4975013289058027,experimental
NZ217,7,bugs,0.23077765621730414,experimental
NZ218,7,bugs,0.5002310288649193,experimental
NZ219,7,bugs,0.28648462019665094,experimental
NZ220,7,bugs,0.46820077922555253,experimental
NZ221,7,bugs,0.26582174488404886,experimental
NZ222,7,bugs,0.40999339773150506,experimental
NZ223,7,bugs,0.4105932785900139,experimental
NZ224,7,bugs,0.2949103176158329,experimental
NZ225,7,bugs,0.321250586212755,experimental
NZ226,7,bugs,0.35193099604426475,experimental
NZ227,7,bugs,0.41142070866782615,experimental
NZ228,7,bugs,0.2422778976782851,experimental
NZ229,7,bugs,0.4177857790558318,experimental
NZ230,7,bugs,0.3591321822064328,experimental
NZ231,7,bugs,0.24713888156330335,experimental
NZ232,7,bugs,0.24529817357874845,experimental
NZ233,7,bugs,0.2480888944552615,experimental
NZ234,7,bugs,0.3953823374078057,experimental
NZ235,7,bugs,0.26421638527892455,experimental
NZ236,7,bugs,0.26421638527892455,experimental
NZ237,7,bugs,0.4652457462711588,experimental
NZ238,7,bugs,0.4236209706756898,experimental
NZ239,7,bugs,0.46615659653817787,experimental
NZ240,7,bugs,0.23413861670691233,experimental
NZ241,7,bugs,0.5002310288649193,experimental
NZ242,7,bugs,0.27380951355312527,experimental
NZ243,7,bugs,0.29960732520838174,experimental
NZ244,7,bugs,0.38304418532962903,experimental
NZ245,7,bugs,0.37326887437207795,experimental
NZ246,7,bugs,0.5231501457123522,experimental
NZ247,7,bugs,0.334581141405834,experimental
NZ248,7,bugs,0.3068938681414623,experimental
NZ249,7,bugs,0.3379229969529234,experimental
NZ250,7,bugs,0.5542662165149175,experimental
NZ251,7,bugs,0.33458216650461375,experimental
NZ252,7,bugs,0.3404805552491255,experimental
NZ253,7,bugs,0.2962454090547801,experimental
NZ254,7,bugs,0.5231501457123522,experimental
NZ255,7,bugs,0.5542662165149175,experimental
NZ256,7,bugs,0.35769378208719466,experimental
NZ257,7,bugs,0.3570694358961814,experimental
NZ258,7,bugs,0.3404805552491255,experimental
NZ259,7,bugs,0.3773472471513275,experimental
NZ260,7,bugs,0.3486706095470945,experimental
NZ261,7,bugs,0.3404805552491255,experimental
NZ262,7,bugs,0.4485264454924141,experimental
NZ263,7,bugs,0.3068938681414623,experimental
NZ264,7,bugs,0.37723551254761595,experimental
NZ265,7,bugs,0.28923707527226594,experimental
NZ266,7,bugs,0.280109000722339,experimental
NZ267,7,bugs,0.2956917530330505,experimental
NZ268,7,bugs,0.3204386664712813,experimental
NZ269,7,bugs,0.2917833152926324,experimental
NZ270,7,bugs,0.2720168673829059,experimental
NZ271,7,bugs,0.24553756260292536,experimental
NZ272,7,bugs,0.2589990379543503,experimental
NZ273,7,bugs,0.35194249488349066,experimental
NZ274,7,bugs,0.2610603841372127,experimental
NZ275,7,bugs,0.5060749497892658,experimental
NZ276,7,bugs,0.2563003130242509,experimental
NZ277,7,bugs,0.3274918655589177,experimental
NZ278,7,bugs,0.3404805552491255,experimental
NZ279,7,bugs,0.25452380416607495,experimental
NZ280,7,bugs,0.3309835867696278,experimental
NZ281,7,bugs,0.5060749497892658,experimental
NZ282,7,bugs,0.2849050702377344,experimental
NZ283,7,bugs,0.24856836091427292,experimental
NZ284,7,bugs,0.2351654055825062,experimental
NZ285,7,bugs,0.42093836491472353,experimental
NZ286,7,bugs,0.2958122453471514,experimental
NZ287,7,bugs,0.37396064310659977,experimental
NZ288,7,bugs,0.36420385150675394,experimental
NZ289,7,bugs,0.28410958301636335,experimental
NZ290,7,bugs,0.31514961490407234,experimental
NZ291,7,bugs,0.28921859756584484,experimental
NZ292,7,bugs,0.2611019017403958,experimental
NZ293,7,bugs,0.2742994980141604,experimental
NZ294,7,bugs,0.5360279491804659,experimental
NZ295,7,bugs,0.30689145631536924,experimental
NZ296,7,bugs,0.3058188809120535,experimental
NZ297,7,bugs,0.3435195946060388,experimental
NZ298,7,bugs,0.3083123203224471,experimental
NZ299,7,bugs,0.2786181286012395,experimental
NZ300,7,bugs,0.4586576642317618,experimental
NZ301,7,bugs,0.4943502972565774,experimental
NZ302,7,bugs,0.30232774506963056,experimental
NZ303,7,bugs,0.4398187705369895,experimental
NZ304,7,bugs,0.3435195946060388,experimental
NZ305,7,bugs,0.5274134480765299,experimental
NZ306,7,bugs,0.4927878198296179,experimental
NZ307,7,bugs,0.3193469360348092,experimental
NZ308,7,bugs,0.3642014306524755,experimental
NZ309,7,bugs,0.34198990333168316,experimental
NZ310,7,bugs,0.3435195946060388,experimental
NZ311,7,bugs,0.5360279491804659,experimental
NZ312,7,bugs,0.33458341107261796,experimental
NZ313,7,bugs,0.3083123203224471,experimental
NZ314,7,bugs,0.5350904051183885,experimental
NZ315,7,bugs,0.280748309403361,experimental
NZ316,7,bugs,0.2991245745262992,experimental
NZ317,7,bugs,0.2632679260158687,experimental
NZ318,7,bugs,0.2934469742951913,experimental
NZ319,7,bugs,0.266172184542056,experimental
NZ320,7,bugs,0.4876251069776222,experimental
NZ321,7,bugs,0.43506658031246315,experimental
NZ322,7,bugs,0.43148428009443884,experimental
NZ323,7,bugs,0.3106677603244409,experimental
NZ324,7,bugs,0.33880343517605144,experimental
NZ325,7,bugs,0.42661927469855376,experimental
NZ326,7,bugs,0.2623785486767832,experimental
NZ327,7,bugs,0.5241504368996309,experimental
NZ328,7,bugs,0.2703715793110369,experimental
NZ329,7,bugs,0.30888344857799377,experimental
NZ330,7,bugs,0.2593026137601563,experimental
NZ331,7,bugs,0.3045970610120082,experimental
NZ332,7,bugs,0.5009073584945086,experimental
NZ333,7,bugs,0.3103450585127273,experimental
NZ334,7,bugs,0.29417526696997365,experimental
NZ335,7,bugs,0.3103450585127273,experimental
NZ336,7,bugs,0.2991245745262992,experimental
NZ337,7,bugs,0.4076808349999049,experimental
NZ338,7,bugs,0.2775352930725241,experimental
NZ339,7,bugs,0.29417526696997365,experimental
NZ340,7,bugs,0.2745843952752361,experimental
NZ341,7,bugs,0.4208982185118154,experimental
NZ342,7,bugs,0.29447962477891204,experimental
NZ343,7,bugs,0.3103450585127273,experimental
NZ344,7,bugs,0.4494356147609262,experimental
NZ345,7,bugs,0.5271504595745489,experimental
NZ346,7,bugs,0.41626040370868705,experimental
NZ347,7,bugs,0.27840985921552264,experimental
NZ348,7,bugs,0.5068989432217913,experimental
NZ349,7,bugs,0.25472095760553715,experimental
NZ350,7,bugs,0.3306890851851597,experimental
NZ351,7,bugs,0.37448288692580084,experimental
NZ352,7,bugs,0.2681021930397362,experimental
NZ353,7,bugs,0.25466772290908885,experimental
NZ354,7,bugs,0.24529817357874845,experimental
NZ355,7,bugs,0.31831721501098975,experimental
NZ356,7,bugs,0.4967231094154521,experimental
NZ357,7,bugs,0.2933007261726508,experimental
NZ358,7,bugs,0.436900822450543,experimental
NZ359,7,bugs,0.3435195946060388,experimental
NZ360,7,bugs,0.5041323743683104,experimental
NZ361,7,bugs,0.3083123203224471,experimental
NZ362,7,bugs,0.25996871843703045,experimental
NZ363,7,bugs,0.4870467390524779,experimental
NZ364,7,bugs,0.35925539033504045,experimental
NZ365,7,bugs,0.27059282282057684,experimental
NZ366,7,bugs,0.3435195946060388,experimental
NZ367,7,bugs,0.29417526696997365,experimental
NZ368,7,bugs,0.3585172196878697,experimental
NZ369,7,bugs,0.5009073584945086,experimental
NZ370,7,bugs,0.35930225323638587,experimental
NZ371,7,bugs,0.24856836091427292,experimental
NZ372,7,bugs,0.31977632337723944,experimental
NZ373,7,bugs,0.3718675039302795,experimental
NZ374,7,bugs,0.38146305236589995,experimental
NZ375,7,bugs,0.2786478875280871,experimental
NZ376,7,bugs,0.29395139709346935,experimental
NZ377,7,bugs,0.24892822874473797,experimental
NZ378,7,bugs,0.2941781979375688,experimental
NZ379,7,bugs,0.24589626857889582,experimental
NZ380,7,bugs,0.30694494984254095,experimental
NZ381,7,bugs,0.2991245745262992,experimental
NZ382,7,bugs,0.2685486975641446,experimental
NZ383,7,bugs,0.27488011568997534,experimental
NZ384,7,bugs,0.2907770585481195,experimental
NZ385,7,bugs,0.5249172041046183,experimental
NZ386,7,bugs,0.4192211564838431,experimental
NZ387,7,bugs,0.26421638527892455,experimental
NZ388,7,bugs,0.24019822594905557,experimental
NZ389,7,bugs,0.2689908637430485,experimental
NZ390,7,bugs,0.2991245745262992,experimental
NZ391,7,bugs,0.2447709845925109,experimental
NZ392,7,bugs,0.2770960501993192,experimental
NZ393,7,bugs,0.24019822594905557,experimental
NZ394,7,bugs,0.3164898862497307,experimental
NZ395,7,bugs,0.3018128830057625,experimental
NZ396,7,bugs,0.29073965209753516,experimental
NZ397,7,bugs,0.40038341249486703,experimental
NZ398,7,bugs,0.3103450585127273,experimental
NZ399,7,bugs,0.26093158478682726,experimental
NZ400,7,bugs,0.39220888414372534,experimental
NZ401,7,bugs,0.3018128830057625,experimental
NZ402,7,bugs,0.2658529029531768,experimental
NZ403,7,bugs,0.3114993670287402,experimental
NZ404,7,bugs,0.26895070885755723,experimental
NZ405,7,bugs,0.27059282282057684,experimental
NZ406,7,bugs,0.3018128830057625,experimental
NZ407,7,bugs,0.2658529029531768,experimental
NZ408,7,bugs,0.2739006268694872,experimental
NZ409,7,bugs,0.2809603908908306,experimental
NZ410,7,bugs,0.25317409913240185,experimental
NZ411,7,bugs,0.33147390052585307,experimental
NZ412,7,bugs,0.2658529029531768,experimental
NZ413,7,bugs,0.49498593819332243,experimental
NZ414,7,bugs,0.3185936571683244,experimental
NZ415,7,bugs,0.3111624479493538,experimental
NZ416,7,bugs,0.5230802616142042,experimental
NZ417,7,bugs,0.28372159854777307,experimental
NZ418,7,bugs,0.2570494237226284,experimental
NZ419,7,bugs,0.283135388298934,experimental
NZ420,7,bugs,0.29914110087240636,experimental
NZ421,7,bugs,0.4615937865141898,experimental
NZ422,7,bugs,0.28125681178117645,experimental
NZ423,7,bugs,0.2745843952752361,experimental
NZ424,7,bugs,0.531391522331073,experimental
NZ425,7,bugs,0.531391522331073,experimental
NZ426,7,bugs,0.29949560756909044,experimental
NZ427,7,bugs,0.4880455783627491,experimental
NZ428,7,bugs,0.27455884122871205,experimental
NZ429,7,bugs,0.27771174110206115,experimental
NZ430,7,bugs,0.29782022191610574,experimental
NZ431,7,bugs,0.5271504595745489,experimental
NZ432,7,bugs,0.40204159559341235,experimental
NZ433,7,bugs,0.26795147520008855,experimental
NZ434,7,bugs,0.26795147520008855,experimental
NZ435,7,bugs,0.3220067570325825,experimental
NZ436,7,bugs,0.3999087588983427,experimental
NZ437,7,bugs,0.31788640935609763,experimental
NZ438,7,bugs,0.3034481669211643,experimental
NZ439,7,bugs,0.42646663336050805,experimental
NZ440,7,bugs,0.29521357471610316,experimental
NZ441,7,bugs,0.33376580796189353,experimental
NZ442,7,bugs,0.28898027695508155,experimental
NZ443,7,bugs,0.28231684425720155,experimental
NZ444,7,bugs,0.2574450280962491,experimental
NZ445,7,bugs,0.34029133365966585,experimental
NZ446,7,bugs,0.3135978764862568,experimental
NZ447,7,bugs,0.5041323743683104,experimental
NZ448,7,bugs,0.3103450585127273,experimental
NZ449,7,bugs,0.3103450585127273,experimental
NZ450,7,bugs,0.3652670407940189,experimental
NZ451,7,bugs,0.2432118222951431,experimental
NZ452,7,bugs,0.24019822594905557,experimental
NZ453,7,bugs,0.24802623727785242,experimental
NZ454,7,bugs,0.2728228116731993,experimental
NZ455,7,bugs,0.25498671638136866,experimental
NZ456,7,bugs,0.409235093235687,experimental
NZ457,7,bugs,0.33817730129894696,experimental
NZ458,7,bugs,0.279110772597707,experimental
NZ459,7,bugs,0.2394493983842998,experimental
NZ460,7,bugs,0.47462165885113705,experimental
NZ461,7,bugs,0.26430594868591767,experimental
NZ462,7,bugs,0.26421638527892455,experimental
NZ463,7,bugs,0.2615298482037501,experimental
NZ464,7,bugs,0.4435081044160754,experimental
NZ465,7,bugs,0.4610895350499049,experimental
NZ466,7,bugs,0.267473050355771,experimental
NZ467,7,bugs,0.2770960501993192,experimental
NZ468,7,bugs,0.24191623619799912,experimental
NZ469,7,bugs,0.3451500812273924,experimental
NZ470,7,bugs,0.39165416927911517,experimental
NZ471,7,bugs,0.3127079898969114,experimental
NZ472,7,bugs,0.4432327782753764,experimental
NZ473,7,bugs,0.29417526696997365,experimental
NZ474,7,bugs,0.531391522331073,experimental
NZ475,7,bugs,0.2745843952752361,experimental
NZ476,7,bugs,0.25996871843703045,experimental
NZ477,7,bugs,0.2745843952752361,experimental
NZ478,7,bugs,0.29060215321177735,experimental
NZ479,7,bugs,0.2745843952752361,experimental
NZ480,7,bugs,0.2422778976782851,experimental
NZ481,7,bugs,0.30252004083661854,experimental
NZ482,7,bugs,0.30434849515001067,experimental
NZ483,7,bugs,0.2421556958030946,experimental
NZ484,7,bugs,0.2762135587232294,experimental
NZ485,7,bugs,0.2989431043257677,experimental
NZ486,7,bugs,0.2634369792497708,experimental
NZ487,7,bugs,0.25584065498847014,experimental
NZ488,7,bugs,0.2989431043257677,experimental
NZ489,7,bugs,0.3021551440156807,experimental
NZ490,7,bugs,0.27313420041137204,experimental
NZ491,7,bugs,0.3430046130964155,experimental
NZ492,7,bugs,0.26730870355063724,experimental
NZ493,7,bugs,0.24529817357874845,experimental
NZ494,7,bugs,0.2941854109966049,experimental
NZ495,7,bugs,0.46820077922555253,experimental
NZ496,7,bugs,0.4124037554298661,experimental
NZ497,7,bugs,0.40579561661026287,experimental
NZ498,7,bugs,0.28129341445806094,experimental
NZ499,7,bugs,0.46820077922555253,experimental
NZ500,7,bugs,0.2422778976782851,experimental
NZ001,7,mud,0.8609699854987223,experimental
NZ002,7,mud,0.7373134122198881,experimental
NZ003,7,mud,0.7693966846488853,experimental
NZ004,7,mud,0.7022534329408441,experimental
NZ005,7,mud,0.5359484073472467,experimental
NZ006,7,mud,0.7936988297436545,experimental
NZ007,7,mud,0.7663056920889532,experimental
NZ008,7,mud,0.7553306556206095,experimental
NZ009,7,mud,0.7394720893431183,experimental
NZ010,7,mud,0.6496920415067922,experimental
NZ011,7,mud,0.7709228884355385,experimental
NZ012,7,mud,0.8686189040652603,experimental
NZ013,7,mud,0.8901154031383973,experimental
NZ014,7,mud,0.7962443627721585,experimental
NZ015,7,mud,0.7888579015727821,experimental
NZ016,7,mud,0.8280627958632559,experimental
NZ017,7,mud,0.840925130800245,experimental
NZ018,7,mud,0.8258659823514073,experimental
NZ019,7,mud,0.8652693275315692,experimental
NZ020,7,mud,0.7231665371168472,experimental
NZ021,7,mud,0.8702038305437075,experimental
NZ022,7,mud,0.7849970235504603,experimental
NZ023,7,mud,0.8428734778724698,experimental
NZ024,7,mud,0.785826733790966,experimental
NZ025,7,mud,0.8703535644070859,experimental
NZ026,7,mud,0.9035330284406723,experimental
NZ027,7,mud,0.6377379081558052,experimental
NZ028,7,mud,0.7460058103576709,experimental
NZ029,7,mud,0.8362104304595321,experimental
NZ030,7,mud,0.7358455554708907,experimental
NZ031,7,mud,0.8244925479293717,experimental
NZ032,7,mud,0.8066190510464876,experimental
NZ033,7,mud,0.8036814612816818,experimental
NZ034,7,mud,0.8134159262813803,experimental
NZ035,7,mud,0.780341700297761,experimental
NZ036,7,mud,0.8159159262813803,experimental
NZ037,7,mud,0.6552751899438995,experimental
NZ038,7,mud,0.6878362365930317,experimental
NZ039,7,mud,0.768308306776291,experimental
NZ040,7,mud,0.8060184931958091,experimental
NZ041,7,mud,0.7041965003746288,experimental
NZ042,7,mud,0.662119082849327,experimental
NZ043,7,mud,0.7904497396642051,experimental
NZ044,7,mud,0.8134159262813803,experimental
NZ045,7,mud,0.8942828102836997,experimental
NZ046,7,mud,0.8280627958632559,experimental
NZ047,7,mud,0.8041357802514765,experimental
NZ048,7,mud,0.689625159791808,experimental
NZ049,7,mud,0.5377720266641632,experimental
NZ050,7,mud,0.5377720266641632,experimental
NZ051,7,mud,0.5113244629122825,experimental
NZ052,7,mud,0.7587789695598054,experimental
NZ053,7,mud,0.8934613948397954,experimental
NZ054,7,mud,0.7337431642860038,experimental
NZ055,7,mud,0.739880006868231,experimental
NZ056,7,mud,0.7491794414164493,experimental
NZ057,7,mud,0.7650108698012816,experimental
NZ058,7,mud,0.832137782480627,experimental
NZ059,7,mud,0.7409020214885881,experimental
NZ060,7,mud,0.7804834466157471,experimental
NZ061,7,mud,0.6968999630515181,experimental
NZ062,7,mud,0.7812095374443808,experimental
NZ063,7,mud,0.7289406907315695,experimental
NZ064,7,mud,0.7556404262383839,experimental
NZ065,7,mud,0.8513624887350194,experimental
NZ066,7,mud,0.7556404262383839,experimental
NZ067,7,mud,0.7656575599942912,experimental
NZ068,7,mud,0.7656575599942912,experimental
NZ069,7,mud,0.689625159791808,experimental
NZ070,7,mud,0.7325109386654538,experimental
NZ071,7,mud,0.8513624887350194,experimental
NZ072,7,mud,0.8487936682886162,experimental
NZ073,7,mud,0.7760189804624796,experimental
NZ074,7,mud,0.8513624887350194,experimental
NZ075,7,mud,0.8491370750652487,experimental
NZ076,7,mud,0.8208127789007816,experimental
NZ077,7,mud,0.8491370750652487,experimental
NZ078,7,mud,0.8296422165364732,experimental
NZ079,7,mud,0.8202712027259104,experimental
NZ080,7,mud,0.8216873073650104,experimental
NZ081,7,mud,0.8280627958632559,experimental
NZ082,7,mud,0.8216873073650104,experimental
NZ083,7,mud,0.9045917235971275,experimental
NZ084,7,mud,0.8103567556225888,experimental
NZ085,7,mud,0.8282052810261995,experimental
NZ086,7,mud,0.5358385718324662,experimental
NZ087,7,mud,0.5371421544848862,experimental
NZ088,7,mud,0.672319695262694,experimental
NZ089,7,mud,0.6195979718469004,experimental
NZ090,7,mud,0.6104539506978603,experimental
NZ091,7,mud,0.5341537114457635,experimental
NZ092,7,mud,0.6468478883401965,experimental
NZ093,7,mud,0.6087115119816194,experimental
NZ094,7,mud,0.6198009960498867,experimental
NZ095,7,mud,0.6268886899547911,experimental
NZ096,7,mud,0.6853140937944592,experimental
NZ097,7,mud,0.6479005972987413,experimental
NZ098,7,mud,0.4261948748613194,experimental
NZ099,7,mud,0.6180833730858099,experimental
NZ100,7,mud,0.4758522872506407,experimental
NZ101,7,mud,0.5976615446368652,experimental
NZ102,7,mud,0.7285204448359978,experimental
NZ103,7,mud,0.5576976302824909,experimental
NZ104,7,mud,0.6117762706287402,experimental
NZ105,7,mud,0.5744952118841254,experimental
NZ106,7,mud,0.6434443708189514,experimental
NZ107,7,mud,0.406451342431331,experimental
NZ108,7,mud,0.5010943832915756,experimental
NZ109,7,mud,0.7096879518258571,experimental
NZ110,7,mud,0.768192518721339,experimental
NZ111,7,mud,0.7209744016806824,experimental
NZ112,7,mud,0.7641936871142514,experimental
NZ113,7,mud,0.7347618070948643,experimental
NZ114,7,mud,0.6835811120345364,experimental
NZ115,7,mud,0.7460058103576709,experimental
NZ116,7,mud,0.7231665371168472,experimental
NZ117,7,mud,0.7337431642860038,experimental
NZ118,7,mud,0.8523468269246872,experimental
NZ119,7,mud,0.5204135250982681,experimental
NZ120,7,mud,0.8500658547047258,experimental
NZ121,7,mud,0.8390467516556949,experimental
NZ122,7,mud,0.8151159965730145,experimental
NZ123,7,mud,0.8937471091255097,experimental
NZ124,7,mud,0.9009160144647237,experimental
NZ125,7,mud,0.8760577215998658,experimental
NZ126,7,mud,0.7916119131092397,experimental
NZ127,7,mud,0.7336063225594738,experimental
NZ128,7,mud,0.8554771696282112,experimental
NZ129,7,mud,0.7277224859132044,experimental
NZ130,7,mud,0.7209744016806824,experimental
NZ131,7,mud,0.7414843467979835,experimental
NZ132,7,mud,0.7336063225594738,experimental
NZ133,7,mud,0.46401405223082764,experimental
NZ134,7,mud,0.6977859422173008,experimental
NZ135,7,mud,0.7560229441135781,experimental
NZ136,7,mud,0.7231665371168472,experimental
NZ137,7,mud,0.8951657034365905,experimental
NZ138,7,mud,0.76415037012974,experimental
NZ139,7,mud,0.6519805222115331,experimental
NZ140,7,mud,0.7244718166685284,experimental
NZ141,7,mud,0.8620462771291814,experimental
NZ142,7,mud,0.815866455961299,experimental
NZ143,7,mud,0.8754644113844489,experimental
NZ144,7,mud,0.8469394070045452,experimental
NZ145,7,mud,0.7635211368645953,experimental
NZ146,7,mud,0.7569646081880594,experimental
NZ147,7,mud,0.7811019279034876,experimental
NZ148,7,mud,0.768308306776291,experimental
NZ149,7,mud,0.7857373932286764,experimental
NZ150,7,mud,0.7934989733334765,experimental
NZ151,7,mud,0.6218412903496806,experimental
NZ152,7,mud,0.7095174473374901,experimental
NZ153,7,mud,0.7715029742756062,experimental
NZ154,7,mud,0.7715029742756062,experimental
NZ155,7,mud,0.7936444071635202,experimental
NZ156,7,mud,0.7072997991154248,experimental
NZ157,7,mud,0.7715029742756062,experimental
NZ158,7,mud,0.7715029742756062,experimental
NZ159,7,mud,0.8911668934791723,experimental
NZ160,7,mud,0.7715029742756062,experimental
NZ161,7,mud,0.8136773395449624,experimental
NZ162,7,mud,0.7715029742756062,experimental
NZ163,7,mud,0.7936444071635202,experimental
NZ164,7,mud,0.773775179296237,experimental
NZ165,7,mud,0.8658485929280986,experimental
NZ166,7,mud,0.6915760369352216,experimental
NZ167,7,mud,0.7561105270827932,experimental
NZ168,7,mud,0.7562789695598054,experimental
NZ169,7,mud,0.7318792722955164,experimental
NZ170,7,mud,0.7257486010778352,experimental
NZ171,7,mud,0.8333954338074241,experimental
NZ172,7,mud,0.7231665371168472,experimental
NZ173,7,mud,0.7460058103576709,experimental
NZ174,7,mud,0.8500658547047258,experimental
NZ175,7,mud,0.8500658547047258,experimental
NZ176,7,mud,0.5610150698662336,experimental
NZ177,7,mud,0.4839836633805845,experimental
NZ178,7,mud,0.5200865354788909,experimental
NZ179,7,mud,0.5377720266641632,experimental
NZ180,7,mud,0.5225865354788909,experimental
NZ181,7,mud,0.7336063225594738,experimental
NZ182,7,mud,0.7450545947318677,experimental
NZ183,7,mud,0.725475530279567,experimental
NZ184,7,mud,0.677453947285818,experimental
NZ185,7,mud,0.6057600445118084,experimental
NZ186,7,mud,0.6699211125420975,experimental
NZ187,7,mud,0.6529715646742209,experimental
NZ188,7,mud,0.6719091198284328,experimental
NZ189,7,mud,0.7514561486700662,experimental
NZ190,7,mud,0.8533972488696064,experimental
NZ191,7,mud,0.9271830734234483,experimental
NZ192,7,mud,0.8651136419038015,experimental
NZ193,7,mud,0.9003334971922095,experimental
NZ194,7,mud,0.9144309898439298,experimental
NZ195,7,mud,0.8944023143536405,experimental
NZ196,7,mud,0.9205441406146673,experimental
NZ197,7,mud,0.8702408916007992,experimental
NZ198,7,mud,0.7654334680699454,experimental
NZ199,7,mud,0.7973712094930814,experimental
NZ200,7,mud,0.695396119284832,experimental
NZ201,7,mud,0.8238364201172146,experimental
NZ202,7,mud,0.5991907425277073,experimental
NZ203,7,mud,0.8280627958632559,experimental
NZ204,7,mud,0.7305412270629308,experimental
NZ205,7,mud,0.5878552416543031,experimental
NZ206,7,mud,0.6572648127568586,experimental
NZ207,7,mud,0.8309825196329864,experimental
NZ208,7,mud,0.7319331255175618,experimental
NZ209,7,mud,0.9045917235971275,experimental
NZ210,7,mud,0.856027864149479,experimental
NZ211,7,mud,0.8033695171017337,experimental
NZ212,7,mud,0.8045559897459105,experimental
NZ213,7,mud,0.9045917235971275,experimental
NZ214,7,mud,0.8491370750652487,experimental
NZ215,7,mud,0.8216873073650104,experimental
NZ216,7,mud,0.8896865794455912,experimental
NZ217,7,mud,0.8399212801199235,experimental
NZ218,7,mud,0.8995697814111723,experimental
NZ219,7,mud,0.8038598356013092,experimental
NZ220,7,mud,0.8886753148427117,experimental
NZ221,7,mud,0.8161971369437347,experimental
NZ222,7,mud,0.863493300863789,experimental
NZ223,7,mud,0.8782860639250228,experimental
NZ224,7,mud,0.8001501665072787,experimental
NZ225,7,mud,0.8211465141997398,experimental
NZ226,7,mud,0.8238364201172146,experimental
NZ227,7,mud,0.8674414494534051,experimental
NZ228,7,mud,0.8500658547047258,experimental
NZ229,7,mud,0.8674414494534051,experimental
NZ230,7,mud,0.8215676582925353,experimental
NZ231,7,mud,0.7862913262268741,experimental
NZ232,7,mud,0.8500658547047258,experimental
NZ233,7,mud,0.7862913262268741,experimental
NZ234,7,mud,0.8671402166236934,experimental
NZ235,7,mud,0.8216873073650104,experimental
NZ236,7,mud,0.8216873073650104,experimental
NZ237,7,mud,0.8901154031383973,experimental
NZ238,7,mud,0.9007407919201089,experimental
NZ239,7,mud,0.889423758969341,experimental
NZ240,7,mud,0.8363510321860391,experimental
NZ241,7,mud,0.8977484360861595,experimental
NZ242,7,mud,0.8309031023103356,experimental
NZ243,7,mud,0.7775811343680671,experimental
NZ244,7,mud,0.8103482227637602,experimental
NZ245,7,mud,0.8776178638850668,experimental
NZ246,7,mud,0.8402387213183921,experimental
NZ247,7,mud,0.7163490409192877,experimental
NZ248,7,mud,0.7460058103576709,experimental
NZ249,7,mud,0.7257486010778352,experimental
NZ250,7,mud,0.835088826813561,experimental
NZ251,7,mud,0.7027693838403276,experimental
NZ252,7,mud,0.7231665371168472,experimental
NZ253,7,mud,0.7489367726128147,experimental
NZ254,7,mud,0.8402387213183921,experimental
NZ255,7,mud,0.8552124692805609,experimental
NZ256,7,mud,0.682869507032707,experimental
NZ257,7,mud,0.6635175050621893,experimental
NZ258,7,mud,0.7231665371168472,experimental
NZ259,7,mud,0.7221954320381222,experimental
NZ260,7,mud,0.7231665371168472,experimental
NZ261,7,mud,0.7231665371168472,experimental
NZ262,7,mud,0.7603890314854753,experimental
NZ263,7,mud,0.7460058103576709,experimental
NZ264,7,mud,0.7770275220535787,experimental
NZ265,7,mud,0.5163362387332157,experimental
NZ266,7,mud,0.6156833552853093,experimental
NZ267,7,mud,0.5146420389434921,experimental
NZ268,7,mud,0.718219207910134,experimental
NZ269,7,mud,0.6460538789943456,experimental
NZ270,7,mud,0.6096301865786408,experimental
NZ271,7,mud,0.6572648127568586,experimental
NZ272,7,mud,0.5603547345614954,experimental
NZ273,7,mud,0.5829357559384424,experimental
NZ274,7,mud,0.6089695014026788,experimental
NZ275,7,mud,0.7250898380065938,experimental
NZ276,7,mud,0.6104539506978603,experimental
NZ277,7,mud,0.7466578137684948,experimental
NZ278,7,mud,0.7231665371168472,experimental
NZ279,7,mud,0.6511537016457475,experimental
NZ280,7,mud,0.7466578137684948,experimental
NZ281,7,mud,0.7250898380065938,experimental
NZ282,7,mud,0.5835679388064472,experimental
NZ283,7,mud,0.6572648127568586,experimental
NZ284,7,mud,0.6077010735469615,experimental
NZ285,7,mud,0.7016161398897255,experimental
NZ286,7,mud,0.626216974125245,experimental
NZ287,7,mud,0.5160493521221242,experimental
NZ288,7,mud,0.654428812116344,experimental
NZ289,7,mud,0.5046646312254599,experimental
NZ290,7,mud,0.44325789019817113,experimental
NZ291,7,mud,0.6165606684153521,experimental
NZ292,7,mud,0.6353305572856077,experimental
NZ293,7,mud,0.5533236272136901,experimental
NZ294,7,mud,0.9011260977946678,experimental
NZ295,7,mud,0.7814391362575511,experimental
NZ296,7,mud,0.720209671518516,experimental
NZ297,7,mud,0.7715029742756062,experimental
NZ298,7,mud,0.7936444071635202,experimental
NZ299,7,mud,0.4736792768700179,experimental
NZ300,7,mud,0.7906976353477497,experimental
NZ301,7,mud,0.8518444807878329,experimental
NZ302,7,mud,0.7971254647091522,experimental
NZ303,7,mud,0.8134159262813803,experimental
NZ304,7,mud,0.768308306776291,experimental
NZ305,7,mud,0.8702560401027012,experimental
NZ306,7,mud,0.7657334712551228,experimental
NZ307,7,mud,0.7143188356279969,experimental
NZ308,7,mud,0.77716389962834,experimental
NZ309,7,mud,0.7930586585268712,experimental
NZ310,7,mud,0.768308306776291,experimental
NZ311,7,mud,0.9011260977946678,experimental
NZ312,7,mud,0.7634943402961585,experimental
NZ313,7,mud,0.7904497396642051,experimental
NZ314,7,mud,0.8754644113844489,experimental
NZ315,7,mud,0.5349316453264575,experimental
NZ316,7,mud,0.6377379081558052,experimental
NZ317,7,mud,0.6669207333337058,experimental
NZ318,7,mud,0.40103256716158736,experimental
NZ319,7,mud,0.6214120908782118,experimental
NZ320,7,mud,0.795457596723962,experimental
NZ321,7,mud,0.7333304862639984,experimental
NZ322,7,mud,0.7218724162814998,experimental
NZ323,7,mud,0.6226550424319283,experimental
NZ324,7,mud,0.722659200263064,experimental
NZ325,7,mud,0.7784355789240796,experimental
NZ326,7,mud,0.7021642726655094,experimental
NZ327,7,mud,0.7860562945185522,experimental
NZ328,7,mud,0.6196818852020223,experimental
NZ329,7,mud,0.6992906126620387,experimental
NZ330,7,mud,0.7021642726655094,experimental
NZ331,7,mud,0.5935763200894878,experimental
NZ332,7,mud,0.8382845974250639,experimental
NZ333,7,mud,0.7209744016806824,experimental
NZ334,7,mud,0.7336063225594738,experimental
NZ335,7,mud,0.7209744016806824,experimental
NZ336,7,mud,0.6377379081558052,experimental
NZ337,7,mud,0.7762312497780909,experimental
NZ338,7,mud,0.7454259819836188,experimental
NZ339,7,mud,0.7336063225594738,experimental
NZ340,7,mud,0.7450545947318677,experimental
NZ341,7,mud,0.8376682504261496,experimental
NZ342,7,mud,0.5077237122603006,experimental
NZ343,7,mud,0.7209744016806824,experimental
NZ344,7,mud,0.7728097150679243,experimental
NZ345,7,mud,0.8565562025919404,experimental
NZ346,7,mud,0.8151516187059186,experimental
NZ347,7,mud,0.6401482695300023,experimental
NZ348,7,mud,0.8312310680192807,experimental
NZ349,7,mud,0.7969261226811603,experimental
NZ350,7,mud,0.8167681105842409,experimental
NZ351,7,mud,0.8238871833221287,experimental
NZ352,7,mud,0.7958248595311652,experimental
NZ353,7,mud,0.843080215129386,experimental
NZ354,7,mud,0.8500658547047258,experimental
NZ355,7,mud,0.656260607886247,experimental
NZ356,7,mud,0.8652693275315692,experimental
NZ357,7,mud,0.7405116862618576,experimental
NZ358,7,mud,0.5481955272156602,experimental
NZ359,7,mud,0.7715029742756062,experimental
NZ360,7,mud,0.8654794108615134,experimental
NZ361,7,mud,0.7936444071635202,experimental
NZ362,7,mud,0.7535567742635254,experimental
NZ363,7,mud,0.6067538099088997,experimental
NZ364,7,mud,0.7443604375400513,experimental
NZ365,7,mud,0.45840362262178047,experimental
NZ366,7,mud,0.7715029742756062,experimental
NZ367,7,mud,0.7336063225594738,experimental
NZ368,7,mud,0.6685734156781334,experimental
NZ369,7,mud,0.8314413099140959,experimental
NZ370,7,mud,0.7722413885616317,experimental
NZ371,7,mud,0.6572648127568586,experimental
NZ372,7,mud,0.7209744016806824,experimental
NZ373,7,mud,0.7389889058350205,experimental
NZ374,7,mud,0.7287877033045087,experimental
NZ375,7,mud,0.675412150941703,experimental
NZ376,7,mud,0.5198750377636312,experimental
NZ377,7,mud,0.6466127874835562,experimental
NZ378,7,mud,0.5269743540481777,experimental
NZ379,7,mud,0.6466127874835562,experimental
NZ380,7,mud,0.6377379081558052,experimental
NZ381,7,mud,0.6377379081558052,experimental
NZ382,7,mud,0.6282798621222481,experimental
NZ383,7,mud,0.6941274901017636,experimental
NZ384,7,mud,0.7065062658025548,experimental
NZ385,7,mud,0.7610049443316239,experimental
NZ386,7,mud,0.8254874017153304,experimental
NZ387,7,mud,0.8216873073650104,experimental
NZ388,7,mud,0.7973712094930814,experimental
NZ389,7,mud,0.7431745164328641,experimental
NZ390,7,mud,0.6377379081558052,experimental
NZ391,7,mud,0.7973712094930814,experimental
NZ392,7,mud,0.8280627958632559,experimental
NZ393,7,mud,0.7973712094930814,experimental
NZ394,7,mud,0.8307074339277775,experimental
NZ395,7,mud,0.5377720266641632,experimental
NZ396,7,mud,0.7413992376155291,experimental
NZ397,7,mud,0.7590405009980031,experimental
NZ398,7,mud,0.7209744016806824,experimental
NZ399,7,mud,0.42645020035547043,experimental
NZ400,7,mud,0.5356222053559873,experimental
NZ401,7,mud,0.5377720266641632,experimental
NZ402,7,mud,0.5610150698662336,experimental
NZ403,7,mud,0.39080287293408145,experimental
NZ404,7,mud,0.5610150698662336,experimental
NZ405,7,mud,0.5164088040690467,experimental
NZ406,7,mud,0.5377720266641632,experimental
NZ407,7,mud,0.5610150698662336,experimental
NZ408,7,mud,0.5610150698662336,experimental
NZ409,7,mud,0.5046646312254599,experimental
NZ410,7,mud,0.4332893192346933,experimental
NZ411,7,mud,0.5182725248904305,experimental
NZ412,7,mud,0.5610150698662336,experimental
NZ413,7,mud,0.6065543395888185,experimental
NZ414,7,mud,0.43968764226428686,experimental
NZ415,7,mud,0.443891893649076,experimental
NZ416,7,mud,0.6191036962188325,experimental
NZ417,7,mud,0.5185818144496696,experimental
NZ418,7,mud,0.521549217804089,experimental
NZ419,7,mud,0.47908170468087596,experimental
NZ420,7,mud,0.38887244738716176,experimental
NZ421,7,mud,0.819263546770605,experimental
NZ422,7,mud,0.7450545947318677,experimental
NZ423,7,mud,0.7450545947318677,experimental
NZ424,7,mud,0.8481538987345691,experimental
NZ425,7,mud,0.8481538987345691,experimental
NZ426,7,mud,0.7265201510587106,experimental
NZ427,7,mud,0.8416776903273255,experimental
NZ428,7,mud,0.6971955665609747,experimental
NZ429,7,mud,0.7450545947318677,experimental
NZ430,7,mud,0.6957541568270696,experimental
NZ431,7,mud,0.8343900217416148,experimental
NZ432,7,mud,0.7775017238579889,experimental
NZ433,7,mud,0.7581157500068361,experimental
NZ434,7,mud,0.7581157500068361,experimental
NZ435,7,mud,0.6586748545092073,experimental
NZ436,7,mud,0.7708726061443045,experimental
NZ437,7,mud,0.6635475018985343,experimental
NZ438,7,mud,0.7347618070948643,experimental
NZ439,7,mud,0.8929087228136569,experimental
NZ440,7,mud,0.7550213660613706,experimental
NZ441,7,mud,0.9095854935478275,experimental
NZ442,7,mud,0.8479227918773969,experimental
NZ443,7,mud,0.8515609864181024,experimental
NZ444,7,mud,0.8875036498716972,experimental
NZ445,7,mud,0.7382003896763886,experimental
NZ446,7,mud,0.7209744016806824,experimental
NZ447,7,mud,0.8423622496190307,experimental
NZ448,7,mud,0.7209744016806824,experimental
NZ449,7,mud,0.7209744016806824,experimental
NZ450,7,mud,0.6865994040640211,experimental
NZ451,7,mud,0.7973712094930814,experimental
NZ452,7,mud,0.7973712094930814,experimental
NZ453,7,mud,0.7973712094930814,experimental
NZ454,7,mud,0.5878552416543031,experimental
NZ455,7,mud,0.6572648127568586,experimental
NZ456,7,mud,0.8265788442445903,experimental
NZ457,7,mud,0.613237216056853,experimental
NZ458,7,mud,0.5039084458947561,experimental
NZ459,7,mud,0.6135158266504935,experimental
NZ460,7,mud,0.7214438350197613,experimental
NZ461,7,mud,0.6089695014026788,experimental
NZ462,7,mud,0.8216873073650104,experimental
NZ463,7,mud,0.8134661773320336,experimental
NZ464,7,mud,0.8981817584603554,experimental
NZ465,7,mud,0.8981817584603554,experimental
NZ466,7,mud,0.8216873073650104,experimental
NZ467,7,mud,0.8280627958632559,experimental
NZ468,7,mud,0.8468780822594932,experimental
NZ469,7,mud,0.7345086347663067,experimental
NZ470,7,mud,0.7267670009913294,experimental
NZ471,7,mud,0.6302029515850812,experimental
NZ472,7,mud,0.7619869344961432,experimental
NZ473,7,mud,0.7336063225594738,experimental
NZ474,7,mud,0.8259877178842434,experimental
NZ475,7,mud,0.7450545947318677,experimental
NZ476,7,mud,0.7535567742635254,experimental
NZ477,7,mud,0.7450545947318677,experimental
NZ478,7,mud,0.7296845962332947,experimental
NZ479,7,mud,0.7450545947318677,experimental
NZ480,7,mud,0.8500658547047258,experimental
NZ481,7,mud,0.580266998187396,experimental
NZ482,7,mud,0.6387975566249128,experimental
NZ483,7,mud,0.7861994613986931,experimental
NZ484,7,mud,0.6688188421140682,experimental
NZ485,7,mud,0.6723983014421414,experimental
NZ486,7,mud,0.7011790435890971,experimental
NZ487,7,mud,0.6783313240402625,experimental
NZ488,7,mud,0.6723983014421414,experimental
NZ489,7,mud,0.6723983014421414,experimental
NZ490,7,mud,0.8032723387853773,experimental
NZ491,7,mud,0.825513626853286,experimental
NZ492,7,mud,0.8216873073650104,experimental
NZ493,7,mud,0.8500658547047258,experimental
NZ494,7,mud,0.8219369923738161,experimental
NZ495,7,mud,0.889423758969341,experimental
NZ496,7,mud,0.8750836437072802,experimental
NZ497,7,mud,0.856027864149479,experimental
NZ498,7,mud,0.8286441095045802,experimental
NZ499,7,mud,0.8955186023536797,experimental
NZ500,7,mud,0.8500658547047258,experimental
NZ001,8,overall_good,0.9841975733367525,experimental
NZ002,8,overall_good,0.9872363034369602,experimental
NZ003,8,overall_good,0.9793062935894451,experimental
NZ004,8,overall_good,0.9866511179084553,experimental
NZ005,8,overall_good,0.9819245115106185,experimental
NZ006,8,overall_good,0.9756453475429646,experimental
NZ007,8,overall_good,0.9870714172113142,experimental
NZ008,8,overall_good,0.9803260008149448,experimental
NZ009,8,overall_good,0.9787837797275671,experimental
NZ010,8,overall_good,0.9858604516355977,experimental
NZ011,8,overall_good,0.9870304541945468,experimental
NZ012,8,overall_good,0.9791667800705588,experimental
NZ013,8,overall_good,0.977326124188756,experimental
NZ014,8,overall_good,0.9835590123361039,experimental
NZ015,8,overall_good,0.9746646715861866,experimental
NZ016,8,overall_good,0.9772581317353112,experimental
NZ017,8,overall_good,0.9777476720289764,experimental
NZ018,8,overall_good,0.9781396273595637,experimental
NZ019,8,overall_good,0.9749779841231919,experimental
NZ020,8,overall_good,0.9862930988128986,experimental
NZ021,8,overall_good,0.9779068683602444,experimental
NZ022,8,overall_good,0.9776735772983607,experimental
NZ023,8,overall_good,0.9802706857377897,experimental
NZ024,8,overall_good,0.9821881704375953,experimental
NZ025,8,overall_good,0.9800846537741339,experimental
NZ026,8,overall_good,0.9800559838450165,experimental
NZ027,8,overall_good,0.9778478640332218,experimental
NZ028,8,overall_good,0.9858248879035795,experimental
NZ029,8,overall_good,0.9845549629364037,experimental
NZ030,8,overall_good,0.987372398288975,experimental
NZ031,8,overall_good,0.9772273175818363,experimental
NZ032,8,overall_good,0.9785812918241202,experimental
NZ033,8,overall_good,0.978843697458488,experimental
NZ034,8,overall_good,0.975776702204847,experimental
NZ035,8,overall_good,0.9790017751345766,experimental
NZ036,8,overall_good,0.9757627619976477,experimental
NZ037,8,overall_good,0.9812953390504705,experimental
NZ038,8,overall_good,0.9777877446985159,experimental
NZ039,8,overall_good,0.9780411659750161,experimental
NZ040,8,overall_good,0.9806527652782644,experimental
NZ041,8,overall_good,0.9795640459959744,experimental
NZ042,8,overall_good,0.9797955029929537,experimental
NZ043,8,overall_good,0.9772912885362722,experimental
NZ044,8,overall_good,0.9758794621133573,experimental
NZ045,8,overall_good,0.9751240046071356,experimental
NZ046,8,overall_good,0.9772766183003166,experimental
NZ047,8,overall_good,0.981066326049233,experimental
NZ048,8,overall_good,0.9822387414094815,experimental
NZ049,8,overall_good,0.9814558500549762,experimental
NZ050,8,overall_good,0.9814252097883488,experimental
NZ051,8,overall_good,0.9819551541070646,experimental
NZ052,8,overall_good,0.9850233362392611,experimental
NZ053,8,overall_good,0.9779532827451428,experimental
NZ054,8,overall_good,0.9871406960567567,experimental
NZ055,8,overall_good,0.985825996070454,experimental
NZ056,8,overall_good,0.9871874330912471,experimental
NZ057,8,overall_good,0.9793557159739792,experimental
NZ058,8,overall_good,0.9815888467989015,experimental
NZ059,8,overall_good,0.9821714208458515,experimental
NZ060,8,overall_good,0.9818702143608229,experimental
NZ061,8,overall_good,0.9778970626891668,experimental
NZ062,8,overall_good,0.9823099803586701,experimental
NZ063,8,overall_good,0.9811320110240648,experimental
NZ064,8,overall_good,0.9804840452350793,experimental
NZ065,8,overall_good,0.9815591193291763,experimental
NZ066,8,overall_good,0.980496550552004,experimental
NZ067,8,overall_good,0.9817621393815703,experimental
NZ068,8,overall_good,0.9816903011037222,experimental
NZ069,8,overall_good,0.982298203640219,experimental
NZ070,8,overall_good,0.9812105337641361,experimental
NZ071,8,overall_good,0.9817920922238516,experimental
NZ072,8,overall_good,0.9797473531559917,experimental
NZ073,8,overall_good,0.9806723855821947,experimental
NZ074,8,overall_good,0.9816252544040857,experimental
NZ075,8,overall_good,0.97775409611791,experimental
NZ076,8,overall_good,0.978609809167331,experimental
NZ077,8,overall_good,0.977763604578811,experimental
NZ078,8,overall_good,0.9779454600486769,experimental
NZ079,8,overall_good,0.9787866293756897,experimental
NZ080,8,overall_good,0.9786145676162343,experimental
NZ081,8,overall_good,0.9772877668134614,experimental
NZ082,8,overall_good,0.9786607928701505,experimental
NZ083,8,overall_good,0.9778883735560411,experimental
NZ084,8,overall_good,0.9781707747209777,experimental
NZ085,8,overall_good,0.9785646513059757,experimental
NZ086,8,overall_good,0.9793574219791605,experimental
NZ087,8,overall_good,0.9793917308699419,experimental
NZ088,8,overall_good,0.97890142802301,experimental
NZ089,8,overall_good,0.9783855627195928,experimental
NZ090,8,overall_good,0.9797204539336869,experimental
NZ091,8,overall_good,0.9792476131233283,experimental
NZ092,8,overall_good,0.979663094470076,experimental
NZ093,8,overall_good,0.9765500022827274,experimental
NZ094,8,overall_good,0.9794588768224007,experimental
NZ095,8,overall_good,0.9793618369691677,experimental
NZ096,8,overall_good,0.976263218025842,experimental
NZ097,8,overall_good,0.9818929350828026,experimental
NZ098,8,overall_good,0.9819796825979062,experimental
NZ099,8,overall_good,0.9794595711860729,experimental
NZ100,8,overall_good,0.9808088928704485,experimental
NZ101,8,overall_good,0.9779798010804925,experimental
NZ102,8,overall_good,0.9789007989601161,experimental
NZ103,8,overall_good,0.9756282651613919,experimental
NZ104,8,overall_good,0.9789793287472113,experimental
NZ105,8,overall_good,0.977094237540998,experimental
NZ106,8,overall_good,0.9753384293286121,experimental
NZ107,8,overall_good,0.9825511277451779,experimental
NZ108,8,overall_good,0.9825482684125266,experimental
NZ109,8,overall_good,0.980026195202361,experimental
NZ110,8,overall_good,0.9803564059982255,experimental
NZ111,8,overall_good,0.9785244253133334,experimental
NZ112,8,overall_good,0.9801469781629258,experimental
NZ113,8,overall_good,0.9795372666055894,experimental
NZ114,8,overall_good,0.9801474253304225,experimental
NZ115,8,overall_good,0.985829634222929,experimental
NZ116,8,overall_good,0.9863131037822739,experimental
NZ117,8,overall_good,0.987162854131199,experimental
NZ118,8,overall_good,0.9843909908116935,experimental
NZ119,8,overall_good,0.981936482039314,experimental
NZ120,8,overall_good,0.9764663002798025,experimental
NZ121,8,overall_good,0.9778038680898732,experimental
NZ122,8,overall_good,0.978939987502218,experimental
NZ123,8,overall_good,0.9782315974869455,experimental
NZ124,8,overall_good,0.9748933050040967,experimental
NZ125,8,overall_good,0.978648889385434,experimental
NZ126,8,overall_good,0.9793205921311398,experimental
NZ127,8,overall_good,0.9798136364762537,experimental
NZ128,8,overall_good,0.9754818610402682,experimental
NZ129,8,overall_good,0.9800053996160403,experimental
NZ130,8,overall_good,0.9784966787943454,experimental
NZ131,8,overall_good,0.9777196844474557,experimental
NZ132,8,overall_good,0.9798408088207102,experimental
NZ133,8,overall_good,0.9818540340667062,experimental
NZ134,8,overall_good,0.986658466659427,experimental
NZ135,8,overall_good,0.9866877705394588,experimental
NZ136,8,overall_good,0.9862899405766379,experimental
NZ137,8,overall_good,0.9796592372578131,experimental
NZ138,8,overall_good,0.9774052786691008,experimental
NZ139,8,overall_good,0.9777374831986805,experimental
NZ140,8,overall_good,0.9805253338164439,experimental
NZ141,8,overall_good,0.9812080417499476,experimental
NZ142,8,overall_good,0.9754095731777915,experimental
NZ143,8,overall_good,0.9781207137063647,experimental
NZ144,8,overall_good,0.9779955964839394,experimental
NZ145,8,overall_good,0.9792493143050418,experimental
NZ146,8,overall_good,0.9793526792825343,experimental
NZ147,8,overall_good,0.9760577443947022,experimental
NZ148,8,overall_good,0.978163186712551,experimental
NZ149,8,overall_good,0.9762894603777038,experimental
NZ150,8,overall_good,0.9745560763964599,experimental
NZ151,8,overall_good,0.9748481582023404,experimental
NZ152,8,overall_good,0.9749542363296233,experimental
NZ153,8,overall_good,0.9822344168434982,experimental
NZ154,8,overall_good,0.982228501643504,experimental
NZ155,8,overall_good,0.9815667119788607,experimental
NZ156,8,overall_good,0.9822654393514101,experimental
NZ157,8,overall_good,0.9822188856137342,experimental
NZ158,8,overall_good,0.9822389466557435,experimental
NZ159,8,overall_good,0.9820616592523789,experimental
NZ160,8,overall_good,0.9822167608286279,experimental
NZ161,8,overall_good,0.9829604384758188,experimental
NZ162,8,overall_good,0.9822316154749499,experimental
NZ163,8,overall_good,0.9815870732448047,experimental
NZ164,8,overall_good,0.9834375804315987,experimental
NZ165,8,overall_good,0.9833521850169493,experimental
NZ166,8,overall_good,0.9870703010258647,experimental
NZ167,8,overall_good,0.9875078899461973,experimental
NZ168,8,overall_good,0.9850725892601614,experimental
NZ169,8,overall_good,0.9871076630132447,experimental
NZ170,8,overall_good,0.9871248395635487,experimental
NZ171,8,overall_good,0.9862126300113149,experimental
NZ172,8,overall_good,0.9863144309445961,experimental
NZ173,8,overall_good,0.9858149451764315,experimental
NZ174,8,overall_good,0.9763912576851446,experimental
NZ175,8,overall_good,0.9764108616083043,experimental
NZ176,8,overall_good,0.9807244850235005,experimental
NZ177,8,overall_good,0.9825238131229255,experimental
NZ178,8,overall_good,0.9820797269074206,experimental
NZ179,8,overall_good,0.9814091191200481,experimental
NZ180,8,overall_good,0.9819966767887315,experimental
NZ181,8,overall_good,0.9798708585039649,experimental
NZ182,8,overall_good,0.9777161703264561,experimental
NZ183,8,overall_good,0.9797345293800138,experimental
NZ184,8,overall_good,0.9791100504374403,experimental
NZ185,8,overall_good,0.9785102506227965,experimental
NZ186,8,overall_good,0.98093982315735,experimental
NZ187,8,overall_good,0.9797669952344749,experimental
NZ188,8,overall_good,0.9790068509772253,experimental
NZ189,8,overall_good,0.9802140726112409,experimental
NZ190,8,overall_good,0.980023193690382,experimental
NZ191,8,overall_good,0.9773526782408196,experimental
NZ192,8,overall_good,0.980447592712443,experimental
NZ193,8,overall_good,0.9776406004922671,experimental
NZ194,8,overall_good,0.9781239064890881,experimental
NZ195,8,overall_good,0.979822255823207,experimental
NZ196,8,overall_good,0.9797219378901033,experimental
NZ197,8,overall_good,0.9813240040201866,experimental
NZ198,8,overall_good,0.9779192332704819,experimental
NZ199,8,overall_good,0.9791699919149639,experimental
NZ200,8,overall_good,0.980051140784428,experimental
NZ201,8,overall_good,0.9789010812083706,experimental
NZ202,8,overall_good,0.9802478249522677,experimental
NZ203,8,overall_good,0.9772400974814992,experimental
NZ204,8,overall_good,0.9795016476111775,experimental
NZ205,8,overall_good,0.9799183440684187,experimental
NZ206,8,overall_good,0.9780063358061,experimental
NZ207,8,overall_good,0.9783752517955019,experimental
NZ208,8,overall_good,0.9792467091951537,experimental
NZ209,8,overall_good,0.9773398439794766,experimental
NZ210,8,overall_good,0.9780939323924736,experimental
NZ211,8,overall_good,0.9777415473249719,experimental
NZ212,8,overall_good,0.97893583533675,experimental
NZ213,8,overall_good,0.9779604055037269,experimental
NZ214,8,overall_good,0.9777283228024497,experimental
NZ215,8,overall_good,0.978633722973683,experimental
NZ216,8,overall_good,0.9786718594045645,experimental
NZ217,8,overall_good,0.9778892495102685,experimental
NZ218,8,overall_good,0.9783153624993236,experimental
NZ219,8,overall_good,0.9776635627169911,experimental
NZ220,8,overall_good,0.9740151248999855,experimental
NZ221,8,overall_good,0.97676330268041,experimental
NZ222,8,overall_good,0.9779666182687339,experimental
NZ223,8,overall_good,0.9775934109777069,experimental
NZ224,8,overall_good,0.9775058876364087,experimental
NZ225,8,overall_good,0.9783202316346902,experimental
NZ226,8,overall_good,0.9789146112399137,experimental
NZ227,8,overall_good,0.9779113858357671,experimental
NZ228,8,overall_good,0.9764108436395431,experimental
NZ229,8,overall_good,0.9777948354077529,experimental
NZ230,8,overall_good,0.9794019315445037,experimental
NZ231,8,overall_good,0.9765911504957304,experimental
NZ232,8,overall_good,0.9764901266158995,experimental
NZ233,8,overall_good,0.9765516768082376,experimental
NZ234,8,overall_good,0.9784897299644756,experimental
NZ235,8,overall_good,0.97865471241313,experimental
NZ236,8,overall_good,0.9786558978188762,experimental
NZ237,8,overall_good,0.97679460863015,experimental
NZ238,8,overall_good,0.9777489082735429,experimental
NZ239,8,overall_good,0.9746460422364973,experimental
NZ240,8,overall_good,0.9778107333477682,experimental
NZ241,8,overall_good,0.9776915412660351,experimental
NZ242,8,overall_good,0.9784520193351897,experimental
NZ243,8,overall_good,0.9786035362300257,experimental
NZ244,8,overall_good,0.9748864878220416,experimental
NZ245,8,overall_good,0.9737199798053101,experimental
NZ246,8,overall_good,0.9863848942435662,experimental
NZ247,8,overall_good,0.987108810331089,experimental
NZ248,8,overall_good,0.9858665720249368,experimental
NZ249,8,overall_good,0.9871396650056117,experimental
NZ250,8,overall_good,0.9871617990127672,experimental
NZ251,8,overall_good,0.9848297662206308,experimental
NZ252,8,overall_good,0.9862916957761457,experimental
NZ253,8,overall_good,0.986663489329887,experimental
NZ254,8,overall_good,0.9860959990033891,experimental
NZ255,8,overall_good,0.9868195528386481,experimental
NZ256,8,overall_good,0.9871207441339667,experimental
NZ257,8,overall_good,0.9863704373671317,experimental
NZ258,8,overall_good,0.9863455118102102,experimental
NZ259,8,overall_good,0.9863911870547554,experimental
NZ260,8,overall_good,0.986373295108519,experimental
NZ261,8,overall_good,0.9863193353272001,experimental
NZ262,8,overall_good,0.9872206473947446,experimental
NZ263,8,overall_good,0.9858230846967249,experimental
NZ264,8,overall_good,0.9846044157430364,experimental
NZ265,8,overall_good,0.9793766933478697,experimental
NZ266,8,overall_good,0.9792177493445273,experimental
NZ267,8,overall_good,0.9793108926407182,experimental
NZ268,8,overall_good,0.9798011107930495,experimental
NZ269,8,overall_good,0.9812104365520808,experimental
NZ270,8,overall_good,0.9754569305047621,experimental
NZ271,8,overall_good,0.9780093032992659,experimental
NZ272,8,overall_good,0.9780350101547934,experimental
NZ273,8,overall_good,0.9805885772585368,experimental
NZ274,8,overall_good,0.9801111309876134,experimental
NZ275,8,overall_good,0.9792932123863354,experimental
NZ276,8,overall_good,0.9798008390056582,experimental
NZ277,8,overall_good,0.9823144358639938,experimental
NZ278,8,overall_good,0.9862899405766379,experimental
NZ279,8,overall_good,0.9780786019041142,experimental
NZ280,8,overall_good,0.9823183653358323,experimental
NZ281,8,overall_good,0.9793561297865596,experimental
NZ282,8,overall_good,0.9802876537659349,experimental
NZ283,8,overall_good,0.9781456673629992,experimental
NZ284,8,overall_good,0.9793490598355407,experimental
NZ285,8,overall_good,0.9796880756285885,experimental
NZ286,8,overall_good,0.9791889431573478,experimental
NZ287,8,overall_good,0.9819636817961189,experimental
NZ288,8,overall_good,0.9812415004659846,experimental
NZ289,8,overall_good,0.9826709027684031,experimental
NZ290,8,overall_good,0.9815598586077743,experimental
NZ291,8,overall_good,0.9756906696625073,experimental
NZ292,8,overall_good,0.9784139772997319,experimental
NZ293,8,overall_good,0.9783898559674302,experimental
NZ294,8,overall_good,0.9747663568209834,experimental
NZ295,8,overall_good,0.9786966098877986,experimental
NZ296,8,overall_good,0.9788633695644334,experimental
NZ297,8,overall_good,0.9822187567647155,experimental
NZ298,8,overall_good,0.9815848743756858,experimental
NZ299,8,overall_good,0.9808178672859325,experimental
NZ300,8,overall_good,0.9797482165704837,experimental
NZ301,8,overall_good,0.9787967835894453,experimental
NZ302,8,overall_good,0.9758192895276808,experimental
NZ303,8,overall_good,0.9757855382457301,experimental
NZ304,8,overall_good,0.9780604398486493,experimental
NZ305,8,overall_good,0.9780997980519381,experimental
NZ306,8,overall_good,0.9757140568625213,experimental
NZ307,8,overall_good,0.9774161022880954,experimental
NZ308,8,overall_good,0.979544726557789,experimental
NZ309,8,overall_good,0.9758507180607602,experimental
NZ310,8,overall_good,0.978051388963156,experimental
NZ311,8,overall_good,0.9747332967243855,experimental
NZ312,8,overall_good,0.9793389522242566,experimental
NZ313,8,overall_good,0.9772812205601404,experimental
NZ314,8,overall_good,0.978287267144477,experimental
NZ315,8,overall_good,0.9784477959181289,experimental
NZ316,8,overall_good,0.9778492699298753,experimental
NZ317,8,overall_good,0.977035115784273,experimental
NZ318,8,overall_good,0.9826641575800293,experimental
NZ319,8,overall_good,0.9779508076432456,experimental
NZ320,8,overall_good,0.9750539445612451,experimental
NZ321,8,overall_good,0.978166224236986,experimental
NZ322,8,overall_good,0.9782084847785055,experimental
NZ323,8,overall_good,0.9789260720841708,experimental
NZ324,8,overall_good,0.9777790738190183,experimental
NZ325,8,overall_good,0.9772797886560131,experimental
NZ326,8,overall_good,0.9765486419966495,experimental
NZ327,8,overall_good,0.9783441610155701,experimental
NZ328,8,overall_good,0.9766514942394783,experimental
NZ329,8,overall_good,0.975099946564484,experimental
NZ330,8,overall_good,0.976536399891389,experimental
NZ331,8,overall_good,0.9786843041715293,experimental
NZ332,8,overall_good,0.9785295912060427,experimental
NZ333,8,overall_good,0.9784789747385244,experimental
NZ334,8,overall_good,0.9798547456307359,experimental
NZ335,8,overall_good,0.97848233836283,experimental
NZ336,8,overall_good,0.977808774473392,experimental
NZ337,8,overall_good,0.9759823977713934,experimental
NZ338,8,overall_good,0.9790400753524174,experimental
NZ339,8,overall_good,0.9798544081720841,experimental
NZ340,8,overall_good,0.9777654931804589,experimental
NZ341,8,overall_good,0.9783016798521388,experimental
NZ342,8,overall_good,0.9819248691183946,experimental
NZ343,8,overall_good,0.9785019691809267,experimental
NZ344,8,overall_good,0.9802286474629099,experimental
NZ345,8,overall_good,0.980126348503254,experimental
NZ346,8,overall_good,0.9785703131380915,experimental
NZ347,8,overall_good,0.9787708137009518,experimental
NZ348,8,overall_good,0.9802201497169539,experimental
NZ349,8,overall_good,0.9764889671034664,experimental
NZ350,8,overall_good,0.9754322895758446,experimental
NZ351,8,overall_good,0.974982605371746,experimental
NZ352,8,overall_good,0.9777864431598566,experimental
NZ353,8,overall_good,0.9763712712429574,experimental
NZ354,8,overall_good,0.97648604861364,experimental
NZ355,8,overall_good,0.9798609293716652,experimental
NZ356,8,overall_good,0.9753592133422415,experimental
NZ357,8,overall_good,0.97640490241677,experimental
NZ358,8,overall_good,0.9821589557737525,experimental
NZ359,8,overall_good,0.9822040477904685,experimental
NZ360,8,overall_good,0.9773449708145134,experimental
NZ361,8,overall_good,0.9815826893523939,experimental
NZ362,8,overall_good,0.9791428481882143,experimental
NZ363,8,overall_good,0.9818579569652487,experimental
NZ364,8,overall_good,0.9775657579892134,experimental
NZ365,8,overall_good,0.9820039928346439,experimental
NZ366,8,overall_good,0.9822019076265242,experimental
NZ367,8,overall_good,0.979883158617191,experimental
NZ368,8,overall_good,0.9797335575418206,experimental
NZ369,8,overall_good,0.9785230151226523,experimental
NZ370,8,overall_good,0.9834893108566893,experimental
NZ371,8,overall_good,0.9780869333742989,experimental
NZ372,8,overall_good,0.9786367182869865,experimental
NZ373,8,overall_good,0.9798042804267592,experimental
NZ374,8,overall_good,0.9801654319365259,experimental
NZ375,8,overall_good,0.9763449603028782,experimental
NZ376,8,overall_good,0.9793480678857934,experimental
NZ377,8,overall_good,0.9785561006378701,experimental
NZ378,8,overall_good,0.9793794798440457,experimental
NZ379,8,overall_good,0.9784716896657264,experimental
NZ380,8,overall_good,0.9779129674696165,experimental
NZ381,8,overall_good,0.977812451306275,experimental
NZ382,8,overall_good,0.9786116774799594,experimental
NZ383,8,overall_good,0.9811807839494634,experimental
NZ384,8,overall_good,0.981180332047386,experimental
NZ385,8,overall_good,0.9780749212400678,experimental
NZ386,8,overall_good,0.9804557997855806,experimental
NZ387,8,overall_good,0.9786474044110238,experimental
NZ388,8,overall_good,0.9791896187061193,experimental
NZ389,8,overall_good,0.9811033636993449,experimental
NZ390,8,overall_good,0.9778553979872624,experimental
NZ391,8,overall_good,0.9791542667063071,experimental
NZ392,8,overall_good,0.977271611630411,experimental
NZ393,8,overall_good,0.9791439033108554,experimental
NZ394,8,overall_good,0.9781985303336523,experimental
NZ395,8,overall_good,0.9814314222345648,experimental
NZ396,8,overall_good,0.9807647374582018,experimental
NZ397,8,overall_good,0.9786342326949947,experimental
NZ398,8,overall_good,0.9785512390910711,experimental
NZ399,8,overall_good,0.9819965388654369,experimental
NZ400,8,overall_good,0.9794086413961687,experimental
NZ401,8,overall_good,0.9814048567720871,experimental
NZ402,8,overall_good,0.9807316470662237,experimental
NZ403,8,overall_good,0.9825016499355752,experimental
NZ404,8,overall_good,0.980819716936803,experimental
NZ405,8,overall_good,0.9820178482922313,experimental
NZ406,8,overall_good,0.9814101686991599,experimental
NZ407,8,overall_good,0.9807522966823404,experimental
NZ408,8,overall_good,0.9808632169661136,experimental
NZ409,8,overall_good,0.9825924585359795,experimental
NZ410,8,overall_good,0.982056584658922,experimental
NZ411,8,overall_good,0.9821050790504803,experimental
NZ412,8,overall_good,0.9807875409206291,experimental
NZ413,8,overall_good,0.9816484453591753,experimental
NZ414,8,overall_good,0.9814698228518829,experimental
NZ415,8,overall_good,0.9815708368038489,experimental
NZ416,8,overall_good,0.9821247020470343,experimental
NZ417,8,overall_good,0.9821430449712493,experimental
NZ418,8,overall_good,0.9818651511125797,experimental
NZ419,8,overall_good,0.978220966788099,experimental
NZ420,8,overall_good,0.9825954902921165,experimental
NZ421,8,overall_good,0.9791889893373841,experimental
NZ422,8,overall_good,0.9778354412353583,experimental
NZ423,8,overall_good,0.9777179398334561,experimental
NZ424,8,overall_good,0.9795557041412285,experimental
NZ425,8,overall_good,0.9792539474489065,experimental
NZ426,8,overall_good,0.9797729231155614,experimental
NZ427,8,overall_good,0.9770001584486081,experimental
NZ428,8,overall_good,0.9775217034215861,experimental
NZ429,8,overall_good,0.977849975649927,experimental
NZ430,8,overall_good,0.9763345009545311,experimental
NZ431,8,overall_good,0.9808747548034745,experimental
NZ432,8,overall_good,0.977431790484974,experimental
NZ433,8,overall_good,0.9788119021142778,experimental
NZ434,8,overall_good,0.9788283312908928,experimental
NZ435,8,overall_good,0.9795546325101481,experimental
NZ436,8,overall_good,0.9801575884649273,experimental
NZ437,8,overall_good,0.9796266336327674,experimental
NZ438,8,overall_good,0.9795286642782856,experimental
NZ439,8,overall_good,0.9812627224591187,experimental
NZ440,8,overall_good,0.9802645210789837,experimental
NZ441,8,overall_good,0.9807294700586924,experimental
NZ442,8,overall_good,0.980873684467893,experimental
NZ443,8,overall_good,0.9797293539911107,experimental
NZ444,8,overall_good,0.9809892243302946,experimental
NZ445,8,overall_good,0.9760110238925521,experimental
NZ446,8,overall_good,0.9786187529798497,experimental
NZ447,8,overall_good,0.9759767077146864,experimental
NZ448,8,overall_good,0.9785142134996967,experimental
NZ449,8,overall_good,0.9784878203368971,experimental
NZ450,8,overall_good,0.9796751100757987,experimental
NZ451,8,overall_good,0.9792480979406649,experimental
NZ452,8,overall_good,0.9791647119095006,experimental
NZ453,8,overall_good,0.9792064183825615,experimental
NZ454,8,overall_good,0.979957954304657,experimental
NZ455,8,overall_good,0.9780473637146,experimental
NZ456,8,overall_good,0.9786525710003956,experimental
NZ457,8,overall_good,0.9800090507867949,experimental
NZ458,8,overall_good,0.9800801212213043,experimental
NZ459,8,overall_good,0.9792499742108808,experimental
NZ460,8,overall_good,0.9758785919081795,experimental
NZ461,8,overall_good,0.9800463261104936,experimental
NZ462,8,overall_good,0.9786479158107573,experimental
NZ463,8,overall_good,0.9781541910913055,experimental
NZ464,8,overall_good,0.9738324201315731,experimental
NZ465,8,overall_good,0.9738503312380925,experimental
NZ466,8,overall_good,0.9786587232595663,experimental
NZ467,8,overall_good,0.9772595741892246,experimental
NZ468,8,overall_good,0.9778443891984216,experimental
NZ469,8,overall_good,0.9794346340546052,experimental
NZ470,8,overall_good,0.9801858536366943,experimental
NZ471,8,overall_good,0.979946177015534,experimental
NZ472,8,overall_good,0.980370142776215,experimental
NZ473,8,overall_good,0.9798444935357207,experimental
NZ474,8,overall_good,0.9798215749143449,experimental
NZ475,8,overall_good,0.9777311873667351,experimental
NZ476,8,overall_good,0.9791372122323287,experimental
NZ477,8,overall_good,0.9777301293988995,experimental
NZ478,8,overall_good,0.9765367498689359,experimental
NZ479,8,overall_good,0.9778147431881792,experimental
NZ480,8,overall_good,0.976412132686778,experimental
NZ481,8,overall_good,0.9812956319743898,experimental
NZ482,8,overall_good,0.9812111963487923,experimental
NZ483,8,overall_good,0.9803771666153102,experimental
NZ484,8,overall_good,0.9796710165061592,experimental
NZ485,8,overall_good,0.9800740527731258,experimental
NZ486,8,overall_good,0.9793854184249411,experimental
NZ487,8,overall_good,0.98056096288734,experimental
NZ488,8,overall_good,0.9800704091712452,experimental
NZ489,8,overall_good,0.9801574494494052,experimental
NZ490,8,overall_good,0.9777017068887246,experimental
NZ491,8,overall_good,0.9785383023582984,experimental
NZ492,8,overall_good,0.9786819027861717,experimental
NZ493,8,overall_good,0.9764997879427437,experimental
NZ494,8,overall_good,0.977261172579414,experimental
NZ495,8,overall_good,0.9744140116936166,experimental
NZ496,8,overall_good,0.9785305908489194,experimental
NZ497,8,overall_good,0.9780873443523803,experimental
NZ498,8,overall_good,0.9786260503563166,experimental
NZ499,8,overall_good,0.97401715172796,experimental
NZ500,8,overall_good,0.9764037616378979,experimental
NZ001,8,bugs,0.55467552024078,experimental
NZ002,8,bugs,0.33868117824991495,experimental
NZ003,8,bugs,0.4231768572473473,experimental
NZ004,8,bugs,0.34511669871189965,experimental
NZ005,8,bugs,0.38114120584747896,experimental
NZ006,8,bugs,0.3899327821788318,experimental
NZ007,8,bugs,0.41056774792365364,experimental
NZ008,8,bugs,0.3418787993588539,experimental
NZ009,8,bugs,0.4791631398264955,experimental
NZ010,8,bugs,0.3156796612381206,experimental
NZ011,8,bugs,0.41419958719449607,experimental
NZ012,8,bugs,0.5249315025904326,experimental
NZ013,8,bugs,0.458812922457823,experimental
NZ014,8,bugs,0.4712264586097182,experimental
NZ015,8,bugs,0.2722709206773881,experimental
NZ016,8,bugs,0.2722238231687253,experimental
NZ017,8,bugs,0.36739591711271613,experimental
NZ018,8,bugs,0.24451852374541144,experimental
NZ019,8,bugs,0.47409762707387326,experimental
NZ020,8,bugs,0.3404805552491255,experimental
NZ021,8,bugs,0.41268569388690446,experimental
NZ022,8,bugs,0.28598918035944304,experimental
NZ023,8,bugs,0.4514748553344093,experimental
NZ024,8,bugs,0.46494297884859276,experimental
NZ025,8,bugs,0.5325354810632955,experimental
NZ026,8,bugs,0.5322532024565776,experimental
NZ027,8,bugs,0.2771888633690567,experimental
NZ028,8,bugs,0.3036650276729731,experimental
NZ029,8,bugs,0.5143337287909647,experimental
NZ030,8,bugs,0.40827002241117505,experimental
NZ031,8,bugs,0.27863942457245205,experimental
NZ032,8,bugs,0.32276685698125873,experimental
NZ033,8,bugs,0.285310095682722,experimental
NZ034,8,bugs,0.4382559147434998,experimental
NZ035,8,bugs,0.31249586384126404,experimental
NZ036,8,bugs,0.43340347417408354,experimental
NZ037,8,bugs,0.2814617748302368,experimental
NZ038,8,bugs,0.294050905727068,experimental
NZ039,8,bugs,0.34254145616164905,experimental
NZ040,8,bugs,0.5193942272563791,experimental
NZ041,8,bugs,0.34833773882591407,experimental
NZ042,8,bugs,0.3138920005449196,experimental
NZ043,8,bugs,0.3073717373268796,experimental
NZ044,8,bugs,0.4382559147434998,experimental
NZ045,8,bugs,0.531386069781533,experimental
NZ046,8,bugs,0.2722238231687253,experimental
NZ047,8,bugs,0.5246828123509025,experimental
NZ048,8,bugs,0.3548615315508768,experimental
NZ049,8,bugs,0.28882258549854783,experimental
NZ050,8,bugs,0.28285063323173804,experimental
NZ051,8,bugs,0.2399387576255326,experimental
NZ052,8,bugs,0.3382892468010135,experimental
NZ053,8,bugs,0.4927282451206387,experimental
NZ054,8,bugs,0.33254835906164953,experimental
NZ055,8,bugs,0.31492434674020453,experimental
NZ056,8,bugs,0.36444909950169097,experimental
NZ057,8,bugs,0.3293841463022882,experimental
NZ058,8,bugs,0.5240058726856447,experimental
NZ059,8,bugs,0.3370922573480947,experimental
NZ060,8,bugs,0.4736240976538045,experimental
NZ061,8,bugs,0.3258652418635192,experimental
NZ062,8,bugs,0.4620313964412411,experimental
NZ063,8,bugs,0.347723987749432,experimental
NZ064,8,bugs,0.3043321205765944,experimental
NZ065,8,bugs,0.5240058726856447,experimental
NZ066,8,bugs,0.3043321205765944,experimental
NZ067,8,bugs,0.29251994262890535,experimental
NZ068,8,bugs,0.29251994262890535,experimental
NZ069,8,bugs,0.3550686541273346,experimental
NZ070,8,bugs,0.3408012525057191,experimental
NZ071,8,bugs,0.5240058726856447,experimental
NZ072,8,bugs,0.5227498144489964,experimental
NZ073,8,bugs,0.43603943389775557,experimental
NZ074,8,bugs,0.5240058726856447,experimental
NZ075,8,bugs,0.23916106001892704,experimental
NZ076,8,bugs,0.26733230252621004,experimental
NZ077,8,bugs,0.2380255541214747,experimental
NZ078,8,bugs,0.2512061557194661,experimental
NZ079,8,bugs,0.288561250519111,experimental
NZ080,8,bugs,0.25911950536425393,experimental
NZ081,8,bugs,0.2722238231687253,experimental
NZ082,8,bugs,0.25911950536425393,experimental
NZ083,8,bugs,0.499773994476145,experimental
NZ084,8,bugs,0.24196759326209996,experimental
NZ085,8,bugs,0.4052003371187007,experimental
NZ086,8,bugs,0.2351703823880462,experimental
NZ087,8,bugs,0.23543960015052942,experimental
NZ088,8,bugs,0.45764551197953846,experimental
NZ089,8,bugs,0.247391572167419,experimental
NZ090,8,bugs,0.2324986149657417,experimental
NZ091,8,bugs,0.2575323578207372,experimental
NZ092,8,bugs,0.39904172373980995,experimental
NZ093,8,bugs,0.3571059909565047,experimental
NZ094,8,bugs,0.3522977883954783,experimental
NZ095,8,bugs,0.22079951177552654,experimental
NZ096,8,bugs,0.3520290420368934,experimental
NZ097,8,bugs,0.5077509253862055,experimental
NZ098,8,bugs,0.239462164820874,experimental
NZ099,8,bugs,0.46735582145775706,experimental
NZ100,8,bugs,0.2561676431382177,experimental
NZ101,8,bugs,0.2986119656455316,experimental
NZ102,8,bugs,0.41826779817359117,experimental
NZ103,8,bugs,0.25067296637259784,experimental
NZ104,8,bugs,0.30805139085127875,experimental
NZ105,8,bugs,0.2555657488392012,experimental
NZ106,8,bugs,0.3117501793777773,experimental
NZ107,8,bugs,0.27999098261407596,experimental
NZ108,8,bugs,0.2655821501595102,experimental
NZ109,8,bugs,0.30584857748001265,experimental
NZ110,8,bugs,0.433811731183069,experimental
NZ111,8,bugs,0.2918033707241788,experimental
NZ112,8,bugs,0.2563979376675571,experimental
NZ113,8,bugs,0.3039789749611094,experimental
NZ114,8,bugs,0.271363496526626,experimental
NZ115,8,bugs,0.3137351452171739,experimental
NZ116,8,bugs,0.3474007956709007,experimental
NZ117,8,bugs,0.3368600384157514,experimental
NZ118,8,bugs,0.5164943425569348,experimental
NZ119,8,bugs,0.2747008955744036,experimental
NZ120,8,bugs,0.23629617996446636,experimental
NZ121,8,bugs,0.22744547023824768,experimental
NZ122,8,bugs,0.3851861112702047,experimental
NZ123,8,bugs,0.499773994476145,experimental
NZ124,8,bugs,0.5183910192748602,experimental
NZ125,8,bugs,0.5595299735193349,experimental
NZ126,8,bugs,0.4012794973127973,experimental
NZ127,8,bugs,0.27899855901328524,experimental
NZ128,8,bugs,0.47409762707387326,experimental
NZ129,8,bugs,0.3091741505525041,experimental
NZ130,8,bugs,0.2918033707241788,experimental
NZ131,8,bugs,0.2635006145287375,experimental
NZ132,8,bugs,0.27899855901328524,experimental
NZ133,8,bugs,0.2907446421647515,experimental
NZ134,8,bugs,0.32100475664340805,experimental
NZ135,8,bugs,0.29531100710311975,experimental
NZ136,8,bugs,0.3404805552491255,experimental
NZ137,8,bugs,0.46614507256180393,experimental
NZ138,8,bugs,0.28127333957208733,experimental
NZ139,8,bugs,0.2689387948132329,experimental
NZ140,8,bugs,0.22702799106274377,experimental
NZ141,8,bugs,0.493634353339039,experimental
NZ142,8,bugs,0.4429932170132152,experimental
NZ143,8,bugs,0.5304535299257012,experimental
NZ144,8,bugs,0.452116198401803,experimental
NZ145,8,bugs,0.34125132574135375,experimental
NZ146,8,bugs,0.3578546830818207,experimental
NZ147,8,bugs,0.32377694866038204,experimental
NZ148,8,bugs,0.3459132496329973,experimental
NZ149,8,bugs,0.3811277623324599,experimental
NZ150,8,bugs,0.37859492415366014,experimental
NZ151,8,bugs,0.25680602304698336,experimental
NZ152,8,bugs,0.37734567534184266,experimental
NZ153,8,bugs,0.3424900596881594,experimental
NZ154,8,bugs,0.3424900596881594,experimental
NZ155,8,bugs,0.3073223127755075,experimental
NZ156,8,bugs,0.3655076073649045,experimental
NZ157,8,bugs,0.3424900596881594,experimental
NZ158,8,bugs,0.3424900596881594,experimental
NZ159,8,bugs,0.5604257761714079,experimental
NZ160,8,bugs,0.3424900596881594,experimental
NZ161,8,bugs,0.4333760440071592,experimental
NZ162,8,bugs,0.3424900596881594,experimental
NZ163,8,bugs,0.3073223127755075,experimental
NZ164,8,bugs,0.33721379133173,experimental
NZ165,8,bugs,0.5575002113348966,experimental
NZ166,8,bugs,0.38549194633198697,experimental
NZ167,8,bugs,0.4336646172024676,experimental
NZ168,8,bugs,0.38392978967985736,experimental
NZ169,8,bugs,0.3492890952097457,experimental
NZ170,8,bugs,0.3379229969529234,experimental
NZ171,8,bugs,0.5231501457123522,experimental
NZ172,8,bugs,0.3404805552491255,experimental
NZ173,8,bugs,0.3036650276729731,experimental
NZ174,8,bugs,0.23629617996446636,experimental
NZ175,8,bugs,0.23629617996446636,experimental
NZ176,8,bugs,0.24553756260292536,experimental
NZ177,8,bugs,0.2696650141625955,experimental
NZ178,8,bugs,0.3507151692504539,experimental
NZ179,8,bugs,0.27970575813761844,experimental
NZ180,8,bugs,0.28110360723059036,experimental
NZ181,8,bugs,0.27899855901328524,experimental
NZ182,8,bugs,0.25883548306384196,experimental
NZ183,8,bugs,0.2964792749622432,experimental
NZ184,8,bugs,0.2631786007542911,experimental
NZ185,8,bugs,0.31213129530464967,experimental
NZ186,8,bugs,0.3197661929910366,experimental
NZ187,8,bugs,0.3156362476798593,experimental
NZ188,8,bugs,0.2784349571448226,experimental
NZ189,8,bugs,0.2854019818442651,experimental
NZ190,8,bugs,0.5195134339106484,experimental
NZ191,8,bugs,0.3901086638981176,experimental
NZ192,8,bugs,0.2845920903769299,experimental
NZ193,8,bugs,0.37810910073515874,experimental
NZ194,8,bugs,0.4606892915029221,experimental
NZ195,8,bugs,0.2578414251684648,experimental
NZ196,8,bugs,0.47011534004334804,experimental
NZ197,8,bugs,0.493634353339039,experimental
NZ198,8,bugs,0.24081637922946533,experimental
NZ199,8,bugs,0.2275858035666987,experimental
NZ200,8,bugs,0.2767906465252739,experimental
NZ201,8,bugs,0.29481267898416946,experimental
NZ202,8,bugs,0.39176296743243855,experimental
NZ203,8,bugs,0.2722238231687253,experimental
NZ204,8,bugs,0.4899235270813637,experimental
NZ205,8,bugs,0.2705805298815329,experimental
NZ206,8,bugs,0.23521783205119196,experimental
NZ207,8,bugs,0.3118112020960183,experimental
NZ208,8,bugs,0.4950352995513292,experimental
NZ209,8,bugs,0.499773994476145,experimental
NZ210,8,bugs,0.4059669580439596,experimental
NZ211,8,bugs,0.25795523627173894,experimental
NZ212,8,bugs,0.28007159523710884,experimental
NZ213,8,bugs,0.499773994476145,experimental
NZ214,8,bugs,0.2576794794927936,experimental
NZ215,8,bugs,0.25911950536425393,experimental
NZ216,8,bugs,0.4947037731089894,experimental
NZ217,8,bugs,0.22458636834105014,experimental
NZ218,8,bugs,0.499773994476145,experimental
NZ219,8,bugs,0.28305693199127724,experimental
NZ220,8,bugs,0.46266837459505106,experimental
NZ221,8,bugs,0.2591914418388157,experimental
NZ222,8,bugs,0.4097158358744884,experimental
NZ223,8,bugs,0.4124418306379482,experimental
NZ224,8,bugs,0.28994260743601113,experimental
NZ225,8,bugs,0.3106376966194923,experimental
NZ226,8,bugs,0.34570603831718183,experimental
NZ227,8,bugs,0.41327100197568223,experimental
NZ228,8,bugs,0.23629617996446636,experimental
NZ229,8,bugs,0.41964953005609684,experimental
NZ230,8,bugs,0.35135843191668964,experimental
NZ231,8,bugs,0.24112630409148508,experimental
NZ232,8,bugs,0.23929731511360405,experimental
NZ233,8,bugs,0.24158299625394067,experimental
NZ234,8,bugs,0.3857679476823665,experimental
NZ235,8,bugs,0.25911950536425393,experimental
NZ236,8,bugs,0.25911950536425393,experimental
NZ237,8,bugs,0.458812922457823,experimental
NZ238,8,bugs,0.42549715709673147,experimental
NZ239,8,bugs,0.45839077232089676,experimental
NZ240,8,bugs,0.22744547023824768,experimental
NZ241,8,bugs,0.499773994476145,experimental
NZ242,8,bugs,0.2686596270503617,experimental
NZ243,8,bugs,0.294310636423141,experimental
NZ244,8,bugs,0.37408453890598253,experimental
NZ245,8,bugs,0.37177767919438875,experimental
NZ246,8,bugs,0.5231501457123522,experimental
NZ247,8,bugs,0.334581141405834,experimental
NZ248,8,bugs,0.3068938681414623,experimental
NZ249,8,bugs,0.3379229969529234,experimental
NZ250,8,bugs,0.5542662165149176,experimental
NZ251,8,bugs,0.33458216650461375,experimental
NZ252,8,bugs,0.3404805552491255,experimental
NZ253,8,bugs,0.2962454090547801,experimental
NZ254,8,bugs,0.5231501457123522,experimental
NZ255,8,bugs,0.5542662165149176,experimental
NZ256,8,bugs,0.35769378208719477,experimental
NZ257,8,bugs,0.3570694358961815,experimental
NZ258,8,bugs,0.3404805552491255,experimental
NZ259,8,bugs,0.3773472471513275,experimental
NZ260,8,bugs,0.3486706095470945,experimental
NZ261,8,bugs,0.3404805552491255,experimental
NZ262,8,bugs,0.4485264454924141,experimental
NZ263,8,bugs,0.3068938681414623,experimental
NZ264,8,bugs,0.3772355125476158,experimental
NZ265,8,bugs,0.2687905563086713,experimental
NZ266,8,bugs,0.2598621068815164,experimental
NZ267,8,bugs,0.27355435362243646,experimental
NZ268,8,bugs,0.30311022218959155,experimental
NZ269,8,bugs,0.2917833152926324,experimental
NZ270,8,bugs,0.2620920463542179,experimental
NZ271,8,bugs,0.23521783205119196,experimental
NZ272,8,bugs,0.24853090714098147,experimental
NZ273,8,bugs,0.3465072689464443,experimental
NZ274,8,bugs,0.2544314057946555,experimental
NZ275,8,bugs,0.4950352995513292,experimental
NZ276,8,bugs,0.2462694339399201,experimental
NZ277,8,bugs,0.3274918655589177,experimental
NZ278,8,bugs,0.3404805552491255,experimental
NZ279,8,bugs,0.24410541559686944,experimental
NZ280,8,bugs,0.3309835867696278,experimental
NZ281,8,bugs,0.4950352995513292,experimental
NZ282,8,bugs,0.2788061077152852,experimental
NZ283,8,bugs,0.23821554004838574,experimental
NZ284,8,bugs,0.2246919516321519,experimental
NZ285,8,bugs,0.40969976135776515,experimental
NZ286,8,bugs,0.2825037914192653,experimental
NZ287,8,bugs,0.3561575572877176,experimental
NZ288,8,bugs,0.36420385150675394,experimental
NZ289,8,bugs,0.26541813907508705,experimental
NZ290,8,bugs,0.292719793266176,experimental
NZ291,8,bugs,0.263486054499128,experimental
NZ292,8,bugs,0.2406146849453009,experimental
NZ293,8,bugs,0.25414349805864783,experimental
NZ294,8,bugs,0.531386069781533,experimental
NZ295,8,bugs,0.3074722746739689,experimental
NZ296,8,bugs,0.3063990112793817,experimental
NZ297,8,bugs,0.3424900596881594,experimental
NZ298,8,bugs,0.3073223127755075,experimental
NZ299,8,bugs,0.25802435366666765,experimental
NZ300,8,bugs,0.4570608302846873,experimental
NZ301,8,bugs,0.4922994005426505,experimental
NZ302,8,bugs,0.3029056439318296,experimental
NZ303,8,bugs,0.4382559147434998,experimental
NZ304,8,bugs,0.34254145616164905,experimental
NZ305,8,bugs,0.5228173286166337,experimental
NZ306,8,bugs,0.4714886183739525,experimental
NZ307,8,bugs,0.3183947915778024,experimental
NZ308,8,bugs,0.36482063404554815,experimental
NZ309,8,bugs,0.3425938538704852,experimental
NZ310,8,bugs,0.34254145616164905,experimental
NZ311,8,bugs,0.531386069781533,experimental
NZ312,8,bugs,0.33518238090896824,experimental
NZ313,8,bugs,0.3073717373268796,experimental
NZ314,8,bugs,0.5304535299257012,experimental
NZ315,8,bugs,0.2596247784749111,experimental
NZ316,8,bugs,0.2771888633690567,experimental
NZ317,8,bugs,0.24311153028685795,experimental
NZ318,8,bugs,0.2745663003238004,experimental
NZ319,8,bugs,0.24686989673206058,experimental
NZ320,8,bugs,0.4593262726095856,experimental
NZ321,8,bugs,0.4101783496392853,experimental
NZ322,8,bugs,0.4066959123691378,experimental
NZ323,8,bugs,0.28970334047478113,experimental
NZ324,8,bugs,0.3107038193056205,experimental
NZ325,8,bugs,0.39624666032382466,experimental
NZ326,8,bugs,0.24510577874884149,experimental
NZ327,8,bugs,0.5001039244461867,experimental
NZ328,8,bugs,0.25295113522586893,experimental
NZ329,8,bugs,0.281406923092771,experimental
NZ330,8,bugs,0.2420861199101055,experimental
NZ331,8,bugs,0.2847683442255436,experimental
NZ332,8,bugs,0.4800493888282286,experimental
NZ333,8,bugs,0.2918033707241788,experimental
NZ334,8,bugs,0.27899855901328524,experimental
NZ335,8,bugs,0.2918033707241788,experimental
NZ336,8,bugs,0.2771888633690567,experimental
NZ337,8,bugs,0.3879461567857299,experimental
NZ338,8,bugs,0.2630947625713601,experimental
NZ339,8,bugs,0.27899855901328524,experimental
NZ340,8,bugs,0.25883548306384196,experimental
NZ341,8,bugs,0.39683414775878145,experimental
NZ342,8,bugs,0.2747008955744036,experimental
NZ343,8,bugs,0.2918033707241788,experimental
NZ344,8,bugs,0.4435930664147175,experimental
NZ345,8,bugs,0.5267806498117042,experimental
NZ346,8,bugs,0.39232103752417596,experimental
NZ347,8,bugs,0.27193496585659005,experimental
NZ348,8,bugs,0.5047778747783376,experimental
NZ349,8,bugs,0.2481689970682231,experimental
NZ350,8,bugs,0.31883238781292905,experimental
NZ351,8,bugs,0.3660367735232529,experimental
NZ352,8,bugs,0.26238534152805915,experimental
NZ353,8,bugs,0.24811613433782695,experimental
NZ354,8,bugs,0.23929731511360405,experimental
NZ355,8,bugs,0.299436574740237,experimental
NZ356,8,bugs,0.47409762707387326,experimental
NZ357,8,bugs,0.2724511060766687,experimental
NZ358,8,bugs,0.41246189590639165,experimental
NZ359,8,bugs,0.3424900596881594,experimental
NZ360,8,bugs,0.48131610579369605,experimental
NZ361,8,bugs,0.3073223127755075,experimental
NZ362,8,bugs,0.24740390996594055,experimental
NZ363,8,bugs,0.46575314912783805,experimental
NZ364,8,bugs,0.34251443209937055,experimental
NZ365,8,bugs,0.24918859410285202,experimental
NZ366,8,bugs,0.3424900596881594,experimental
NZ367,8,bugs,0.27899855901328524,experimental
NZ368,8,bugs,0.34122971796535195,experimental
NZ369,8,bugs,0.4800493888282286,experimental
NZ370,8,bugs,0.35825433939197887,experimental
NZ371,8,bugs,0.23821554004838574,experimental
NZ372,8,bugs,0.30104253411736726,experimental
NZ373,8,bugs,0.3530861061492449,experimental
NZ374,8,bugs,0.3661131925445375,experimental
NZ375,8,bugs,0.2621068745419918,experimental
NZ376,8,bugs,0.27185554418304564,experimental
NZ377,8,bugs,0.23028005590430872,experimental
NZ378,8,bugs,0.27362237726526195,experimental
NZ379,8,bugs,0.22730726709574164,experimental
NZ380,8,bugs,0.28482249447055114,experimental
NZ381,8,bugs,0.2771888633690567,experimental
NZ382,8,bugs,0.245580178926687,experimental
NZ383,8,bugs,0.2644272311197091,experimental
NZ384,8,bugs,0.28014273589303423,experimental
NZ385,8,bugs,0.5044966361850937,experimental
NZ386,8,bugs,0.4044714271260811,experimental
NZ387,8,bugs,0.25911950536425393,experimental
NZ388,8,bugs,0.2275858035666987,experimental
NZ389,8,bugs,0.25860398303453985,experimental
NZ390,8,bugs,0.2771888633690567,experimental
NZ391,8,bugs,0.23209787200662135,experimental
NZ392,8,bugs,0.2722238231687253,experimental
NZ393,8,bugs,0.2275858035666987,experimental
NZ394,8,bugs,0.3059324963554941,experimental
NZ395,8,bugs,0.27970575813761844,experimental
NZ396,8,bugs,0.2958666372764073,experimental
NZ397,8,bugs,0.3795464977336765,experimental
NZ398,8,bugs,0.2918033707241788,experimental
NZ399,8,bugs,0.24055611797689364,experimental
NZ400,8,bugs,0.37250569041977727,experimental
NZ401,8,bugs,0.27970575813761844,experimental
NZ402,8,bugs,0.24553756260292536,experimental
NZ403,8,bugs,0.2927821952235856,experimental
NZ404,8,bugs,0.24856836091427292,experimental
NZ405,8,bugs,0.24918859410285202,experimental
NZ406,8,bugs,0.27970575813761844,experimental
NZ407,8,bugs,0.24553756260292536,experimental
NZ408,8,bugs,0.25341045955835534,experimental
NZ409,8,bugs,0.26233211991842437,experimental
NZ410,8,bugs,0.23603433016647563,experimental
NZ411,8,bugs,0.3156369843646083,experimental
NZ412,8,bugs,0.24553756260292536,experimental
NZ413,8,bugs,0.47349992921760914,experimental
NZ414,8,bugs,0.296079436023921,experimental
NZ415,8,bugs,0.28882979033595324,experimental
NZ416,8,bugs,0.5025641200820825,experimental
NZ417,8,bugs,0.26201491339637617,experimental
NZ418,8,bugs,0.2382452826541734,experimental
NZ419,8,bugs,0.2601984305177537,experimental
NZ420,8,bugs,0.28014363289928573,experimental
NZ421,8,bugs,0.43658088777409254,experimental
NZ422,8,bugs,0.2653945667323465,experimental
NZ423,8,bugs,0.25883548306384196,experimental
NZ424,8,bugs,0.5099911732662765,experimental
NZ425,8,bugs,0.5099911732662765,experimental
NZ426,8,bugs,0.28423090930469136,experimental
NZ427,8,bugs,0.48188522578964976,experimental
NZ428,8,bugs,0.27668639880275,experimental
NZ429,8,bugs,0.261909867835332,experimental
NZ430,8,bugs,0.27686850149211767,experimental
NZ431,8,bugs,0.5267806498117042,experimental
NZ432,8,bugs,0.40010687723357435,experimental
NZ433,8,bugs,0.2664764344207782,experimental
NZ434,8,bugs,0.2664764344207782,experimental
NZ435,8,bugs,0.3243268114338763,experimental
NZ436,8,bugs,0.4009466502759608,experimental
NZ437,8,bugs,0.3201958533966314,experimental
NZ438,8,bugs,0.3039789749611094,experimental
NZ439,8,bugs,0.40717059221759916,experimental
NZ440,8,bugs,0.29433382010505144,experimental
NZ441,8,bugs,0.316940623698613,experimental
NZ442,8,bugs,0.27370756948414876,experimental
NZ443,8,bugs,0.2669551782665508,experimental
NZ444,8,bugs,0.24132740720334106,experimental
NZ445,8,bugs,0.3187300033402143,experimental
NZ446,8,bugs,0.29499024156850145,experimental
NZ447,8,bugs,0.48131610579369605,experimental
NZ448,8,bugs,0.2918033707241788,experimental
NZ449,8,bugs,0.2918033707241788,experimental
NZ450,8,bugs,0.3457796851837053,experimental
NZ451,8,bugs,0.23055946311226633,experimental
NZ452,8,bugs,0.2275858035666987,experimental
NZ453,8,bugs,0.23530959652161693,experimental
NZ454,8,bugs,0.2661094348139036,experimental
NZ455,8,bugs,0.24456320119739128,experimental
NZ456,8,bugs,0.4051940862595174,experimental
NZ457,8,bugs,0.32871979654328715,experimental
NZ458,8,bugs,0.2723515784679328,experimental
NZ459,8,bugs,0.22892885880663688,experimental
NZ460,8,bugs,0.4587470459440329,experimental
NZ461,8,bugs,0.25765385445588207,experimental
NZ462,8,bugs,0.25911950536425393,experimental
NZ463,8,bugs,0.2546394717543731,experimental
NZ464,8,bugs,0.4412111746954498,experimental
NZ465,8,bugs,0.4556018395106641,experimental
NZ466,8,bugs,0.2623582737251547,experimental
NZ467,8,bugs,0.2722238231687253,experimental
NZ468,8,bugs,0.23516811812398486,experimental
NZ469,8,bugs,0.3326743223491517,experimental
NZ470,8,bugs,0.37612814091450586,experimental
NZ471,8,bugs,0.29563581753934,experimental
NZ472,8,bugs,0.42462781349451895,experimental
NZ473,8,bugs,0.27899855901328524,experimental
NZ474,8,bugs,0.5099911732662765,experimental
NZ475,8,bugs,0.25883548306384196,experimental
NZ476,8,bugs,0.24740390996594055,experimental
NZ477,8,bugs,0.25883548306384196,experimental
NZ478,8,bugs,0.27146215748471464,experimental
NZ479,8,bugs,0.25883548306384196,experimental
NZ480,8,bugs,0.23629617996446636,experimental
NZ481,8,bugs,0.30252004083661854,experimental
NZ482,8,bugs,0.3043484951500106,experimental
NZ483,8,bugs,0.22925056302310137,experimental
NZ484,8,bugs,0.27621355872322934,experimental
NZ485,8,bugs,0.2989431043257677,experimental
NZ486,8,bugs,0.2634369792497707,experimental
NZ487,8,bugs,0.25584065498847014,experimental
NZ488,8,bugs,0.2989431043257677,experimental
NZ489,8,bugs,0.3021551440156807,experimental
NZ490,8,bugs,0.267386223251343,experimental
NZ491,8,bugs,0.341340849403815,experimental
NZ492,8,bugs,0.2621948324941373,experimental
NZ493,8,bugs,0.23929731511360405,experimental
NZ494,8,bugs,0.28922163995347605,experimental
NZ495,8,bugs,0.46266837459505106,experimental
NZ496,8,bugs,0.4077014291854367,experimental
NZ497,8,bugs,0.4059669580439596,experimental
NZ498,8,bugs,0.27610157432664945,experimental
NZ499,8,bugs,0.46266837459505106,experimental
NZ500,8,bugs,0.23629617996446636,experimental
NZ001,8,mud,0.8810052213465578,experimental
NZ002,8,mud,0.7785506326115941,experimental
NZ003,8,mud,0.858142188558127,experimental
NZ004,8,mud,0.7393292255193403,experimental
NZ005,8,mud,0.6600863567637524,experimental
NZ006,8,mud,0.875435296047432,experimental
NZ007,8,mud,0.8072630052558215,experimental
NZ008,8,mud,0.8741565755924752,experimental
NZ009,8,mud,0.846644586170255,experimental
NZ010,8,mud,0.6901427692772055,experimental
NZ011,8,mud,0.8107659158881211,experimental
NZ012,8,mud,0.8866666362241999,experimental
NZ013,8,mud,0.9023358973353108,experimental
NZ014,8,mud,0.8565405970703672,experimental
NZ015,8,mud,0.8182641349546473,experimental
NZ016,8,mud,0.8601044429675375,experimental
NZ017,8,mud,0.8657727496046739,experimental
NZ018,8,mud,0.8605789827636119,experimental
NZ019,8,mud,0.914681791317434,experimental
NZ020,8,mud,0.7653804304827633,experimental
NZ021,8,mud,0.8988808260750133,experimental
NZ022,8,mud,0.860816631311055,experimental
NZ023,8,mud,0.9152315508167609,experimental
NZ024,8,mud,0.8279179362191773,experimental
NZ025,8,mud,0.9132215162952323,experimental
NZ026,8,mud,0.9309497202383583,experimental
NZ027,8,mud,0.774458263370657,experimental
NZ028,8,mud,0.7800090144857119,experimental
NZ029,8,mud,0.8641092607096634,experimental
NZ030,8,mud,0.7775779582434938,experimental
NZ031,8,mud,0.8565341950336532,experimental
NZ032,8,mud,0.8404194948063948,experimental
NZ033,8,mud,0.8330480906398906,experimental
NZ034,8,mud,0.8752200725746967,experimental
NZ035,8,mud,0.8494796785222274,experimental
NZ036,8,mud,0.8777200725746968,experimental
NZ037,8,mud,0.732557044609385,experimental
NZ038,8,mud,0.7604818645121134,experimental
NZ039,8,mud,0.8258896491811017,experimental
NZ040,8,mud,0.8449251086604864,experimental
NZ041,8,mud,0.7698029471515052,experimental
NZ042,8,mud,0.775524210841192,experimental
NZ043,8,mud,0.8413551368200617,experimental
NZ044,8,mud,0.8752200725746967,experimental
NZ045,8,mud,0.921037685020856,experimental
NZ046,8,mud,0.8601044429675375,experimental
NZ047,8,mud,0.8398834419938197,experimental
NZ048,8,mud,0.7334956691661589,experimental
NZ049,8,mud,0.6870228818082653,experimental
NZ050,8,mud,0.6870228818082653,experimental
NZ051,8,mud,0.6615093325044274,experimental
NZ052,8,mud,0.7990613941238803,experimental
NZ053,8,mud,0.9214542320308253,experimental
NZ054,8,mud,0.7749803846777098,experimental
NZ055,8,mud,0.7738832109962721,experimental
NZ056,8,mud,0.788717399744608,experimental
NZ057,8,mud,0.807541469340985,experimental
NZ058,8,mud,0.861447754325978,experimental
NZ059,8,mud,0.7821929724114781,experimental
NZ060,8,mud,0.8084677348251932,experimental
NZ061,8,mud,0.7446860560804399,experimental
NZ062,8,mud,0.8244150255868778,experimental
NZ063,8,mud,0.7734027590731142,experimental
NZ064,8,mud,0.7918918053420536,experimental
NZ065,8,mud,0.8717321412358842,experimental
NZ066,8,mud,0.7918918053420536,experimental
NZ067,8,mud,0.8026409548393053,experimental
NZ068,8,mud,0.8026409548393053,experimental
NZ069,8,mud,0.7334956691661589,experimental
NZ070,8,mud,0.7769730070069985,experimental
NZ071,8,mud,0.8717321412358842,experimental
NZ072,8,mud,0.8757817197920419,experimental
NZ073,8,mud,0.8822644529345592,experimental
NZ074,8,mud,0.8717321412358842,experimental
NZ075,8,mud,0.8896704732805336,experimental
NZ076,8,mud,0.8495958308226139,experimental
NZ077,8,mud,0.8896704732805336,experimental
NZ078,8,mud,0.8673659528794135,experimental
NZ079,8,mud,0.8558542823005693,experimental
NZ080,8,mud,0.8564350008381499,experimental
NZ081,8,mud,0.8601044429675375,experimental
NZ082,8,mud,0.8564350008381499,experimental
NZ083,8,mud,0.9110454016194184,experimental
NZ084,8,mud,0.8493672954981709,experimental
NZ085,8,mud,0.8522493859194897,experimental
NZ086,8,mud,0.7641840777147987,experimental
NZ087,8,mud,0.7641840777147987,experimental
NZ088,8,mud,0.8225033262219988,experimental
NZ089,8,mud,0.7998480960262901,experimental
NZ090,8,mud,0.7906124179258952,experimental
NZ091,8,mud,0.7579278427272811,experimental
NZ092,8,mud,0.8241847891196571,experimental
NZ093,8,mud,0.7738966973420368,experimental
NZ094,8,mud,0.7928716644430174,experimental
NZ095,8,mud,0.8135333985159544,experimental
NZ096,8,mud,0.8384605657213812,experimental
NZ097,8,mud,0.7402323526393562,experimental
NZ098,8,mud,0.5939651773898289,experimental
NZ099,8,mud,0.7188551546795378,experimental
NZ100,8,mud,0.6402490280542071,experimental
NZ101,8,mud,0.7503484123367617,experimental
NZ102,8,mud,0.841457022479869,experimental
NZ103,8,mud,0.7081656589614452,experimental
NZ104,8,mud,0.7439568536940626,experimental
NZ105,8,mud,0.7341459611658839,experimental
NZ106,8,mud,0.7634561023846548,experimental
NZ107,8,mud,0.5747969083782268,experimental
NZ108,8,mud,0.6523140870741142,experimental
NZ109,8,mud,0.8117965405853595,experimental
NZ110,8,mud,0.8878092364470807,experimental
NZ111,8,mud,0.8195748313368408,experimental
NZ112,8,mud,0.8734713931430543,experimental
NZ113,8,mud,0.8575906794246296,experimental
NZ114,8,mud,0.8298243494698914,experimental
NZ115,8,mud,0.7800090144857119,experimental
NZ116,8,mud,0.7653804304827633,experimental
NZ117,8,mud,0.7749803846777098,experimental
NZ118,8,mud,0.8713053378303323,experimental
NZ119,8,mud,0.6594330139541253,experimental
NZ120,8,mud,0.8826591898826139,experimental
NZ121,8,mud,0.8765694139402439,experimental
NZ122,8,mud,0.8360411659509746,experimental
NZ123,8,mud,0.9110454016194184,experimental
NZ124,8,mud,0.9308298429242141,experimental
NZ125,8,mud,0.9141920982497497,experimental
NZ126,8,mud,0.8744359947752092,experimental
NZ127,8,mud,0.8250774474358459,experimental
NZ128,8,mud,0.9048896334140759,experimental
NZ129,8,mud,0.8302172753895526,experimental
NZ130,8,mud,0.8195748313368408,experimental
NZ131,8,mud,0.834420076838365,experimental
NZ132,8,mud,0.8250774474358459,experimental
NZ133,8,mud,0.6254797064117256,experimental
NZ134,8,mud,0.7382655288337373,experimental
NZ135,8,mud,0.7907581639829636,experimental
NZ136,8,mud,0.7653804304827633,experimental
NZ137,8,mud,0.9289603642367464,experimental
NZ138,8,mud,0.7959302006480163,experimental
NZ139,8,mud,0.7747866456913203,experimental
NZ140,8,mud,0.8488395255984824,experimental
NZ141,8,mud,0.9264873847364073,experimental
NZ142,8,mud,0.8765563165403296,experimental
NZ143,8,mud,0.912308994953949,experimental
NZ144,8,mud,0.9028004680558099,experimental
NZ145,8,mud,0.8228163063709991,experimental
NZ146,8,mud,0.8162597776944633,experimental
NZ147,8,mud,0.8476790567500679,experimental
NZ148,8,mud,0.8258896491811017,experimental
NZ149,8,mud,0.8487493046839523,experimental
NZ150,8,mud,0.9270968427895964,experimental
NZ151,8,mud,0.8319747808454165,experimental
NZ152,8,mud,0.8464133587255123,experimental
NZ153,8,mud,0.8290950090051972,experimental
NZ154,8,mud,0.8290950090051972,experimental
NZ155,8,mud,0.8401016147242016,experimental
NZ156,8,mud,0.7722827982817958,experimental
NZ157,8,mud,0.8290950090051972,experimental
NZ158,8,mud,0.8290950090051972,experimental
NZ159,8,mud,0.9207952268967888,experimental
NZ160,8,mud,0.8290950090051972,experimental
NZ161,8,mud,0.8700252627134356,experimental
NZ162,8,mud,0.8290950090051972,experimental
NZ163,8,mud,0.8401016147242016,experimental
NZ164,8,mud,0.8373797648247642,experimental
NZ165,8,mud,0.9077436437979641,experimental
NZ166,8,mud,0.7360417299903582,experimental
NZ167,8,mud,0.7970678402496617,experimental
NZ168,8,mud,0.7965613941238803,experimental
NZ169,8,mud,0.7709220482427778,experimental
NZ170,8,mud,0.766985821469541,experimental
NZ171,8,mud,0.8515169113326604,experimental
NZ172,8,mud,0.7653804304827633,experimental
NZ173,8,mud,0.7800090144857119,experimental
NZ174,8,mud,0.8826591898826139,experimental
NZ175,8,mud,0.8826591898826139,experimental
NZ176,8,mud,0.709231605243334,experimental
NZ177,8,mud,0.6363603163710279,experimental
NZ178,8,mud,0.6569330139541254,experimental
NZ179,8,mud,0.6870228818082653,experimental
NZ180,8,mud,0.6594330139541253,experimental
NZ181,8,mud,0.8250774474358459,experimental
NZ182,8,mud,0.8379903247722493,experimental
NZ183,8,mud,0.8173328558727851,experimental
NZ184,8,mud,0.7925026522666976,experimental
NZ185,8,mud,0.7330877994714159,experimental
NZ186,8,mud,0.8030169044500299,experimental
NZ187,8,mud,0.7986820160497043,experimental
NZ188,8,mud,0.8140092034708135,experimental
NZ189,8,mud,0.8705913582011707,experimental
NZ190,8,mud,0.9311298563836531,experimental
NZ191,8,mud,0.9498662006422026,experimental
NZ192,8,mud,0.904414100346657,experimental
NZ193,8,mud,0.9361419086201858,experimental
NZ194,8,mud,0.9520535198949605,experimental
NZ195,8,mud,0.9247213241101676,experimental
NZ196,8,mud,0.9450123638893384,experimental
NZ197,8,mud,0.9238373847364073,experimental
NZ198,8,mud,0.8556092439163097,experimental
NZ199,8,mud,0.9025648553448039,experimental
NZ200,8,mud,0.8046798604441159,experimental
NZ201,8,mud,0.8558542823005693,experimental
NZ202,8,mud,0.7758363152178778,experimental
NZ203,8,mud,0.8601044429675375,experimental
NZ204,8,mud,0.8534228369959105,experimental
NZ205,8,mud,0.7876096969609808,experimental
NZ206,8,mud,0.8422484513507948,experimental
NZ207,8,mud,0.8597426998573581,experimental
NZ208,8,mud,0.8441219513168006,experimental
NZ209,8,mud,0.9110454016194184,experimental
NZ210,8,mud,0.8891842501638807,experimental
NZ211,8,mud,0.8368457258118801,experimental
NZ212,8,mud,0.8398872606554265,experimental
NZ213,8,mud,0.9110454016194184,experimental
NZ214,8,mud,0.8896704732805336,experimental
NZ215,8,mud,0.8564350008381499,experimental
NZ216,8,mud,0.9080991576537853,experimental
NZ217,8,mud,0.8792374354455859,experimental
NZ218,8,mud,0.9110454016194184,experimental
NZ219,8,mud,0.8349057926228997,experimental
NZ220,8,mud,0.8805490929643166,experimental
NZ221,8,mud,0.8429223661988202,experimental
NZ222,8,mud,0.8932845821093802,experimental
NZ223,8,mud,0.9020391053090766,experimental
NZ224,8,mud,0.8336900190484353,experimental
NZ225,8,mud,0.8475465850337316,experimental
NZ226,8,mud,0.8558542823005693,experimental
NZ227,8,mud,0.8986353112711362,experimental
NZ228,8,mud,0.8826591898826139,experimental
NZ229,8,mud,0.8986353112711362,experimental
NZ230,8,mud,0.8462727866439597,experimental
NZ231,8,mud,0.8177336519323005,experimental
NZ232,8,mud,0.8826591898826139,experimental
NZ233,8,mud,0.8177336519323005,experimental
NZ234,8,mud,0.8973225958557771,experimental
NZ235,8,mud,0.8564350008381499,experimental
NZ236,8,mud,0.8564350008381499,experimental
NZ237,8,mud,0.9023358973353108,experimental
NZ238,8,mud,0.9214542320308253,experimental
NZ239,8,mud,0.8922090471419513,experimental
NZ240,8,mud,0.872607976985386,experimental
NZ241,8,mud,0.9042021141084503,experimental
NZ242,8,mud,0.8626968901629037,experimental
NZ243,8,mud,0.8093804173901167,experimental
NZ244,8,mud,0.8152840034360909,experimental
NZ245,8,mud,0.8846788779971608,experimental
NZ246,8,mud,0.8583601988436284,experimental
NZ247,8,mud,0.7575862613109936,experimental
NZ248,8,mud,0.7800090144857119,experimental
NZ249,8,mud,0.766985821469541,experimental
NZ250,8,mud,0.8586985599714306,experimental
NZ251,8,mud,0.7430860713887419,experimental
NZ252,8,mud,0.7653804304827633,experimental
NZ253,8,mud,0.7836719924822004,experimental
NZ254,8,mud,0.8583601988436284,experimental
NZ255,8,mud,0.8729995301527679,experimental
NZ256,8,mud,0.7244918414314295,experimental
NZ257,8,mud,0.7117863667156319,experimental
NZ258,8,mud,0.7653804304827633,experimental
NZ259,8,mud,0.7659716018020296,experimental
NZ260,8,mud,0.7653804304827633,experimental
NZ261,8,mud,0.7653804304827633,experimental
NZ262,8,mud,0.8013463446523437,experimental
NZ263,8,mud,0.7800090144857119,experimental
NZ264,8,mud,0.817544692876089,experimental
NZ265,8,mud,0.6722801135246791,experimental
NZ266,8,mud,0.7425647798104397,experimental
NZ267,8,mud,0.676252974886054,experimental
NZ268,8,mud,0.8173328558727851,experimental
NZ269,8,mud,0.7211412892153866,experimental
NZ270,8,mud,0.7761135257579801,experimental
NZ271,8,mud,0.8422484513507948,experimental
NZ272,8,mud,0.7670759065768391,experimental
NZ273,8,mud,0.761443006843304,experimental
NZ274,8,mud,0.7893264870817813,experimental
NZ275,8,mud,0.8372786638058326,experimental
NZ276,8,mud,0.7906124179258952,experimental
NZ277,8,mud,0.7901432091358292,experimental
NZ278,8,mud,0.7653804304827633,experimental
NZ279,8,mud,0.8361373402396837,experimental
NZ280,8,mud,0.7901432091358292,experimental
NZ281,8,mud,0.8372786638058326,experimental
NZ282,8,mud,0.7595636419642162,experimental
NZ283,8,mud,0.8422484513507948,experimental
NZ284,8,mud,0.8096235255855222,experimental
NZ285,8,mud,0.8506742588127709,experimental
NZ286,8,mud,0.7972997935856989,experimental
NZ287,8,mud,0.6535790130598537,experimental
NZ288,8,mud,0.7027521871506521,experimental
NZ289,8,mud,0.6558843350079985,experimental
NZ290,8,mud,0.6061027338191303,experimental
NZ291,8,mud,0.7485823221838964,experimental
NZ292,8,mud,0.7682044110454359,experimental
NZ293,8,mud,0.7123740242944699,experimental
NZ294,8,mud,0.9278809725318241,experimental
NZ295,8,mud,0.8390038612531594,experimental
NZ296,8,mud,0.783790725398905,experimental
NZ297,8,mud,0.8290950090051972,experimental
NZ298,8,mud,0.8401016147242016,experimental
NZ299,8,mud,0.6380760176735842,experimental
NZ300,8,mud,0.8531518543513156,experimental
NZ301,8,mud,0.9058107922812704,experimental
NZ302,8,mud,0.8549528667386631,experimental
NZ303,8,mud,0.8752200725746967,experimental
NZ304,8,mud,0.8258896491811017,experimental
NZ305,8,mud,0.9103196389523371,experimental
NZ306,8,mud,0.8346779977155526,experimental
NZ307,8,mud,0.7717962177772316,experimental
NZ308,8,mud,0.843392051359939,experimental
NZ309,8,mud,0.8569470604142093,experimental
NZ310,8,mud,0.8258896491811017,experimental
NZ311,8,mud,0.9278809725318241,experimental
NZ312,8,mud,0.8237182367618046,experimental
NZ313,8,mud,0.8413551368200617,experimental
NZ314,8,mud,0.912308994953949,experimental
NZ315,8,mud,0.6953899648538291,experimental
NZ316,8,mud,0.774458263370657,experimental
NZ317,8,mud,0.8009120218049013,experimental
NZ318,8,mud,0.5685521417739242,experimental
NZ319,8,mud,0.8563616403606161,experimental
NZ320,8,mud,0.9118974749069546,experimental
NZ321,8,mud,0.9128686053108775,experimental
NZ322,8,mud,0.9127546135286296,experimental
NZ323,8,mud,0.8270979504782893,experimental
NZ324,8,mud,0.8914504616978366,experimental
NZ325,8,mud,0.9337991021502762,experimental
NZ326,8,mud,0.9019069510253845,experimental
NZ327,8,mud,0.92227871769973,experimental
NZ328,8,mud,0.8512255200664754,experimental
NZ329,8,mud,0.8567676175403125,experimental
NZ330,8,mud,0.9019069510253845,experimental
NZ331,8,mud,0.8265468013801802,experimental
NZ332,8,mud,0.9009961200374377,experimental
NZ333,8,mud,0.8195748313368408,experimental
NZ334,8,mud,0.8250774474358459,experimental
NZ335,8,mud,0.8195748313368408,experimental
NZ336,8,mud,0.774458263370657,experimental
NZ337,8,mud,0.8610669518539972,experimental
NZ338,8,mud,0.8333272966766145,experimental
NZ339,8,mud,0.8250774474358459,experimental
NZ340,8,mud,0.8379903247722493,experimental
NZ341,8,mud,0.9003797730385232,experimental
NZ342,8,mud,0.6579174170245157,experimental
NZ343,8,mud,0.8195748313368408,experimental
NZ344,8,mud,0.8925319171943228,experimental
NZ345,8,mud,0.9282566169470333,experimental
NZ346,8,mud,0.8998182373317147,experimental
NZ347,8,mud,0.8172591707706162,experimental
NZ348,8,mud,0.931910033898446,experimental
NZ349,8,mud,0.8234174850319175,experimental
NZ350,8,mud,0.8290595220829359,experimental
NZ351,8,mud,0.8363585549692468,experimental
NZ352,8,mud,0.8382709427245177,experimental
NZ353,8,mud,0.8738800572661609,experimental
NZ354,8,mud,0.8826591898826139,experimental
NZ355,8,mud,0.7761224032399466,experimental
NZ356,8,mud,0.914681791317434,experimental
NZ357,8,mud,0.840574151079813,experimental
NZ358,8,mud,0.6917744901446511,experimental
NZ359,8,mud,0.8290950090051972,experimental
NZ360,8,mud,0.9117329209250439,experimental
NZ361,8,mud,0.8401016147242016,experimental
NZ362,8,mud,0.8410718882396754,experimental
NZ363,8,mud,0.7271307660079446,experimental
NZ364,8,mud,0.8419697773580068,experimental
NZ365,8,mud,0.6236937780957617,experimental
NZ366,8,mud,0.8290950090051972,experimental
NZ367,8,mud,0.8250774474358459,experimental
NZ368,8,mud,0.7792066138454369,experimental
NZ369,8,mud,0.8941528325264696,experimental
NZ370,8,mud,0.8373722123716772,experimental
NZ371,8,mud,0.8422484513507948,experimental
NZ372,8,mud,0.8195748313368408,experimental
NZ373,8,mud,0.8356588921629131,experimental
NZ374,8,mud,0.8312824927808571,experimental
NZ375,8,mud,0.7913710638358071,experimental
NZ376,8,mud,0.6748492155853977,experimental
NZ377,8,mud,0.7694460890846486,experimental
NZ378,8,mud,0.676929022434262,experimental
NZ379,8,mud,0.7694460890846486,experimental
NZ380,8,mud,0.774458263370657,experimental
NZ381,8,mud,0.774458263370657,experimental
NZ382,8,mud,0.7628111343574724,experimental
NZ383,8,mud,0.8139818176761798,experimental
NZ384,8,mud,0.8244081550009127,experimental
NZ385,8,mud,0.8379495025521756,experimental
NZ386,8,mud,0.9152475639633216,experimental
NZ387,8,mud,0.8564350008381499,experimental
NZ388,8,mud,0.9025648553448039,experimental
NZ389,8,mud,0.8535538938459486,experimental
NZ390,8,mud,0.774458263370657,experimental
NZ391,8,mud,0.9025648553448039,experimental
NZ392,8,mud,0.8601044429675375,experimental
NZ393,8,mud,0.9025648553448039,experimental
NZ394,8,mud,0.8648659528794135,experimental
NZ395,8,mud,0.6870228818082653,experimental
NZ396,8,mud,0.8511551992192852,experimental
NZ397,8,mud,0.8555266420131774,experimental
NZ398,8,mud,0.8195748313368408,experimental
NZ399,8,mud,0.5932377614776185,experimental
NZ400,8,mud,0.6551413702130156,experimental
NZ401,8,mud,0.6870228818082653,experimental
NZ402,8,mud,0.709231605243334,experimental
NZ403,8,mud,0.559044609307736,experimental
NZ404,8,mud,0.709231605243334,experimental
NZ405,8,mud,0.6599991455632551,experimental
NZ406,8,mud,0.6870228818082653,experimental
NZ407,8,mud,0.709231605243334,experimental
NZ408,8,mud,0.709231605243334,experimental
NZ409,8,mud,0.6558843350079985,experimental
NZ410,8,mud,0.6012033273983408,experimental
NZ411,8,mud,0.6599991455632551,experimental
NZ412,8,mud,0.709231605243334,experimental
NZ413,8,mud,0.7274827924669462,experimental
NZ414,8,mud,0.602532485885246,experimental
NZ415,8,mud,0.6067367372700351,experimental
NZ416,8,mud,0.7389379452108795,experimental
NZ417,8,mud,0.6599991455632551,experimental
NZ418,8,mud,0.672968214380361,experimental
NZ419,8,mud,0.6316158238195476,experimental
NZ420,8,mud,0.5583184986905276,experimental
NZ421,8,mud,0.9017118890235499,experimental
NZ422,8,mud,0.8379903247722493,experimental
NZ423,8,mud,0.8379903247722493,experimental
NZ424,8,mud,0.9080053087883295,experimental
NZ425,8,mud,0.9080053087883295,experimental
NZ426,8,mud,0.8179912759350826,experimental
NZ427,8,mud,0.9262957055531045,experimental
NZ428,8,mud,0.8151507442003936,experimental
NZ429,8,mud,0.8379903247722493,experimental
NZ430,8,mud,0.8062632458067112,experimental
NZ431,8,mud,0.9290367944618262,experimental
NZ432,8,mud,0.8728585013988608,experimental
NZ433,8,mud,0.878330127206129,experimental
NZ434,8,mud,0.878330127206129,experimental
NZ435,8,mud,0.8065789674794536,experimental
NZ436,8,mud,0.8697684813430555,experimental
NZ437,8,mud,0.807976205032715,experimental
NZ438,8,mud,0.8575906794246296,experimental
NZ439,8,mud,0.9303781777077,experimental
NZ440,8,mud,0.8741565755924752,experimental
NZ441,8,mud,0.9445610388286603,experimental
NZ442,8,mud,0.8929597846813273,experimental
NZ443,8,mud,0.8936546285801075,experimental
NZ444,8,mud,0.9172891235722027,experimental
NZ445,8,mud,0.8331397671471372,experimental
NZ446,8,mud,0.8195748313368408,experimental
NZ447,8,mud,0.9111713852182353,experimental
NZ448,8,mud,0.8195748313368408,experimental
NZ449,8,mud,0.8195748313368408,experimental
NZ450,8,mud,0.7932926084743365,experimental
NZ451,8,mud,0.9025648553448039,experimental
NZ452,8,mud,0.9025648553448039,experimental
NZ453,8,mud,0.9025648553448039,experimental
NZ454,8,mud,0.7876096969609808,experimental
NZ455,8,mud,0.8422484513507948,experimental
NZ456,8,mud,0.8506229491378806,experimental
NZ457,8,mud,0.7816980173455375,experimental
NZ458,8,mud,0.7327000900638674,experimental
NZ459,8,mud,0.819558004839232,experimental
NZ460,8,mud,0.8248406234646432,experimental
NZ461,8,mud,0.7893264870817813,experimental
NZ462,8,mud,0.8564350008381499,experimental
NZ463,8,mud,0.843538330100833,experimental
NZ464,8,mud,0.9007500812790815,experimental
NZ465,8,mud,0.9007500812790815,experimental
NZ466,8,mud,0.8564350008381499,experimental
NZ467,8,mud,0.8601044429675375,experimental
NZ468,8,mud,0.8844007445440424,experimental
NZ469,8,mud,0.8409744813853188,experimental
NZ470,8,mud,0.8277184845491683,experimental
NZ471,8,mud,0.7488553973452848,experimental
NZ472,8,mud,0.8488600080291071,experimental
NZ473,8,mud,0.8250774474358459,experimental
NZ474,8,mud,0.9052771064148543,experimental
NZ475,8,mud,0.8379903247722493,experimental
NZ476,8,mud,0.8410718882396754,experimental
NZ477,8,mud,0.8379903247722493,experimental
NZ478,8,mud,0.8293608603344044,experimental
NZ479,8,mud,0.8379903247722493,experimental
NZ480,8,mud,0.8826591898826139,experimental
NZ481,8,mud,0.6579339668598978,experimental
NZ482,8,mud,0.7138849668459536,experimental
NZ483,8,mud,0.903274585091523,experimental
NZ484,8,mud,0.7304170783543563,experimental
NZ485,8,mud,0.7401526819650673,experimental
NZ486,8,mud,0.7614228641996172,experimental
NZ487,8,mud,0.7441615673285512,experimental
NZ488,8,mud,0.7401526819650673,experimental
NZ489,8,mud,0.7401526819650673,experimental
NZ490,8,mud,0.8380615762711199,experimental
NZ491,8,mud,0.8531229491378806,experimental
NZ492,8,mud,0.8564350008381499,experimental
NZ493,8,mud,0.8826591898826139,experimental
NZ494,8,mud,0.8539786394780976,experimental
NZ495,8,mud,0.8922090471419513,experimental
NZ496,8,mud,0.9101268558824747,experimental
NZ497,8,mud,0.8917398057194363,experimental
NZ498,8,mud,0.8574271614264124,experimental
NZ499,8,mud,0.8873923804752847,experimental
NZ500,8,mud,0.8826591898826139,experimental
NZ001,9,overall_good,0.9857748423142362,experimental
NZ002,9,overall_good,0.9909398434956205,experimental
NZ003,9,overall_good,0.9798747973671219,experimental
NZ004,9,overall_good,0.9905228265698792,experimental
NZ005,9,overall_good,0.9820800341508759,experimental
NZ006,9,overall_good,0.9763119931855766,experimental
NZ007,9,overall_good,0.9908223562217929,experimental
NZ008,9,overall_good,0.9810113148185746,experimental
NZ009,9,overall_good,0.9790588911923198,experimental
NZ010,9,overall_good,0.9899591513089976,experimental
NZ011,9,overall_good,0.990793166855975,experimental
NZ012,9,overall_good,0.98123660869618,experimental
NZ013,9,overall_good,0.9786957406974988,experimental
NZ014,9,overall_good,0.9842075970662244,experimental
NZ015,9,overall_good,0.9761911368248526,experimental
NZ016,9,overall_good,0.9786317655340684,experimental
NZ017,9,overall_good,0.9790923696562289,experimental
NZ018,9,overall_good,0.9794611368604972,experimental
NZ019,9,overall_good,0.975662441433369,experimental
NZ020,9,overall_good,0.9902676230219124,experimental
NZ021,9,overall_good,0.9792421500672864,experimental
NZ022,9,overall_good,0.9778664759445487,experimental
NZ023,9,overall_good,0.9804415944482765,experimental
NZ024,9,overall_good,0.9839627334640945,experimental
NZ025,9,overall_good,0.9808676332318671,experimental
NZ026,9,overall_good,0.9808400684366572,experimental
NZ027,9,overall_good,0.9781348404406739,experimental
NZ028,9,overall_good,0.989933791347784,experimental
NZ029,9,overall_good,0.989027879256863,experimental
NZ030,9,overall_good,0.9910368073182652,experimental
NZ031,9,overall_good,0.9786027718378056,experimental
NZ032,9,overall_good,0.979876650992154,experimental
NZ033,9,overall_good,0.98012350921554,experimental
NZ034,9,overall_good,0.9757426760417592,experimental
NZ035,9,overall_good,0.9789721815656043,experimental
NZ036,9,overall_good,0.9757287167399952,experimental
NZ037,9,overall_good,0.9814460417185608,experimental
NZ038,9,overall_good,0.9779660733471555,experimental
NZ039,9,overall_good,0.9780102489930316,experimental
NZ040,9,overall_good,0.980808543884572,experimental
NZ041,9,overall_good,0.9795352282912559,experimental
NZ042,9,overall_good,0.9803508367208376,experimental
NZ043,9,overall_good,0.977259340311374,experimental
NZ044,9,overall_good,0.9758455767226895,experimental
NZ045,9,overall_good,0.975089085014108,experimental
NZ046,9,overall_good,0.978649159885593,experimental
NZ047,9,overall_good,0.9812188385508889,experimental
NZ048,9,overall_good,0.9840083481658676,experimental
NZ049,9,overall_good,0.9816153295889963,experimental
NZ050,9,overall_good,0.9815849478842422,experimental
NZ051,9,overall_good,0.9821104178999213,experimental
NZ052,9,overall_good,0.9893620762171746,experimental
NZ053,9,overall_good,0.9792858186446404,experimental
NZ054,9,overall_good,0.9908717212392679,experimental
NZ055,9,overall_good,0.9899345815728835,experimental
NZ056,9,overall_good,0.9909050228313631,experimental
NZ057,9,overall_good,0.9814071298168048,experimental
NZ058,9,overall_good,0.9834221116347887,experimental
NZ059,9,overall_good,0.9839476253334611,experimental
NZ060,9,overall_good,0.9836759283413531,experimental
NZ061,9,overall_good,0.9800904756646093,experimental
NZ062,9,overall_good,0.9840726044605452,experimental
NZ063,9,overall_good,0.9830099772919292,experimental
NZ064,9,overall_good,0.9824253495076432,experimental
NZ065,9,overall_good,0.9833952941632799,experimental
NZ066,9,overall_good,0.9824366331698061,experimental
NZ067,9,overall_good,0.9835784375257705,experimental
NZ068,9,overall_good,0.9835136334410122,experimental
NZ069,9,overall_good,0.9840619821291442,experimental
NZ070,9,overall_good,0.9830808192917196,experimental
NZ071,9,overall_good,0.9836054571947462,experimental
NZ072,9,overall_good,0.9817605749594378,experimental
NZ073,9,overall_good,0.9813458633902982,experimental
NZ074,9,overall_good,0.9834549551083017,experimental
NZ075,9,overall_good,0.9790984138392742,experimental
NZ076,9,overall_good,0.9799034790839161,experimental
NZ077,9,overall_good,0.9791073599827922,experimental
NZ078,9,overall_good,0.9792784587450807,experimental
NZ079,9,overall_good,0.9800698230712167,experimental
NZ080,9,overall_good,0.97990795565245,experimental
NZ081,9,overall_good,0.978659649708952,experimental
NZ082,9,overall_good,0.9799514424838429,experimental
NZ083,9,overall_good,0.9792247493190106,experimental
NZ084,9,overall_good,0.979490440773828,experimental
NZ085,9,overall_good,0.9798609961469471,experimental
NZ086,9,overall_good,0.9792810835194129,experimental
NZ087,9,overall_good,0.9793155166084183,experimental
NZ088,9,overall_good,0.9788234397119062,experimental
NZ089,9,overall_good,0.9783057098339965,experimental
NZ090,9,overall_good,0.9796454301022847,experimental
NZ091,9,overall_good,0.9791708772153709,experimental
NZ092,9,overall_good,0.9795878628594469,experimental
NZ093,9,overall_good,0.9764635311942785,experimental
NZ094,9,overall_good,0.9793829056551184,experimental
NZ095,9,overall_good,0.9792855144911887,experimental
NZ096,9,overall_good,0.9761757152293153,experimental
NZ097,9,overall_good,0.9820487244417503,experimental
NZ098,9,overall_good,0.9821347391793281,experimental
NZ099,9,overall_good,0.9796358624847492,experimental
NZ100,9,overall_good,0.9809738283723717,experimental
NZ101,9,overall_good,0.9782651062616319,experimental
NZ102,9,overall_good,0.9791744253179651,experimental
NZ103,9,overall_good,0.9759432886118029,experimental
NZ104,9,overall_good,0.9792519582720524,experimental
NZ105,9,overall_good,0.9773907512896943,experimental
NZ106,9,overall_good,0.9756571056552809,experimental
NZ107,9,overall_good,0.9827013539214725,experimental
NZ108,9,overall_good,0.9826985187727818,experimental
NZ109,9,overall_good,0.9805753139114127,experimental
NZ110,9,overall_good,0.9810406813664374,experimental
NZ111,9,overall_good,0.9791139507069246,experimental
NZ112,9,overall_good,0.9808384062604264,experimental
NZ113,9,overall_good,0.9802495014500304,experimental
NZ114,9,overall_good,0.9808388381587188,experimental
NZ115,9,overall_good,0.9899371759072347,experimental
NZ116,9,overall_good,0.990281884402275,experimental
NZ117,9,overall_good,0.9908875096711935,experimental
NZ118,9,overall_good,0.9889108589687725,experimental
NZ119,9,overall_good,0.9820919035627899,experimental
NZ120,9,overall_good,0.9778866793307,experimental
NZ121,9,overall_good,0.9791452422483047,experimental
NZ122,9,overall_good,0.9802140921112207,experimental
NZ123,9,overall_good,0.9795476634357375,experimental
NZ124,9,overall_good,0.9748580699170606,experimental
NZ125,9,overall_good,0.9786188093433109,experimental
NZ126,9,overall_good,0.979888711161871,experimental
NZ127,9,overall_good,0.9803684817798919,experimental
NZ128,9,overall_good,0.9761528723229008,experimental
NZ129,9,overall_good,0.9805550786927233,experimental
NZ130,9,overall_good,0.9790869495784364,experimental
NZ131,9,overall_good,0.9783308115617139,experimental
NZ132,9,overall_good,0.9803949222053353,experimental
NZ133,9,overall_good,0.9820101519896051,experimental
NZ134,9,overall_good,0.9905280643516473,experimental
NZ135,9,overall_good,0.9905489503056563,experimental
NZ136,9,overall_good,0.9902653715255735,experimental
NZ137,9,overall_good,0.9804586086494793,experimental
NZ138,9,overall_good,0.9787702177093651,experimental
NZ139,9,overall_good,0.9783481329220909,experimental
NZ140,9,overall_good,0.9806940800371725,experimental
NZ141,9,overall_good,0.981370984758811,experimental
NZ142,9,overall_good,0.9753750443275355,experimental
NZ143,9,overall_good,0.9780899062147473,experimental
NZ144,9,overall_good,0.9779646167878279,experimental
NZ145,9,overall_good,0.979220062197203,experimental
NZ146,9,overall_good,0.9793235698109715,experimental
NZ147,9,overall_good,0.976024103307972,experimental
NZ148,9,overall_good,0.9781324376887147,experimental
NZ149,9,overall_good,0.9762561369531798,experimental
NZ150,9,overall_good,0.9748413788117536,experimental
NZ151,9,overall_good,0.9751302690854329,experimental
NZ152,9,overall_good,0.9752351876329687,experimental
NZ153,9,overall_good,0.9829343492200762,experimental
NZ154,9,overall_good,0.9829286630180355,experimental
NZ155,9,overall_good,0.9822924764932803,experimental
NZ156,9,overall_good,0.9829641706946863,experimental
NZ157,9,overall_good,0.9829194192524454,experimental
NZ158,9,overall_good,0.9829387036657192,experimental
NZ159,9,overall_good,0.9827682785644531,experimental
NZ160,9,overall_good,0.9829173767229225,experimental
NZ161,9,overall_good,0.9836322435421071,experimental
NZ162,9,overall_good,0.9829316563025785,experimental
NZ163,9,overall_good,0.982312050531669,experimental
NZ164,9,overall_good,0.9840908780750389,experimental
NZ165,9,overall_good,0.9840087962747472,experimental
NZ166,9,overall_good,0.9908215608613336,experimental
NZ167,9,overall_good,0.9911333336762663,experimental
NZ168,9,overall_good,0.9893972142234714,experimental
NZ169,9,overall_good,0.9908481836155196,experimental
NZ170,9,overall_good,0.9908604227863501,experimental
NZ171,9,overall_good,0.9902102557715771,experimental
NZ172,9,overall_good,0.9902828305195936,experimental
NZ173,9,overall_good,0.9899267012440638,experimental
NZ174,9,overall_good,0.9778160630430185,experimental
NZ175,9,overall_good,0.977834510713006,experimental
NZ176,9,overall_good,0.9808901318236404,experimental
NZ177,9,overall_good,0.9826742703178646,experimental
NZ178,9,overall_good,0.9822339382276704,experimental
NZ179,9,overall_good,0.981568992992605,experimental
NZ180,9,overall_good,0.9821515898007398,experimental
NZ181,9,overall_good,0.9804241624181397,experimental
NZ182,9,overall_good,0.9783273916929901,experimental
NZ183,9,overall_good,0.9802915052967077,experimental
NZ184,9,overall_good,0.9796838336224702,experimental
NZ185,9,overall_good,0.97910015681462,experimental
NZ186,9,overall_good,0.9816041568138986,experimental
NZ187,9,overall_good,0.9804713934572843,experimental
NZ188,9,overall_good,0.9797371657951207,experimental
NZ189,9,overall_good,0.9809032095147987,experimental
NZ190,9,overall_good,0.9807188480664221,experimental
NZ191,9,overall_good,0.9785995022531743,experimental
NZ192,9,overall_good,0.9815272499823398,experimental
NZ193,9,overall_good,0.9788719159208877,experimental
NZ194,9,overall_good,0.979329169360447,experimental
NZ195,9,overall_good,0.9809357719230003,experimental
NZ196,9,overall_good,0.9808408818205735,experimental
NZ197,9,overall_good,0.9814859605052461,experimental
NZ198,9,overall_good,0.9781100569884597,experimental
NZ199,9,overall_good,0.9793502347249868,experimental
NZ200,9,overall_good,0.9802239129742314,experimental
NZ201,9,overall_good,0.9801774919382203,experimental
NZ202,9,overall_good,0.9801747126410983,experimental
NZ203,9,overall_good,0.9786147967322233,experimental
NZ204,9,overall_good,0.9794258313084604,experimental
NZ205,9,overall_good,0.9798440372667204,experimental
NZ206,9,overall_good,0.9779251135063846,experimental
NZ207,9,overall_good,0.9796828131271129,experimental
NZ208,9,overall_good,0.9791699700158482,experimental
NZ209,9,overall_good,0.9787086497980872,experimental
NZ210,9,overall_good,0.979418146133394,experimental
NZ211,9,overall_good,0.9790866071487054,experimental
NZ212,9,overall_good,0.9802101860684439,experimental
NZ213,9,overall_good,0.9792925200090065,experimental
NZ214,9,overall_good,0.97907416466959,experimental
NZ215,9,overall_good,0.979925976260725,experimental
NZ216,9,overall_good,0.9799618533906833,experimental
NZ217,9,overall_good,0.9792255734572627,experimental
NZ218,9,overall_good,0.9796264696865675,experimental
NZ219,9,overall_good,0.979013233933286,experimental
NZ220,9,overall_good,0.9755797450855882,experimental
NZ221,9,overall_good,0.9781661569362918,experimental
NZ222,9,overall_good,0.9792983652117078,experimental
NZ223,9,overall_good,0.9789472298083927,experimental
NZ224,9,overall_good,0.9788648803484032,experimental
NZ225,9,overall_good,0.9796310505514201,experimental
NZ226,9,overall_good,0.9801902200143956,experimental
NZ227,9,overall_good,0.9792464003065292,experimental
NZ228,9,overall_good,0.9778344938040754,experimental
NZ229,9,overall_good,0.9791367437892069,experimental
NZ230,9,overall_good,0.9806486415602411,experimental
NZ231,9,overall_good,0.9780041639389537,experimental
NZ232,9,overall_good,0.9779091001588959,experimental
NZ233,9,overall_good,0.9779670192195452,experimental
NZ234,9,overall_good,0.9797905122455042,experimental
NZ235,9,overall_good,0.9799457222523499,experimental
NZ236,9,overall_good,0.9799468374312436,experimental
NZ237,9,overall_good,0.978195615062937,experimental
NZ238,9,overall_good,0.9790935327924996,experimental
NZ239,9,overall_good,0.9761736024635316,experimental
NZ240,9,overall_good,0.9791517014655463,experimental
NZ241,9,overall_good,0.9790395581337143,experimental
NZ242,9,overall_good,0.9797550348938346,experimental
NZ243,9,overall_good,0.9798975777380212,experimental
NZ244,9,overall_good,0.976399912132724,experimental
NZ245,9,overall_good,0.9753019208505799,experimental
NZ246,9,overall_good,0.9903330618585313,experimental
NZ247,9,overall_good,0.9908490011420308,experimental
NZ248,9,overall_good,0.9899635156128848,experimental
NZ249,9,overall_good,0.9908709865729136,experimental
NZ250,9,overall_good,0.9908867578656945,experimental
NZ251,9,overall_good,0.9892239699613465,experimental
NZ252,9,overall_good,0.9902666228020993,experimental
NZ253,9,overall_good,0.9905316442193267,experimental
NZ254,9,overall_good,0.9901271031978248,experimental
NZ255,9,overall_good,0.9906428719538382,experimental
NZ256,9,overall_good,0.9908575045944742,experimental
NZ257,9,overall_good,0.9903227561204532,experimental
NZ258,9,overall_good,0.9903049874664585,experimental
NZ259,9,overall_good,0.9903375477285309,experimental
NZ260,9,overall_good,0.9903247932987326,experimental
NZ261,9,overall_good,0.9902863267858292,experimental
NZ262,9,overall_good,0.9909286885005053,experimental
NZ263,9,overall_good,0.98993250549403,experimental
NZ264,9,overall_good,0.9890631695136662,experimental
NZ265,9,overall_good,0.9796442763750212,experimental
NZ266,9,overall_good,0.9794873514430912,experimental
NZ267,9,overall_good,0.9795793116167923,experimental
NZ268,9,overall_good,0.9803562934771037,experimental
NZ269,9,overall_good,0.9813618102834517,experimental
NZ270,9,overall_good,0.9753665304239333,experimental
NZ271,9,overall_good,0.9779280917111383,experimental
NZ272,9,overall_good,0.9779538913620037,experimental
NZ273,9,overall_good,0.9805167011665062,experimental
NZ274,9,overall_good,0.9800375230102017,experimental
NZ275,9,overall_good,0.9792166415117615,experimental
NZ276,9,overall_good,0.9797261064035313,experimental
NZ277,9,overall_good,0.9840766232180945,experimental
NZ278,9,overall_good,0.9902653715255735,experimental
NZ279,9,overall_good,0.9779976404781168,experimental
NZ280,9,overall_good,0.9840801675032061,experimental
NZ281,9,overall_good,0.9792797866492478,experimental
NZ282,9,overall_good,0.9802146859047465,experimental
NZ283,9,overall_good,0.978064948072321,experimental
NZ284,9,overall_good,0.9792726911061758,experimental
NZ285,9,overall_good,0.9796129345067758,experimental
NZ286,9,overall_good,0.97911199493355,experimental
NZ287,9,overall_good,0.9821188735500714,experimental
NZ288,9,overall_good,0.9831087566601514,experimental
NZ289,9,overall_good,0.9828201157714511,experimental
NZ290,9,overall_good,0.9817184603304203,experimental
NZ291,9,overall_good,0.9760049063252337,experimental
NZ292,9,overall_good,0.9786937796223292,experimental
NZ293,9,overall_good,0.9786699641392342,experimental
NZ294,9,overall_good,0.9747309481909869,experimental
NZ295,9,overall_good,0.9786665956101195,experimental
NZ296,9,overall_good,0.9788335851526886,experimental
NZ297,9,overall_good,0.9829192953914949,experimental
NZ298,9,overall_good,0.9823099366789593,experimental
NZ299,9,overall_good,0.9809827271538882,experimental
NZ300,9,overall_good,0.9797196531965561,experimental
NZ301,9,overall_good,0.978766907384222,experimental
NZ302,9,overall_good,0.9757853217019445,experimental
NZ303,9,overall_good,0.9757515241860778,experimental
NZ304,9,overall_good,0.9780295493937607,experimental
NZ305,9,overall_good,0.9780689617700177,experimental
NZ306,9,overall_good,0.9760279986362803,experimental
NZ307,9,overall_good,0.977384325596512,experimental
NZ308,9,overall_good,0.979515882179514,experimental
NZ309,9,overall_good,0.9758167932900944,experimental
NZ310,9,overall_good,0.9780204860511825,experimental
NZ311,9,overall_good,0.9746978429076139,experimental
NZ312,9,overall_good,0.979309823808561,experimental
NZ313,9,overall_good,0.9772492585006369,experimental
NZ314,9,overall_good,0.9782566889579205,experimental
NZ315,9,overall_good,0.9787271694080353,experimental
NZ316,9,overall_good,0.9781362285314507,experimental
NZ317,9,overall_good,0.9773323771057882,experimental
NZ318,9,overall_good,0.9828134276470429,experimental
NZ319,9,overall_good,0.9781988965040717,experimental
NZ320,9,overall_good,0.975333805683059,experimental
NZ321,9,overall_good,0.9784119428193205,experimental
NZ322,9,overall_good,0.9784537382344405,experimental
NZ323,9,overall_good,0.979163421453179,experimental
NZ324,9,overall_good,0.9780290515502079,experimental
NZ325,9,overall_good,0.9775352541253325,experimental
NZ326,9,overall_good,0.9768121334010162,experimental
NZ327,9,overall_good,0.9785879209220535,experimental
NZ328,9,overall_good,0.9769138573506779,experimental
NZ329,9,overall_good,0.9753793046371602,experimental
NZ330,9,overall_good,0.9768000255761008,experimental
NZ331,9,overall_good,0.978924317876809,experimental
NZ332,9,overall_good,0.9791189778169586,experimental
NZ333,9,overall_good,0.9790697211075173,experimental
NZ334,9,overall_good,0.9804084835953744,experimental
NZ335,9,overall_good,0.9790729943759384,experimental
NZ336,9,overall_good,0.9780962459348468,experimental
NZ337,9,overall_good,0.9766400384314524,experimental
NZ338,9,overall_good,0.9796157405250681,experimental
NZ339,9,overall_good,0.9804081552270714,experimental
NZ340,9,overall_good,0.9783753915965284,experimental
NZ341,9,overall_good,0.9788971879583553,experimental
NZ342,9,overall_good,0.9820803887379234,experimental
NZ343,9,overall_good,0.9790920978457881,experimental
NZ344,9,overall_good,0.9809172866121293,experimental
NZ345,9,overall_good,0.980818481016475,experimental
NZ346,9,overall_good,0.9791586056956614,experimental
NZ347,9,overall_good,0.9786923530989139,experimental
NZ348,9,overall_good,0.9809090790794699,experimental
NZ349,9,overall_good,0.9779080090472568,experimental
NZ350,9,overall_good,0.976913600961249,experimental
NZ351,9,overall_good,0.9764903770014198,experimental
NZ352,9,overall_good,0.9791288478784081,experimental
NZ353,9,overall_good,0.9777972553692207,experimental
NZ354,9,overall_good,0.9779052627213618,experimental
NZ355,9,overall_good,0.9804145007596431,experimental
NZ356,9,overall_good,0.9760334987730263,experimental
NZ357,9,overall_good,0.9770512462429024,experimental
NZ358,9,overall_good,0.9823124975763569,experimental
NZ359,9,overall_good,0.98290515583002,experimental
NZ360,9,overall_good,0.9779661443294874,experimental
NZ361,9,overall_good,0.9823078361363765,experimental
NZ362,9,overall_good,0.9797157491821087,experimental
NZ363,9,overall_good,0.9820140417559368,experimental
NZ364,9,overall_good,0.9781810129345025,experimental
NZ365,9,overall_good,0.9821588440380793,experimental
NZ366,9,overall_good,0.9829030985145605,experimental
NZ367,9,overall_good,0.9804361311799372,experimental
NZ368,9,overall_good,0.9802905596311736,experimental
NZ369,9,overall_good,0.9791125784010273,experimental
NZ370,9,overall_good,0.9841406009212271,experimental
NZ371,9,overall_good,0.9780060020266585,experimental
NZ372,9,overall_good,0.9792232265804007,experimental
NZ373,9,overall_good,0.9803593777372508,experimental
NZ374,9,overall_good,0.9807107980989503,experimental
NZ375,9,overall_good,0.9769929074411476,experimental
NZ376,9,overall_good,0.979616014592016,experimental
NZ377,9,overall_good,0.9788341005822092,experimental
NZ378,9,overall_good,0.9796470274683411,experimental
NZ379,9,overall_good,0.9787507601559668,experimental
NZ380,9,overall_good,0.9781991192787535,experimental
NZ381,9,overall_good,0.9780998762037811,experimental
NZ382,9,overall_good,0.9788889724667669,experimental
NZ383,9,overall_good,0.981343958813934,experimental
NZ384,9,overall_good,0.9813435107556386,experimental
NZ385,9,overall_good,0.9783590212662482,experimental
NZ386,9,overall_good,0.9806251366070708,experimental
NZ387,9,overall_good,0.9799388471937407,experimental
NZ388,9,overall_good,0.979369695263018,experimental
NZ389,9,overall_good,0.9812671970316035,experimental
NZ390,9,overall_good,0.9781422789755352,experimental
NZ391,9,overall_good,0.9793346427153562,experimental
NZ392,9,overall_good,0.9786444490210422,experimental
NZ393,9,overall_good,0.9793243670997844,experimental
NZ394,9,overall_good,0.9795165535830817,experimental
NZ395,9,overall_good,0.9815911079072418,experimental
NZ396,9,overall_good,0.98143505815141,experimental
NZ397,9,overall_good,0.9792208077790235,experimental
NZ398,9,overall_good,0.9791400441116542,experimental
NZ399,9,overall_good,0.9821514530426618,experimental
NZ400,9,overall_good,0.9795853606967442,experimental
NZ401,9,overall_good,0.9815647666105369,experimental
NZ402,9,overall_good,0.9808972335172059,experimental
NZ403,9,overall_good,0.9826522945703849,experimental
NZ404,9,overall_good,0.980984561216223,experimental
NZ405,9,overall_good,0.9821725824372561,experimental
NZ406,9,overall_good,0.9815700337152701,experimental
NZ407,9,overall_good,0.9809177091295184,experimental
NZ408,9,overall_good,0.9810276946177185,experimental
NZ409,9,overall_good,0.9827423351245514,experimental
NZ410,9,overall_good,0.9822109915204389,experimental
NZ411,9,overall_good,0.9822590761461973,experimental
NZ412,9,overall_good,0.9809526563654343,experimental
NZ413,9,overall_good,0.9818062992791267,experimental
NZ414,9,overall_good,0.9816291844692238,experimental
NZ415,9,overall_good,0.9817293458617488,experimental
NZ416,9,overall_good,0.9822785333215952,experimental
NZ417,9,overall_good,0.9822967212356607,experimental
NZ418,9,overall_good,0.9820211751418868,experimental
NZ419,9,overall_good,0.978407654242783,experimental
NZ420,9,overall_good,0.9827453412360541,experimental
NZ421,9,overall_good,0.9797606491311077,experimental
NZ422,9,overall_good,0.9784434632586712,experimental
NZ423,9,overall_good,0.9783291137401088,experimental
NZ424,9,overall_good,0.9801174951479074,experimental
NZ425,9,overall_good,0.9798238596678379,experimental
NZ426,9,overall_good,0.9803288650059454,experimental
NZ427,9,overall_good,0.9777986994868473,experimental
NZ428,9,overall_good,0.9783025388646767,experimental
NZ429,9,overall_good,0.978457607746527,experimental
NZ430,9,overall_good,0.976982727835937,experimental
NZ431,9,overall_good,0.9815413137110509,experimental
NZ432,9,overall_good,0.9782156796568887,experimental
NZ433,9,overall_good,0.9795488571886948,experimental
NZ434,9,overall_good,0.9795647268630897,experimental
NZ435,9,overall_good,0.9802662750864574,experimental
NZ436,9,overall_good,0.9808486542540656,experimental
NZ437,9,overall_good,0.9803358203735401,experimental
NZ438,9,overall_good,0.9802411924993927,experimental
NZ439,9,overall_good,0.9822981820302962,experimental
NZ440,9,overall_good,0.9809519350251152,experimental
NZ441,9,overall_good,0.9817938514736356,experimental
NZ442,9,overall_good,0.9819302471593683,experimental
NZ443,9,overall_good,0.9808478967006112,experimental
NZ444,9,overall_good,0.982039521317968,experimental
NZ445,9,overall_good,0.9766678994617121,experimental
NZ446,9,overall_good,0.9792057440134082,experimental
NZ447,9,overall_good,0.9766345004476702,experimental
NZ448,9,overall_good,0.9791040132312873,experimental
NZ449,9,overall_good,0.9790783290882954,experimental
NZ450,9,overall_good,0.9802336861241762,experimental
NZ451,9,overall_good,0.9794276790961047,experimental
NZ452,9,overall_good,0.9793449994438386,experimental
NZ453,9,overall_good,0.9793863526286811,experimental
NZ454,9,overall_good,0.9798837910612578,experimental
NZ455,9,overall_good,0.9779662895168623,experimental
NZ456,9,overall_good,0.9799437077026631,experimental
NZ457,9,overall_good,0.9799350727485472,experimental
NZ458,9,overall_good,0.9800064008190292,experimental
NZ459,9,overall_good,0.979173246847812,experimental
NZ460,9,overall_good,0.9757897063955266,experimental
NZ461,9,overall_good,0.9799724831934823,experimental
NZ462,9,overall_good,0.9799393282971349,experimental
NZ463,9,overall_good,0.9794748386557947,experimental
NZ464,9,overall_good,0.975407763708974,experimental
NZ465,9,overall_good,0.9754246237404006,experimental
NZ466,9,overall_good,0.9799494954840257,experimental
NZ467,9,overall_good,0.9786331227671105,experimental
NZ468,9,overall_good,0.9791833666862442,experimental
NZ469,9,overall_good,0.9799996840314821,experimental
NZ470,9,overall_good,0.9807306693281929,experimental
NZ471,9,overall_good,0.9804974518028572,experimental
NZ472,9,overall_good,0.9809099898881165,experimental
NZ473,9,overall_good,0.9803985076651153,experimental
NZ474,9,overall_good,0.980376206390997,experimental
NZ475,9,overall_good,0.97834200595636,experimental
NZ476,9,overall_good,0.9797102648258684,experimental
NZ477,9,overall_good,0.978340976365026,experimental
NZ478,9,overall_good,0.9771795663919156,experimental
NZ479,9,overall_good,0.9784233204751452,experimental
NZ480,9,overall_good,0.9778357068208341,experimental
NZ481,9,overall_good,0.981446332327027,experimental
NZ482,9,overall_good,0.981362564075305,experimental
NZ483,9,overall_good,0.980547171220781,experimental
NZ484,9,overall_good,0.9798345373350161,experimental
NZ485,9,overall_good,0.9802343970956499,experimental
NZ486,9,overall_good,0.9795511885759791,experimental
NZ487,9,overall_good,0.9807174661269986,experimental
NZ488,9,overall_good,0.9802307822224546,experimental
NZ489,9,overall_good,0.9803171361555385,experimental
NZ490,9,overall_good,0.9790491226489386,experimental
NZ491,9,overall_good,0.979836207868747,experimental
NZ492,9,overall_good,0.9799713017482228,experimental
NZ493,9,overall_good,0.9779181915483598,experimental
NZ494,9,overall_good,0.9786346267233557,experimental
NZ495,9,overall_good,0.9759552067338632,experimental
NZ496,9,overall_good,0.979828953103033,experimental
NZ497,9,overall_good,0.9794119479551916,experimental
NZ498,9,overall_good,0.9799187581686452,experimental
NZ499,9,overall_good,0.9755816529322608,experimental
NZ500,9,overall_good,0.9778278295090099,experimental
NZ001,9,bugs,0.5196175132021434,experimental
NZ002,9,bugs,0.3371056654804059,experimental
NZ003,9,bugs,0.43575415687652685,experimental
NZ004,9,bugs,0.34390522552475616,experimental
NZ005,9,bugs,0.37544015043892687,experimental
NZ006,9,bugs,0.40155685208057335,experimental
NZ007,9,bugs,0.4088593063317218,experimental
NZ008,9,bugs,0.32657483258254,experimental
NZ009,9,bugs,0.4715972520755098,experimental
NZ010,9,bugs,0.3163556827829272,experimental
NZ011,9,bugs,0.4124840855102331,experimental
NZ012,9,bugs,0.49103191968421583,experimental
NZ013,9,bugs,0.4956980051819105,experimental
NZ014,9,bugs,0.42954026577198445,experimental
NZ015,9,bugs,0.2987567277082251,experimental
NZ016,9,bugs,0.30792430746386695,experimental
NZ017,9,bugs,0.3992750780059158,experimental
NZ018,9,bugs,0.2773536271595904,experimental
NZ019,9,bugs,0.4852132950536748,experimental
NZ020,9,bugs,0.34080125250571897,experimental
NZ021,9,bugs,0.44407736887000565,experimental
NZ022,9,bugs,0.313584211062987,experimental
NZ023,9,bugs,0.48624029689995324,experimental
NZ024,9,bugs,0.42974101848191887,experimental
NZ025,9,bugs,0.4886407577321427,experimental
NZ026,9,bugs,0.4883723816650289,experimental
NZ027,9,bugs,0.27012663869501596,experimental
NZ028,9,bugs,0.3043321205765943,experimental
NZ029,9,bugs,0.5151808054957917,experimental
NZ030,9,bugs,0.4065660302664632,experimental
NZ031,9,bugs,0.3128158141083995,experimental
NZ032,9,bugs,0.3490787106702366,experimental
NZ033,9,bugs,0.3144728423668438,experimental
NZ034,9,bugs,0.37464450008738553,experimental
NZ035,9,bugs,0.24176029430958582,experimental
NZ036,9,bugs,0.3701291603526664,experimental
NZ037,9,bugs,0.28279337941541083,experimental
NZ038,9,bugs,0.29540101148877773,experimental
NZ039,9,bugs,0.2723177912242736,experimental
NZ040,9,bugs,0.5211372112043872,experimental
NZ041,9,bugs,0.2737449634669267,experimental
NZ042,9,bugs,0.3200595635504705,experimental
NZ043,9,bugs,0.2407131660024624,experimental
NZ044,9,bugs,0.37464450008738553,experimental
NZ045,9,bugs,0.4740283864433607,experimental
NZ046,9,bugs,0.30792430746386695,experimental
NZ047,9,bugs,0.5264364613178013,experimental
NZ048,9,bugs,0.31677937019620483,experimental
NZ049,9,bugs,0.28177533813856603,experimental
NZ050,9,bugs,0.2758490079975358,experimental
NZ051,9,bugs,0.23051315171301798,experimental
NZ052,9,bugs,0.33708698425442757,experimental
NZ053,9,bugs,0.5245117845448406,experimental
NZ054,9,bugs,0.3309835867696277,experimental
NZ055,9,bugs,0.31559980217557976,experimental
NZ056,9,bugs,0.36282742655170375,experimental
NZ057,9,bugs,0.29399891947158646,experimental
NZ058,9,bugs,0.48975100887227035,experimental
NZ059,9,bugs,0.30147454170423865,experimental
NZ060,9,bugs,0.437663312211226,experimental
NZ061,9,bugs,0.29075200077532093,experimental
NZ062,9,bugs,0.42694400937662136,experimental
NZ063,9,bugs,0.31352246912695475,experimental
NZ064,9,bugs,0.2713983015432025,experimental
NZ065,9,bugs,0.48975100887227035,experimental
NZ066,9,bugs,0.2713983015432025,experimental
NZ067,9,bugs,0.25827303245392985,experimental
NZ068,9,bugs,0.25827303245392985,experimental
NZ069,9,bugs,0.3169778693189193,experimental
NZ070,9,bugs,0.3068574218633222,experimental
NZ071,9,bugs,0.48975100887227035,experimental
NZ072,9,bugs,0.4889335714780143,experimental
NZ073,9,bugs,0.42774054110352666,experimental
NZ074,9,bugs,0.48975100887227035,experimental
NZ075,9,bugs,0.273958142465332,experimental
NZ076,9,bugs,0.2995550079289911,experimental
NZ077,9,bugs,0.27282120950460576,experimental
NZ078,9,bugs,0.28374781865760057,experimental
NZ079,9,bugs,0.31783037763376293,experimental
NZ080,9,bugs,0.2927892423637448,experimental
NZ081,9,bugs,0.30792430746386695,experimental
NZ082,9,bugs,0.2927892423637448,experimental
NZ083,9,bugs,0.5318211671754731,experimental
NZ084,9,bugs,0.2747110663952627,experimental
NZ085,9,bugs,0.4325665413739662,experimental
NZ086,9,bugs,0.23968724804927588,experimental
NZ087,9,bugs,0.23995775585727253,experimental
NZ088,9,bugs,0.468819055166943,experimental
NZ089,9,bugs,0.2536354311851076,experimental
NZ090,9,bugs,0.23830844321337785,experimental
NZ091,9,bugs,0.2621586421220693,experimental
NZ092,9,bugs,0.4061605457479954,experimental
NZ093,9,bugs,0.36746311716290275,experimental
NZ094,9,bugs,0.36165649032633024,experimental
NZ095,9,bugs,0.2252485100132427,experimental
NZ096,9,bugs,0.3600108058855805,experimental
NZ097,9,bugs,0.5056421422385313,experimental
NZ098,9,bugs,0.23007742829312694,experimental
NZ099,9,bugs,0.4667952560008989,experimental
NZ100,9,bugs,0.2476794221139861,experimental
NZ101,9,bugs,0.2921349235818438,experimental
NZ102,9,bugs,0.4104400837183362,experimental
NZ103,9,bugs,0.24072983563774894,experimental
NZ104,9,bugs,0.2990157151443044,experimental
NZ105,9,bugs,0.24508167418499838,experimental
NZ106,9,bugs,0.3000060042144404,experimental
NZ107,9,bugs,0.2724212398691064,experimental
NZ108,9,bugs,0.258091919207684,experimental
NZ109,9,bugs,0.3098614076576477,experimental
NZ110,9,bugs,0.4369024924486702,experimental
NZ111,9,bugs,0.29808020581480316,experimental
NZ112,9,bugs,0.24626416624798633,experimental
NZ113,9,bugs,0.2969343715644643,experimental
NZ114,9,bugs,0.2625645915004002,experimental
NZ115,9,bugs,0.3144097106456064,experimental
NZ116,9,bugs,0.347723987749432,experimental
NZ117,9,bugs,0.33528772492402736,experimental
NZ118,9,bugs,0.5173435302863775,experimental
NZ119,9,bugs,0.2658025847374593,experimental
NZ120,9,bugs,0.2755562927595784,experimental
NZ121,9,bugs,0.26388623800838196,experimental
NZ122,9,bugs,0.4119741234014926,experimental
NZ123,9,bugs,0.5318211671754731,experimental
NZ124,9,bugs,0.46185641469159333,experimental
NZ125,9,bugs,0.5035847162256635,experimental
NZ126,9,bugs,0.412509792418617,experimental
NZ127,9,bugs,0.2812656869396999,experimental
NZ128,9,bugs,0.4852132950536748,experimental
NZ129,9,bugs,0.31493127657384445,experimental
NZ130,9,bugs,0.29808020581480316,experimental
NZ131,9,bugs,0.2671837056975598,experimental
NZ132,9,bugs,0.2812656869396999,experimental
NZ133,9,bugs,0.2828182890617936,experimental
NZ134,9,bugs,0.3198254105582684,experimental
NZ135,9,bugs,0.29416465239511647,experimental
NZ136,9,bugs,0.34080125250571897,experimental
NZ137,9,bugs,0.4234159924465681,experimental
NZ138,9,bugs,0.313665818619316,experimental
NZ139,9,bugs,0.2709636131974616,experimental
NZ140,9,bugs,0.2537759397473408,experimental
NZ141,9,bugs,0.5261870992051053,experimental
NZ142,9,bugs,0.3806678080085488,experimental
NZ143,9,bugs,0.47183933685790186,experimental
NZ144,9,bugs,0.38613276282270825,experimental
NZ145,9,bugs,0.26724559765999967,experimental
NZ146,9,bugs,0.2808345348876568,experimental
NZ147,9,bugs,0.24873821416377154,experimental
NZ148,9,bugs,0.2754374267160516,experimental
NZ149,9,bugs,0.3134702746775704,experimental
NZ150,9,bugs,0.3704725362572746,experimental
NZ151,9,bugs,0.2433354092353461,experimental
NZ152,9,bugs,0.36911361481312804,experimental
NZ153,9,bugs,0.30133448843104815,experimental
NZ154,9,bugs,0.30133448843104815,experimental
NZ155,9,bugs,0.26635616983938687,experimental
NZ156,9,bugs,0.3215302957804402,experimental
NZ157,9,bugs,0.30133448843104815,experimental
NZ158,9,bugs,0.30133448843104815,experimental
NZ159,9,bugs,0.5189109431253162,experimental
NZ160,9,bugs,0.30133448843104815,experimental
NZ161,9,bugs,0.39186653830914364,experimental
NZ162,9,bugs,0.30133448843104815,experimental
NZ163,9,bugs,0.26635616983938687,experimental
NZ164,9,bugs,0.29512442985152004,experimental
NZ165,9,bugs,0.5137282043204642,experimental
NZ166,9,bugs,0.3838313443657125,experimental
NZ167,9,bugs,0.4319107065542931,experimental
NZ168,9,bugs,0.3826642597891549,experimental
NZ169,9,bugs,0.3476947812694355,experimental
NZ170,9,bugs,0.33634881712912823,experimental
NZ171,9,bugs,0.5240058726856447,experimental
NZ172,9,bugs,0.34080125250571897,experimental
NZ173,9,bugs,0.3043321205765943,experimental
NZ174,9,bugs,0.2755562927595784,experimental
NZ175,9,bugs,0.2755562927595784,experimental
NZ176,9,bugs,0.23714457532419495,experimental
NZ177,9,bugs,0.26214182618742454,experimental
NZ178,9,bugs,0.34304723123942077,experimental
NZ179,9,bugs,0.272727979342373,experimental
NZ180,9,bugs,0.27214349848842373,experimental
NZ181,9,bugs,0.2812656869396999,experimental
NZ182,9,bugs,0.26250004359684803,experimental
NZ183,9,bugs,0.3004924248022688,experimental
NZ184,9,bugs,0.2629868892945705,experimental
NZ185,9,bugs,0.31678421785837424,experimental
NZ186,9,bugs,0.30870059494292307,experimental
NZ187,9,bugs,0.308358754053696,experimental
NZ188,9,bugs,0.2750131944626702,experimental
NZ189,9,bugs,0.2766492667590686,experimental
NZ190,9,bugs,0.5193375012867703,experimental
NZ191,9,bugs,0.41021993070637097,experimental
NZ192,9,bugs,0.30562224592745824,experimental
NZ193,9,bugs,0.3969006607309284,experimental
NZ194,9,bugs,0.4788370883733568,experimental
NZ195,9,bugs,0.27462463282110094,experimental
NZ196,9,bugs,0.49258597919718644,experimental
NZ197,9,bugs,0.5261870992051053,experimental
NZ198,9,bugs,0.2712072228865705,experimental
NZ199,9,bugs,0.2580367446075214,experimental
NZ200,9,bugs,0.30767663477949203,experimental
NZ201,9,bugs,0.3242879130044267,experimental
NZ202,9,bugs,0.4001318659159462,experimental
NZ203,9,bugs,0.30792430746386695,experimental
NZ204,9,bugs,0.4994753313393765,experimental
NZ205,9,bugs,0.2736869524210239,experimental
NZ206,9,bugs,0.24055754238468383,experimental
NZ207,9,bugs,0.3374026129216343,experimental
NZ208,9,bugs,0.5046436912415111,experimental
NZ209,9,bugs,0.5318211671754731,experimental
NZ210,9,bugs,0.4371150323172857,experimental
NZ211,9,bugs,0.28779408873330214,experimental
NZ212,9,bugs,0.31008684897875144,experimental
NZ213,9,bugs,0.5318211671754731,experimental
NZ214,9,bugs,0.2875092551975489,experimental
NZ215,9,bugs,0.2927892423637448,experimental
NZ216,9,bugs,0.5265609873755797,experimental
NZ217,9,bugs,0.2618845973008199,experimental
NZ218,9,bugs,0.5318211671754731,experimental
NZ219,9,bugs,0.31412922114821806,experimental
NZ220,9,bugs,0.4958545695815622,experimental
NZ221,9,bugs,0.2940750964477238,experimental
NZ222,9,bugs,0.4409995632346,experimental
NZ223,9,bugs,0.4438246256165892,experimental
NZ224,9,bugs,0.32185183711663423,experimental
NZ225,9,bugs,0.34614217726182306,experimental
NZ226,9,bugs,0.37708931880776375,experimental
NZ227,9,bugs,0.4446840020741768,experimental
NZ228,9,bugs,0.2755562927595784,experimental
NZ229,9,bugs,0.4512960057694967,experimental
NZ230,9,bugs,0.38294563352635225,experimental
NZ231,9,bugs,0.2770685623806601,experimental
NZ232,9,bugs,0.27796170399375375,experimental
NZ233,9,bugs,0.2765563937368706,experimental
NZ234,9,bugs,0.42579961574495695,experimental
NZ235,9,bugs,0.2927892423637448,experimental
NZ236,9,bugs,0.2927892423637448,experimental
NZ237,9,bugs,0.4956980051819105,experimental
NZ238,9,bugs,0.45642797838997873,experimental
NZ239,9,bugs,0.4914114802838306,experimental
NZ240,9,bugs,0.26388623800838196,experimental
NZ241,9,bugs,0.5318211671754731,experimental
NZ242,9,bugs,0.3016305722494309,experimental
NZ243,9,bugs,0.32015627050035544,experimental
NZ244,9,bugs,0.4027354809910585,experimental
NZ245,9,bugs,0.4039715374428999,experimental
NZ246,9,bugs,0.5240058726856447,experimental
NZ247,9,bugs,0.3330128195842814,experimental
NZ248,9,bugs,0.3075633445027528,experimental
NZ249,9,bugs,0.33634881712912823,experimental
NZ250,9,bugs,0.5546755202407798,experimental
NZ251,9,bugs,0.33338486750169366,experimental
NZ252,9,bugs,0.34080125250571897,experimental
NZ253,9,bugs,0.2950978773230471,experimental
NZ254,9,bugs,0.5240058726856447,experimental
NZ255,9,bugs,0.5546755202407798,experimental
NZ256,9,bugs,0.35608437144380767,experimental
NZ257,9,bugs,0.35739615458132196,experimental
NZ258,9,bugs,0.34080125250571897,experimental
NZ259,9,bugs,0.3776815168591,experimental
NZ260,9,bugs,0.34899426206487644,experimental
NZ261,9,bugs,0.34080125250571897,experimental
NZ262,9,bugs,0.4467425573624685,experimental
NZ263,9,bugs,0.3075633445027528,experimental
NZ264,9,bugs,0.3759795115832508,experimental
NZ265,9,bugs,0.26155332478912624,experimental
NZ266,9,bugs,0.2526568618531807,experimental
NZ267,9,bugs,0.26627986017200783,experimental
NZ268,9,bugs,0.30540815468752047,experimental
NZ269,9,bugs,0.2931300609138612,experimental
NZ270,9,bugs,0.2692855273194425,experimental
NZ271,9,bugs,0.24055754238468383,experimental
NZ272,9,bugs,0.2534535731901972,experimental
NZ273,9,bugs,0.35170182221120416,experimental
NZ274,9,bugs,0.2574840429397545,experimental
NZ275,9,bugs,0.5046436912415111,experimental
NZ276,9,bugs,0.2521651565085418,experimental
NZ277,9,bugs,0.2922437681604723,experimental
NZ278,9,bugs,0.34080125250571897,experimental
NZ279,9,bugs,0.2494959334360582,experimental
NZ280,9,bugs,0.295601651476814,experimental
NZ281,9,bugs,0.5046436912415111,experimental
NZ282,9,bugs,0.282801584192077,experimental
NZ283,9,bugs,0.24357229090731602,experimental
NZ284,9,bugs,0.22915913721531153,experimental
NZ285,9,bugs,0.4179072228438418,experimental
NZ286,9,bugs,0.2899382870616605,experimental
NZ287,9,bugs,0.35155889018452263,experimental
NZ288,9,bugs,0.3283441132245858,experimental
NZ289,9,bugs,0.2579292271645589,experimental
NZ290,9,bugs,0.2856809123716644,experimental
NZ291,9,bugs,0.25409066892592314,experimental
NZ292,9,bugs,0.23002798395798338,experimental
NZ293,9,bugs,0.24344110581272493,experimental
NZ294,9,bugs,0.4740283864433607,experimental
NZ295,9,bugs,0.2381587874921346,experimental
NZ296,9,bugs,0.2347426097757868,experimental
NZ297,9,bugs,0.30133448843104815,experimental
NZ298,9,bugs,0.26635616983938687,experimental
NZ299,9,bugs,0.2490281702805365,experimental
NZ300,9,bugs,0.39178661911614726,experimental
NZ301,9,bugs,0.42755330092188204,experimental
NZ302,9,bugs,0.23149066495631368,experimental
NZ303,9,bugs,0.37464450008738553,experimental
NZ304,9,bugs,0.2723177912242736,experimental
NZ305,9,bugs,0.4646985189350268,experimental
NZ306,9,bugs,0.4603519590778457,experimental
NZ307,9,bugs,0.24801332414910793,experimental
NZ308,9,bugs,0.28731470878838394,experimental
NZ309,9,bugs,0.27159041406010376,experimental
NZ310,9,bugs,0.2723177912242736,experimental
NZ311,9,bugs,0.4740283864433607,experimental
NZ312,9,bugs,0.2632845913313561,experimental
NZ313,9,bugs,0.2407131660024624,experimental
NZ314,9,bugs,0.47183933685790186,experimental
NZ315,9,bugs,0.2488597785555652,experimental
NZ316,9,bugs,0.27012663869501596,experimental
NZ317,9,bugs,0.23276471194832365,experimental
NZ318,9,bugs,0.2670408497162175,experimental
NZ319,9,bugs,0.23364360479592916,experimental
NZ320,9,bugs,0.45667032007495395,experimental
NZ321,9,bugs,0.40096941616939025,experimental
NZ322,9,bugs,0.39752312100581094,experimental
NZ323,9,bugs,0.273542647036807,experimental
NZ324,9,bugs,0.3006437799385703,experimental
NZ325,9,bugs,0.3911003549152437,experimental
NZ326,9,bugs,0.23634157419737029,experimental
NZ327,9,bugs,0.4954633178807983,experimental
NZ328,9,bugs,0.24411377597819636,experimental
NZ329,9,bugs,0.2694591497174277,experimental
NZ330,9,bugs,0.23334978606104828,experimental
NZ331,9,bugs,0.26944808943624066,experimental
NZ332,9,bugs,0.49124171436559755,experimental
NZ333,9,bugs,0.29808020581480316,experimental
NZ334,9,bugs,0.2812656869396999,experimental
NZ335,9,bugs,0.29808020581480316,experimental
NZ336,9,bugs,0.27012663869501596,experimental
NZ337,9,bugs,0.3951474621467029,experimental
NZ338,9,bugs,0.2645685253526322,experimental
NZ339,9,bugs,0.2812656869396999,experimental
NZ340,9,bugs,0.26250004359684803,experimental
NZ341,9,bugs,0.412714557277665,experimental
NZ342,9,bugs,0.2658025847374593,experimental
NZ343,9,bugs,0.29808020581480316,experimental
NZ344,9,bugs,0.44671859236801686,experimental
NZ345,9,bugs,0.5266032378668135,experimental
NZ346,9,bugs,0.4081195902003424,experimental
NZ347,9,bugs,0.2753951134004512,experimental
NZ348,9,bugs,0.5063643315470169,experimental
NZ349,9,bugs,0.2833964366750925,experimental
NZ350,9,bugs,0.3513907603738134,experimental
NZ351,9,bugs,0.39442394825334265,experimental
NZ352,9,bugs,0.29279128317653036,experimental
NZ353,9,bugs,0.28334152276330044,experimental
NZ354,9,bugs,0.27796170399375375,experimental
NZ355,9,bugs,0.30332167036637275,experimental
NZ356,9,bugs,0.4852132950536748,experimental
NZ357,9,bugs,0.2760069310486262,experimental
NZ358,9,bugs,0.4078644274424895,experimental
NZ359,9,bugs,0.30133448843104815,experimental
NZ360,9,bugs,0.4925248215405546,experimental
NZ361,9,bugs,0.26635616983938687,experimental
NZ362,9,bugs,0.2472436267739443,experimental
NZ363,9,bugs,0.4637904564942551,experimental
NZ364,9,bugs,0.3400720532489039,experimental
NZ365,9,bugs,0.24052985218089254,experimental
NZ366,9,bugs,0.30133448843104815,experimental
NZ367,9,bugs,0.2812656869396999,experimental
NZ368,9,bugs,0.34877002574312854,experimental
NZ369,9,bugs,0.49124171436559755,experimental
NZ370,9,bugs,0.31512512573907514,experimental
NZ371,9,bugs,0.24357229090731602,experimental
NZ372,9,bugs,0.30738378100281727,experimental
NZ373,9,bugs,0.3637593500490426,experimental
NZ374,9,bugs,0.3657801497852198,experimental
NZ375,9,bugs,0.26072705494886733,experimental
NZ376,9,bugs,0.26459437335385216,experimental
NZ377,9,bugs,0.2198070904161644,experimental
NZ378,9,bugs,0.2663097713846886,experimental
NZ379,9,bugs,0.2168665818903962,experimental
NZ380,9,bugs,0.27770155813119685,experimental
NZ381,9,bugs,0.27012663869501596,experimental
NZ382,9,bugs,0.23564540011723792,experimental
NZ383,9,bugs,0.28830959298984543,experimental
NZ384,9,bugs,0.3087324205331545,experimental
NZ385,9,bugs,0.49670847071282803,experimental
NZ386,9,bugs,0.4390557233214117,experimental
NZ387,9,bugs,0.2927892423637448,experimental
NZ388,9,bugs,0.2580367446075214,experimental
NZ389,9,bugs,0.2823338254484886,experimental
NZ390,9,bugs,0.27012663869501596,experimental
NZ391,9,bugs,0.26219971834908123,experimental
NZ392,9,bugs,0.30792430746386695,experimental
NZ393,9,bugs,0.2580367446075214,experimental
NZ394,9,bugs,0.34124786620354836,experimental
NZ395,9,bugs,0.272727979342373,experimental
NZ396,9,bugs,0.2834543533717926,experimental
NZ397,9,bugs,0.3913488618987419,experimental
NZ398,9,bugs,0.29808020581480316,experimental
NZ399,9,bugs,0.2311605870187876,experimental
NZ400,9,bugs,0.37021446823899334,experimental
NZ401,9,bugs,0.272727979342373,experimental
NZ402,9,bugs,0.23714457532419495,experimental
NZ403,9,bugs,0.28510643674953584,experimental
NZ404,9,bugs,0.24014841185399066,experimental
NZ405,9,bugs,0.24052985218089254,experimental
NZ406,9,bugs,0.272727979342373,experimental
NZ407,9,bugs,0.23714457532419495,experimental
NZ408,9,bugs,0.24494711899117014,experimental
NZ409,9,bugs,0.2548679566403413,experimental
NZ410,9,bugs,0.22668326840991881,experimental
NZ411,9,bugs,0.3082617471294083,experimental
NZ412,9,bugs,0.23714457532419495,experimental
NZ413,9,bugs,0.4715197614273118,experimental
NZ414,9,bugs,0.28901467461549896,experimental
NZ415,9,bugs,0.2818207029537918,experimental
NZ416,9,bugs,0.5004678630549837,experimental
NZ417,9,bugs,0.253237077761467,experimental
NZ418,9,bugs,0.2288364207522362,experimental
NZ419,9,bugs,0.25462702490068184,experimental
NZ420,9,bugs,0.2725348054781121,experimental
NZ421,9,bugs,0.4556117677927482,experimental
NZ422,9,bugs,0.2690852241258777,experimental
NZ423,9,bugs,0.26250004359684803,experimental
NZ424,9,bugs,0.5241830972851801,experimental
NZ425,9,bugs,0.5241830972851801,experimental
NZ426,9,bugs,0.2865110441484993,experimental
NZ427,9,bugs,0.4806477228533781,experimental
NZ428,9,bugs,0.26382989319708017,experimental
NZ429,9,bugs,0.26558662328471316,experimental
NZ430,9,bugs,0.2804414927424641,experimental
NZ431,9,bugs,0.5266032378668135,experimental
NZ432,9,bugs,0.39325401800396637,experimental
NZ433,9,bugs,0.26150443325651773,experimental
NZ434,9,bugs,0.26150443325651773,experimental
NZ435,9,bugs,0.3153583865777311,experimental
NZ436,9,bugs,0.3950482307091021,experimental
NZ437,9,bugs,0.31126824251179297,experimental
NZ438,9,bugs,0.2969343715644643,experimental
NZ439,9,bugs,0.4301226911101381,experimental
NZ440,9,bugs,0.2877074578579155,experimental
NZ441,9,bugs,0.33097641309245673,experimental
NZ442,9,bugs,0.2879761781351044,experimental
NZ443,9,bugs,0.2797639386552317,experimental
NZ444,9,bugs,0.2573456440652958,experimental
NZ445,9,bugs,0.327315334457415,experimental
NZ446,9,bugs,0.301289188599953,experimental
NZ447,9,bugs,0.4925248215405546,experimental
NZ448,9,bugs,0.29808020581480316,experimental
NZ449,9,bugs,0.29808020581480316,experimental
NZ450,9,bugs,0.35486524575104933,experimental
NZ451,9,bugs,0.2611084817811416,experimental
NZ452,9,bugs,0.2580367446075214,experimental
NZ453,9,bugs,0.26601645649702854,experimental
NZ454,9,bugs,0.2692008146818699,experimental
NZ455,9,bugs,0.24946499227992355,experimental
NZ456,9,bugs,0.432560092798711,experimental
NZ457,9,bugs,0.33526246417609135,experimental
NZ458,9,bugs,0.2754639913071549,experimental
NZ459,9,bugs,0.23341600691067935,experimental
NZ460,9,bugs,0.4710005321343246,experimental
NZ461,9,bugs,0.26071710262250747,experimental
NZ462,9,bugs,0.2927892423637448,experimental
NZ463,9,bugs,0.2878423195817424,experimental
NZ464,9,bugs,0.47283630394971105,experimental
NZ465,9,bugs,0.4885151501864798,experimental
NZ466,9,bugs,0.29514198624867927,experimental
NZ467,9,bugs,0.30792430746386695,experimental
NZ468,9,bugs,0.2684231357529376,experimental
NZ469,9,bugs,0.3297796429813221,experimental
NZ470,9,bugs,0.3772595368243041,experimental
NZ471,9,bugs,0.29780436714239594,experimental
NZ472,9,bugs,0.43230738920184897,experimental
NZ473,9,bugs,0.2812656869396999,experimental
NZ474,9,bugs,0.5241830972851801,experimental
NZ475,9,bugs,0.26250004359684803,experimental
NZ476,9,bugs,0.2472436267739443,experimental
NZ477,9,bugs,0.26250004359684803,experimental
NZ478,9,bugs,0.2733587810079769,experimental
NZ479,9,bugs,0.26250004359684803,experimental
NZ480,9,bugs,0.2755562927595784,experimental
NZ481,9,bugs,0.3038828028175162,experimental
NZ482,9,bugs,0.30571401152848354,experimental
NZ483,9,bugs,0.25454616385104806,experimental
NZ484,9,bugs,0.2775375618231473,experimental
NZ485,9,bugs,0.30030050050248835,experimental
NZ486,9,bugs,0.26474275496504646,experimental
NZ487,9,bugs,0.2571357832563595,experimental
NZ488,9,bugs,0.30030050050248835,experimental
NZ489,9,bugs,0.3035173572444445,experimental
NZ490,9,bugs,0.29796118920841386,experimental
NZ491,9,bugs,0.3681699568557174,experimental
NZ492,9,bugs,0.29524047175398543,experimental
NZ493,9,bugs,0.27796170399375375,experimental
NZ494,9,bugs,0.3208680517415683,experimental
NZ495,9,bugs,0.4958545695815622,experimental
NZ496,9,bugs,0.44204714338186296,experimental
NZ497,9,bugs,0.4371150323172857,experimental
NZ498,9,bugs,0.3057511108309967,experimental
NZ499,9,bugs,0.4958545695815622,experimental
NZ500,9,bugs,0.2755562927595784,experimental
NZ001,9,mud,0.8990564259719097,experimental
NZ002,9,mud,0.8246101996698582,experimental
NZ003,9,mud,0.8255863380284236,experimental
NZ004,9,mud,0.7863973827324712,experimental
NZ005,9,mud,0.5522390212077619,experimental
NZ006,9,mud,0.8483212889821318,experimental
NZ007,9,mud,0.8414341268582107,experimental
NZ008,9,mud,0.8260804807243084,experimental
NZ009,9,mud,0.8707014430651476,experimental
NZ010,9,mud,0.7325575794582251,experimental
NZ011,9,mud,0.8453910057444785,experimental
NZ012,9,mud,0.9072381660528037,experimental
NZ013,9,mud,0.9099957240434178,experimental
NZ014,9,mud,0.8793235331134595,experimental
NZ015,9,mud,0.8546386323886297,experimental
NZ016,9,mud,0.904855704310834,experimental
NZ017,9,mud,0.8826046264900373,experimental
NZ018,9,mud,0.8811842123864441,experimental
NZ019,9,mud,0.9002844925559009,experimental
NZ020,9,mud,0.801652328729218,experimental
NZ021,9,mud,0.9353171518652462,experimental
NZ022,9,mud,0.754217193897479,experimental
NZ023,9,mud,0.7743495978349896,experimental
NZ024,9,mud,0.8665323978069398,experimental
NZ025,9,mud,0.9122427679646767,experimental
NZ026,9,mud,0.9299709719078029,experimental
NZ027,9,mud,0.8374424204427802,experimental
NZ028,9,mud,0.812004040936238,experimental
NZ029,9,mud,0.8799035035677879,experimental
NZ030,9,mud,0.8223360833059086,experimental
NZ031,9,mud,0.9012854563769497,experimental
NZ032,9,mud,0.8696214536844125,experimental
NZ033,9,mud,0.8619907351964182,experimental
NZ034,9,mud,0.8663957610913463,experimental
NZ035,9,mud,0.8840844013833062,experimental
NZ036,9,mud,0.8688957610913464,experimental
NZ037,9,mud,0.747337020869523,experimental
NZ038,9,mud,0.7586341730493974,experimental
NZ039,9,mud,0.8696272697235351,experimental
NZ040,9,mud,0.8157530799363734,experimental
NZ041,9,mud,0.8265081194402156,experimental
NZ042,9,mud,0.7503244920581577,experimental
NZ043,9,mud,0.8814735690165221,experimental
NZ044,9,mud,0.8663957610913463,experimental
NZ045,9,mud,0.8958662197517216,experimental
NZ046,9,mud,0.904855704310834,experimental
NZ047,9,mud,0.8063875138986375,experimental
NZ048,9,mud,0.7896630783628378,experimental
NZ049,9,mud,0.6470089198688156,experimental
NZ050,9,mud,0.6470089198688156,experimental
NZ051,9,mud,0.5818150224456332,experimental
NZ052,9,mud,0.8446881498378525,experimental
NZ053,9,mud,0.9378992292304025,experimental
NZ054,9,mud,0.8210399517359739,experimental
NZ055,9,mud,0.8058782374467982,experimental
NZ056,9,mud,0.8334755248070227,experimental
NZ057,9,mud,0.8586066336498339,experimental
NZ058,9,mud,0.8830378339016306,experimental
NZ059,9,mud,0.8354398692590195,experimental
NZ060,9,mud,0.8328484655555569,experimental
NZ061,9,mud,0.7938106749578804,experimental
NZ062,9,mud,0.8625755189206721,experimental
NZ063,9,mud,0.8176485294254437,experimental
NZ064,9,mud,0.8336510264790996,experimental
NZ065,9,mud,0.893322220811537,experimental
NZ066,9,mud,0.8336510264790996,experimental
NZ067,9,mud,0.8501220405557521,experimental
NZ068,9,mud,0.8501220405557521,experimental
NZ069,9,mud,0.7896630783628378,experimental
NZ070,9,mud,0.821218777359328,experimental
NZ071,9,mud,0.893322220811537,experimental
NZ072,9,mud,0.8953170177365879,experimental
NZ073,9,mud,0.8384748945617289,experimental
NZ074,9,mud,0.893322220811537,experimental
NZ075,9,mud,0.915745978193878,experimental
NZ076,9,mud,0.886313098495741,experimental
NZ077,9,mud,0.915745978193878,experimental
NZ078,9,mud,0.8879711825022456,experimental
NZ079,9,mud,0.8847969268570969,experimental
NZ080,9,mud,0.8981711469429801,experimental
NZ081,9,mud,0.904855704310834,experimental
NZ082,9,mud,0.8981711469429801,experimental
NZ083,9,mud,0.9209998327812596,experimental
NZ084,9,mud,0.8749088638701664,experimental
NZ085,9,mud,0.8774680365952436,experimental
NZ086,9,mud,0.8180611264167703,experimental
NZ087,9,mud,0.8180611264167703,experimental
NZ088,9,mud,0.8392038845441767,experimental
NZ089,9,mud,0.8442992480691304,experimental
NZ090,9,mud,0.8429616737026967,experimental
NZ091,9,mud,0.8108422970067648,experimental
NZ092,9,mud,0.841449597392827,experimental
NZ093,9,mud,0.8190356154795733,experimental
NZ094,9,mud,0.8377973915343142,experimental
NZ095,9,mud,0.84688802082912,experimental
NZ096,9,mud,0.8597809425320483,experimental
NZ097,9,mud,0.6502338425389967,experimental
NZ098,9,mud,0.4941319324133162,experimental
NZ099,9,mud,0.6218366011295915,experimental
NZ100,9,mud,0.5708500934292983,experimental
NZ101,9,mud,0.8076977761920661,experimental
NZ102,9,mud,0.8619488000096823,experimental
NZ103,9,mud,0.7428492747950609,experimental
NZ104,9,mud,0.778723749432308,experimental
NZ105,9,mud,0.7853263288341303,experimental
NZ106,9,mud,0.7772244208123676,experimental
NZ107,9,mud,0.4828559735299024,experimental
NZ108,9,mud,0.5889116585478995,experimental
NZ109,9,mud,0.7895556895979474,experimental
NZ110,9,mud,0.808695904780959,experimental
NZ111,9,mud,0.8037076773757305,experimental
NZ112,9,mud,0.8415266041022481,experimental
NZ113,9,mud,0.8236446443777963,experimental
NZ114,9,mud,0.7611092583345997,experimental
NZ115,9,mud,0.812004040936238,experimental
NZ116,9,mud,0.801652328729218,experimental
NZ117,9,mud,0.8210399517359739,experimental
NZ118,9,mud,0.8858501936059439,experimental
NZ119,9,mud,0.5610852107321402,experimental
NZ120,9,mud,0.916109159164211,experimental
NZ121,9,mud,0.9026449188535883,experimental
NZ122,9,mud,0.8552504949147393,experimental
NZ123,9,mud,0.9209998327812596,experimental
NZ124,9,mud,0.9176460731291415,experimental
NZ125,9,mud,0.9125877725295041,experimental
NZ126,9,mud,0.8517029461947616,experimental
NZ127,9,mud,0.8151462774807864,experimental
NZ128,9,mud,0.881126768614807,experimental
NZ129,9,mud,0.8099080856686237,experimental
NZ130,9,mud,0.8037076773757305,experimental
NZ131,9,mud,0.8165315367350149,experimental
NZ132,9,mud,0.8151462774807864,experimental
NZ133,9,mud,0.5115615647982634,experimental
NZ134,9,mud,0.7881056158714297,experimental
NZ135,9,mud,0.8325408592452991,experimental
NZ136,9,mud,0.801652328729218,experimental
NZ137,9,mud,0.9323055152772601,experimental
NZ138,9,mud,0.8505376771393881,experimental
NZ139,9,mud,0.7496890335251729,experimental
NZ140,9,mud,0.705872894377171,experimental
NZ141,9,mud,0.7941037410504136,experimental
NZ142,9,mud,0.8681034336284079,experimental
NZ143,9,mud,0.9058368981928041,experimental
NZ144,9,mud,0.9225217268171275,experimental
NZ145,9,mud,0.8689042841174806,experimental
NZ146,9,mud,0.8689042841174806,experimental
NZ147,9,mud,0.8595885205180825,experimental
NZ148,9,mud,0.8696272697235351,experimental
NZ149,9,mud,0.8606587684519668,experimental
NZ150,9,mud,0.8768226703060656,experimental
NZ151,9,mud,0.7925689295826729,experimental
NZ152,9,mud,0.8057434570986479,experimental
NZ153,9,mud,0.8568587270999748,experimental
NZ154,9,mud,0.8568587270999748,experimental
NZ155,9,mud,0.8702011459248099,experimental
NZ156,9,mud,0.803170894486026,experimental
NZ157,9,mud,0.8568587270999748,experimental
NZ158,9,mud,0.8568587270999748,experimental
NZ159,9,mud,0.9183351121066059,experimental
NZ160,9,mud,0.8568587270999748,experimental
NZ161,9,mud,0.893471256739893,experimental
NZ162,9,mud,0.8568587270999748,experimental
NZ163,9,mud,0.8702011459248099,experimental
NZ164,9,mud,0.8728796010623332,experimental
NZ165,9,mud,0.9042472971237234,experimental
NZ166,9,mud,0.7830130293855281,experimental
NZ167,9,mud,0.8366840872631034,experimental
NZ168,9,mud,0.8421881498378525,experimental
NZ169,9,mud,0.8176802320555627,experimental
NZ170,9,mud,0.8137440052823259,experimental
NZ171,9,mud,0.8627564174842517,experimental
NZ172,9,mud,0.801652328729218,experimental
NZ173,9,mud,0.812004040936238,experimental
NZ174,9,mud,0.916109159164211,experimental
NZ175,9,mud,0.916109159164211,experimental
NZ176,9,mud,0.6576031351272937,experimental
NZ177,9,mud,0.570414441309655,experimental
NZ178,9,mud,0.5585852107321404,experimental
NZ179,9,mud,0.6470089198688156,experimental
NZ180,9,mud,0.5610852107321402,experimental
NZ181,9,mud,0.8151462774807864,experimental
NZ182,9,mud,0.8201017846688992,experimental
NZ183,9,mud,0.7990763603424913,experimental
NZ184,9,mud,0.7715291677934684,experimental
NZ185,9,mud,0.7051750333611498,experimental
NZ186,9,mud,0.7460090518487444,experimental
NZ187,9,mud,0.7399408041818871,experimental
NZ188,9,mud,0.7463577930306174,experimental
NZ189,9,mud,0.8235981807844467,experimental
NZ190,9,mud,0.8837647332574332,experimental
NZ191,9,mud,0.9088595422991039,experimental
NZ192,9,mud,0.8752777953259989,experimental
NZ193,9,mud,0.8991249806556086,experimental
NZ194,9,mud,0.909293614798615,experimental
NZ195,9,mud,0.8891164173413074,experimental
NZ196,9,mud,0.8972223766617028,experimental
NZ197,9,mud,0.8063184343241143,experimental
NZ198,9,mud,0.7597827970977833,experimental
NZ199,9,mud,0.7992470724878812,experimental
NZ200,9,mud,0.7079894187535932,experimental
NZ201,9,mud,0.8847969268570969,experimental
NZ202,9,mud,0.820906942247113,experimental
NZ203,9,mud,0.904855704310834,experimental
NZ204,9,mud,0.8725816861185794,experimental
NZ205,9,mud,0.8264556048578094,experimental
NZ206,9,mud,0.868082546753681,experimental
NZ207,9,mud,0.8939569881424648,experimental
NZ208,9,mud,0.8589569010684003,experimental
NZ209,9,mud,0.9209998327812596,experimental
NZ210,9,mud,0.9244471341637707,experimental
NZ211,9,mud,0.8707276886404439,experimental
NZ212,9,mud,0.8738487836436573,experimental
NZ213,9,mud,0.9209998327812596,experimental
NZ214,9,mud,0.915745978193878,experimental
NZ215,9,mud,0.8981711469429801,experimental
NZ216,9,mud,0.9137941579083698,experimental
NZ217,9,mud,0.9102492791080938,experimental
NZ218,9,mud,0.9209998327812596,experimental
NZ219,9,mud,0.8691286022231384,experimental
NZ220,9,mud,0.8897821799856649,experimental
NZ221,9,mud,0.8676316347085841,experimental
NZ222,9,mud,0.9264977088764144,experimental
NZ223,9,mud,0.9349485694897673,experimental
NZ224,9,mud,0.868887280387162,experimental
NZ225,9,mud,0.8604873355753496,experimental
NZ226,9,mud,0.8824925790310099,experimental
NZ227,9,mud,0.9349485694897673,experimental
NZ228,9,mud,0.916109159164211,experimental
NZ229,9,mud,0.9349485694897673,experimental
NZ230,9,mud,0.8675509521192732,experimental
NZ231,9,mud,0.8610398363619726,experimental
NZ232,9,mud,0.916109159164211,experimental
NZ233,9,mud,0.8610398363619726,experimental
NZ234,9,mud,0.9021294813054936,experimental
NZ235,9,mud,0.8981711469429801,experimental
NZ236,9,mud,0.8981711469429801,experimental
NZ237,9,mud,0.9099957240434178,experimental
NZ238,9,mud,0.9402035770564895,experimental
NZ239,9,mud,0.9004059022792417,experimental
NZ240,9,mud,0.9036198206478938,experimental
NZ241,9,mud,0.9141565452702917,experimental
NZ242,9,mud,0.8994141578360307,experimental
NZ243,9,mud,0.8537810754068612,experimental
NZ244,9,mud,0.8286110426060886,experimental
NZ245,9,mud,0.920270792075299,experimental
NZ246,9,mud,0.8695997049952197,experimental
NZ247,9,mud,0.8043444451237786,experimental
NZ248,9,mud,0.812004040936238,experimental
NZ249,9,mud,0.8137440052823259,experimental
NZ250,9,mud,0.8643628639695194,experimental
NZ251,9,mud,0.7956847733652939,experimental
NZ252,9,mud,0.801652328729218,experimental
NZ253,9,mud,0.8254546877445359,experimental
NZ254,9,mud,0.8695997049952197,experimental
NZ255,9,mud,0.877414447068344,experimental
NZ256,9,mud,0.7788965177089072,experimental
NZ257,9,mud,0.7557047574267793,experimental
NZ258,9,mud,0.801652328729218,experimental
NZ259,9,mud,0.8048609733847787,experimental
NZ260,9,mud,0.801652328729218,experimental
NZ261,9,mud,0.801652328729218,experimental
NZ262,9,mud,0.8415639509910879,experimental
NZ263,9,mud,0.812004040936238,experimental
NZ264,9,mud,0.8529558737014643,experimental
NZ265,9,mud,0.7273556780762476,experimental
NZ266,9,mud,0.7927517946925808,experimental
NZ267,9,mud,0.7238965754573177,experimental
NZ268,9,mud,0.7922969745230982,experimental
NZ269,9,mud,0.7319698866791178,experimental
NZ270,9,mud,0.8274591998307718,experimental
NZ271,9,mud,0.868082546753681,experimental
NZ272,9,mud,0.8090769896567341,experimental
NZ273,9,mud,0.8108677734917621,experimental
NZ274,9,mud,0.8284642134852195,experimental
NZ275,9,mud,0.8521136135574322,experimental
NZ276,9,mud,0.8429616737026967,experimental
NZ277,9,mud,0.8401108440675594,experimental
NZ278,9,mud,0.801652328729218,experimental
NZ279,9,mud,0.8619714356425701,experimental
NZ280,9,mud,0.8401108440675594,experimental
NZ281,9,mud,0.8521136135574322,experimental
NZ282,9,mud,0.8143485398678016,experimental
NZ283,9,mud,0.868082546753681,experimental
NZ284,9,mud,0.8427688690746178,experimental
NZ285,9,mud,0.8721483704507023,experimental
NZ286,9,mud,0.8425969492484244,experimental
NZ287,9,mud,0.5930561123576129,experimental
NZ288,9,mud,0.7505022047265244,experimental
NZ289,9,mud,0.5924819064817838,experimental
NZ290,9,mud,0.5509612100361867,experimental
NZ291,9,mud,0.7845960698634703,experimental
NZ292,9,mud,0.8149670805372738,experimental
NZ293,9,mud,0.7461875637311897,experimental
NZ294,9,mud,0.9027095072626897,experimental
NZ295,9,mud,0.8814734667150306,experimental
NZ296,9,mud,0.8389099938808866,experimental
NZ297,9,mud,0.8568587270999748,experimental
NZ298,9,mud,0.8702011459248099,experimental
NZ299,9,mud,0.5686770830486754,experimental
NZ300,9,mud,0.8609442868518907,experimental
NZ301,9,mud,0.9310003516057387,experimental
NZ302,9,mud,0.8817798242061075,experimental
NZ303,9,mud,0.8663957610913463,experimental
NZ304,9,mud,0.8696272697235351,experimental
NZ305,9,mud,0.9177050601504609,experimental
NZ306,9,mud,0.839305274723034,experimental
NZ307,9,mud,0.8226620516753913,experimental
NZ308,9,mud,0.8785779068141922,experimental
NZ309,9,mud,0.8638544244944226,experimental
NZ310,9,mud,0.8696272697235351,experimental
NZ311,9,mud,0.9027095072626897,experimental
NZ312,9,mud,0.8663423280524861,experimental
NZ313,9,mud,0.8814735690165221,experimental
NZ314,9,mud,0.9058368981928041,experimental
NZ315,9,mud,0.7370340643200805,experimental
NZ316,9,mud,0.8374424204427802,experimental
NZ317,9,mud,0.8546963214947808,experimental
NZ318,9,mud,0.48938814795331026,experimental
NZ319,9,mud,0.8218119809356924,experimental
NZ320,9,mud,0.8657501200928984,experimental
NZ321,9,mud,0.8646502507252363,experimental
NZ322,9,mud,0.8580030772359574,experimental
NZ323,9,mud,0.7850276966931992,experimental
NZ324,9,mud,0.847878139433574,experimental
NZ325,9,mud,0.8828549888098944,experimental
NZ326,9,mud,0.8890142024836052,experimental
NZ327,9,mud,0.8693673793169818,experimental
NZ328,9,mud,0.831195160232422,experimental
NZ329,9,mud,0.816289435833359,experimental
NZ330,9,mud,0.8890142024836052,experimental
NZ331,9,mud,0.7801768919435863,experimental
NZ332,9,mud,0.8711889487480567,experimental
NZ333,9,mud,0.8037076773757305,experimental
NZ334,9,mud,0.8151462774807864,experimental
NZ335,9,mud,0.8037076773757305,experimental
NZ336,9,mud,0.8374424204427802,experimental
NZ337,9,mud,0.8430912748262213,experimental
NZ338,9,mud,0.8200531031968143,experimental
NZ339,9,mud,0.8151462774807864,experimental
NZ340,9,mud,0.8201017846688992,experimental
NZ341,9,mud,0.8813303747975598,experimental
NZ342,9,mud,0.5557545849007965,experimental
NZ343,9,mud,0.8037076773757305,experimental
NZ344,9,mud,0.8126527836672269,experimental
NZ345,9,mud,0.8743991672196973,experimental
NZ346,9,mud,0.8710459878876535,experimental
NZ347,9,mud,0.8516263702637752,experimental
NZ348,9,mud,0.8661718376102573,experimental
NZ349,9,mud,0.864673912228734,experimental
NZ350,9,mud,0.8438062073076203,experimental
NZ351,9,mud,0.8550457253943715,experimental
NZ352,9,mud,0.868006624953483,experimental
NZ353,9,mud,0.9047457477236881,experimental
NZ354,9,mud,0.916109159164211,experimental
NZ355,9,mud,0.7486904835161051,experimental
NZ356,9,mud,0.9002844925559009,experimental
NZ357,9,mud,0.8217839122642631,experimental
NZ358,9,mud,0.5856079983326749,experimental
NZ359,9,mud,0.8568587270999748,experimental
NZ360,9,mud,0.8879700561257751,experimental
NZ361,9,mud,0.8702011459248099,experimental
NZ362,9,mud,0.8318693321423761,experimental
NZ363,9,mud,0.6163672903700956,experimental
NZ364,9,mud,0.8160053252766482,experimental
NZ365,9,mud,0.5229658026460045,experimental
NZ366,9,mud,0.8568587270999748,experimental
NZ367,9,mud,0.8151462774807864,experimental
NZ368,9,mud,0.7566175641770496,experimental
NZ369,9,mud,0.8643456612370888,experimental
NZ370,9,mud,0.8703852745869439,experimental
NZ371,9,mud,0.868082546753681,experimental
NZ372,9,mud,0.8037076773757305,experimental
NZ373,9,mud,0.8185898482449466,experimental
NZ374,9,mud,0.8095810960492466,experimental
NZ375,9,mud,0.7738511750382181,experimental
NZ376,9,mud,0.7267692139261471,experimental
NZ377,9,mud,0.8166721664012062,experimental
NZ378,9,mud,0.7299548297529749,experimental
NZ379,9,mud,0.8166721664012062,experimental
NZ380,9,mud,0.8374424204427802,experimental
NZ381,9,mud,0.8374424204427802,experimental
NZ382,9,mud,0.8074523663566413,experimental
NZ383,9,mud,0.6867603736594045,experimental
NZ384,9,mud,0.6900836523464621,experimental
NZ385,9,mud,0.8551406139483516,experimental
NZ386,9,mud,0.7577895615219171,experimental
NZ387,9,mud,0.8981711469429801,experimental
NZ388,9,mud,0.7992470724878812,experimental
NZ389,9,mud,0.7619522664561742,experimental
NZ390,9,mud,0.8374424204427802,experimental
NZ391,9,mud,0.7992470724878812,experimental
NZ392,9,mud,0.904855704310834,experimental
NZ393,9,mud,0.7992470724878812,experimental
NZ394,9,mud,0.8831668346761586,experimental
NZ395,9,mud,0.6470089198688156,experimental
NZ396,9,mud,0.8276868993282845,experimental
NZ397,9,mud,0.8275937776271293,experimental
NZ398,9,mud,0.8037076773757305,experimental
NZ399,9,mud,0.49013224548479467,experimental
NZ400,9,mud,0.560903801849358,experimental
NZ401,9,mud,0.6470089198688156,experimental
NZ402,9,mud,0.6576031351272937,experimental
NZ403,9,mud,0.46156282250677994,experimental
NZ404,9,mud,0.6576031351272937,experimental
NZ405,9,mud,0.5724894485798816,experimental
NZ406,9,mud,0.6470089198688156,experimental
NZ407,9,mud,0.6576031351272937,experimental
NZ408,9,mud,0.6576031351272937,experimental
NZ409,9,mud,0.5924819064817838,experimental
NZ410,9,mud,0.5134483155899526,experimental
NZ411,9,mud,0.570711861229325,experimental
NZ412,9,mud,0.6576031351272937,experimental
NZ413,9,mud,0.6173114363371086,experimental
NZ414,9,mud,0.5473909621023025,experimental
NZ415,9,mud,0.5509612100361867,experimental
NZ416,9,mud,0.6427310269175779,experimental
NZ417,9,mud,0.5723277068695686,experimental
NZ418,9,mud,0.591849075073115,experimental
NZ419,9,mud,0.5816739788511487,experimental
NZ420,9,mud,0.4656317521658723,experimental
NZ421,9,mud,0.8703022682933208,experimental
NZ422,9,mud,0.8201017846688992,experimental
NZ423,9,mud,0.8201017846688992,experimental
NZ424,9,mud,0.8761612957350323,experimental
NZ425,9,mud,0.8761612957350323,experimental
NZ426,9,mud,0.8042861929365449,experimental
NZ427,9,mud,0.866168353817788,experimental
NZ428,9,mud,0.7823781932097715,experimental
NZ429,9,mud,0.8201017846688992,experimental
NZ430,9,mud,0.7781724635951648,experimental
NZ431,9,mud,0.8568062715725214,experimental
NZ432,9,mud,0.8332676600147493,experimental
NZ433,9,mud,0.8313439643654807,experimental
NZ434,9,mud,0.8313439643654807,experimental
NZ435,9,mud,0.749012110670613,experimental
NZ436,9,mud,0.8203372001144673,experimental
NZ437,9,mud,0.7504093482238743,experimental
NZ438,9,mud,0.8236446443777963,experimental
NZ439,9,mud,0.8944415645014548,experimental
NZ440,9,mud,0.8257711911650695,experimental
NZ441,9,mud,0.9134397592615168,experimental
NZ442,9,mud,0.8322592088644307,experimental
NZ443,9,mud,0.8462902009841283,experimental
NZ444,9,mud,0.8805749056193164,experimental
NZ445,9,mud,0.8078995732629151,experimental
NZ446,9,mud,0.8037076773757305,experimental
NZ447,9,mud,0.8770851396936169,experimental
NZ448,9,mud,0.8037076773757305,experimental
NZ449,9,mud,0.8037076773757305,experimental
NZ450,9,mud,0.7674405922228315,experimental
NZ451,9,mud,0.7992470724878812,experimental
NZ452,9,mud,0.7992470724878812,experimental
NZ453,9,mud,0.7992470724878812,experimental
NZ454,9,mud,0.8264556048578094,experimental
NZ455,9,mud,0.868082546753681,experimental
NZ456,9,mud,0.8758415998136345,experimental
NZ457,9,mud,0.8244902755804464,experimental
NZ458,9,mud,0.7899230753450022,experimental
NZ459,9,mud,0.8527033483283275,experimental
NZ460,9,mud,0.8405226320397723,experimental
NZ461,9,mud,0.8284642134852195,experimental
NZ462,9,mud,0.8981711469429801,experimental
NZ463,9,mud,0.8641435597236652,experimental
NZ464,9,mud,0.9164737343381658,experimental
NZ465,9,mud,0.9164737343381658,experimental
NZ466,9,mud,0.8981711469429801,experimental
NZ467,9,mud,0.904855704310834,experimental
NZ468,9,mud,0.9104762494573868,experimental
NZ469,9,mud,0.8145924135903504,experimental
NZ470,9,mud,0.7995481196237972,experimental
NZ471,9,mud,0.7212769067929367,experimental
NZ472,9,mud,0.823179365657563,experimental
NZ473,9,mud,0.8151462774807864,experimental
NZ474,9,mud,0.8631097126362077,experimental
NZ475,9,mud,0.8201017846688992,experimental
NZ476,9,mud,0.8318693321423761,experimental
NZ477,9,mud,0.8201017846688992,experimental
NZ478,9,mud,0.8198003515353715,experimental
NZ479,9,mud,0.8201017846688992,experimental
NZ480,9,mud,0.916109159164211,experimental
NZ481,9,mud,0.6645304100447508,experimental
NZ482,9,mud,0.7211580087541292,experimental
NZ483,9,mud,0.7855046909103488,experimental
NZ484,9,mud,0.7376174382311667,experimental
NZ485,9,mud,0.7646907797210455,experimental
NZ486,9,mud,0.7736623297282541,experimental
NZ487,9,mud,0.7479451248790598,experimental
NZ488,9,mud,0.7646907797210455,experimental
NZ489,9,mud,0.7646907797210455,experimental
NZ490,9,mud,0.8690197722835403,experimental
NZ491,9,mud,0.8806459476397215,experimental
NZ492,9,mud,0.8981711469429801,experimental
NZ493,9,mud,0.916109159164211,experimental
NZ494,9,mud,0.8987299008213941,experimental
NZ495,9,mud,0.9014421341632995,experimental
NZ496,9,mud,0.9247683001135398,experimental
NZ497,9,mud,0.9270026897193262,experimental
NZ498,9,mud,0.8941444290995395,experimental
NZ499,9,mud,0.896625467496633,experimental
NZ500,9,mud,0.916109159164211,experimental
NZ001,10,overall_good,0.985168732871214,experimental
NZ002,10,overall_good,0.9891313357707802,experimental
NZ003,10,overall_good,0.9808941765709459,experimental
NZ004,10,overall_good,0.9886320325766612,experimental
NZ005,10,overall_good,0.9823598541998195,experimental
NZ006,10,overall_good,0.9775076927045967,experimental
NZ007,10,overall_good,0.9889906572831512,experimental
NZ008,10,overall_good,0.9820350922931214,experimental
NZ009,10,overall_good,0.979791939519241,experimental
NZ010,10,overall_good,0.9879572655509777,experimental
NZ011,10,overall_good,0.988955707161468,experimental
NZ012,10,overall_good,0.9804409695774478,experimental
NZ013,10,overall_good,0.9794422532910687,experimental
NZ014,10,overall_good,0.9843614335827997,experimental
NZ015,10,overall_good,0.9770233516855433,experimental
NZ016,10,overall_good,0.9793804726219668,experimental
NZ017,10,overall_good,0.9798252706535632,experimental
NZ018,10,overall_good,0.9801813726686457,experimental
NZ019,10,overall_good,0.9768901522796083,experimental
NZ020,10,overall_good,0.9883265133358107,experimental
NZ021,10,overall_good,0.9799699080393144,experimental
NZ022,10,overall_good,0.9784061503162447,experimental
NZ023,10,overall_good,0.9809197056951217,experimental
NZ024,10,overall_good,0.9832807227249919,experimental
NZ025,10,overall_good,0.9810533785887735,experimental
NZ026,10,overall_good,0.9810260762279384,experimental
NZ027,10,overall_good,0.9788995382495432,experimental
NZ028,10,overall_good,0.9879269111309762,experimental
NZ029,10,overall_good,0.9868427896149924,experimental
NZ030,10,overall_good,0.9892474446287541,experimental
NZ031,10,overall_good,0.9793524733825563,experimental
NZ032,10,overall_good,0.9805826048367818,experimental
NZ033,10,overall_good,0.9808209724489612,experimental
NZ034,10,overall_good,0.9767472160926289,experimental
NZ035,10,overall_good,0.9798457443330973,experimental
NZ036,10,overall_good,0.9767338210869433,experimental
NZ037,10,overall_good,0.9817867693621496,experimental
NZ038,10,overall_good,0.9783692991677978,experimental
NZ039,10,overall_good,0.9789229131442155,experimental
NZ040,10,overall_good,0.981160753910478,experimental
NZ041,10,overall_good,0.9803858689426692,experimental
NZ042,10,overall_good,0.9813465626546284,experimental
NZ043,10,overall_good,0.978202475617706,experimental
NZ044,10,overall_good,0.9768459565879092,experimental
NZ045,10,overall_good,0.9761200290489842,experimental
NZ046,10,overall_good,0.9793972703354916,experimental
NZ047,10,overall_good,0.9815636602093003,experimental
NZ048,10,overall_good,0.9833282443982216,experimental
NZ049,10,overall_good,0.9819022722742148,experimental
NZ050,10,overall_good,0.9818723560015099,experimental
NZ051,10,overall_good,0.9823897720144763,experimental
NZ052,10,overall_good,0.9872426831665022,experimental
NZ053,10,overall_good,0.9800120768721956,experimental
NZ054,10,overall_good,0.9890497658187358,experimental
NZ055,10,overall_good,0.9879278569804463,experimental
NZ056,10,overall_good,0.9890896410425248,experimental
NZ057,10,overall_good,0.9806185786198939,experimental
NZ058,10,overall_good,0.9827175138912051,experimental
NZ059,10,overall_good,0.9832649830240858,experimental
NZ060,10,overall_good,0.9829819316997226,experimental
NZ061,10,overall_good,0.9792472640260984,experimental
NZ062,10,overall_good,0.9833951873139954,experimental
NZ063,10,overall_good,0.9822881783884525,experimental
NZ064,10,overall_good,0.9816791763587452,experimental
NZ065,10,overall_good,0.9826895766795932,experimental
NZ066,10,overall_good,0.9816909301670221,experimental
NZ067,10,overall_good,0.9828803683222733,experimental
NZ068,10,overall_good,0.9828128575981538,experimental
NZ069,10,overall_good,0.983384120826452,experimental
NZ070,10,overall_good,0.9823619760165846,experimental
NZ071,10,overall_good,0.9829085166197753,experimental
NZ072,10,overall_good,0.980986723484057,experimental
NZ073,10,overall_good,0.9823519281181883,experimental
NZ074,10,overall_good,0.9827517288034945,experimental
NZ075,10,overall_good,0.9798311073269127,experimental
NZ076,10,overall_good,0.9806085103888064,experimental
NZ077,10,overall_good,0.9798397463256059,experimental
NZ078,10,overall_good,0.9800049697487236,experimental
NZ079,10,overall_good,0.9807691331812575,experimental
NZ080,10,overall_good,0.9806128330163754,experimental
NZ081,10,overall_good,0.9794074003407148,experimental
NZ082,10,overall_good,0.9806548243434497,experimental
NZ083,10,overall_good,0.9799531048619529,experimental
NZ084,10,overall_good,0.9802096697453526,experimental
NZ085,10,overall_good,0.9805674882929976,experimental
NZ086,10,overall_good,0.9792524195090567,experimental
NZ087,10,overall_good,0.9792868992276366,experimental
NZ088,10,overall_good,0.9787941562750895,experimental
NZ089,10,overall_good,0.9782757263578626,experimental
NZ090,10,overall_good,0.9796172596631346,experimental
NZ091,10,overall_good,0.9791420639852748,experimental
NZ092,10,overall_good,0.979559614410409,experimental
NZ093,10,overall_good,0.976431062998801,experimental
NZ094,10,overall_good,0.9793543795428488,experimental
NZ095,10,overall_good,0.9792568564811033,experimental
NZ096,10,overall_good,0.9761428596966552,experimental
NZ097,10,overall_good,0.982329024594427,experimental
NZ098,10,overall_good,0.9824137203065557,experimental
NZ099,10,overall_good,0.9799530691783492,experimental
NZ100,10,overall_good,0.9812705923874844,experimental
NZ101,10,overall_good,0.9790253459318334,experimental
NZ102,10,overall_good,0.9799035123608792,experimental
NZ103,10,overall_good,0.9767828130417772,experimental
NZ104,10,overall_good,0.9799783864489122,experimental
NZ105,10,overall_good,0.9781808918889111,experimental
NZ106,10,overall_good,0.9765063768009535,experimental
NZ107,10,overall_good,0.9829716402917362,experimental
NZ108,10,overall_good,0.9829688486736953,experimental
NZ109,10,overall_good,0.9815598783798876,experimental
NZ110,10,overall_good,0.9820629044892101,experimental
NZ111,10,overall_good,0.9801710883512957,experimental
NZ112,10,overall_good,0.9818713338490611,experimental
NZ113,10,overall_good,0.981313569824239,experimental
NZ114,10,overall_good,0.98187174289569,experimental
NZ115,10,overall_good,0.9879309622367146,experimental
NZ116,10,overall_good,0.9883435856480643,experimental
NZ117,10,overall_good,0.9890686707717949,experimental
NZ118,10,overall_good,0.9867027781469901,experimental
NZ119,10,overall_good,0.9823715415978997,experimental
NZ120,10,overall_good,0.9786609237351374,experimental
NZ121,10,overall_good,0.9798763279311784,experimental
NZ122,10,overall_good,0.9809084387176619,experimental
NZ123,10,overall_good,0.9802649261549323,experimental
NZ124,10,overall_good,0.975898338252221,experimental
NZ125,10,overall_good,0.9795067450147262,experimental
NZ126,10,overall_good,0.9809073993379903,experimental
NZ127,10,overall_good,0.9813633305445044,experimental
NZ128,10,overall_good,0.9773564175010052,experimental
NZ129,10,overall_good,0.9815406495006914,experimental
NZ130,10,overall_good,0.9801454261592732,experimental
NZ131,10,overall_good,0.9794267545461804,experimental
NZ132,10,overall_good,0.9813884565092538,experimental
NZ133,10,overall_good,0.9822910435708662,experimental
NZ134,10,overall_good,0.9886383033635201,experimental
NZ135,10,overall_good,0.9886633086159137,experimental
NZ136,10,overall_good,0.9883238180763253,experimental
NZ137,10,overall_good,0.980648246650822,experimental
NZ138,10,overall_good,0.9795141752146814,experimental
NZ139,10,overall_good,0.9794432182673284,experimental
NZ140,10,overall_good,0.9811661377592036,experimental
NZ141,10,overall_good,0.9818267978908936,experimental
NZ142,10,overall_good,0.9763944403661625,experimental
NZ143,10,overall_good,0.9789993352584313,experimental
NZ144,10,overall_good,0.9788791339605493,experimental
NZ145,10,overall_good,0.9800835367113726,experimental
NZ146,10,overall_good,0.980182830288594,experimental
NZ147,10,overall_good,0.977017263451435,experimental
NZ148,10,overall_good,0.979040139196068,experimental
NZ149,10,overall_good,0.9772399096378874,experimental
NZ150,10,overall_good,0.9755438345767025,experimental
NZ151,10,overall_good,0.9758248587555023,experimental
NZ152,10,overall_good,0.9759269193604614,experimental
NZ153,10,overall_good,0.9831003756951094,experimental
NZ154,10,overall_good,0.9830947438609581,experimental
NZ155,10,overall_good,0.982464636148754,experimental
NZ156,10,overall_good,0.9831299120251458,experimental
NZ157,10,overall_good,0.9830855884770909,experimental
NZ158,10,overall_good,0.9831046885058521,experimental
NZ159,10,overall_good,0.982935892641595,experimental
NZ160,10,overall_good,0.9830835654764263,experimental
NZ161,10,overall_good,0.9837915923768807,experimental
NZ162,10,overall_good,0.983097708525675,experimental
NZ163,10,overall_good,0.9824840232739774,experimental
NZ164,10,overall_good,0.984245833371823,experimental
NZ165,10,overall_good,0.9841645381857965,experimental
NZ166,10,overall_good,0.9889897049464685,experimental
NZ167,10,overall_good,0.989363034152025,experimental
NZ168,10,overall_good,0.9872847317452368,experimental
NZ169,10,overall_good,0.9890215822632518,experimental
NZ170,10,overall_good,0.9890362372075583,experimental
NZ171,10,overall_good,0.9882578399355655,experimental
NZ172,10,overall_good,0.9883447182494922,experimental
NZ173,10,overall_good,0.9879184247386715,experimental
NZ174,10,overall_good,0.9785927257803738,experimental
NZ175,10,overall_good,0.9786105417227655,experimental
NZ176,10,overall_good,0.9811881762755911,experimental
NZ177,10,overall_good,0.9829449725173641,experimental
NZ178,10,overall_good,0.9825113978620115,experimental
NZ179,10,overall_good,0.9818566455190099,experimental
NZ180,10,overall_good,0.9824303124986178,experimental
NZ181,10,overall_good,0.9814162429926141,experimental
NZ182,10,overall_good,0.9794235040032565,experimental
NZ183,10,overall_good,0.9812901804831947,experimental
NZ184,10,overall_good,0.9807126951061712,experimental
NZ185,10,overall_good,0.9801579784817754,experimental
NZ186,10,overall_good,0.9825965381706352,experimental
NZ187,10,overall_good,0.981523732609985,experimental
NZ188,10,overall_good,0.9808282966727184,experimental
NZ189,10,overall_good,0.9819327081573657,experimental
NZ190,10,overall_good,0.9817581007116207,experimental
NZ191,10,overall_good,0.9793178027293183,experimental
NZ192,10,overall_good,0.9821490741468629,experimental
NZ193,10,overall_good,0.9795812637052831,experimental
NZ194,10,overall_good,0.9800234787513168,experimental
NZ195,10,overall_good,0.9815771325388117,experimental
NZ196,10,overall_good,0.9814853744854902,experimental
NZ197,10,overall_good,0.9819390121946878,experimental
NZ198,10,overall_good,0.9786439219123668,experimental
NZ199,10,overall_good,0.9798544764200449,experimental
NZ200,10,overall_good,0.9807072408013991,experimental
NZ201,10,overall_good,0.9808730978913933,experimental
NZ202,10,overall_good,0.9801472598768775,experimental
NZ203,10,overall_good,0.9793640858413192,experimental
NZ204,10,overall_good,0.9793973633393483,experimental
NZ205,10,overall_good,0.9798161360338982,experimental
NZ206,10,overall_good,0.9778946158973112,experimental
NZ207,10,overall_good,0.980395431011196,experimental
NZ208,10,overall_good,0.9791411555575432,experimental
NZ209,10,overall_good,0.9794547195456856,experimental
NZ210,10,overall_good,0.9801398589282273,experimental
NZ211,10,overall_good,0.9798197059828615,experimental
NZ212,10,overall_good,0.9809046670792713,experimental
NZ213,10,overall_good,0.9800185480746378,experimental
NZ214,10,overall_good,0.9798076906676825,experimental
NZ215,10,overall_good,0.9806302339150346,experimental
NZ216,10,overall_good,0.980664877201676,experimental
NZ217,10,overall_good,0.979953900698386,experimental
NZ218,10,overall_good,0.980341024139906,experimental
NZ219,10,overall_good,0.9797488515957248,experimental
NZ220,10,overall_good,0.9764328146013089,experimental
NZ221,10,overall_good,0.9789308269376353,experimental
NZ222,10,overall_good,0.9800241925182076,experimental
NZ223,10,overall_good,0.9796851130076268,experimental
NZ224,10,overall_good,0.9796055897021045,experimental
NZ225,10,overall_good,0.980345447564956,experimental
NZ226,10,overall_good,0.9808853880276525,experimental
NZ227,10,overall_good,0.9799740123150231,experimental
NZ228,10,overall_good,0.9786105253928804,experimental
NZ229,10,overall_good,0.9798681212691052,experimental
NZ230,10,overall_good,0.9813280290169352,experimental
NZ231,10,overall_good,0.978774384188831,experimental
NZ232,10,overall_good,0.9786825766651314,experimental
NZ233,10,overall_good,0.9787385118762265,experimental
NZ234,10,overall_good,0.9804994278137016,experimental
NZ235,10,overall_good,0.9806493008371584,experimental
NZ236,10,overall_good,0.9806503776639718,experimental
NZ237,10,overall_good,0.9789592755668522,experimental
NZ238,10,overall_good,0.9798263938570811,experimental
NZ239,10,overall_good,0.977006415783794,experimental
NZ240,10,overall_good,0.9798825653660079,experimental
NZ241,10,overall_good,0.9797742721557948,experimental
NZ242,10,overall_good,0.9804651701368499,experimental
NZ243,10,overall_good,0.9806028119772342,experimental
NZ244,10,overall_good,0.9772249997173967,experimental
NZ245,10,overall_good,0.9761644584441995,experimental
NZ246,10,overall_good,0.9884048510380236,experimental
NZ247,10,overall_good,0.9890225611512904,experimental
NZ248,10,overall_good,0.9879624894038515,experimental
NZ249,10,overall_good,0.9890488861375376,experimental
NZ250,10,overall_good,0.9890677705626559,experimental
NZ251,10,overall_good,0.9870774213944977,experimental
NZ252,10,overall_good,0.9883253159753838,experimental
NZ253,10,overall_good,0.9886425892669932,experimental
NZ254,10,overall_good,0.9881583021620907,experimental
NZ255,10,overall_good,0.9887757568587306,experimental
NZ256,10,overall_good,0.9890327430149932,experimental
NZ257,10,overall_good,0.9883925137648188,experimental
NZ258,10,overall_good,0.9883712425567215,experimental
NZ259,10,overall_good,0.9884102212083308,experimental
NZ260,10,overall_good,0.9883949525210682,experimental
NZ261,10,overall_good,0.9883489036497558,experimental
NZ262,10,overall_good,0.9891179785670295,experimental
NZ263,10,overall_good,0.9879253720459937,experimental
NZ264,10,overall_good,0.9868850147050163,experimental
NZ265,10,overall_good,0.9803572442787497,experimental
NZ266,10,overall_good,0.9802057046522271,experimental
NZ267,10,overall_good,0.9802945091689763,experimental
NZ268,10,overall_good,0.9813517481485118,experimental
NZ269,10,overall_good,0.9817040559297244,experimental
NZ270,10,overall_good,0.9753325871616838,experimental
NZ271,10,overall_good,0.9778975981236162,experimental
NZ272,10,overall_good,0.9779234326135059,experimental
NZ273,10,overall_good,0.9804897125394428,experimental
NZ274,10,overall_good,0.9800098841490898,experimental
NZ275,10,overall_good,0.9791878902425188,experimental
NZ276,10,overall_good,0.9796980453053394,experimental
NZ277,10,overall_good,0.9833993741122439,experimental
NZ278,10,overall_good,0.9883238180763253,experimental
NZ279,10,overall_good,0.9779672408113319,experimental
NZ280,10,overall_good,0.9834030665996272,experimental
NZ281,10,overall_good,0.9792511208827248,experimental
NZ282,10,overall_good,0.98018728737403,experimental
NZ283,10,overall_good,0.9780346393127575,experimental
NZ284,10,overall_good,0.9792440157312526,experimental
NZ285,10,overall_good,0.9795847200313997,experimental
NZ286,10,overall_good,0.9790831019907132,experimental
NZ287,10,overall_good,0.9823980979922019,experimental
NZ288,10,overall_good,0.9823910790957493,experimental
NZ289,10,overall_good,0.9830885784555379,experimental
NZ290,10,overall_good,0.9820038228902878,experimental
NZ291,10,overall_good,0.9768423314611778,experimental
NZ292,10,overall_good,0.9794393403610515,experimental
NZ293,10,overall_good,0.9794163407172347,experimental
NZ294,10,overall_good,0.9757763455968731,experimental
NZ295,10,overall_good,0.9795525882387455,experimental
NZ296,10,overall_good,0.979712786340585,experimental
NZ297,10,overall_good,0.9830854658003914,experimental
NZ298,10,overall_good,0.9824819296068817,experimental
NZ299,10,overall_good,0.9812793550175393,experimental
NZ300,10,overall_good,0.980562780140073,experimental
NZ301,10,overall_good,0.9796488206196838,experimental
NZ302,10,overall_good,0.9767881377302565,experimental
NZ303,10,overall_good,0.9767557065480066,experimental
NZ304,10,overall_good,0.9789414297479224,experimental
NZ305,10,overall_good,0.9789792414775444,experimental
NZ306,10,overall_good,0.9768646369576675,experimental
NZ307,10,overall_good,0.9783223923049563,experimental
NZ308,10,overall_good,0.9803673108559384,experimental
NZ309,10,overall_good,0.9768183369315137,experimental
NZ310,10,overall_good,0.9789327344751024,experimental
NZ311,10,overall_good,0.9757445758198715,experimental
NZ312,10,overall_good,0.9801696439682528,experimental
NZ313,10,overall_good,0.9781928026048096,experimental
NZ314,10,overall_good,0.9791593428042052,experimental
NZ315,10,overall_good,0.9794715862577473,experimental
NZ316,10,overall_good,0.9789008788413184,experimental
NZ317,10,overall_good,0.9781245120875837,experimental
NZ318,10,overall_good,0.983081993044532,experimental
NZ319,10,overall_good,0.9788096445316204,experimental
NZ320,10,overall_good,0.976022850531966,experimental
NZ321,10,overall_good,0.9790168504778358,experimental
NZ322,10,overall_good,0.9790574998329855,experimental
NZ323,10,overall_good,0.9797477081795283,experimental
NZ324,10,overall_good,0.9786444538300277,experimental
NZ325,10,overall_good,0.9781641787817166,experimental
NZ326,10,overall_good,0.9774608358165577,experimental
NZ327,10,overall_good,0.9791880024782879,experimental
NZ328,10,overall_good,0.9775597793197374,experimental
NZ329,10,overall_good,0.9760671096706202,experimental
NZ330,10,overall_good,0.9774490588994931,experimental
NZ331,10,overall_good,0.9795151691315706,experimental
NZ332,10,overall_good,0.9801758661682478,experimental
NZ333,10,overall_good,0.9801290519792072,experimental
NZ334,10,overall_good,0.9814013436809915,experimental
NZ335,10,overall_good,0.9801321629416047,experimental
NZ336,10,overall_good,0.9788622643536959,experimental
NZ337,10,overall_good,0.977819555402047,experimental
NZ338,10,overall_good,0.9806479822960712,experimental
NZ339,10,overall_good,0.9814010316380664,experimental
NZ340,10,overall_good,0.9794691272127451,experimental
NZ341,10,overall_good,0.9799650724491458,experimental
NZ342,10,overall_good,0.9823602033494463,experimental
NZ343,10,overall_good,0.9801503191390116,experimental
NZ344,10,overall_good,0.9819460403329562,experimental
NZ345,10,overall_good,0.9818524628251946,experimental
NZ346,10,overall_good,0.9802135288237901,experimental
NZ347,10,overall_good,0.978662892343947,experimental
NZ348,10,overall_good,0.9819382671231307,experimental
NZ349,10,overall_good,0.9786815229241328,experimental
NZ350,10,overall_good,0.9777211391448406,experimental
NZ351,10,overall_good,0.9773123753148912,experimental
NZ352,10,overall_good,0.9798604964621875,experimental
NZ353,10,overall_good,0.9785745621380226,experimental
NZ354,10,overall_good,0.9786788706597033,experimental
NZ355,10,overall_good,0.9814070616900308,experimental
NZ356,10,overall_good,0.9772429281836705,experimental
NZ357,10,overall_good,0.9782104632955793,experimental
NZ358,10,overall_good,0.9825887520662935,experimental
NZ359,10,overall_good,0.9830714614271698,experimental
NZ360,10,overall_good,0.9790801363791362,experimental
NZ361,10,overall_good,0.982479849122725,experimental
NZ362,10,overall_good,0.9807430261522193,experimental
NZ363,10,overall_good,0.9822948736978075,experimental
NZ364,10,overall_good,0.9792843717263343,experimental
NZ365,10,overall_good,0.9824374554786972,experimental
NZ366,10,overall_good,0.9830694237813631,experimental
NZ367,10,overall_good,0.9814276166817986,experimental
NZ368,10,overall_good,0.9812892818221028,experimental
NZ369,10,overall_good,0.9801697840972602,experimental
NZ370,10,overall_good,0.9842950796449683,experimental
NZ371,10,overall_good,0.9779756136524808,experimental
NZ372,10,overall_good,0.9802749447028796,experimental
NZ373,10,overall_good,0.9813546790848199,experimental
NZ374,10,overall_good,0.9816886236208192,experimental
NZ375,10,overall_good,0.9781550054919331,experimental
NZ376,10,overall_good,0.9803299525011625,experimental
NZ377,10,overall_good,0.9795748535960586,experimental
NZ378,10,overall_good,0.9803599009456606,experimental
NZ379,10,overall_good,0.9794943687720673,experimental
NZ380,10,overall_good,0.9789616173940136,experimental
NZ381,10,overall_good,0.9788657704080531,experimental
NZ382,10,overall_good,0.9796278450714526,experimental
NZ383,10,overall_good,0.9818004209512357,experimental
NZ384,10,overall_good,0.9817999836523817,experimental
NZ385,10,overall_good,0.9791160461191166,experimental
NZ386,10,overall_good,0.9810988476056959,experimental
NZ387,10,overall_good,0.9806426622165624,experimental
NZ388,10,overall_good,0.9798734715216709,experimental
NZ389,10,overall_good,0.9817255023443496,experimental
NZ390,10,overall_good,0.9789067222440367,experimental
NZ391,10,overall_good,0.9798392573101792,experimental
NZ392,10,overall_good,0.979392721058841,experimental
NZ393,10,overall_good,0.9798292274405925,experimental
NZ394,10,overall_good,0.980234885309298,experimental
NZ395,10,overall_good,0.9818784216584697,experimental
NZ396,10,overall_good,0.9824363984761575,experimental
NZ397,10,overall_good,0.9802726458743221,experimental
NZ398,10,overall_good,0.9801958877638504,experimental
NZ399,10,overall_good,0.982430177837964,experimental
NZ400,10,overall_good,0.9799033379053886,experimental
NZ401,10,overall_good,0.9818524838785339,experimental
NZ402,10,overall_good,0.981195169331974,experimental
NZ403,10,overall_good,0.9829233341585597,experimental
NZ404,10,overall_good,0.9812811610183906,experimental
NZ405,10,overall_good,0.9824509831693826,experimental
NZ406,10,overall_good,0.9818576702993383,experimental
NZ407,10,overall_good,0.9812153317125769,experimental
NZ408,10,overall_good,0.9813236344407208,experimental
NZ409,10,overall_good,0.9830119922445382,experimental
NZ410,10,overall_good,0.9824888031336532,experimental
NZ411,10,overall_good,0.9825361501718147,experimental
NZ412,10,overall_good,0.9812497443025334,experimental
NZ413,10,overall_good,0.9820903157453573,experimental
NZ414,10,overall_good,0.9819159148952264,experimental
NZ415,10,overall_good,0.9820145416187038,experimental
NZ416,10,overall_good,0.9825553088659339,experimental
NZ417,10,overall_good,0.9825732177590057,experimental
NZ418,10,overall_good,0.9823018977107156,experimental
NZ419,10,overall_good,0.9787435772857025,experimental
NZ420,10,overall_good,0.9830149521963092,experimental
NZ421,10,overall_good,0.9807856967814803,experimental
NZ422,10,overall_good,0.9795338279483299,experimental
NZ423,10,overall_good,0.9794251407878877,experimental
NZ424,10,overall_good,0.981124818054705,experimental
NZ425,10,overall_good,0.9808457685268808,experimental
NZ426,10,overall_good,0.981325683152382,experimental
NZ427,10,overall_good,0.9789919763393178,experimental
NZ428,10,overall_good,0.9794693039305472,experimental
NZ429,10,overall_good,0.9795472719402979,experimental
NZ430,10,overall_good,0.9781453285611459,experimental
NZ431,10,overall_good,0.9825370248878266,experimental
NZ432,10,overall_good,0.9793870170987221,experimental
NZ433,10,overall_good,0.9806499280015669,experimental
NZ434,10,overall_good,0.98066496013215,experimental
NZ435,10,overall_good,0.9813294569845901,experimental
NZ436,10,overall_good,0.9818810396179003,experimental
NZ437,10,overall_good,0.981395326534741,experimental
NZ438,10,overall_good,0.9813056999855376,experimental
NZ439,10,overall_good,0.9828945075687652,experimental
NZ440,10,overall_good,0.9819788551581989,experimental
NZ441,10,overall_good,0.9824068622356573,experimental
NZ442,10,overall_good,0.9825387470837957,experimental
NZ443,10,overall_good,0.981492157844976,experimental
NZ444,10,overall_good,0.9826444064696844,experimental
NZ445,10,overall_good,0.9778460415538206,experimental
NZ446,10,overall_good,0.9802583292602322,experimental
NZ447,10,overall_good,0.9778142906960802,experimental
NZ448,10,overall_good,0.98016164366519,experimental
NZ449,10,overall_good,0.9801372331283491,experimental
NZ450,10,overall_good,0.9812352350594685,experimental
NZ451,10,overall_good,0.9799300684499581,experimental
NZ452,10,overall_good,0.9798493663476241,experimental
NZ453,10,overall_good,0.9798897304795758,experimental
NZ454,10,overall_good,0.9798559437269714,experimental
NZ455,10,overall_good,0.9779358475111066,experimental
NZ456,10,overall_good,0.980647355569565,experimental
NZ457,10,overall_good,0.9799072949490165,experimental
NZ458,10,overall_good,0.9799787197482667,experimental
NZ459,10,overall_good,0.9791444368258455,experimental
NZ460,10,overall_good,0.9757563317475623,experimental
NZ461,10,overall_good,0.9799447561248658,experimental
NZ462,10,overall_good,0.9806431267745848,experimental
NZ463,10,overall_good,0.9801946036990801,experimental
NZ464,10,overall_good,0.9762666948731091,experimental
NZ465,10,overall_good,0.9762829803538403,experimental
NZ466,10,overall_good,0.9806529443034023,experimental
NZ467,10,overall_good,0.9793817833017519,experimental
NZ468,10,overall_good,0.9799131432941807,experimental
NZ469,10,overall_good,0.9810128600664835,experimental
NZ470,10,overall_good,0.9817075063088936,experimental
NZ471,10,overall_good,0.9814858882954632,experimental
NZ472,10,overall_good,0.9818779043901532,experimental
NZ473,10,overall_good,0.9813918637160104,experimental
NZ474,10,overall_good,0.9813706711409902,experimental
NZ475,10,overall_good,0.9794373946717964,experimental
NZ476,10,overall_good,0.9807378140852437,experimental
NZ477,10,overall_good,0.9794364160592215,experimental
NZ478,10,overall_good,0.9783324453168046,experimental
NZ479,10,overall_good,0.9795146826881627,experimental
NZ480,10,overall_good,0.9786116968699028,experimental
NZ481,10,overall_good,0.9817870547328748,experimental
NZ482,10,overall_good,0.9817047961380423,experimental
NZ483,10,overall_good,0.9810227515655006,experimental
NZ484,10,overall_good,0.9802042619760638,experimental
NZ485,10,overall_good,0.9805969356649861,experimental
NZ486,10,overall_good,0.9799260018563142,experimental
NZ487,10,overall_good,0.9810713153935244,experimental
NZ488,10,overall_good,0.980593385782733,experimental
NZ489,10,overall_good,0.9806781870477838,experimental
NZ490,10,overall_good,0.9797835083345746,experimental
NZ491,10,overall_good,0.9805435523402396,experimental
NZ492,10,overall_good,0.9806740006078059,experimental
NZ493,10,overall_good,0.9786913566707487,experimental
NZ494,10,overall_good,0.9793832356719678,experimental
NZ495,10,overall_good,0.9767954722655818,experimental
NZ496,10,overall_good,0.9805365470159,experimental
NZ497,10,overall_good,0.9801338736837003,experimental
NZ498,10,overall_good,0.9806232640481853,experimental
NZ499,10,overall_good,0.9764346574112897,experimental
NZ500,10,overall_good,0.9786040893146601,experimental
NZ001,10,bugs,0.5539851293659807,experimental
NZ002,10,bugs,0.34050318265065455,experimental
NZ003,10,bugs,0.4357586698008726,experimental
NZ004,10,bugs,0.346399959138958,experimental
NZ005,10,bugs,0.381844316086641,experimental
NZ006,10,bugs,0.40281759507604276,experimental
NZ007,10,bugs,0.4135404790146632,experimental
NZ008,10,bugs,0.331559108318082,experimental
NZ009,10,bugs,0.504861659686862,experimental
NZ010,10,bugs,0.31787898456684643,experimental
NZ011,10,bugs,0.4180518578755257,experimental
NZ012,10,bugs,0.5242644053443952,experimental
NZ013,10,bugs,0.49855727373365294,experimental
NZ014,10,bugs,0.4384880776095109,experimental
NZ015,10,bugs,0.3007977377341855,experimental
NZ016,10,bugs,0.31280611534096786,experimental
NZ017,10,bugs,0.40289156604877063,experimental
NZ018,10,bugs,0.27923853395893966,experimental
NZ019,10,bugs,0.4899583621972141,experimental
NZ020,10,bugs,0.34421286841690263,experimental
NZ021,10,bugs,0.44594129994008547,experimental
NZ022,10,bugs,0.2936189738113093,experimental
NZ023,10,bugs,0.470054268884353,experimental
NZ024,10,bugs,0.46432029102473105,experimental
NZ025,10,bugs,0.5011715009181096,experimental
NZ026,10,bugs,0.5008992339221132,experimental
NZ027,10,bugs,0.28885542715288803,experimental
NZ028,10,bugs,0.3058352699896055,experimental
NZ029,10,bugs,0.521445849730058,experimental
NZ030,10,bugs,0.4112349877409712,experimental
NZ031,10,bugs,0.31772421225563224,experimental
NZ032,10,bugs,0.35228768367108176,experimental
NZ033,10,bugs,0.3175600738248804,experimental
NZ034,10,bugs,0.3948420306190219,experimental
NZ035,10,bugs,0.26029990404519515,experimental
NZ036,10,bugs,0.3902226845947025,experimental
NZ037,10,bugs,0.27548655432042546,experimental
NZ038,10,bugs,0.28794105737312825,experimental
NZ039,10,bugs,0.2950948516819791,experimental
NZ040,10,bugs,0.5170067290156944,experimental
NZ041,10,bugs,0.2934571078984077,experimental
NZ042,10,bugs,0.32055454378526876,experimental
NZ043,10,bugs,0.2598644824369684,experimental
NZ044,10,bugs,0.3948420306190219,experimental
NZ045,10,bugs,0.4987149540017934,experimental
NZ046,10,bugs,0.31280611534096786,experimental
NZ047,10,bugs,0.5222807435590637,experimental
NZ048,10,bugs,0.35308321604709336,experimental
NZ049,10,bugs,0.2902726371013805,experimental
NZ050,10,bugs,0.2842912328170275,experimental
NZ051,10,bugs,0.23755346337130548,experimental
NZ052,10,bugs,0.34036555253247086,experimental
NZ053,10,bugs,0.5276116180214904,experimental
NZ054,10,bugs,0.3343579124157012,experimental
NZ055,10,bugs,0.3171218262246775,experimental
NZ056,10,bugs,0.36727040282477874,experimental
NZ057,10,bugs,0.32663392716168244,experimental
NZ058,10,bugs,0.5233394864081338,experimental
NZ059,10,bugs,0.33534894577699303,experimental
NZ060,10,bugs,0.4715891963832094,experimental
NZ061,10,bugs,0.32312575784261127,experimental
NZ062,10,bugs,0.46002330335336583,experimental
NZ063,10,bugs,0.3459598381593947,experimental
NZ064,10,bugs,0.30165711834121184,experimental
NZ065,10,bugs,0.5233394864081338,experimental
NZ066,10,bugs,0.30165711834121184,experimental
NZ067,10,bugs,0.28987942037384923,experimental
NZ068,10,bugs,0.28987942037384923,experimental
NZ069,10,bugs,0.35328992543356813,experimental
NZ070,10,bugs,0.33905070713869556,experimental
NZ071,10,bugs,0.5233394864081338,experimental
NZ072,10,bugs,0.5220843916166434,experimental
NZ073,10,bugs,0.4330221228032172,experimental
NZ074,10,bugs,0.5233394864081338,experimental
NZ075,10,bugs,0.2758360901363094,experimental
NZ076,10,bugs,0.30259165766423296,experimental
NZ077,10,bugs,0.2746968358388161,experimental
NZ078,10,bugs,0.2856459372434846,experimental
NZ079,10,bugs,0.3209291521863996,experimental
NZ080,10,bugs,0.29673824196452864,experimental
NZ081,10,bugs,0.31280611534096786,experimental
NZ082,10,bugs,0.29673824196452864,experimental
NZ083,10,bugs,0.5349472860782701,experimental
NZ084,10,bugs,0.2765905537942146,experimental
NZ085,10,bugs,0.43645262658397804,experimental
NZ086,10,bugs,0.24200635470441556,experimental
NZ087,10,bugs,0.24227752923644438,experimental
NZ088,10,bugs,0.4624796879175662,experimental
NZ089,10,bugs,0.2526003890127073,experimental
NZ090,10,bugs,0.23931522354151902,experimental
NZ091,10,bugs,0.2645342901760239,experimental
NZ092,10,bugs,0.405815892753574,experimental
NZ093,10,bugs,0.3622986436289402,experimental
NZ094,10,bugs,0.35664403162944003,experimental
NZ095,10,bugs,0.22753253671764842,experimental
NZ096,10,bugs,0.35869509071311423,experimental
NZ097,10,bugs,0.5233860610671505,experimental
NZ098,10,bugs,0.2371144934924514,experimental
NZ099,10,bugs,0.4804352962555427,experimental
NZ100,10,bugs,0.25646536680383386,experimental
NZ101,10,bugs,0.31100206576763734,experimental
NZ102,10,bugs,0.442043753950784,experimental
NZ103,10,bugs,0.2590864105897853,experimental
NZ104,10,bugs,0.31722317415809026,experimental
NZ105,10,bugs,0.2651553568203039,experimental
NZ106,10,bugs,0.3219299017244182,experimental
NZ107,10,bugs,0.2786660849298213,experimental
NZ108,10,bugs,0.26563325097653706,experimental
NZ109,10,bugs,0.31035082212164083,experimental
NZ110,10,bugs,0.43869311010975237,experimental
NZ111,10,bugs,0.2985632972112021,experimental
NZ112,10,bugs,0.2508281567607136,experimental
NZ113,10,bugs,0.3014021452130079,experimental
NZ114,10,bugs,0.26720941069919896,experimental
NZ115,10,bugs,0.31592972590830587,experimental
NZ116,10,bugs,0.351162214619513,experimental
NZ117,10,bugs,0.33867833400250025,experimental
NZ118,10,bugs,0.5236242580062261,experimental
NZ119,10,bugs,0.2724311422346726,experimental
NZ120,10,bugs,0.27918861365872216,experimental
NZ121,10,bugs,0.26574377675910854,experimental
NZ122,10,bugs,0.4163491346028873,experimental
NZ123,10,bugs,0.5349472860782701,experimental
NZ124,10,bugs,0.486195888055417,experimental
NZ125,10,bugs,0.5286736044405058,experimental
NZ126,10,bugs,0.4118946953428879,experimental
NZ127,10,bugs,0.28173995447867606,experimental
NZ128,10,bugs,0.4899583621972141,experimental
NZ129,10,bugs,0.3154234473217932,experimental
NZ130,10,bugs,0.2985632972112021,experimental
NZ131,10,bugs,0.2672539710676976,experimental
NZ132,10,bugs,0.28173995447867606,experimental
NZ133,10,bugs,0.2882581573026198,experimental
NZ134,10,bugs,0.32135459610228995,experimental
NZ135,10,bugs,0.2956510489272581,experimental
NZ136,10,bugs,0.34421286841690263,experimental
NZ137,10,bugs,0.4350393273513168,experimental
NZ138,10,bugs,0.3185788575182564,experimental
NZ139,10,bugs,0.2710341668992328,experimental
NZ140,10,bugs,0.23613642287828132,experimental
NZ141,10,bugs,0.5102714057372038,experimental
NZ142,10,bugs,0.40341492218100805,experimental
NZ143,10,bugs,0.49646307788474536,experimental
NZ144,10,bugs,0.4135082289307752,experimental
NZ145,10,bugs,0.2884969177700809,experimental
NZ146,10,bugs,0.30240763493784467,experimental
NZ147,10,bugs,0.2696792990471637,experimental
NZ148,10,bugs,0.29829329039681185,experimental
NZ149,10,bugs,0.3303419122726069,experimental
NZ150,10,bugs,0.3675929066493191,experimental
NZ151,10,bugs,0.24083142197247756,experimental
NZ152,10,bugs,0.3685551906088003,experimental
NZ153,10,bugs,0.3113920923464347,experimental
NZ154,10,bugs,0.3113920923464347,experimental
NZ155,10,bugs,0.2761170833601201,experimental
NZ156,10,bugs,0.33361370578935606,experimental
NZ157,10,bugs,0.3113920923464347,experimental
NZ158,10,bugs,0.3113920923464347,experimental
NZ159,10,bugs,0.5280554876506331,experimental
NZ160,10,bugs,0.3113920923464347,experimental
NZ161,10,bugs,0.4005329866609431,experimental
NZ162,10,bugs,0.3113920923464347,experimental
NZ163,10,bugs,0.2761170833601201,experimental
NZ164,10,bugs,0.3044777644725337,experimental
NZ165,10,bugs,0.525237090391214,experimental
NZ166,10,bugs,0.38741259558472313,experimental
NZ167,10,bugs,0.4367167115197712,experimental
NZ168,10,bugs,0.3861156186730486,experimental
NZ169,10,bugs,0.3511328953211471,experimental
NZ170,10,bugs,0.3397434561142123,experimental
NZ171,10,bugs,0.5293385337049661,experimental
NZ172,10,bugs,0.34421286841690263,experimental
NZ173,10,bugs,0.3058352699896055,experimental
NZ174,10,bugs,0.27918861365872216,experimental
NZ175,10,bugs,0.27918861365872216,experimental
NZ176,10,bugs,0.24583191901987167,experimental
NZ177,10,bugs,0.26831722940605107,experimental
NZ178,10,bugs,0.348246633836014,experimental
NZ179,10,bugs,0.2811414170680923,experimental
NZ180,10,bugs,0.27881800215588987,experimental
NZ181,10,bugs,0.28173995447867606,experimental
NZ182,10,bugs,0.26256995429123503,experimental
NZ183,10,bugs,0.30097680149161443,experimental
NZ184,10,bugs,0.263056836721547,experimental
NZ185,10,bugs,0.31727740123982484,experimental
NZ186,10,bugs,0.31411709880242633,experimental
NZ187,10,bugs,0.31288336635910613,experimental
NZ188,10,bugs,0.27886415837033884,experimental
NZ189,10,bugs,0.2813658079363388,experimental
NZ190,10,bugs,0.5227945842173998,experimental
NZ191,10,bugs,0.434030358428766,experimental
NZ192,10,bugs,0.3142984075252755,experimental
NZ193,10,bugs,0.41923959708950154,experimental
NZ194,10,bugs,0.5000060453525071,experimental
NZ195,10,bugs,0.2844389626241223,experimental
NZ196,10,bugs,0.5140978163163191,experimental
NZ197,10,bugs,0.5102714057372038,experimental
NZ198,10,bugs,0.25019749840604577,experimental
NZ199,10,bugs,0.2417013760671218,experimental
NZ200,10,bugs,0.29042268095385176,experimental
NZ201,10,bugs,0.32825046190435825,experimental
NZ202,10,bugs,0.39826969123550815,experimental
NZ203,10,bugs,0.31280611534096786,experimental
NZ204,10,bugs,0.4958984197992722,experimental
NZ205,10,bugs,0.27820943936062437,experimental
NZ206,10,bugs,0.24035944124517478,experimental
NZ207,10,bugs,0.3405698270388523,experimental
NZ208,10,bugs,0.501045509107074,experimental
NZ209,10,bugs,0.5349472860782701,experimental
NZ210,10,bugs,0.4376118275991805,experimental
NZ211,10,bugs,0.28970063935297435,experimental
NZ212,10,bugs,0.3141120898596168,experimental
NZ213,10,bugs,0.5349472860782701,experimental
NZ214,10,bugs,0.28941521044514695,experimental
NZ215,10,bugs,0.29673824196452864,experimental
NZ216,10,bugs,0.5296681655387998,experimental
NZ217,10,bugs,0.2646408960747499,experimental
NZ218,10,bugs,0.5349472860782701,experimental
NZ219,10,bugs,0.31439774405736404,experimental
NZ220,10,bugs,0.4988536562571409,experimental
NZ221,10,bugs,0.2985961605762661,experimental
NZ222,10,bugs,0.4428569474948264,experimental
NZ223,10,bugs,0.4456880181055548,experimental
NZ224,10,bugs,0.32680987297220837,experimental
NZ225,10,bugs,0.34903751602077804,experimental
NZ226,10,bugs,0.3812942965747487,experimental
NZ227,10,bugs,0.4465492265532043,experimental
NZ228,10,bugs,0.27918861365872216,experimental
NZ229,10,bugs,0.45317539281146846,experimental
NZ230,10,bugs,0.38717860655043784,experimental
NZ231,10,bugs,0.2807068830684532,experimental
NZ232,10,bugs,0.2816035752303972,experimental
NZ233,10,bugs,0.28019268075108117,experimental
NZ234,10,bugs,0.42788076516931106,experimental
NZ235,10,bugs,0.29673824196452864,experimental
NZ236,10,bugs,0.29673824196452864,experimental
NZ237,10,bugs,0.49855727373365294,experimental
NZ238,10,bugs,0.458318440253443,experimental
NZ239,10,bugs,0.4943952702330572,experimental
NZ240,10,bugs,0.26574377675910854,experimental
NZ241,10,bugs,0.5349472860782701,experimental
NZ242,10,bugs,0.30467419030212123,experimental
NZ243,10,bugs,0.32326307541326904,experimental
NZ244,10,bugs,0.40649157577100675,experimental
NZ245,10,bugs,0.4057521590826647,experimental
NZ246,10,bugs,0.5293385337049661,experimental
NZ247,10,bugs,0.33639480959373325,experimental
NZ248,10,bugs,0.30907187350051946,experimental
NZ249,10,bugs,0.3397434561142123,experimental
NZ250,10,bugs,0.5612338757880057,experimental
NZ251,10,bugs,0.3366498800724294,experimental
NZ252,10,bugs,0.34421286841690263,experimental
NZ253,10,bugs,0.2965858004278063,experimental
NZ254,10,bugs,0.5293385337049661,experimental
NZ255,10,bugs,0.5612338757880057,experimental
NZ256,10,bugs,0.3595550836485718,experimental
NZ257,10,bugs,0.36087199841063733,experimental
NZ258,10,bugs,0.34421286841690263,experimental
NZ259,10,bugs,0.3821997523584501,experimental
NZ260,10,bugs,0.35243740022864906,experimental
NZ261,10,bugs,0.34421286841690263,experimental
NZ262,10,bugs,0.45163086852693235,experimental
NZ263,10,bugs,0.30907187350051946,experimental
NZ264,10,bugs,0.3813208973499187,experimental
NZ265,10,bugs,0.27900570309749145,experimental
NZ266,10,bugs,0.2699406424992319,experimental
NZ267,10,bugs,0.2824021500590074,experimental
NZ268,10,bugs,0.3058951655533746,experimental
NZ269,10,bugs,0.2866652007850495,experimental
NZ270,10,bugs,0.26812544725529763,experimental
NZ271,10,bugs,0.24035944124517478,experimental
NZ272,10,bugs,0.25374609281432825,experimental
NZ273,10,bugs,0.35268911620263504,experimental
NZ274,10,bugs,0.2619277174249308,experimental
NZ275,10,bugs,0.501045509107074,experimental
NZ276,10,bugs,0.2531869188022927,experimental
NZ277,10,bugs,0.3257670994740193,experimental
NZ278,10,bugs,0.34421286841690263,experimental
NZ279,10,bugs,0.2492959380945405,experimental
NZ280,10,bugs,0.32925210542644845,experimental
NZ281,10,bugs,0.501045509107074,experimental
NZ282,10,bugs,0.28650397586187815,experimental
NZ283,10,bugs,0.24337355444319192,experimental
NZ284,10,bugs,0.23145256572192327,experimental
NZ285,10,bugs,0.4165567608319938,experimental
NZ286,10,bugs,0.2914324094567989,experimental
NZ287,10,bugs,0.36050342364523774,experimental
NZ288,10,bugs,0.36240678053703096,experimental
NZ289,10,bugs,0.2654692308337995,experimental
NZ290,10,bugs,0.29421479971892667,experimental
NZ291,10,bugs,0.2720170308614408,experimental
NZ292,10,bugs,0.24734516672645418,experimental
NZ293,10,bugs,0.2610287890494648,experimental
NZ294,10,bugs,0.4987149540017934,experimental
NZ295,10,bugs,0.2542859505687765,experimental
NZ296,10,bugs,0.2523211119967906,experimental
NZ297,10,bugs,0.3113920923464347,experimental
NZ298,10,bugs,0.2761170833601201,experimental
NZ299,10,bugs,0.2583226721589553,experimental
NZ300,10,bugs,0.41276518187431005,experimental
NZ301,10,bugs,0.4558456909495675,experimental
NZ302,10,bugs,0.2497157724293037,experimental
NZ303,10,bugs,0.3948420306190219,experimental
NZ304,10,bugs,0.2950948516819791,experimental
NZ305,10,bugs,0.489118548570327,experimental
NZ306,10,bugs,0.4947963708149498,experimental
NZ307,10,bugs,0.2688541663697161,experimental
NZ308,10,bugs,0.31152868216091384,experimental
NZ309,10,bugs,0.2925254342634619,experimental
NZ310,10,bugs,0.2950948516819791,experimental
NZ311,10,bugs,0.4987149540017934,experimental
NZ312,10,bugs,0.2827710376698165,experimental
NZ313,10,bugs,0.2598644824369684,experimental
NZ314,10,bugs,0.49646307788474536,experimental
NZ315,10,bugs,0.26739778250732865,experimental
NZ316,10,bugs,0.28885542715288803,experimental
NZ317,10,bugs,0.2525732774046256,experimental
NZ318,10,bugs,0.27465581945236556,experimental
NZ319,10,bugs,0.231165125224278,experimental
NZ320,10,bugs,0.456053497700788,experimental
NZ321,10,bugs,0.3990961838188055,experimental
NZ322,10,bugs,0.3956571873232653,experimental
NZ323,10,bugs,0.2719172291360147,experimental
NZ324,10,bugs,0.3001264119421322,experimental
NZ325,10,bugs,0.39052789027568513,experimental
NZ326,10,bugs,0.2338560420658299,experimental
NZ327,10,bugs,0.4948184540343971,experimental
NZ328,10,bugs,0.2416077194797885,experimental
NZ329,10,bugs,0.26688408237220623,experimental
NZ330,10,bugs,0.23087207227383993,experimental
NZ331,10,bugs,0.2678298662755489,experimental
NZ332,10,bugs,0.49411013844325774,experimental
NZ333,10,bugs,0.2985632972112021,experimental
NZ334,10,bugs,0.28173995447867606,experimental
NZ335,10,bugs,0.2985632972112021,experimental
NZ336,10,bugs,0.28885542715288803,experimental
NZ337,10,bugs,0.39921477076626805,experimental
NZ338,10,bugs,0.26463859232980996,experimental
NZ339,10,bugs,0.28173995447867606,experimental
NZ340,10,bugs,0.26256995429123503,experimental
NZ341,10,bugs,0.41469335325601286,experimental
NZ342,10,bugs,0.2717331184251053,experimental
NZ343,10,bugs,0.2985632972112021,experimental
NZ344,10,bugs,0.4498987574698965,experimental
NZ345,10,bugs,0.5300894501352107,experimental
NZ346,10,bugs,0.41008806719491225,experimental
NZ347,10,bugs,0.27781067663578535,experimental
NZ348,10,bugs,0.5097700632351492,experimental
NZ349,10,bugs,0.28706002597644875,experimental
NZ350,10,bugs,0.35442140772314923,experimental
NZ351,10,bugs,0.3957492234547728,experimental
NZ352,10,bugs,0.2947083235015257,experimental
NZ353,10,bugs,0.2860799070350187,experimental
NZ354,10,bugs,0.2816035752303972,experimental
NZ355,10,bugs,0.3038075607091886,experimental
NZ356,10,bugs,0.4899583621972141,experimental
NZ357,10,bugs,0.27757110319069833,experimental
NZ358,10,bugs,0.423348764815561,experimental
NZ359,10,bugs,0.3113920923464347,experimental
NZ360,10,bugs,0.4973100100338754,experimental
NZ361,10,bugs,0.2761170833601201,experimental
NZ362,10,bugs,0.24731240237319904,experimental
NZ363,10,bugs,0.4792581089716984,experimental
NZ364,10,bugs,0.3423431902868244,experimental
NZ365,10,bugs,0.2476455638519939,experimental
NZ366,10,bugs,0.3113920923464347,experimental
NZ367,10,bugs,0.28173995447867606,experimental
NZ368,10,bugs,0.3479965873152395,experimental
NZ369,10,bugs,0.49411013844325774,experimental
NZ370,10,bugs,0.3255068719572765,experimental
NZ371,10,bugs,0.24337355444319192,experimental
NZ372,10,bugs,0.3078718561737469,experimental
NZ373,10,bugs,0.36219239809486503,experimental
NZ374,10,bugs,0.3669097946237993,experimental
NZ375,10,bugs,0.2622655275690154,experimental
NZ376,10,bugs,0.282104986565694,experimental
NZ377,10,bugs,0.2382898206089914,experimental
NZ378,10,bugs,0.2838533684625535,experimental
NZ379,10,bugs,0.23529187751440525,experimental
NZ380,10,bugs,0.29658755986034835,experimental
NZ381,10,bugs,0.28885542715288803,experimental
NZ382,10,bugs,0.2532174963125478,experimental
NZ383,10,bugs,0.27267624402918544,experimental
NZ384,10,bugs,0.28863089022700744,experimental
NZ385,10,bugs,0.5309666067185025,experimental
NZ386,10,bugs,0.4209567937103501,experimental
NZ387,10,bugs,0.29673824196452864,experimental
NZ388,10,bugs,0.2417013760671218,experimental
NZ389,10,bugs,0.2668010063739017,experimental
NZ390,10,bugs,0.28885542715288803,experimental
NZ391,10,bugs,0.24628146719874253,experimental
NZ392,10,bugs,0.31280611534096786,experimental
NZ393,10,bugs,0.2417013760671218,experimental
NZ394,10,bugs,0.3441273524844365,experimental
NZ395,10,bugs,0.2811414170680923,experimental
NZ396,10,bugs,0.2887219863188632,experimental
NZ397,10,bugs,0.3908978551643687,experimental
NZ398,10,bugs,0.2985632972112021,experimental
NZ399,10,bugs,0.23820572773403068,experimental
NZ400,10,bugs,0.37403573035566273,experimental
NZ401,10,bugs,0.2811414170680923,experimental
NZ402,10,bugs,0.24583191901987167,experimental
NZ403,10,bugs,0.29145826952732046,experimental
NZ404,10,bugs,0.24886367069927817,experimental
NZ405,10,bugs,0.2476455638519939,experimental
NZ406,10,bugs,0.2811414170680923,experimental
NZ407,10,bugs,0.24583191901987167,experimental
NZ408,10,bugs,0.2537073035631052,experimental
NZ409,10,bugs,0.2623830417169427,experimental
NZ410,10,bugs,0.23504333170457176,experimental
NZ411,10,bugs,0.31396370678079205,experimental
NZ412,10,bugs,0.24583191901987167,experimental
NZ413,10,bugs,0.4871263222895378,experimental
NZ414,10,bugs,0.2975799768299521,experimental
NZ415,10,bugs,0.29031842557096266,experimental
NZ416,10,bugs,0.5181053472861592,experimental
NZ417,10,bugs,0.2611400756970835,experimental
NZ418,10,bugs,0.23586425496644267,experimental
NZ419,10,bugs,0.2603047539532537,experimental
NZ420,10,bugs,0.27878042453434004,experimental
NZ421,10,bugs,0.45699687696413416,experimental
NZ422,10,bugs,0.26915563431113104,experimental
NZ423,10,bugs,0.26256995429123503,experimental
NZ424,10,bugs,0.526411950080699,experimental
NZ425,10,bugs,0.526411950080699,experimental
NZ426,10,bugs,0.2869880387752546,experimental
NZ427,10,bugs,0.48655797658690714,experimental
NZ428,10,bugs,0.27006969822810717,experimental
NZ429,10,bugs,0.26565676739027116,experimental
NZ430,10,bugs,0.2820132485069042,experimental
NZ431,10,bugs,0.5300894501352107,experimental
NZ432,10,bugs,0.3982906105706921,experimental
NZ433,10,bugs,0.26529930102075433,experimental
NZ434,10,bugs,0.26529930102075433,experimental
NZ435,10,bugs,0.3199183178128411,experimental
NZ436,10,bugs,0.40066153439249436,experimental
NZ437,10,bugs,0.31580749015921505,experimental
NZ438,10,bugs,0.3014021452130079,experimental
NZ439,10,bugs,0.44715550695140915,experimental
NZ440,10,bugs,0.2924815030818429,experimental
NZ441,10,bugs,0.34939119077782205,experimental
NZ442,10,bugs,0.2948106694464306,experimental
NZ443,10,bugs,0.28731624315868576,experimental
NZ444,10,bugs,0.26623316824504917,experimental
NZ445,10,bugs,0.3282782791177841,experimental
NZ446,10,bugs,0.3017739908881983,experimental
NZ447,10,bugs,0.4973100100338754,experimental
NZ448,10,bugs,0.2985632972112021,experimental
NZ449,10,bugs,0.2985632972112021,experimental
NZ450,10,bugs,0.35466679538093704,experimental
NZ451,10,bugs,0.24471979763439883,experimental
NZ452,10,bugs,0.2417013760671218,experimental
NZ453,10,bugs,0.24954197822993177,experimental
NZ454,10,bugs,0.2737012605113433,experimental
NZ455,10,bugs,0.24975626552362812,experimental
NZ456,10,bugs,0.43509766336752814,experimental
NZ457,10,bugs,0.33685601023628003,experimental
NZ458,10,bugs,0.27999525526716734,experimental
NZ459,10,bugs,0.2357197540365855,experimental
NZ460,10,bugs,0.464511421999636,experimental
NZ461,10,bugs,0.2651763265312253,experimental
NZ462,10,bugs,0.29673824196452864,experimental
NZ463,10,bugs,0.29055605463913303,experimental
NZ464,10,bugs,0.4757570632044646,experimental
NZ465,10,bugs,0.4914890146369611,experimental
NZ466,10,bugs,0.2991012353732737,experimental
NZ467,10,bugs,0.31280611534096786,experimental
NZ468,10,bugs,0.2702898242412008,experimental
NZ469,10,bugs,0.330439218754464,experimental
NZ470,10,bugs,0.3784039118368571,experimental
NZ471,10,bugs,0.2982873118732668,experimental
NZ472,10,bugs,0.4327465857026552,experimental
NZ473,10,bugs,0.28173995447867606,experimental
NZ474,10,bugs,0.526411950080699,experimental
NZ475,10,bugs,0.26256995429123503,experimental
NZ476,10,bugs,0.24731240237319904,experimental
NZ477,10,bugs,0.26256995429123503,experimental
NZ478,10,bugs,0.27491845114652896,experimental
NZ479,10,bugs,0.26256995429123503,experimental
NZ480,10,bugs,0.27918861365872216,experimental
NZ481,10,bugs,0.2973413711029674,experimental
NZ482,10,bugs,0.29915941134599033,experimental
NZ483,10,bugs,0.23838045030405033,experimental
NZ484,10,bugs,0.269350596773085,experimental
NZ485,10,bugs,0.2928528413565227,experimental
NZ486,10,bugs,0.2566306588071064,experimental
NZ487,10,bugs,0.24997810774465176,experimental
NZ488,10,bugs,0.2928528413565227,experimental
NZ489,10,bugs,0.29604339400086194,experimental
NZ490,10,bugs,0.29988916971663726,experimental
NZ491,10,bugs,0.36964631704823064,experimental
NZ492,10,bugs,0.29920015075348233,experimental
NZ493,10,bugs,0.2816035752303972,experimental
NZ494,10,bugs,0.32582065085966244,experimental
NZ495,10,bugs,0.4988536562571409,experimental
NZ496,10,bugs,0.44546537260086483,experimental
NZ497,10,bugs,0.4376118275991805,experimental
NZ498,10,bugs,0.3088086293458142,experimental
NZ499,10,bugs,0.4988536562571409,experimental
NZ500,10,bugs,0.27918861365872216,experimental
NZ001,10,mud,0.8994582774228836,experimental
NZ002,10,mud,0.8499739609877556,experimental
NZ003,10,mud,0.8406006020364393,experimental
NZ004,10,mud,0.823452806429003,experimental
NZ005,10,mud,0.6038749501092306,experimental
NZ006,10,mud,0.8668654050560212,experimental
NZ007,10,mud,0.8677580935683735,experimental
NZ008,10,mud,0.8762130366957807,experimental
NZ009,10,mud,0.8273951608012461,experimental
NZ010,10,mud,0.7754807564013091,experimental
NZ011,10,mud,0.8696052165058673,experimental
NZ012,10,mud,0.9074158795727434,experimental
NZ013,10,mud,0.9030475915575712,experimental
NZ014,10,mud,0.8845353886469559,experimental
NZ015,10,mud,0.8501376327627952,experimental
NZ016,10,mud,0.8891905146676412,experimental
NZ017,10,mud,0.8849937064164309,experimental
NZ018,10,mud,0.8906934301132245,experimental
NZ019,10,mud,0.9232317690038183,experimental
NZ020,10,mud,0.8292545526125074,experimental
NZ021,10,mud,0.9174977083927753,experimental
NZ022,10,mud,0.7283536361803893,experimental
NZ023,10,mud,0.7820115454298581,experimental
NZ024,10,mud,0.8755333562698853,experimental
NZ025,10,mud,0.9087117155173161,experimental
NZ026,10,mud,0.926439919460442,experimental
NZ027,10,mud,0.8057229917404608,experimental
NZ028,10,mud,0.8468407586767684,experimental
NZ029,10,mud,0.892514673540013,experimental
NZ030,10,mud,0.8516628551777958,experimental
NZ031,10,mud,0.8856202667337569,experimental
NZ032,10,mud,0.8580073943172978,experimental
NZ033,10,mud,0.8569600883874721,experimental
NZ034,10,mud,0.8696952201639583,experimental
NZ035,10,mud,0.8753745584926605,experimental
NZ036,10,mud,0.8744542129697137,experimental
NZ037,10,mud,0.7220875624058454,experimental
NZ038,10,mud,0.7274493903332435,experimental
NZ039,10,mud,0.8490102867252288,experimental
NZ040,10,mud,0.8009047575370771,experimental
NZ041,10,mud,0.8037441008974944,experimental
NZ042,10,mud,0.7906099903235219,experimental
NZ043,10,mud,0.8684293643764783,experimental
NZ044,10,mud,0.8719542129697136,experimental
NZ045,10,mud,0.8938125001997087,experimental
NZ046,10,mud,0.8891905146676412,experimental
NZ047,10,mud,0.791539191499341,experimental
NZ048,10,mud,0.8064612467568982,experimental
NZ049,10,mud,0.7009224297906297,experimental
NZ050,10,mud,0.7009224297906297,experimental
NZ051,10,mud,0.6553995498364563,experimental
NZ052,10,mud,0.8695708892877946,experimental
NZ053,10,mud,0.9255321371362308,experimental
NZ054,10,mud,0.8464037130538713,experimental
NZ055,10,mud,0.8407149551873286,experimental
NZ056,10,mud,0.8659745597159074,experimental
NZ057,10,mud,0.874502167199937,experimental
NZ058,10,mud,0.8819969976745212,experimental
NZ059,10,mud,0.8507185571335996,experimental
NZ060,10,mud,0.8416150142041997,experimental
NZ061,10,mud,0.8071141112835367,experimental
NZ062,10,mud,0.8756974602770586,experimental
NZ063,10,mud,0.8288156395560968,experimental
NZ064,10,mud,0.8453622910369326,experimental
NZ065,10,mud,0.8922813845844275,experimental
NZ066,10,mud,0.8453622910369326,experimental
NZ067,10,mud,0.8628991093459937,experimental
NZ068,10,mud,0.8628991093459937,experimental
NZ069,10,mud,0.8064612467568982,experimental
NZ070,10,mud,0.8323858874899811,experimental
NZ071,10,mud,0.8922813845844275,experimental
NZ072,10,mud,0.8954947312565277,experimental
NZ073,10,mud,0.8756025790101639,experimental
NZ074,10,mud,0.8922813845844275,experimental
NZ075,10,mud,0.9079970755511695,experimental
NZ076,10,mud,0.8668296810021523,experimental
NZ077,10,mud,0.9079970755511695,experimental
NZ078,10,mud,0.8974804002290262,experimental
NZ079,10,mud,0.8797662800481507,experimental
NZ080,10,mud,0.8786877294493913,experimental
NZ081,10,mud,0.8891905146676412,experimental
NZ082,10,mud,0.8786877294493913,experimental
NZ083,10,mud,0.908632740687088,experimental
NZ084,10,mud,0.8813588710706312,experimental
NZ085,10,mud,0.8676518056250099,experimental
NZ086,10,mud,0.7714686129146485,experimental
NZ087,10,mud,0.7714686129146485,experimental
NZ088,10,mud,0.8091151694642214,experimental
NZ089,10,mud,0.822937374369082,experimental
NZ090,10,mud,0.808514335561261,experimental
NZ091,10,mud,0.7612743549915715,experimental
NZ092,10,mud,0.8103910515717937,experimental
NZ093,10,mud,0.7719439242465209,experimental
NZ094,10,mud,0.7979945433001343,experimental
NZ095,10,mud,0.8137107017814322,experimental
NZ096,10,mud,0.8304145932621237,experimental
NZ097,10,mud,0.7011050173977507,experimental
NZ098,10,mud,0.5863753697768818,experimental
NZ099,10,mud,0.6818330743728311,experimental
NZ100,10,mud,0.6502638631404626,experimental
NZ101,10,mud,0.766478003134806,experimental
NZ102,10,mud,0.8227635006392221,experimental
NZ103,10,mud,0.6852897184062219,experimental
NZ104,10,mud,0.7359454903089019,experimental
NZ105,10,mud,0.7455725070432089,experimental
NZ106,10,mud,0.715896420931581,experimental
NZ107,10,mud,0.5582055358910003,experimental
NZ108,10,mud,0.6417231027273717,experimental
NZ109,10,mud,0.8433686810065157,experimental
NZ110,10,mud,0.8396702630869842,experimental
NZ111,10,mud,0.8422062292320173,experimental
NZ112,10,mud,0.8843296526800679,experimental
NZ113,10,mud,0.8687575815232205,experimental
NZ114,10,mud,0.8052533419951912,experimental
NZ115,10,mud,0.8468407586767684,experimental
NZ116,10,mud,0.8292545526125074,experimental
NZ117,10,mud,0.8464037130538713,experimental
NZ118,10,mud,0.8962023707724138,experimental
NZ119,10,mud,0.62216848696367,experimental
NZ120,10,mud,0.9095468246855473,experimental
NZ121,10,mud,0.8948960162108797,experimental
NZ122,10,mud,0.8479455629624888,experimental
NZ123,10,mud,0.908632740687088,experimental
NZ124,10,mud,0.9155923535771283,experimental
NZ125,10,mud,0.8971031251658022,experimental
NZ126,10,mud,0.8723642410490394,experimental
NZ127,10,mud,0.8581591946324945,experimental
NZ128,10,mud,0.909115711729391,experimental
NZ129,10,mud,0.8621008263848157,experimental
NZ130,10,mud,0.8422062292320173,experimental
NZ131,10,mud,0.8500054318011577,experimental
NZ132,10,mud,0.8581591946324945,experimental
NZ133,10,mud,0.5847688987619191,experimental
NZ134,10,mud,0.8251610395679616,experimental
NZ135,10,mud,0.8673803039044116,experimental
NZ136,10,mud,0.8292545526125074,experimental
NZ137,10,mud,0.9287744628298993,experimental
NZ138,10,mud,0.8435006371051053,experimental
NZ139,10,mud,0.7819846997917598,experimental
NZ140,10,mud,0.6851772507605557,experimental
NZ141,10,mud,0.807191428335457,experimental
NZ142,10,mud,0.869540902613334,experimental
NZ143,10,mud,0.8976397405710196,experimental
NZ144,10,mud,0.900955798972066,experimental
NZ145,10,mud,0.8597039583825449,experimental
NZ146,10,mud,0.8531474297060091,experimental
NZ147,10,mud,0.8542075104806038,experimental
NZ148,10,mud,0.8490102867252288,experimental
NZ149,10,mud,0.855277758414488,experimental
NZ150,10,mud,0.8712871426609424,experimental
NZ151,10,mud,0.7581787617940962,experimental
NZ152,10,mud,0.775961254335192,experimental
NZ153,10,mud,0.8536943133005919,experimental
NZ154,10,mud,0.8536943133005919,experimental
NZ155,10,mud,0.8638483459857098,experimental
NZ156,10,mud,0.8000064806866432,experimental
NZ157,10,mud,0.8536943133005919,experimental
NZ158,10,mud,0.8536943133005919,experimental
NZ159,10,mud,0.9162854261188725,experimental
NZ160,10,mud,0.8536943133005919,experimental
NZ161,10,mud,0.8935078840284091,experimental
NZ162,10,mud,0.8536943133005919,experimental
NZ163,10,mud,0.8638483459857098,experimental
NZ164,10,mud,0.8747616988908572,experimental
NZ165,10,mud,0.9021976111359901,experimental
NZ166,10,mud,0.812579611846108,experimental
NZ167,10,mud,0.857006875420996,experimental
NZ168,10,mud,0.8670708892877945,experimental
NZ169,10,mud,0.8459431334404633,experimental
NZ170,10,mud,0.8415304332933304,experimental
NZ171,10,mud,0.8796567495221846,experimental
NZ172,10,mud,0.8292545526125074,experimental
NZ173,10,mud,0.8468407586767684,experimental
NZ174,10,mud,0.9095468246855473,experimental
NZ175,10,mud,0.9095468246855473,experimental
NZ176,10,mud,0.7261300534866121,experimental
NZ177,10,mud,0.6271050936980105,experimental
NZ178,10,mud,0.61966848696367,experimental
NZ179,10,mud,0.7009224297906297,experimental
NZ180,10,mud,0.62216848696367,experimental
NZ181,10,mud,0.8581591946324945,experimental
NZ182,10,mud,0.853575679735042,experimental
NZ183,10,mud,0.8528554106830529,experimental
NZ184,10,mud,0.8087585294769953,experimental
NZ185,10,mud,0.7501736628331147,experimental
NZ186,10,mud,0.7960925564622957,experimental
NZ187,10,mud,0.7905218962195903,experimental
NZ188,10,mud,0.7903669483336263,experimental
NZ189,10,mud,0.8696337755185465,experimental
NZ190,10,mud,0.9139072915246039,experimental
NZ191,10,mud,0.8657270720295032,experimental
NZ192,10,mud,0.8697445382725444,experimental
NZ193,10,mud,0.8590788378112318,experimental
NZ194,10,mud,0.862192677764925,experimental
NZ195,10,mud,0.8811339574002202,experimental
NZ196,10,mud,0.861988546364667,experimental
NZ197,10,mud,0.8118219211336425,experimental
NZ198,10,mud,0.7317295180697784,experimental
NZ199,10,mud,0.812495080214655,experimental
NZ200,10,mud,0.7181896970172934,experimental
NZ201,10,mud,0.8797662800481507,experimental
NZ202,10,mud,0.7811435992187294,experimental
NZ203,10,mud,0.8891905146676412,experimental
NZ204,10,mud,0.8471721820345931,experimental
NZ205,10,mud,0.7840370621942055,experimental
NZ206,10,mud,0.851149339330121,experimental
NZ207,10,mud,0.8737229869558972,experimental
NZ208,10,mud,0.833547396984414,experimental
NZ209,10,mud,0.908632740687088,experimental
NZ210,10,mud,0.9133522448815498,experimental
NZ211,10,mud,0.873096022890412,experimental
NZ212,10,mud,0.8688181368347111,experimental
NZ213,10,mud,0.908632740687088,experimental
NZ214,10,mud,0.9079970755511695,experimental
NZ215,10,mud,0.8786877294493913,experimental
NZ216,10,mud,0.9062896299167623,experimental
NZ217,10,mud,0.8994411659390695,experimental
NZ218,10,mud,0.908632740687088,experimental
NZ219,10,mud,0.8728481698696907,experimental
NZ220,10,mud,0.8774150878914933,experimental
NZ221,10,mud,0.876611573604874,experimental
NZ222,10,mud,0.9135408295065075,experimental
NZ223,10,mud,0.9171291260172965,experimental
NZ224,10,mud,0.8659590144340763,experimental
NZ225,10,mud,0.8699965533021301,experimental
NZ226,10,mud,0.8774619322220637,experimental
NZ227,10,mud,0.9171291260172965,experimental
NZ228,10,mud,0.9095468246855473,experimental
NZ229,10,mud,0.9171291260172965,experimental
NZ230,10,mud,0.8625203053103271,experimental
NZ231,10,mud,0.8638569471230113,experimental
NZ232,10,mud,0.9095468246855473,experimental
NZ233,10,mud,0.8638569471230113,experimental
NZ234,10,mud,0.902301486620034,experimental
NZ235,10,mud,0.8786877294493913,experimental
NZ236,10,mud,0.8786877294493913,experimental
NZ237,10,mud,0.9030475915575712,experimental
NZ238,10,mud,0.9278364849623179,experimental
NZ239,10,mud,0.88803881018507,experimental
NZ240,10,mud,0.8958709180051853,experimental
NZ241,10,mud,0.90178945317612,experimental
NZ242,10,mud,0.879930740342442,experimental
NZ243,10,mud,0.8464341874104507,experimental
NZ244,10,mud,0.8244453377534641,experimental
NZ245,10,mud,0.902451348602828,experimental
NZ246,10,mud,0.8865000370331527,experimental
NZ247,10,mud,0.8339109291610991,experimental
NZ248,10,mud,0.8468407586767684,experimental
NZ249,10,mud,0.8415304332933304,experimental
NZ250,10,mud,0.883363871741559,experimental
NZ251,10,mud,0.8189187080961371,experimental
NZ252,10,mud,0.8292545526125074,experimental
NZ253,10,mud,0.8614510816115529,experimental
NZ254,10,mud,0.8865000370331527,experimental
NZ255,10,mud,0.8922866395494211,experimental
NZ256,10,mud,0.809154974917678,experimental
NZ257,10,mud,0.7847696651616204,experimental
NZ258,10,mud,0.8292545526125074,experimental
NZ259,10,mud,0.8362089907669558,experimental
NZ260,10,mud,0.8292545526125074,experimental
NZ261,10,mud,0.8292545526125074,experimental
NZ262,10,mud,0.8664957106905695,experimental
NZ263,10,mud,0.8468407586767684,experimental
NZ264,10,mud,0.870945996014592,experimental
NZ265,10,mud,0.67604691821173,experimental
NZ266,10,mud,0.7536110301250295,experimental
NZ267,10,mud,0.6715940079736651,experimental
NZ268,10,mud,0.84559908831362,experimental
NZ269,10,mud,0.7092116813181663,experimental
NZ270,10,mud,0.7987912929790498,experimental
NZ271,10,mud,0.851149339330121,experimental
NZ272,10,mud,0.7834226910855098,experimental
NZ273,10,mud,0.7710034582973331,experimental
NZ274,10,mud,0.7894206653274991,experimental
NZ275,10,mud,0.826704109473446,experimental
NZ276,10,mud,0.808514335561261,experimental
NZ277,10,mud,0.8523437584306213,experimental
NZ278,10,mud,0.8292545526125074,experimental
NZ279,10,mud,0.8450382282190099,experimental
NZ280,10,mud,0.8523437584306213,experimental
NZ281,10,mud,0.826704109473446,experimental
NZ282,10,mud,0.7753922974435141,experimental
NZ283,10,mud,0.851149339330121,experimental
NZ284,10,mud,0.8126507605532458,experimental
NZ285,10,mud,0.8446974442055203,experimental
NZ286,10,mud,0.8004657493562464,experimental
NZ287,10,mud,0.6512774406598619,experimental
NZ288,10,mud,0.763188795376658,experimental
NZ289,10,mud,0.6452933506612558,experimental
NZ290,10,mud,0.6219534905017658,experimental
NZ291,10,mud,0.730520015663806,experimental
NZ292,10,mud,0.7755260458566212,experimental
NZ293,10,mud,0.6883711702867724,experimental
NZ294,10,mud,0.9006557877106767,experimental
NZ295,10,mud,0.8817554084406412,experimental
NZ296,10,mud,0.8237187536964279,experimental
NZ297,10,mud,0.8536943133005919,experimental
NZ298,10,mud,0.8638483459857098,experimental
NZ299,10,mud,0.6506464083153953,experimental
NZ300,10,mud,0.8598813934220745,experimental
NZ301,10,mud,0.9015464044965082,experimental
NZ302,10,mud,0.877181038478343,experimental
NZ303,10,mud,0.8678332300762724,experimental
NZ304,10,mud,0.8490102867252288,experimental
NZ305,10,mud,0.9095079025286764,experimental
NZ306,10,mud,0.8010913773634957,experimental
NZ307,10,mud,0.7972038756515941,experimental
NZ308,10,mud,0.8692903577500344,experimental
NZ309,10,mud,0.8639004489010521,experimental
NZ310,10,mud,0.8490102867252288,experimental
NZ311,10,mud,0.9006557877106767,experimental
NZ312,10,mud,0.8559922808935184,experimental
NZ313,10,mud,0.8684293643764783,experimental
NZ314,10,mud,0.8976397405710196,experimental
NZ315,10,mud,0.6829078367822886,experimental
NZ316,10,mud,0.8057229917404608,experimental
NZ317,10,mud,0.8236489565392872,experimental
NZ318,10,mud,0.5558168242150097,experimental
NZ319,10,mud,0.7852035071604995,experimental
NZ320,10,mud,0.8490268615615446,experimental
NZ321,10,mud,0.8476800126755225,experimental
NZ322,10,mud,0.8476800126755225,experimental
NZ323,10,mud,0.7691918509403396,experimental
NZ324,10,mud,0.8279588977628096,experimental
NZ325,10,mud,0.869973216693973,experimental
NZ326,10,mud,0.8709419464703327,experimental
NZ327,10,mud,0.8571137606778398,experimental
NZ328,10,mud,0.8151213628624651,experimental
NZ329,10,mud,0.7946185632770165,experimental
NZ330,10,mud,0.8709419464703327,experimental
NZ331,10,mud,0.7487257496520198,experimental
NZ332,10,mud,0.8951455147479853,experimental
NZ333,10,mud,0.8422062292320173,experimental
NZ334,10,mud,0.8581591946324945,experimental
NZ335,10,mud,0.8422062292320173,experimental
NZ336,10,mud,0.8057229917404608,experimental
NZ337,10,mud,0.8860102320425545,experimental
NZ338,10,mud,0.8641275377210124,experimental
NZ339,10,mud,0.8581591946324945,experimental
NZ340,10,mud,0.853575679735042,experimental
NZ341,10,mud,0.9002452741308217,experimental
NZ342,10,mud,0.6168378611323262,experimental
NZ343,10,mud,0.8422062292320173,experimental
NZ344,10,mud,0.8431469700673845,experimental
NZ345,10,mud,0.906961262717209,experimental
NZ346,10,mud,0.886668961755077,experimental
NZ347,10,mud,0.8295279747589638,experimental
NZ348,10,mud,0.8977040309185564,experimental
NZ349,10,mud,0.8647204347544786,experimental
NZ350,10,mud,0.8444260866162833,experimental
NZ351,10,mud,0.8549150210100556,experimental
NZ352,10,mud,0.8717261926000354,experimental
NZ353,10,mud,0.90124262377134,experimental
NZ354,10,mud,0.9095468246855473,experimental
NZ355,10,mud,0.7936433139626384,experimental
NZ356,10,mud,0.9232317690038183,experimental
NZ357,10,mud,0.8768149188910461,experimental
NZ358,10,mud,0.6602408711167168,experimental
NZ359,10,mud,0.8536943133005919,experimental
NZ360,10,mud,0.9159589992403591,experimental
NZ361,10,mud,0.8638483459857098,experimental
NZ362,10,mud,0.8693487819879141,experimental
NZ363,10,mud,0.683609441803637,experimental
NZ364,10,mud,0.873911331903431,experimental
NZ365,10,mud,0.6056519212455057,experimental
NZ366,10,mud,0.8536943133005919,experimental
NZ367,10,mud,0.8581591946324945,experimental
NZ368,10,mud,0.7942923933277668,experimental
NZ369,10,mud,0.8883022272370172,experimental
NZ370,10,mud,0.8704909661379157,experimental
NZ371,10,mud,0.851149339330121,experimental
NZ372,10,mud,0.8422062292320173,experimental
NZ373,10,mud,0.8627915224441302,experimental
NZ374,10,mud,0.8617738367654385,experimental
NZ375,10,mud,0.8195168461959645,experimental
NZ376,10,mud,0.6754604540616296,experimental
NZ377,10,mud,0.7782034655804807,experimental
NZ378,10,mud,0.6786460698884571,experimental
NZ379,10,mud,0.7782034655804807,experimental
NZ380,10,mud,0.8057229917404608,experimental
NZ381,10,mud,0.8057229917404608,experimental
NZ382,10,mud,0.7596364768176276,experimental
NZ383,10,mud,0.662312760485028,experimental
NZ384,10,mud,0.6657977808823986,experimental
NZ385,10,mud,0.8193873992554085,experimental
NZ386,10,mud,0.780071762042259,experimental
NZ387,10,mud,0.8786877294493913,experimental
NZ388,10,mud,0.812495080214655,experimental
NZ389,10,mud,0.7421202184150177,experimental
NZ390,10,mud,0.8057229917404608,experimental
NZ391,10,mud,0.812495080214655,experimental
NZ392,10,mud,0.8891905146676412,experimental
NZ393,10,mud,0.812495080214655,experimental
NZ394,10,mud,0.8926760524029391,experimental
NZ395,10,mud,0.7009224297906297,experimental
NZ396,10,mud,0.8745484201114052,experimental
NZ397,10,mud,0.8402547873758032,experimental
NZ398,10,mud,0.8422062292320173,experimental
NZ399,10,mud,0.5823756828483603,experimental
NZ400,10,mud,0.6042189675387398,experimental
NZ401,10,mud,0.7009224297906297,experimental
NZ402,10,mud,0.7261300534866121,experimental
NZ403,10,mud,0.5330804573333091,experimental
NZ404,10,mud,0.7261300534866121,experimental
NZ405,10,mud,0.6430515094472566,experimental
NZ406,10,mud,0.7009224297906297,experimental
NZ407,10,mud,0.7261300534866121,experimental
NZ408,10,mud,0.7261300534866121,experimental
NZ409,10,mud,0.6452933506612558,experimental
NZ410,10,mud,0.5944904002891566,experimental
NZ411,10,mud,0.6415832116559392,experimental
NZ412,10,mud,0.7261300534866121,experimental
NZ413,10,mud,0.6825535877706503,experimental
NZ414,10,mud,0.6183832425678816,experimental
NZ415,10,mud,0.6219534905017658,experimental
NZ416,10,mud,0.6987580393394962,experimental
NZ417,10,mud,0.6428897677369437,experimental
NZ418,10,mud,0.6667371851163579,experimental
NZ419,10,mud,0.6414452021711925,experimental
NZ420,10,mud,0.5297477174445359,experimental
NZ421,10,mud,0.8872251131491746,experimental
NZ422,10,mud,0.853575679735042,experimental
NZ423,10,mud,0.853575679735042,experimental
NZ424,10,mud,0.9014177327233913,experimental
NZ425,10,mud,0.9014177327233913,experimental
NZ426,10,mud,0.8510730231317312,experimental
NZ427,10,mud,0.8903355553998767,experimental
NZ428,10,mud,0.8222480073272895,experimental
NZ429,10,mud,0.853575679735042,experimental
NZ430,10,mud,0.8280292679666726,experimental
NZ431,10,mud,0.8907580021111615,experimental
NZ432,10,mud,0.8591821712007598,experimental
NZ433,10,mud,0.8744473882768226,experimental
NZ434,10,mud,0.8744473882768226,experimental
NZ435,10,mud,0.7985532526458942,experimental
NZ436,10,mud,0.849688637685148,experimental
NZ437,10,mud,0.7999504901991557,experimental
NZ438,10,mud,0.8687575815232205,experimental
NZ439,10,mud,0.8594261793668992,experimental
NZ440,10,mud,0.8744354493452241,experimental
NZ441,10,mud,0.8932440343469374,experimental
NZ442,10,mud,0.7809281908681104,experimental
NZ443,10,mud,0.817291584298418,experimental
NZ444,10,mud,0.8662540437519145,experimental
NZ445,10,mud,0.8520811005910987,experimental
NZ446,10,mud,0.8422062292320173,experimental
NZ447,10,mud,0.9017821573423627,experimental
NZ448,10,mud,0.8422062292320173,experimental
NZ449,10,mud,0.8422062292320173,experimental
NZ450,10,mud,0.8069410027688977,experimental
NZ451,10,mud,0.812495080214655,experimental
NZ452,10,mud,0.812495080214655,experimental
NZ453,10,mud,0.812495080214655,experimental
NZ454,10,mud,0.7866657256402602,experimental
NZ455,10,mud,0.851149339330121,experimental
NZ456,10,mud,0.8700603693117094,experimental
NZ457,10,mud,0.7847269325520628,experimental
NZ458,10,mud,0.7361130588791504,experimental
NZ459,10,mud,0.8218389087471267,experimental
NZ460,10,mud,0.8106434880635738,experimental
NZ461,10,mud,0.7894206653274991,experimental
NZ462,10,mud,0.8786877294493913,experimental
NZ463,10,mud,0.8736527774504457,experimental
NZ464,10,mud,0.9041066422439941,experimental
NZ465,10,mud,0.9041066422439941,experimental
NZ466,10,mud,0.8786877294493913,experimental
NZ467,10,mud,0.8891905146676412,experimental
NZ468,10,mud,0.9027273468146781,experimental
NZ469,10,mud,0.8637070083368398,experimental
NZ470,10,mud,0.8543930031971321,experimental
NZ471,10,mud,0.7698529011010193,experimental
NZ472,10,mud,0.8702560398567465,experimental
NZ473,10,mud,0.8581591946324945,experimental
NZ474,10,mud,0.8850742241587282,experimental
NZ475,10,mud,0.853575679735042,experimental
NZ476,10,mud,0.8693487819879141,experimental
NZ477,10,mud,0.853575679735042,experimental
NZ478,10,mud,0.8639477085776812,experimental
NZ479,10,mud,0.853575679735042,experimental
NZ480,10,mud,0.9095468246855473,experimental
NZ481,10,mud,0.6321917520822975,experimental
NZ482,10,mud,0.6972461585899269,experimental
NZ483,10,mud,0.773588144713807,experimental
NZ484,10,mud,0.7078057349453113,experimental
NZ485,10,mud,0.7430476282024996,experimental
NZ486,10,mud,0.7520675539641453,experimental
NZ487,10,mud,0.7265053452598936,experimental
NZ488,10,mud,0.7430476282024996,experimental
NZ489,10,mud,0.7430476282024996,experimental
NZ490,10,mud,0.8699687516947986,experimental
NZ491,10,mud,0.8748647171377963,experimental
NZ492,10,mud,0.8786877294493913,experimental
NZ493,10,mud,0.9095468246855473,experimental
NZ494,10,mud,0.8830647111782014,experimental
NZ495,10,mud,0.8890750420691279,experimental
NZ496,10,mud,0.9220493562832198,experimental
NZ497,10,mud,0.9159078004371052,experimental
NZ498,10,mud,0.8746610116059508,experimental
NZ499,10,mud,0.8842583754024613,experimental
NZ500,10,mud,0.9095468246855473,experimental
NZ001,11,overall_good,0.9847913286769878,experimental
NZ002,11,overall_good,0.9849692386659399,experimental
NZ003,11,overall_good,0.9822510762417433,experimental
NZ004,11,overall_good,0.9842817684078569,experimental
NZ005,11,overall_good,0.9837578142862332,experimental
NZ006,11,overall_good,0.9790999766362323,experimental
NZ007,11,overall_good,0.984775517287077,experimental
NZ008,11,overall_good,0.9834531585013205,experimental
NZ009,11,overall_good,0.9811365982199989,experimental
NZ010,11,overall_good,0.9833531312440086,experimental
NZ011,11,overall_good,0.9847273924774989,experimental
NZ012,11,overall_good,0.9799457091967411,experimental
NZ013,11,overall_good,0.9807264047155642,experimental
NZ014,11,overall_good,0.9851218131044331,experimental
NZ015,11,overall_good,0.9784552774907348,experimental
NZ016,11,overall_good,0.9806684070416665,experimental
NZ017,11,overall_good,0.9810859587032618,experimental
NZ018,11,overall_good,0.9814202304017461,experimental
NZ019,11,overall_good,0.9785251929472245,experimental
NZ020,11,overall_good,0.9838612424238596,experimental
NZ021,11,overall_good,0.9812217311352561,experimental
NZ022,11,overall_good,0.9797399435181926,experimental
NZ023,11,overall_good,0.9821010836726781,experimental
NZ024,11,overall_good,0.9828561112839282,experimental
NZ025,11,overall_good,0.9819716567743515,experimental
NZ026,11,overall_good,0.9819456533140793,experimental
NZ027,11,overall_good,0.9803023841762118,experimental
NZ028,11,overall_good,0.9833113678650653,experimental
NZ029,11,overall_good,0.9818204133549486,experimental
NZ030,11,overall_good,0.9851291423205967,experimental
NZ031,11,overall_good,0.980642122119885,experimental
NZ032,11,overall_good,0.981796847424573,experimental
NZ033,11,overall_good,0.9820205823239563,experimental
NZ034,11,overall_good,0.9778456635690507,experimental
NZ035,11,overall_good,0.9808006963596118,experimental
NZ036,11,overall_good,0.977832886974695,experimental
NZ037,11,overall_good,0.9831400595586764,experimental
NZ038,11,overall_good,0.9799713360849925,experimental
NZ039,11,overall_good,0.979920694858063,experimental
NZ040,11,overall_good,0.9825597324003466,experimental
NZ041,11,overall_good,0.9813157167108849,experimental
NZ042,11,overall_good,0.9826719013396026,experimental
NZ043,11,overall_good,0.9792336390939504,experimental
NZ044,11,overall_good,0.9779398449708663,experimental
NZ045,11,overall_good,0.9772474143024448,experimental
NZ046,11,overall_good,0.9806841762316144,experimental
NZ047,11,overall_good,0.9829332398192885,experimental
NZ048,11,overall_good,0.9829048188594944,experimental
NZ049,11,overall_good,0.9833358800323811,experimental
NZ050,11,overall_good,0.9833082932857622,experimental
NZ051,11,overall_good,0.9837854002848361,experimental
NZ052,11,overall_good,0.9823702274311055,experimental
NZ053,11,overall_good,0.9812613149313548,experimental
NZ054,11,overall_good,0.9848569101539663,experimental
NZ055,11,overall_good,0.9833126692050448,experimental
NZ056,11,overall_good,0.9849118207201581,experimental
NZ057,11,overall_good,0.9801277243794223,experimental
NZ058,11,overall_good,0.9822788566914882,experimental
NZ059,11,overall_good,0.982839978825483,experimental
NZ060,11,overall_good,0.9825498666742949,experimental
NZ061,11,overall_good,0.9787224334204933,experimental
NZ062,11,overall_good,0.9829734325371481,experimental
NZ063,11,overall_good,0.9818388253523291,experimental
NZ064,11,overall_good,0.9812146682760364,experimental
NZ065,11,overall_good,0.9822502231962218,experimental
NZ066,11,overall_good,0.9812267143926142,experimental
NZ067,11,overall_good,0.9824457707924574,experimental
NZ068,11,overall_good,0.9823765769762537,experimental
NZ069,11,overall_good,0.9829620898357416,experimental
NZ070,11,overall_good,0.9819144607720229,experimental
NZ071,11,overall_good,0.982474620919031,experimental
NZ072,11,overall_good,0.9805050075304595,experimental
NZ073,11,overall_good,0.983745398737754,experimental
NZ074,11,overall_good,0.9823139244038765,experimental
NZ075,11,overall_good,0.9810914376902208,experimental
NZ076,11,overall_good,0.9818211630375585,experimental
NZ077,11,overall_good,0.9810995472613148,experimental
NZ078,11,overall_good,0.9812546435041872,experimental
NZ079,11,overall_good,0.9819719259009012,experimental
NZ080,11,overall_good,0.9818252203584115,experimental
NZ081,11,overall_good,0.9806936859605405,experimental
NZ082,11,overall_good,0.9818646342984414,experimental
NZ083,11,overall_good,0.981205957968143,experimental
NZ084,11,overall_good,0.98144679211612,experimental
NZ085,11,overall_good,0.9817826586132491,experimental
NZ086,11,overall_good,0.9804754652566985,experimental
NZ087,11,overall_good,0.9805079528937087,experimental
NZ088,11,overall_good,0.9800436655834158,experimental
NZ089,11,overall_good,0.9795551449805575,experimental
NZ090,11,overall_good,0.980819219767166,experimental
NZ091,11,overall_good,0.9803714846673839,experimental
NZ092,11,overall_good,0.9807649070798872,experimental
NZ093,11,overall_good,0.9778166568257948,experimental
NZ094,11,overall_good,0.9805715341124845,experimental
NZ095,11,overall_good,0.9804796458882089,experimental
NZ096,11,overall_good,0.97754500706014,experimental
NZ097,11,overall_good,0.9837293874232136,experimental
NZ098,11,overall_good,0.9838074819338015,experimental
NZ099,11,overall_good,0.9815381795054241,experimental
NZ100,11,overall_good,0.9827533596369702,experimental
NZ101,11,overall_good,0.9804199949452004,experimental
NZ102,11,overall_good,0.9812408890681102,experimental
NZ103,11,overall_good,0.9783232713190247,experimental
NZ104,11,overall_good,0.981310875483748,experimental
NZ105,11,overall_good,0.9796305221936409,experimental
NZ106,11,overall_good,0.9780647647096004,experimental
NZ107,11,overall_good,0.984321890850958,experimental
NZ108,11,overall_good,0.9843193170609082,experimental
NZ109,11,overall_good,0.9828703254017717,experimental
NZ110,11,overall_good,0.9834788122656348,experimental
NZ111,11,overall_good,0.9815783774539004,experimental
NZ112,11,overall_good,0.983302106595729,experimental
NZ113,11,overall_good,0.9827875914158557,experimental
NZ114,11,overall_good,0.9833024839080831,experimental
NZ115,11,overall_good,0.9833169415555519,experimental
NZ116,11,overall_good,0.9838847386507903,experimental
NZ117,11,overall_good,0.984882943192781,experimental
NZ118,11,overall_good,0.981627951636303,experimental
NZ119,11,overall_good,0.9837685907759258,experimental
NZ120,11,overall_good,0.9799928843912824,experimental
NZ121,11,overall_good,0.9811338869210492,experimental
NZ122,11,overall_good,0.9821026775802094,experimental
NZ123,11,overall_good,0.9814986595638824,experimental
NZ124,11,overall_good,0.9770359434132805,experimental
NZ125,11,overall_good,0.9804774395273588,experimental
NZ126,11,overall_good,0.982263376905644,experimental
NZ127,11,overall_good,0.9826874988777843,experimental
NZ128,11,overall_good,0.9789591800504207,experimental
NZ129,11,overall_good,0.9828524391502932,experimental
NZ130,11,overall_good,0.9815545022739299,experimental
NZ131,11,overall_good,0.9808858400297404,experimental
NZ132,11,overall_good,0.9827108710497585,experimental
NZ133,11,overall_good,0.9836943663019962,experimental
NZ134,11,overall_good,0.9842904007514787,experimental
NZ135,11,overall_good,0.9843248233126465,experimental
NZ136,11,overall_good,0.9838575330291941,experimental
NZ137,11,overall_good,0.9815857916485604,experimental
NZ138,11,overall_good,0.980793922092171,experimental
NZ139,11,overall_good,0.9809011588878882,experimental
NZ140,11,overall_good,0.9823325324330119,experimental
NZ141,11,overall_good,0.982952988275806,experimental
NZ142,11,overall_good,0.9775091690244364,experimental
NZ143,11,overall_good,0.9799935731144157,experimental
NZ144,11,overall_good,0.9798789455666573,experimental
NZ145,11,overall_good,0.9810274397859531,experimental
NZ146,11,overall_good,0.98112211817343,experimental
NZ147,11,overall_good,0.9781032400377672,experimental
NZ148,11,overall_good,0.9800324846650853,experimental
NZ149,11,overall_good,0.9783155992781305,experimental
NZ150,11,overall_good,0.9768602651248091,experimental
NZ151,11,overall_good,0.9771265169689847,experimental
NZ152,11,overall_good,0.9772232106058956,experimental
NZ153,11,overall_good,0.9839210689192998,experimental
NZ154,11,overall_good,0.9839157061081969,experimental
NZ155,11,overall_good,0.9833156787163303,experimental
NZ156,11,overall_good,0.9839491943006998,experimental
NZ157,11,overall_good,0.9839069880549303,experimental
NZ158,11,overall_good,0.9839251757124603,experimental
NZ159,11,overall_good,0.9837644417098238,experimental
NZ160,11,overall_good,0.9839050616870633,experimental
NZ161,11,overall_good,0.9845792447107419,experimental
NZ162,11,overall_good,0.983918529156342,experimental
NZ163,11,overall_good,0.9833341408886054,experimental
NZ164,11,overall_good,0.9850117480321858,experimental
NZ165,11,overall_good,0.9849343446479656,experimental
NZ166,11,overall_good,0.9847742059432958,experimental
NZ167,11,overall_good,0.9852883450349498,experimental
NZ168,11,overall_good,0.9824280499520696,experimental
NZ169,11,overall_good,0.9848181007363288,experimental
NZ170,11,overall_good,0.9848382808330369,experimental
NZ171,11,overall_good,0.9837667319541945,experimental
NZ172,11,overall_good,0.9838862974348193,experimental
NZ173,11,overall_good,0.9832996919677619,experimental
NZ174,11,overall_good,0.9799288559720388,experimental
NZ175,11,overall_good,0.979945582724303,experimental
NZ176,11,overall_good,0.9826773530503463,experimental
NZ177,11,overall_good,0.9842973038968961,experimental
NZ178,11,overall_good,0.9838975451550804,experimental
NZ179,11,overall_good,0.9832938060968135,experimental
NZ180,11,overall_good,0.9838227808019309,experimental
NZ181,11,overall_good,0.9827367179370816,experimental
NZ182,11,overall_good,0.9808828155204821,experimental
NZ183,11,overall_good,0.982619454207865,experimental
NZ184,11,overall_good,0.982082248191968,experimental
NZ185,11,overall_good,0.98156618051416,experimental
NZ186,11,overall_good,0.9839710098209518,experimental
NZ187,11,overall_good,0.9829814636629445,experimental
NZ188,11,overall_good,0.982339908656428,experimental
NZ189,11,overall_good,0.9833587191421631,experimental
NZ190,11,overall_good,0.9831976572520308,experimental
NZ191,11,overall_good,0.9806784741403923,experimental
NZ192,11,overall_good,0.9833266489279148,experimental
NZ193,11,overall_good,0.9809249397604395,experimental
NZ194,11,overall_good,0.9813386087620186,experimental
NZ195,11,overall_good,0.9827917756244459,experimental
NZ196,11,overall_good,0.9827059607084576,experimental
NZ197,11,overall_good,0.9830583686684776,experimental
NZ198,11,overall_good,0.9799633293745581,experimental
NZ199,11,overall_good,0.9811005385135558,experimental
NZ200,11,overall_good,0.9819015310663465,experimental
NZ201,11,overall_good,0.9820695070267194,experimental
NZ202,11,overall_good,0.981318562146047,experimental
NZ203,11,overall_good,0.9806530235906286,experimental
NZ204,11,overall_good,0.9806120339825168,experimental
NZ205,11,overall_good,0.9810065958793355,experimental
NZ206,11,overall_good,0.9791960021373107,experimental
NZ207,11,overall_good,0.9816211589024743,experimental
NZ208,11,overall_good,0.9803706287112854,experimental
NZ209,11,overall_good,0.980738107572734,experimental
NZ210,11,overall_good,0.981381262382674,experimental
NZ211,11,overall_good,0.9810807350461291,experimental
NZ212,11,overall_good,0.9820991375644733,experimental
NZ213,11,overall_good,0.9812673894168431,experimental
NZ214,11,overall_good,0.9810694560395945,experimental
NZ215,11,overall_good,0.9818415532323524,experimental
NZ216,11,overall_good,0.9818740700906353,experimental
NZ217,11,overall_good,0.9812067050217268,experimental
NZ218,11,overall_good,0.9815700897423343,experimental
NZ219,11,overall_good,0.9810142224259885,experimental
NZ220,11,overall_good,0.9779007107766855,experimental
NZ221,11,overall_good,0.9802462805937429,experimental
NZ222,11,overall_good,0.9812726878238035,experimental
NZ223,11,overall_good,0.9809543890541969,experimental
NZ224,11,overall_good,0.9808797374009197,experimental
NZ225,11,overall_good,0.9815742418157206,experimental
NZ226,11,overall_good,0.9820810424452279,experimental
NZ227,11,overall_good,0.981225583819717,experimental
NZ228,11,overall_good,0.9799455673927742,experimental
NZ229,11,overall_good,0.9811261832276554,experimental
NZ230,11,overall_good,0.9824964895016014,experimental
NZ231,11,overall_good,0.9800994067841116,experimental
NZ232,11,overall_good,0.9800132133723977,experimental
NZ233,11,overall_good,0.9800657282155779,experimental
NZ234,11,overall_good,0.9817187748025333,experimental
NZ235,11,overall_good,0.9818594498316814,experimental
NZ236,11,overall_good,0.9818604605618424,experimental
NZ237,11,overall_good,0.9802729888260648,experimental
NZ238,11,overall_good,0.9810870130742892,experimental
NZ239,11,overall_good,0.9784393737583611,experimental
NZ240,11,overall_good,0.9811397420715106,experimental
NZ241,11,overall_good,0.9810380853513933,experimental
NZ242,11,overall_good,0.9816866192072979,experimental
NZ243,11,overall_good,0.9818158143697621,experimental
NZ244,11,overall_good,0.9786446333140402,experimental
NZ245,11,overall_good,0.9776486867294863,experimental
NZ246,11,overall_good,0.983969059340926,experimental
NZ247,11,overall_good,0.9848194486739454,experimental
NZ248,11,overall_good,0.9833603186239946,experimental
NZ249,11,overall_good,0.9848556987994976,experimental
NZ250,11,overall_good,0.9848817035524213,experimental
NZ251,11,overall_good,0.9821429882184226,experimental
NZ252,11,overall_good,0.9838595945361591,experimental
NZ253,11,overall_good,0.9842963007355673,experimental
NZ254,11,overall_good,0.9836297538916773,experimental
NZ255,11,overall_good,0.9844796292874645,experimental
NZ256,11,overall_good,0.984833469252244,experimental
NZ257,11,overall_good,0.983952079001915,experimental
NZ258,11,overall_good,0.9839228028709277,experimental
NZ259,11,overall_good,0.9839764505963368,experimental
NZ260,11,overall_good,0.9839554355579823,experimental
NZ261,11,overall_good,0.9838920577564585,experimental
NZ262,11,overall_good,0.984950844215445,experimental
NZ263,11,overall_good,0.9833092503284417,experimental
NZ264,11,overall_good,0.981878460644792,experimental
NZ265,11,overall_good,0.9816649911095302,experimental
NZ266,11,overall_good,0.9815233503223072,experimental
NZ267,11,overall_good,0.9816063543229018,experimental
NZ268,11,overall_good,0.9826767249045986,experimental
NZ269,11,overall_good,0.9830633859280605,experimental
NZ270,11,overall_good,0.9767812236440043,experimental
NZ271,11,overall_good,0.9791988125288559,experimental
NZ272,11,overall_good,0.9792231584029009,experimental
NZ273,11,overall_good,0.9816411887082254,experimental
NZ274,11,overall_good,0.981189135969042,experimental
NZ275,11,overall_good,0.9804146638357749,experimental
NZ276,11,overall_good,0.9808953344262504,experimental
NZ277,11,overall_good,0.9829777238374274,experimental
NZ278,11,overall_good,0.9838575330291941,experimental
NZ279,11,overall_good,0.9792644421441049,experimental
NZ280,11,overall_good,0.9829815084896667,experimental
NZ281,11,overall_good,0.9804742416564637,experimental
NZ282,11,overall_good,0.9813562729607079,experimental
NZ283,11,overall_good,0.9793279563674736,experimental
NZ284,11,overall_good,0.980467546990574,experimental
NZ285,11,overall_good,0.98078856135059,experimental
NZ286,11,overall_good,0.9803159281784857,experimental
NZ287,11,overall_good,0.983793077306167,experimental
NZ288,11,overall_good,0.9819442886880808,experimental
NZ289,11,overall_good,0.9844297033708472,experimental
NZ290,11,overall_good,0.9834295220923424,experimental
NZ291,11,overall_good,0.9783789281086006,experimental
NZ292,11,overall_good,0.9808070016627809,experimental
NZ293,11,overall_good,0.9807855019041604,experimental
NZ294,11,overall_good,0.9769195726639989,experimental
NZ295,11,overall_good,0.9805211544986102,experimental
NZ296,11,overall_good,0.9806739139476013,experimental
NZ297,11,overall_good,0.9839068712381472,experimental
NZ298,11,overall_good,0.9833321471113361,experimental
NZ299,11,overall_good,0.982761440735261,experimental
NZ300,11,overall_good,0.9814843994672752,experimental
NZ301,11,overall_good,0.9806129187004938,experimental
NZ302,11,overall_good,0.9778846958623634,experimental
NZ303,11,overall_good,0.9778537620344022,experimental
NZ304,11,overall_good,0.9799383528564629,experimental
NZ305,11,overall_good,0.9799744111775781,experimental
NZ306,11,overall_good,0.9783997862805245,experimental
NZ307,11,overall_good,0.9793480027144723,experimental
NZ308,11,overall_good,0.9812980216251135,experimental
NZ309,11,overall_good,0.9779135006730975,experimental
NZ310,11,overall_good,0.9799300607828705,experimental
NZ311,11,overall_good,0.9768892667391176,experimental
NZ312,11,overall_good,0.9811095448088352,experimental
NZ313,11,overall_good,0.97922441395828,experimental
NZ314,11,overall_good,0.9801461590214375,experimental
NZ315,11,overall_good,0.9808371445815065,experimental
NZ316,11,overall_good,0.980303637433243,experimental
NZ317,11,overall_good,0.9795778099819594,experimental
NZ318,11,overall_good,0.9844236319275158,experimental
NZ319,11,overall_good,0.9799538948164008,experimental
NZ320,11,overall_good,0.9773140961394021,experimental
NZ321,11,overall_good,0.9801501388293048,experimental
NZ322,11,overall_good,0.9801886371622285,experimental
NZ323,11,overall_good,0.9808422957331772,experimental
NZ324,11,overall_good,0.9797974400776719,experimental
NZ325,11,overall_good,0.9793425477485849,experimental
NZ326,11,overall_good,0.9786763332245196,experimental
NZ327,11,overall_good,0.9803122328953113,experimental
NZ328,11,overall_good,0.9787700567707945,experimental
NZ329,11,overall_good,0.9773560270806309,experimental
NZ330,11,overall_good,0.9786651775534692,experimental
NZ331,11,overall_good,0.9806220762807738,experimental
NZ332,11,overall_good,0.9815828225530592,experimental
NZ333,11,overall_good,0.9815392682796743,experimental
NZ334,11,overall_good,0.9827228586636936,experimental
NZ335,11,overall_good,0.9815421626187264,experimental
NZ336,11,overall_good,0.9802675384495483,experimental
NZ337,11,overall_good,0.9793902273136271,experimental
NZ338,11,overall_good,0.9820220462738851,experimental
NZ339,11,overall_good,0.9827225684024331,experimental
NZ340,11,overall_good,0.9809252660893073,experimental
NZ341,11,overall_good,0.9813867051692511,experimental
NZ342,11,overall_good,0.983758136223654,experimental
NZ343,11,overall_good,0.9815590545330444,experimental
NZ344,11,overall_good,0.9833710168592084,experimental
NZ345,11,overall_good,0.9832846995790904,experimental
NZ346,11,overall_good,0.9816178623475278,experimental
NZ347,11,overall_good,0.9799199774279748,experimental
NZ348,11,overall_good,0.9833638467847068,experimental
NZ349,11,overall_good,0.980012224062742,experimental
NZ350,11,overall_good,0.9791105079747441,experimental
NZ351,11,overall_good,0.9787266810931929,experimental
NZ352,11,overall_good,0.981119025721539,experimental
NZ353,11,overall_good,0.9799118027375627,experimental
NZ354,11,overall_good,0.9800097339713123,experimental
NZ355,11,overall_good,0.9827281775337996,experimental
NZ356,11,overall_good,0.9788535499509573,experimental
NZ357,11,overall_good,0.979754026855678,experimental
NZ358,11,overall_good,0.9839688683000416,experimental
NZ359,11,overall_good,0.9838935358046321,experimental
NZ360,11,overall_good,0.9805633167016855,experimental
NZ361,11,overall_good,0.9833301658876331,experimental
NZ362,11,overall_good,0.9821104647781594,experimental
NZ363,11,overall_good,0.9836978979527224,experimental
NZ364,11,overall_good,0.9807533567783143,experimental
NZ365,11,overall_good,0.9838293669902194,experimental
NZ366,11,overall_good,0.983891595488469,experimental
NZ367,11,overall_good,0.9827472976720375,experimental
NZ368,11,overall_good,0.9826186182629035,experimental
NZ369,11,overall_good,0.981577164025021,experimental
NZ370,11,overall_good,0.9850586364619821,experimental
NZ371,11,overall_good,0.9792723324737331,experimental
NZ372,11,overall_good,0.9816750007598637,experimental
NZ373,11,overall_good,0.9826794512704552,experimental
NZ374,11,overall_good,0.982990079915927,experimental
NZ375,11,overall_good,0.9797024161468957,experimental
NZ376,11,overall_good,0.9816394822948812,experimental
NZ377,11,overall_good,0.9809336762539668,experimental
NZ378,11,overall_good,0.9816674742122075,experimental
NZ379,11,overall_good,0.9808584412108894,experimental
NZ380,11,overall_good,0.9803604188477653,experimental
NZ381,11,overall_good,0.9802708161131574,experimental
NZ382,11,overall_good,0.980983210807144,experimental
NZ383,11,overall_good,0.9829282174892023,experimental
NZ384,11,overall_good,0.9829278068177952,experimental
NZ385,11,overall_good,0.9805047843771583,experimental
NZ386,11,overall_good,0.9822693342994162,experimental
NZ387,11,overall_good,0.9818532186928554,experimental
NZ388,11,overall_good,0.9811183813504025,experimental
NZ389,11,overall_good,0.982857860400287,experimental
NZ390,11,overall_good,0.9803091001565759,experimental
NZ391,11,overall_good,0.981086242581577,experimental
NZ392,11,overall_good,0.9806799055103946,experimental
NZ393,11,overall_good,0.9810768211000865,experimental
NZ394,11,overall_good,0.9814704612155296,experimental
NZ395,11,overall_good,0.9833138866317398,experimental
NZ396,11,overall_good,0.983823309249064,experimental
NZ397,11,overall_good,0.9816728620482844,experimental
NZ398,11,overall_good,0.9816014498506,experimental
NZ399,11,overall_good,0.983822656637936,experimental
NZ400,11,overall_good,0.9814923062173057,experimental
NZ401,11,overall_good,0.9832899684954816,experimental
NZ402,11,overall_good,0.9826838022939209,experimental
NZ403,11,overall_good,0.9842773538478355,experimental
NZ404,11,overall_good,0.9827631062692225,experimental
NZ405,11,overall_good,0.9838418401832574,experimental
NZ406,11,overall_good,0.983294751083948,experimental
NZ407,11,overall_good,0.9827023967126622,experimental
NZ408,11,overall_good,0.9828022760595282,experimental
NZ409,11,overall_good,0.9843590940398038,experimental
NZ410,11,overall_good,0.9838767118972802,experimental
NZ411,11,overall_good,0.9839203677034865,experimental
NZ412,11,overall_good,0.9827341330092235,experimental
NZ413,11,overall_good,0.9835092778492771,experimental
NZ414,11,overall_good,0.9833484602829433,experimental
NZ415,11,overall_good,0.9834394059783976,experimental
NZ416,11,overall_good,0.98393803266803,experimental
NZ417,11,overall_good,0.9839545452243222,experimental
NZ418,11,overall_good,0.9837043745888616,experimental
NZ419,11,overall_good,0.9804224115126601,experimental
NZ420,11,overall_good,0.9843618230095889,experimental
NZ421,11,overall_good,0.9821501605117813,experimental
NZ422,11,overall_good,0.9809854670510181,experimental
NZ423,11,overall_good,0.9808843384878646,experimental
NZ424,11,overall_good,0.9824656303289521,experimental
NZ425,11,overall_good,0.9822060437810478,experimental
NZ426,11,overall_good,0.9826524791151251,experimental
NZ427,11,overall_good,0.9806455177808268,experimental
NZ428,11,overall_good,0.981086000775956,experimental
NZ429,11,overall_good,0.9809979759762835,experimental
NZ430,11,overall_good,0.9796934104600542,experimental
NZ431,11,overall_good,0.9839161197773553,experimental
NZ432,11,overall_good,0.9810100680210913,experimental
NZ433,11,overall_good,0.9821753480605967,experimental
NZ434,11,overall_good,0.9821892166891506,experimental
NZ435,11,overall_good,0.9828022473292073,experimental
NZ436,11,overall_good,0.9833110593739562,experimental
NZ437,11,overall_good,0.9828630116227512,experimental
NZ438,11,overall_good,0.9827803314718626,experimental
NZ439,11,overall_good,0.9840237081272744,experimental
NZ440,11,overall_good,0.9834012854328641,experimental
NZ441,11,overall_good,0.9835677159889636,experimental
NZ442,11,overall_good,0.9836910431015279,experimental
NZ443,11,overall_good,0.9827123047483084,experimental
NZ444,11,overall_good,0.9837898448916077,experimental
NZ445,11,overall_good,0.979414877376576,experimental
NZ446,11,overall_good,0.9816595425925696,experimental
NZ447,11,overall_good,0.9793853275594838,experimental
NZ448,11,overall_good,0.981569590468145,experimental
NZ449,11,overall_good,0.9815468797541095,experimental
NZ450,11,overall_good,0.9825683431379842,experimental
NZ451,11,overall_good,0.9811715447900428,experimental
NZ452,11,overall_good,0.9810957384167195,experimental
NZ453,11,overall_good,0.9811336539871754,experimental
NZ454,11,overall_good,0.9810441011071551,experimental
NZ455,11,overall_good,0.9792348579115254,experimental
NZ456,11,overall_good,0.981857623966108,experimental
NZ457,11,overall_good,0.981092481924144,experimental
NZ458,11,overall_good,0.9811597746674269,experimental
NZ459,11,overall_good,0.9803737204500276,experimental
NZ460,11,overall_good,0.9771806653203499,experimental
NZ461,11,overall_good,0.9811277759742462,experimental
NZ462,11,overall_good,0.9818536547362514,experimental
NZ463,11,overall_good,0.9814326500305501,experimental
NZ464,11,overall_good,0.9777447020842217,experimental
NZ465,11,overall_good,0.9777599964798118,experimental
NZ466,11,overall_good,0.9818628696579478,experimental
NZ467,11,overall_good,0.9806696374697764,experimental
NZ468,11,overall_good,0.981168445850353,experimental
NZ469,11,overall_good,0.9823614823796608,experimental
NZ470,11,overall_good,0.9830076437726639,experimental
NZ471,11,overall_good,0.9828015012914114,experimental
NZ472,11,overall_good,0.9831661384987788,experimental
NZ473,11,overall_good,0.9827140404268773,experimental
NZ474,11,overall_good,0.9826943271093008,experimental
NZ475,11,overall_good,0.9808957402608154,experimental
NZ476,11,overall_good,0.9821056160673918,experimental
NZ477,11,overall_good,0.9808948296997753,experimental
NZ478,11,overall_good,0.9798675455539356,experimental
NZ479,11,overall_good,0.9809676533544367,experimental
NZ480,11,overall_good,0.9799466672493978,experimental
NZ481,11,overall_good,0.9831403240897386,experimental
NZ482,11,overall_good,0.9830640720900244,experimental
NZ483,11,overall_good,0.9821978651321025,experimental
NZ484,11,overall_good,0.9816729416157279,experimental
NZ485,11,overall_good,0.9820370160591612,experimental
NZ486,11,overall_good,0.9814149346601081,experimental
NZ487,11,overall_good,0.9824768168576258,experimental
NZ488,11,overall_good,0.9820337248191883,experimental
NZ489,11,overall_good,0.9821123470316981,experimental
NZ490,11,overall_good,0.9810467555678442,experimental
NZ491,11,overall_good,0.9817601916017281,experimental
NZ492,11,overall_good,0.9818826334720265,experimental
NZ493,11,overall_good,0.9800214565164891,experimental
NZ494,11,overall_good,0.9806710009125069,experimental
NZ495,11,overall_good,0.9782412834485604,experimental
NZ496,11,overall_good,0.9817536161787734,experimental
NZ497,11,overall_good,0.981375644150565,experimental
NZ498,11,overall_good,0.9818350111632825,experimental
NZ499,11,overall_good,0.9779024414037365,experimental
NZ500,11,overall_good,0.979939524793081,experimental
NZ001,11,bugs,0.5560868242168013,experimental
NZ002,11,bugs,0.3091815108123281,experimental
NZ003,11,bugs,0.42071590675815146,experimental
NZ004,11,bugs,0.3172830976998332,experimental
NZ005,11,bugs,0.4783300879509534,experimental
NZ006,11,bugs,0.3946247881595274,experimental
NZ007,11,bugs,0.3836290537490169,experimental
NZ008,11,bugs,0.3434482644990231,experimental
NZ009,11,bugs,0.5409064618126997,experimental
NZ010,11,bugs,0.29087286757538505,experimental
NZ011,11,bugs,0.38798954468278635,experimental
NZ012,11,bugs,0.529084637254245,experimental
NZ013,11,bugs,0.49406788383899747,experimental
NZ014,11,bugs,0.4551675610049131,experimental
NZ015,11,bugs,0.2735418063157205,experimental
NZ016,11,bugs,0.2891701948120135,experimental
NZ017,11,bugs,0.3776819273888201,experimental
NZ018,11,bugs,0.2521992110695461,experimental
NZ019,11,bugs,0.4872258856138343,experimental
NZ020,11,bugs,0.3144451787348305,experimental
NZ021,11,bugs,0.43357997200883197,experimental
NZ022,11,bugs,0.2781774618810595,experimental
NZ023,11,bugs,0.47344743057180116,experimental
NZ024,11,bugs,0.4605393153173024,experimental
NZ025,11,bugs,0.5315919988852276,experimental
NZ026,11,bugs,0.5313100272432708,experimental
NZ027,11,bugs,0.33464326277769607,experimental
NZ028,11,bugs,0.2788952400271117,experimental
NZ029,11,bugs,0.5038015235614438,experimental
NZ030,11,bugs,0.38644507333763795,experimental
NZ031,11,bugs,0.29396139568230256,experimental
NZ032,11,bugs,0.3232562284206891,experimental
NZ033,11,bugs,0.2895905107025113,experimental
NZ034,11,bugs,0.3849697243034537,experimental
NZ035,11,bugs,0.24447680287417153,experimental
NZ036,11,bugs,0.3804015655017671,experimental
NZ037,11,bugs,0.2851353016394582,experimental
NZ038,11,bugs,0.3026806207742368,experimental
NZ039,11,bugs,0.27988370611702396,experimental
NZ040,11,bugs,0.5505929986552988,experimental
NZ041,11,bugs,0.27896073791583686,experimental
NZ042,11,bugs,0.3039042118796938,experimental
NZ043,11,bugs,0.2437764328295679,experimental
NZ044,11,bugs,0.3849697243034537,experimental
NZ045,11,bugs,0.49661631943752876,experimental
NZ046,11,bugs,0.2891701948120135,experimental
NZ047,11,bugs,0.5560760993707989,experimental
NZ048,11,bugs,0.3406160018809508,experimental
NZ049,11,bugs,0.39565297443757214,experimental
NZ050,11,bugs,0.38892743268223245,experimental
NZ051,11,bugs,0.33972052282170323,experimental
NZ052,11,bugs,0.3135267187848045,experimental
NZ053,11,bugs,0.5232413165794508,experimental
NZ054,11,bugs,0.30297551270334633,experimental
NZ055,11,bugs,0.28760453103378597,experimental
NZ056,11,bugs,0.33619847899726124,experimental
NZ057,11,bugs,0.3198086540705344,experimental
NZ058,11,bugs,0.5243770796028515,experimental
NZ059,11,bugs,0.32312470334867105,experimental
NZ060,11,bugs,0.4636162085676664,experimental
NZ061,11,bugs,0.3178784930237501,experimental
NZ062,11,bugs,0.45673507785416206,experimental
NZ063,11,bugs,0.335654344634917,experimental
NZ064,11,bugs,0.29108255755132156,experimental
NZ065,11,bugs,0.5243770796028515,experimental
NZ066,11,bugs,0.29108255755132156,experimental
NZ067,11,bugs,0.27758447912783357,experimental
NZ068,11,bugs,0.27758447912783357,experimental
NZ069,11,bugs,0.3408198433310772,experimental
NZ070,11,bugs,0.32882400779658005,experimental
NZ071,11,bugs,0.5243770796028515,experimental
NZ072,11,bugs,0.5268924931373894,experimental
NZ073,11,bugs,0.44498424812700016,experimental
NZ074,11,bugs,0.5243770796028515,experimental
NZ075,11,bugs,0.24822736630432723,experimental
NZ076,11,bugs,0.2734436273687703,experimental
NZ077,11,bugs,0.24712149100971115,experimental
NZ078,11,bugs,0.2577199847419695,experimental
NZ079,11,bugs,0.2928569759236804,experimental
NZ080,11,bugs,0.2691715066121752,experimental
NZ081,11,bugs,0.2891701948120135,experimental
NZ082,11,bugs,0.2691715066121752,experimental
NZ083,11,bugs,0.5305399559961809,experimental
NZ084,11,bugs,0.2509985477336398,experimental
NZ085,11,bugs,0.41051655399233317,experimental
NZ086,11,bugs,0.20532676284248383,experimental
NZ087,11,bugs,0.205587750316158,experimental
NZ088,11,bugs,0.45045769492881116,experimental
NZ089,11,bugs,0.22762964014555384,experimental
NZ090,11,bugs,0.20707602897773605,experimental
NZ091,11,bugs,0.22941787841262012,experimental
NZ092,11,bugs,0.38220620777880143,experimental
NZ093,11,bugs,0.33394137295990006,experimental
NZ094,11,bugs,0.32703285916435637,experimental
NZ095,11,bugs,0.19275599784665223,experimental
NZ096,11,bugs,0.3411572223833698,experimental
NZ097,11,bugs,0.6175112515696625,experimental
NZ098,11,bugs,0.3453296144891337,experimental
NZ099,11,bugs,0.5815795957392428,experimental
NZ100,11,bugs,0.36576872713279945,experimental
NZ101,11,bugs,0.36592325387312785,experimental
NZ102,11,bugs,0.4843573230477788,experimental
NZ103,11,bugs,0.3170784790498054,experimental
NZ104,11,bugs,0.36198058367274055,experimental
NZ105,11,bugs,0.31682446824457633,experimental
NZ106,11,bugs,0.37479943847984604,experimental
NZ107,11,bugs,0.3860173218997561,experimental
NZ108,11,bugs,0.3646072599018048,experimental
NZ109,11,bugs,0.29576986334614275,experimental
NZ110,11,bugs,0.4617987282491807,experimental
NZ111,11,bugs,0.28207252921283893,experimental
NZ112,11,bugs,0.25710252828598035,experimental
NZ113,11,bugs,0.3143595375540425,experimental
NZ114,11,bugs,0.27372358067701835,experimental
NZ115,11,bugs,0.28645056430430565,experimental
NZ116,11,bugs,0.3193722474566279,experimental
NZ117,11,bugs,0.306399333634573,experimental
NZ118,11,bugs,0.5059360769642403,experimental
NZ119,11,bugs,0.37990302978728935,experimental
NZ120,11,bugs,0.2571181387933603,experimental
NZ121,11,bugs,0.23842847358664052,experimental
NZ122,11,bugs,0.38982925640273586,experimental
NZ123,11,bugs,0.5305399559961809,experimental
NZ124,11,bugs,0.4841271753470054,experimental
NZ125,11,bugs,0.5237202023869064,experimental
NZ126,11,bugs,0.3972514318546695,experimental
NZ127,11,bugs,0.2645622093291614,experimental
NZ128,11,bugs,0.4872258856138343,experimental
NZ129,11,bugs,0.30067500972588684,experimental
NZ130,11,bugs,0.28207252921283893,experimental
NZ131,11,bugs,0.2522297885848544,experimental
NZ132,11,bugs,0.2645622093291614,experimental
NZ133,11,bugs,0.3942708330081905,experimental
NZ134,11,bugs,0.2933387971301044,experimental
NZ135,11,bugs,0.266645213332447,experimental
NZ136,11,bugs,0.3144451787348305,experimental
NZ137,11,bugs,0.4611214391741182,experimental
NZ138,11,bugs,0.29483265754804217,experimental
NZ139,11,bugs,0.2583517280842147,experimental
NZ140,11,bugs,0.2195631240483316,experimental
NZ141,11,bugs,0.5160352138092406,experimental
NZ142,11,bugs,0.3934467923405697,experimental
NZ143,11,bugs,0.4897891924208737,experimental
NZ144,11,bugs,0.4046919263093803,experimental
NZ145,11,bugs,0.27146749265410924,experimental
NZ146,11,bugs,0.2851194549769736,experimental
NZ147,11,bugs,0.2572092201138833,experimental
NZ148,11,bugs,0.2830291929650034,experimental
NZ149,11,bugs,0.32028441881158237,experimental
NZ150,11,bugs,0.3617913534476666,experimental
NZ151,11,bugs,0.21749307853633978,experimental
NZ152,11,bugs,0.35047120682713656,experimental
NZ153,11,bugs,0.32210392436005875,experimental
NZ154,11,bugs,0.32210392436005875,experimental
NZ155,11,bugs,0.2852210137226139,experimental
NZ156,11,bugs,0.34729451380656995,experimental
NZ157,11,bugs,0.32210392436005875,experimental
NZ158,11,bugs,0.32210392436005875,experimental
NZ159,11,bugs,0.5565625185813818,experimental
NZ160,11,bugs,0.32210392436005875,experimental
NZ161,11,bugs,0.4170125105324735,experimental
NZ162,11,bugs,0.32210392436005875,experimental
NZ163,11,bugs,0.2852210137226139,experimental
NZ164,11,bugs,0.3150125132777836,experimental
NZ165,11,bugs,0.5536499752734093,experimental
NZ166,11,bugs,0.35618612869815675,experimental
NZ167,11,bugs,0.4112088382839261,experimental
NZ168,11,bugs,0.3655377120879027,experimental
NZ169,11,bugs,0.3184110889148777,experimental
NZ170,11,bugs,0.30742689075788626,experimental
NZ171,11,bugs,0.508800979241085,experimental
NZ172,11,bugs,0.3144451787348305,experimental
NZ173,11,bugs,0.2788952400271117,experimental
NZ174,11,bugs,0.2571181387933603,experimental
NZ175,11,bugs,0.2571181387933603,experimental
NZ176,11,bugs,0.35378330371032085,experimental
NZ177,11,bugs,0.3680638215686028,experimental
NZ178,11,bugs,0.4494237529693604,experimental
NZ179,11,bugs,0.385388648459454,experimental
NZ180,11,bugs,0.3855591432370357,experimental
NZ181,11,bugs,0.2645622093291614,experimental
NZ182,11,bugs,0.24762062048725728,experimental
NZ183,11,bugs,0.28335330954727334,experimental
NZ184,11,bugs,0.24705228108674174,experimental
NZ185,11,bugs,0.30305502982208504,experimental
NZ186,11,bugs,0.32372524874269715,experimental
NZ187,11,bugs,0.32869145908707337,experimental
NZ188,11,bugs,0.29546780775438025,experimental
NZ189,11,bugs,0.28771440668941456,experimental
NZ190,11,bugs,0.5537093149827308,experimental
NZ191,11,bugs,0.4814728788463875,experimental
NZ192,11,bugs,0.3408241659621843,experimental
NZ193,11,bugs,0.46273698218707804,experimental
NZ194,11,bugs,0.5528804380020602,experimental
NZ195,11,bugs,0.3218393022762924,experimental
NZ196,11,bugs,0.5572071092476802,experimental
NZ197,11,bugs,0.5160352138092406,experimental
NZ198,11,bugs,0.23600756633951578,experimental
NZ199,11,bugs,0.2287431871016581,experimental
NZ200,11,bugs,0.2794248204848845,experimental
NZ201,11,bugs,0.29995352517594953,experimental
NZ202,11,bugs,0.36643602658115454,experimental
NZ203,11,bugs,0.2891701948120135,experimental
NZ204,11,bugs,0.48246607120456664,experimental
NZ205,11,bugs,0.2389504863275298,experimental
NZ206,11,bugs,0.21082050870990604,experimental
NZ207,11,bugs,0.3102141288916431,experimental
NZ208,11,bugs,0.48753413607270424,experimental
NZ209,11,bugs,0.5305399559961809,experimental
NZ210,11,bugs,0.4260762623567944,experimental
NZ211,11,bugs,0.2616995425575022,experimental
NZ212,11,bugs,0.28767372905790484,experimental
NZ213,11,bugs,0.5305399559961809,experimental
NZ214,11,bugs,0.26142267204697395,experimental
NZ215,11,bugs,0.2691715066121752,experimental
NZ216,11,bugs,0.5252875174804913,experimental
NZ217,11,bugs,0.23871076742977307,experimental
NZ218,11,bugs,0.5305399559961809,experimental
NZ219,11,bugs,0.2873210877244432,experimental
NZ220,11,bugs,0.4969124202019942,experimental
NZ221,11,bugs,0.27878749439863576,experimental
NZ222,11,bugs,0.43053874847458157,experimental
NZ223,11,bugs,0.4333302381679081,experimental
NZ224,11,bugs,0.30659456531357004,experimental
NZ225,11,bugs,0.32419130174835625,experimental
NZ226,11,bugs,0.3557695556412383,experimental
NZ227,11,bugs,0.4341793781156033,experimental
NZ228,11,bugs,0.2571181387933603,experimental
NZ229,11,bugs,0.4431177459964486,experimental
NZ230,11,bugs,0.36148637569760295,experimental
NZ231,11,bugs,0.25863778433945134,experimental
NZ232,11,bugs,0.25947596963080427,experimental
NZ233,11,bugs,0.2581357274818376,experimental
NZ234,11,bugs,0.4216693998014607,experimental
NZ235,11,bugs,0.2691715066121752,experimental
NZ236,11,bugs,0.2691715066121752,experimental
NZ237,11,bugs,0.49406788383899747,experimental
NZ238,11,bugs,0.4501839311024097,experimental
NZ239,11,bugs,0.49246394192088305,experimental
NZ240,11,bugs,0.23842847358664052,experimental
NZ241,11,bugs,0.5305399559961809,experimental
NZ242,11,bugs,0.27546064350600075,experimental
NZ243,11,bugs,0.29351376498631343,experimental
NZ244,11,bugs,0.3834208503335435,experimental
NZ245,11,bugs,0.3959782046064911,experimental
NZ246,11,bugs,0.508800979241085,experimental
NZ247,11,bugs,0.3049425826056928,experimental
NZ248,11,bugs,0.2813094281040167,experimental
NZ249,11,bugs,0.30742689075788626,experimental
NZ250,11,bugs,0.5384533929564108,experimental
NZ251,11,bugs,0.31033953536656766,experimental
NZ252,11,bugs,0.3144451787348305,experimental
NZ253,11,bugs,0.2675508300669207,experimental
NZ254,11,bugs,0.508800979241085,experimental
NZ255,11,bugs,0.5384533929564108,experimental
NZ256,11,bugs,0.32652944678391027,experimental
NZ257,11,bugs,0.3297865395017983,experimental
NZ258,11,bugs,0.3144451787348305,experimental
NZ259,11,bugs,0.35379462641618004,experimental
NZ260,11,bugs,0.32163885077035403,experimental
NZ261,11,bugs,0.3144451787348305,experimental
NZ262,11,bugs,0.4258040607278204,experimental
NZ263,11,bugs,0.2813094281040167,experimental
NZ264,11,bugs,0.3559510943573754,experimental
NZ265,11,bugs,0.32965125603859574,experimental
NZ266,11,bugs,0.3160494237103457,experimental
NZ267,11,bugs,0.33283968500000444,experimental
NZ268,11,bugs,0.2881771161252665,experimental
NZ269,11,bugs,0.2939740743804061,experimental
NZ270,11,bugs,0.2440475065252371,experimental
NZ271,11,bugs,0.21082050870990604,experimental
NZ272,11,bugs,0.22486030676962934,experimental
NZ273,11,bugs,0.32239854247145255,experimental
NZ274,11,bugs,0.22542238523041314,experimental
NZ275,11,bugs,0.48753413607270424,experimental
NZ276,11,bugs,0.22048259799720682,experimental
NZ277,11,bugs,0.31375908391963153,experimental
NZ278,11,bugs,0.3144451787348305,experimental
NZ279,11,bugs,0.21948272942264335,experimental
NZ280,11,bugs,0.3171978092187626,experimental
NZ281,11,bugs,0.48753413607270424,experimental
NZ282,11,bugs,0.2516878004767832,experimental
NZ283,11,bugs,0.21374264930885925,experimental
NZ284,11,bugs,0.19524218160081006,experimental
NZ285,11,bugs,0.39680431579513237,experimental
NZ286,11,bugs,0.25631824563612954,experimental
NZ287,11,bugs,0.46148705102140486,experimental
NZ288,11,bugs,0.3555652304492833,experimental
NZ289,11,bugs,0.36442425333487544,experimental
NZ290,11,bugs,0.40296306323308867,experimental
NZ291,11,bugs,0.3296667625630796,experimental
NZ292,11,bugs,0.2980500791921829,experimental
NZ293,11,bugs,0.31387228530503697,experimental
NZ294,11,bugs,0.49661631943752876,experimental
NZ295,11,bugs,0.23651758092487554,experimental
NZ296,11,bugs,0.2370184513327413,experimental
NZ297,11,bugs,0.32210392436005875,experimental
NZ298,11,bugs,0.2852210137226139,experimental
NZ299,11,bugs,0.36786475411788,experimental
NZ300,11,bugs,0.3992279586869503,experimental
NZ301,11,bugs,0.44840420340333303,experimental
NZ302,11,bugs,0.23546445303522448,experimental
NZ303,11,bugs,0.3849697243034537,experimental
NZ304,11,bugs,0.27988370611702396,experimental
NZ305,11,bugs,0.4825004955336356,experimental
NZ306,11,bugs,0.5353185202377284,experimental
NZ307,11,bugs,0.25508744997861316,experimental
NZ308,11,bugs,0.2962449382406093,experimental
NZ309,11,bugs,0.2796597130240576,experimental
NZ310,11,bugs,0.27988370611702396,experimental
NZ311,11,bugs,0.49661631943752876,experimental
NZ312,11,bugs,0.2659294772150014,experimental
NZ313,11,bugs,0.2437764328295679,experimental
NZ314,11,bugs,0.4897891924208737,experimental
NZ315,11,bugs,0.3216294402178663,experimental
NZ316,11,bugs,0.33464326277769607,experimental
NZ317,11,bugs,0.3035170897440664,experimental
NZ318,11,bugs,0.37897570187693275,experimental
NZ319,11,bugs,0.20696653942609197,experimental
NZ320,11,bugs,0.4566169096138442,experimental
NZ321,11,bugs,0.38545641793476343,experimental
NZ322,11,bugs,0.38488542768856426,experimental
NZ323,11,bugs,0.24883346491732955,experimental
NZ324,11,bugs,0.2741687830707543,experimental
NZ325,11,bugs,0.3815341310627917,experimental
NZ326,11,bugs,0.2126880670411078,experimental
NZ327,11,bugs,0.4931242872948176,experimental
NZ328,11,bugs,0.2226617165931063,experimental
NZ329,11,bugs,0.24443810456473147,experimental
NZ330,11,bugs,0.20976909578699984,experimental
NZ331,11,bugs,0.2425358938669376,experimental
NZ332,11,bugs,0.4886934085585888,experimental
NZ333,11,bugs,0.28207252921283893,experimental
NZ334,11,bugs,0.2645622093291614,experimental
NZ335,11,bugs,0.28207252921283893,experimental
NZ336,11,bugs,0.33464326277769607,experimental
NZ337,11,bugs,0.3886564608311043,experimental
NZ338,11,bugs,0.2486070667948323,experimental
NZ339,11,bugs,0.2645622093291614,experimental
NZ340,11,bugs,0.24762062048725728,experimental
NZ341,11,bugs,0.40584999253663456,experimental
NZ342,11,bugs,0.37990302978728935,experimental
NZ343,11,bugs,0.28207252921283893,experimental
NZ344,11,bugs,0.47432045997880035,experimental
NZ345,11,bugs,0.5612704491685363,experimental
NZ346,11,bugs,0.4012906177871812,experimental
NZ347,11,bugs,0.2466027390970428,experimental
NZ348,11,bugs,0.5402156655715893,experimental
NZ349,11,bugs,0.26484000975180755,experimental
NZ350,11,bugs,0.33154106076272855,experimental
NZ351,11,bugs,0.3736225016718283,experimental
NZ352,11,bugs,0.2665940191437698,experimental
NZ353,11,bugs,0.2624555322956123,experimental
NZ354,11,bugs,0.25947596963080427,experimental
NZ355,11,bugs,0.28869754008459564,experimental
NZ356,11,bugs,0.4872258856138343,experimental
NZ357,11,bugs,0.26548985849879725,experimental
NZ358,11,bugs,0.5249740340076771,experimental
NZ359,11,bugs,0.32210392436005875,experimental
NZ360,11,bugs,0.49455439986755373,experimental
NZ361,11,bugs,0.2852210137226139,experimental
NZ362,11,bugs,0.2316521869823509,experimental
NZ363,11,bugs,0.5770674128622976,experimental
NZ364,11,bugs,0.33373750470223157,experimental
NZ365,11,bugs,0.35903883877384485,experimental
NZ366,11,bugs,0.32210392436005875,experimental
NZ367,11,bugs,0.2645622093291614,experimental
NZ368,11,bugs,0.3318382781181054,experimental
NZ369,11,bugs,0.4886934085585888,experimental
NZ370,11,bugs,0.3377708774829691,experimental
NZ371,11,bugs,0.21374264930885925,experimental
NZ372,11,bugs,0.2912131018830106,experimental
NZ373,11,bugs,0.3453411098453484,experimental
NZ374,11,bugs,0.35576911528578886,experimental
NZ375,11,bugs,0.249937439866706,experimental
NZ376,11,bugs,0.332929061563516,experimental
NZ377,11,bugs,0.2878900664997515,experimental
NZ378,11,bugs,0.3306925646279521,experimental
NZ379,11,bugs,0.28472785755180324,experimental
NZ380,11,bugs,0.3427797626474304,experimental
NZ381,11,bugs,0.33464326277769607,experimental
NZ382,11,bugs,0.30920609094460394,experimental
NZ383,11,bugs,0.25564128209586984,experimental
NZ384,11,bugs,0.2728040103615652,experimental
NZ385,11,bugs,0.5645212338479578,experimental
NZ386,11,bugs,0.417926286029022,experimental
NZ387,11,bugs,0.2691715066121752,experimental
NZ388,11,bugs,0.2287431871016581,experimental
NZ389,11,bugs,0.24741029625245217,experimental
NZ390,11,bugs,0.33464326277769607,experimental
NZ391,11,bugs,0.23326076194965012,experimental
NZ392,11,bugs,0.2891701948120135,experimental
NZ393,11,bugs,0.2287431871016581,experimental
NZ394,11,bugs,0.319415067488083,experimental
NZ395,11,bugs,0.385388648459454,experimental
NZ396,11,bugs,0.2964182377925241,experimental
NZ397,11,bugs,0.38045379075916014,experimental
NZ398,11,bugs,0.28207252921283893,experimental
NZ399,11,bugs,0.34746586326447154,experimental
NZ400,11,bugs,0.48034245237863377,experimental
NZ401,11,bugs,0.385388648459454,experimental
NZ402,11,bugs,0.35378330371032085,experimental
NZ403,11,bugs,0.3926563210036778,experimental
NZ404,11,bugs,0.35719795734590315,experimental
NZ405,11,bugs,0.35903883877384485,experimental
NZ406,11,bugs,0.385388648459454,experimental
NZ407,11,bugs,0.35378330371032085,experimental
NZ408,11,bugs,0.3626575781229358,experimental
NZ409,11,bugs,0.3609817986687574,experimental
NZ410,11,bugs,0.340581688583016,experimental
NZ411,11,bugs,0.41598435064000405,experimental
NZ412,11,bugs,0.35378330371032085,experimental
NZ413,11,bugs,0.5858802096529953,experimental
NZ414,11,bugs,0.40676513593567587,experimental
NZ415,11,bugs,0.400101458921302,experimental
NZ416,11,bugs,0.6160276292031719,experimental
NZ417,11,bugs,0.3723795061049607,experimental
NZ418,11,bugs,0.3397945479505243,experimental
NZ419,11,bugs,0.37318819923005897,experimental
NZ420,11,bugs,0.37976064962386813,experimental
NZ421,11,bugs,0.4477188908153258,experimental
NZ422,11,bugs,0.2541008888866257,experimental
NZ423,11,bugs,0.24762062048725728,experimental
NZ424,11,bugs,0.520790805191883,experimental
NZ425,11,bugs,0.520790805191883,experimental
NZ426,11,bugs,0.26971288231680024,experimental
NZ427,11,bugs,0.5211759981034364,experimental
NZ428,11,bugs,0.28021655512002713,experimental
NZ429,11,bugs,0.2506581766824468,experimental
NZ430,11,bugs,0.2698739450302526,experimental
NZ431,11,bugs,0.5612704491685363,experimental
NZ432,11,bugs,0.41395933787691275,experimental
NZ433,11,bugs,0.276616624383031,experimental
NZ434,11,bugs,0.276616624383031,experimental
NZ435,11,bugs,0.3321732243985823,experimental
NZ436,11,bugs,0.409773483347248,experimental
NZ437,11,bugs,0.3289749729919375,experimental
NZ438,11,bugs,0.3143595375540425,experimental
NZ439,11,bugs,0.48000814301930667,experimental
NZ440,11,bugs,0.2989082064552311,experimental
NZ441,11,bugs,0.3863171285506489,experimental
NZ442,11,bugs,0.3279119356762625,experimental
NZ443,11,bugs,0.3304941787980248,experimental
NZ444,11,bugs,0.29805764578052524,experimental
NZ445,11,bugs,0.3142340435795393,experimental
NZ446,11,bugs,0.28522555550944845,experimental
NZ447,11,bugs,0.49455439986755373,experimental
NZ448,11,bugs,0.28207252921283893,experimental
NZ449,11,bugs,0.28207252921283893,experimental
NZ450,11,bugs,0.33737770974921666,experimental
NZ451,11,bugs,0.23172047001998022,experimental
NZ452,11,bugs,0.2287431871016581,experimental
NZ453,11,bugs,0.2364764362076619,experimental
NZ454,11,bugs,0.23531199286883003,experimental
NZ455,11,bugs,0.2199287996593588,experimental
NZ456,11,bugs,0.4098977266713521,experimental
NZ457,11,bugs,0.30003484822732535,experimental
NZ458,11,bugs,0.24379722830925446,experimental
NZ459,11,bugs,0.19927476483299306,experimental
NZ460,11,bugs,0.454109951028046,experimental
NZ461,11,bugs,0.22854695691179325,experimental
NZ462,11,bugs,0.2691715066121752,experimental
NZ463,11,bugs,0.2631876953385594,experimental
NZ464,11,bugs,0.47386655941970834,experimental
NZ465,11,bugs,0.4895641150700948,experimental
NZ466,11,bugs,0.2714642997362751,experimental
NZ467,11,bugs,0.2891701948120135,experimental
NZ468,11,bugs,0.24284298723432274,experimental
NZ469,11,bugs,0.3197414354736779,experimental
NZ470,11,bugs,0.36632840791543203,experimental
NZ471,11,bugs,0.2833524645092214,experimental
NZ472,11,bugs,0.4193135603301945,experimental
NZ473,11,bugs,0.2645622093291614,experimental
NZ474,11,bugs,0.520790805191883,experimental
NZ475,11,bugs,0.24762062048725728,experimental
NZ476,11,bugs,0.2316521869823509,experimental
NZ477,11,bugs,0.24762062048725728,experimental
NZ478,11,bugs,0.26295443090862086,experimental
NZ479,11,bugs,0.24762062048725728,experimental
NZ480,11,bugs,0.2571181387933603,experimental
NZ481,11,bugs,0.3047368712579565,experimental
NZ482,11,bugs,0.30450835116615194,experimental
NZ483,11,bugs,0.2193779607443383,experimental
NZ484,11,bugs,0.28690023417583604,experimental
NZ485,11,bugs,0.30191332296842044,experimental
NZ486,11,bugs,0.26907103774594104,experimental
NZ487,11,bugs,0.25896315000729725,experimental
NZ488,11,bugs,0.30191332296842044,experimental
NZ489,11,bugs,0.3051359164436658,experimental
NZ490,11,bugs,0.2715799920694447,experimental
NZ491,11,bugs,0.3417975692739073,experimental
NZ492,11,bugs,0.2715602708005328,experimental
NZ493,11,bugs,0.25947596963080427,experimental
NZ494,11,bugs,0.30184689163982553,experimental
NZ495,11,bugs,0.4969124202019942,experimental
NZ496,11,bugs,0.4393750881862176,experimental
NZ497,11,bugs,0.4260762623567944,experimental
NZ498,11,bugs,0.2794643852285206,experimental
NZ499,11,bugs,0.4969124202019942,experimental
NZ500,11,bugs,0.2571181387933603,experimental
NZ001,11,mud,0.9049843034803077,experimental
NZ002,11,mud,0.7682510119059565,experimental
NZ003,11,mud,0.7968827347924254,experimental
NZ004,11,mud,0.7046659334766522,experimental
NZ005,11,mud,0.566208668049855,experimental
NZ006,11,mud,0.796393299623359,experimental
NZ007,11,mud,0.7567320177948846,experimental
NZ008,11,mud,0.8201321426028885,experimental
NZ009,11,mud,0.8906663087833148,experimental
NZ010,11,mud,0.6648803452592594,experimental
NZ011,11,mud,0.7599609589141966,experimental
NZ012,11,mud,0.9065731080771761,experimental
NZ013,11,mud,0.8354779564781937,experimental
NZ014,11,mud,0.7617746182770472,experimental
NZ015,11,mud,0.7356817301697933,experimental
NZ016,11,mud,0.8629530981347305,experimental
NZ017,11,mud,0.7758976918479011,experimental
NZ018,11,mud,0.7986186358965501,experimental
NZ019,11,mud,0.8706232530217661,experimental
NZ020,11,mud,0.7516635046829212,experimental
NZ021,11,mud,0.8654394542884988,experimental
NZ022,11,mud,0.701761435427031,experimental
NZ023,11,mud,0.7747192905886812,experimental
NZ024,11,mud,0.8783086467293585,experimental
NZ025,11,mud,0.810067168454139,experimental
NZ026,11,mud,0.8427266675691736,experimental
NZ027,11,mud,0.8612443405698641,experimental
NZ028,11,mud,0.7691672731486626,experimental
NZ029,11,mud,0.7997821102440197,experimental
NZ030,11,mud,0.7515859140745316,experimental
NZ031,11,mud,0.8593828502008463,experimental
NZ032,11,mud,0.7571403623318902,experimental
NZ033,11,mud,0.7697739586418241,experimental
NZ034,11,mud,0.7519489774470741,experimental
NZ035,11,mud,0.7709647121419716,experimental
NZ036,11,mud,0.7567079702528294,experimental
NZ037,11,mud,0.7122041648195409,experimental
NZ038,11,mud,0.7179086305087198,experimental
NZ039,11,mud,0.80279633357179,experimental
NZ040,11,mud,0.770016833426421,experimental
NZ041,11,mud,0.6978975349857102,experimental
NZ042,11,mud,0.7252868418583628,experimental
NZ043,11,mud,0.8138431870686459,experimental
NZ044,11,mud,0.7542079702528295,experimental
NZ045,11,mud,0.8319011202124499,experimental
NZ046,11,mud,0.8629530981347305,experimental
NZ047,11,mud,0.7665821471694569,experimental
NZ048,11,mud,0.8190843782256223,experimental
NZ049,11,mud,0.6501651576946192,experimental
NZ050,11,mud,0.6501651576946192,experimental
NZ051,11,mud,0.6104487168648923,experimental
NZ052,11,mud,0.7586166576057038,experimental
NZ053,11,mud,0.8578875736336383,experimental
NZ054,11,mud,0.7646807639720721,experimental
NZ055,11,mud,0.7630414696592227,experimental
NZ056,11,mud,0.7595865506634059,experimental
NZ057,11,mud,0.8754433376636633,experimental
NZ058,11,mud,0.8836574405585097,experimental
NZ059,11,mud,0.8660600401566508,experimental
NZ060,11,mud,0.85474253833942,experimental
NZ061,11,mud,0.8040595882939812,experimental
NZ062,11,mud,0.8784727507365319,experimental
NZ063,11,mud,0.8368233946637558,experimental
NZ064,11,mud,0.8636913628806632,experimental
NZ065,11,mud,0.8956781002654625,experimental
NZ066,11,mud,0.8636913628806632,experimental
NZ067,11,mud,0.8863474615674265,experimental
NZ068,11,mud,0.8863474615674265,experimental
NZ069,11,mud,0.8190843782256223,experimental
NZ070,11,mud,0.8403936425976402,experimental
NZ071,11,mud,0.8956781002654625,experimental
NZ072,11,mud,0.8929156869639137,experimental
NZ073,11,mud,0.8120522230017635,experimental
NZ074,11,mud,0.8956781002654625,experimental
NZ075,11,mud,0.8499656002872553,experimental
NZ076,11,mud,0.8135108591076666,experimental
NZ077,11,mud,0.8499656002872553,experimental
NZ078,11,mud,0.7954518736771622,experimental
NZ079,11,mud,0.7897767210902421,experimental
NZ080,11,mud,0.8305515338559437,experimental
NZ081,11,mud,0.8629530981347305,experimental
NZ082,11,mud,0.8305515338559437,experimental
NZ083,11,mud,0.8653302709318843,experimental
NZ084,11,mud,0.7907879696175035,experimental
NZ085,11,mud,0.76805665228983,experimental
NZ086,11,mud,0.6268627988637135,experimental
NZ087,11,mud,0.6268627988637135,experimental
NZ088,11,mud,0.6755381474411258,experimental
NZ089,11,mud,0.7080749167416788,experimental
NZ090,11,mud,0.6816521760022642,experimental
NZ091,11,mud,0.6124921937230181,experimental
NZ092,11,mud,0.6958050037439849,experimental
NZ093,11,mud,0.6490227358568078,experimental
NZ094,11,mud,0.6637823236084427,experimental
NZ095,11,mud,0.7128367831809216,experimental
NZ096,11,mud,0.7190614407759719,experimental
NZ097,11,mud,0.676180517742327,experimental
NZ098,11,mud,0.5219685266222428,experimental
NZ099,11,mud,0.6392364010402538,experimental
NZ100,11,mud,0.5656292218026969,experimental
NZ101,11,mud,0.8123309166887024,experimental
NZ102,11,mud,0.8848928420685948,experimental
NZ103,11,mud,0.7335240889258563,experimental
NZ104,11,mud,0.8101303884013749,experimental
NZ105,11,mud,0.794265733045138,experimental
NZ106,11,mud,0.7491435452518542,experimental
NZ107,11,mud,0.49735713845718976,experimental
NZ108,11,mud,0.6084960646459947,experimental
NZ109,11,mud,0.7970380963238737,experimental
NZ110,11,mud,0.7902981953265812,experimental
NZ111,11,mud,0.8253389735059342,experimental
NZ112,11,mud,0.849802743542759,experimental
NZ113,11,mud,0.8290587920028392,experimental
NZ114,11,mud,0.7507343532209303,experimental
NZ115,11,mud,0.7691672731486626,experimental
NZ116,11,mud,0.7516635046829212,experimental
NZ117,11,mud,0.7646807639720721,experimental
NZ118,11,mud,0.8145668244903023,experimental
NZ119,11,mud,0.5829363134578944,experimental
NZ120,11,mud,0.8765772198147904,experimental
NZ121,11,mud,0.838960628284099,experimental
NZ122,11,mud,0.748272890247464,experimental
NZ123,11,mud,0.8498077390710823,experimental
NZ124,11,mud,0.847343427142431,experimental
NZ125,11,mud,0.8421269078171802,experimental
NZ126,11,mud,0.84206003034451,experimental
NZ127,11,mud,0.8316758869920229,experimental
NZ128,11,mud,0.8538850663110132,experimental
NZ129,11,mud,0.8171327334864792,experimental
NZ130,11,mud,0.8253389735059342,experimental
NZ131,11,mud,0.8339356619378148,experimental
NZ132,11,mud,0.8316758869920229,experimental
NZ133,11,mud,0.5308112647186537,experimental
NZ134,11,mud,0.7001984427531089,experimental
NZ135,11,mud,0.7844825754706783,experimental
NZ136,11,mud,0.7516635046829212,experimental
NZ137,11,mud,0.8376713158777235,experimental
NZ138,11,mud,0.7869556410431556,experimental
NZ139,11,mud,0.7292286534680537,experimental
NZ140,11,mud,0.6938063858282454,experimental
NZ141,11,mud,0.8086094715147629,experimental
NZ142,11,mud,0.751122261210798,experimental
NZ143,11,mud,0.8207710337908488,experimental
NZ144,11,mud,0.8080148440464351,experimental
NZ145,11,mud,0.7899639065995856,experimental
NZ146,11,mud,0.7828693259404655,experimental
NZ147,11,mud,0.7500650968399137,experimental
NZ148,11,mud,0.80279633357179,experimental
NZ149,11,mud,0.7511353447737981,experimental
NZ150,11,mud,0.7939394597363651,experimental
NZ151,11,mud,0.6557573864613848,experimental
NZ152,11,mud,0.6835653917888378,experimental
NZ153,11,mud,0.7832964795193116,experimental
NZ154,11,mud,0.7832964795193116,experimental
NZ155,11,mud,0.7925357287737774,experimental
NZ156,11,mud,0.6981911637473657,experimental
NZ157,11,mud,0.7832964795193116,experimental
NZ158,11,mud,0.7832964795193116,experimental
NZ159,11,mud,0.8338417910337511,experimental
NZ160,11,mud,0.7832964795193116,experimental
NZ161,11,mud,0.7649210137800196,experimental
NZ162,11,mud,0.7832964795193116,experimental
NZ163,11,mud,0.7925357287737774,experimental
NZ164,11,mud,0.7914202646362198,experimental
NZ165,11,mud,0.808007223517171,experimental
NZ166,11,mud,0.6965230411029155,experimental
NZ167,11,mud,0.7431113173449385,experimental
NZ168,11,mud,0.7561166576057038,experimental
NZ169,11,mud,0.7585087702900066,experimental
NZ170,11,mud,0.7534188670777396,experimental
NZ171,11,mud,0.7905927496089047,experimental
NZ172,11,mud,0.7516635046829212,experimental
NZ173,11,mud,0.7691672731486626,experimental
NZ174,11,mud,0.8765772198147904,experimental
NZ175,11,mud,0.8765772198147904,experimental
NZ176,11,mud,0.662948758826078,experimental
NZ177,11,mud,0.5919572011316482,experimental
NZ178,11,mud,0.5791254528707753,experimental
NZ179,11,mud,0.6501651576946192,experimental
NZ180,11,mud,0.5851093238385173,experimental
NZ181,11,mud,0.8316758869920229,experimental
NZ182,11,mud,0.837505909871699,experimental
NZ183,11,mud,0.8225407414539795,experimental
NZ184,11,mud,0.7523011956969451,experimental
NZ185,11,mud,0.7063820071662106,experimental
NZ186,11,mud,0.7326421380341511,experimental
NZ187,11,mud,0.7333318141291828,experimental
NZ188,11,mud,0.7340962469630166,experimental
NZ189,11,mud,0.8135528814256545,experimental
NZ190,11,mud,0.8708792881174321,experimental
NZ191,11,mud,0.8354782107623381,experimental
NZ192,11,mud,0.832869163845793,experimental
NZ193,11,mud,0.7978508601285397,experimental
NZ194,11,mud,0.8183231455728048,experimental
NZ195,11,mud,0.8417179517896718,experimental
NZ196,11,mud,0.8296182825446631,experimental
NZ197,11,mud,0.8136685842969076,experimental
NZ198,11,mud,0.7148329578498428,experimental
NZ199,11,mud,0.8239763743324168,experimental
NZ200,11,mud,0.7210312205817567,experimental
NZ201,11,mud,0.7897767210902421,experimental
NZ202,11,mud,0.6619933605808022,experimental
NZ203,11,mud,0.8629530981347305,experimental
NZ204,11,mud,0.7556298583147224,experimental
NZ205,11,mud,0.6813104307874062,experimental
NZ206,11,mud,0.7662721934711887,experimental
NZ207,11,mud,0.812251318051076,experimental
NZ208,11,mud,0.7520816645711929,experimental
NZ209,11,mud,0.8653302709318843,experimental
NZ210,11,mud,0.8509266147761962,experimental
NZ211,11,mud,0.7665459300924795,experimental
NZ212,11,mud,0.7833299608640619,experimental
NZ213,11,mud,0.8653302709318843,experimental
NZ214,11,mud,0.8458846203169984,experimental
NZ215,11,mud,0.8305515338559437,experimental
NZ216,11,mud,0.8461668790130074,experimental
NZ217,11,mud,0.8495362972108499,experimental
NZ218,11,mud,0.8621781512311362,experimental
NZ219,11,mud,0.7593572163620432,experimental
NZ220,11,mud,0.8238531288509525,experimental
NZ221,11,mud,0.8044380636136924,experimental
NZ222,11,mud,0.8535089001885556,experimental
NZ223,11,mud,0.8715237770604942,experimental
NZ224,11,mud,0.8028530534513061,experimental
NZ225,11,mud,0.7740680055205452,experimental
NZ226,11,mud,0.7874723732641551,experimental
NZ227,11,mud,0.8626771711256181,experimental
NZ228,11,mud,0.8765772198147904,experimental
NZ229,11,mud,0.8626771711256181,experimental
NZ230,11,mud,0.7780978155485029,experimental
NZ231,11,mud,0.7986210367518656,experimental
NZ232,11,mud,0.8765772198147904,experimental
NZ233,11,mud,0.7986210367518656,experimental
NZ234,11,mud,0.8268428115113166,experimental
NZ235,11,mud,0.8305515338559437,experimental
NZ236,11,mud,0.8305515338559437,experimental
NZ237,11,mud,0.8354779564781937,experimental
NZ238,11,mud,0.8757144533205274,experimental
NZ239,11,mud,0.8255633496302657,experimental
NZ240,11,mud,0.8459660492769656,experimental
NZ241,11,mud,0.8552034013313641,experimental
NZ242,11,mud,0.8245158311108228,experimental
NZ243,11,mud,0.7405424452115242,experimental
NZ244,11,mud,0.7088285665295291,experimental
NZ245,11,mud,0.8448399420696799,experimental
NZ246,11,mud,0.7974360371198729,experimental
NZ247,11,mud,0.7457993629455083,experimental
NZ248,11,mud,0.7691672731486626,experimental
NZ249,11,mud,0.7534188670777396,experimental
NZ250,11,mud,0.7976103526313489,experimental
NZ251,11,mud,0.696714446464946,experimental
NZ252,11,mud,0.7516635046829212,experimental
NZ253,11,mud,0.7785533531778197,experimental
NZ254,11,mud,0.7974360371198729,experimental
NZ255,11,mud,0.8176646100950176,experimental
NZ256,11,mud,0.6990900118121376,experimental
NZ257,11,mud,0.6888177429696645,experimental
NZ258,11,mud,0.7516635046829212,experimental
NZ259,11,mud,0.725075300244523,experimental
NZ260,11,mud,0.7516635046829212,experimental
NZ261,11,mud,0.7516635046829212,experimental
NZ262,11,mud,0.7578216948421741,experimental
NZ263,11,mud,0.7691672731486626,experimental
NZ264,11,mud,0.7500512295653579,experimental
NZ265,11,mud,0.7442731606249904,experimental
NZ266,11,mud,0.8250881983781074,experimental
NZ267,11,mud,0.7447422712537822,experimental
NZ268,11,mud,0.8173649559972981,experimental
NZ269,11,mud,0.7016786454088478,experimental
NZ270,11,mud,0.6988669648327627,experimental
NZ271,11,mud,0.7662721934711887,experimental
NZ272,11,mud,0.6669852621526128,experimental
NZ273,11,mud,0.6569609837339543,experimental
NZ274,11,mud,0.6959555199267042,experimental
NZ275,11,mud,0.7452383770602247,experimental
NZ276,11,mud,0.6816521760022642,experimental
NZ277,11,mud,0.8628499768335816,experimental
NZ278,11,mud,0.7516635046829212,experimental
NZ279,11,mud,0.7601610823600774,experimental
NZ280,11,mud,0.8628499768335816,experimental
NZ281,11,mud,0.7452383770602247,experimental
NZ282,11,mud,0.6588399046513107,experimental
NZ283,11,mud,0.7662721934711887,experimental
NZ284,11,mud,0.7068117482888916,experimental
NZ285,11,mud,0.7372049294469191,experimental
NZ286,11,mud,0.6662535296645549,experimental
NZ287,11,mud,0.5866374590027409,experimental
NZ288,11,mud,0.7674526549251678,experimental
NZ289,11,mud,0.612066312579879,experimental
NZ290,11,mud,0.5461371694862133,experimental
NZ291,11,mud,0.7675149206980001,experimental
NZ292,11,mud,0.8485332128002423,experimental
NZ293,11,mud,0.754609332786216,experimental
NZ294,11,mud,0.838744407723418,experimental
NZ295,11,mud,0.8076315750142516,experimental
NZ296,11,mud,0.7058385427713803,experimental
NZ297,11,mud,0.7832964795193116,experimental
NZ298,11,mud,0.7925357287737774,experimental
NZ299,11,mud,0.5634562114220741,experimental
NZ300,11,mud,0.7599346134263538,experimental
NZ301,11,mud,0.837144020102176,experimental
NZ302,11,mud,0.8071165199847042,experimental
NZ303,11,mud,0.7500869873593882,experimental
NZ304,11,mud,0.80279633357179,experimental
NZ305,11,mud,0.8262415877432655,experimental
NZ306,11,mud,0.8549694669320217,experimental
NZ307,11,mud,0.7028473513817318,experimental
NZ308,11,mud,0.7771731926470058,experimental
NZ309,11,mud,0.7511822118999895,experimental
NZ310,11,mud,0.80279633357179,experimental
NZ311,11,mud,0.838744407723418,experimental
NZ312,11,mud,0.789160002994314,experimental
NZ313,11,mud,0.8138431870686459,experimental
NZ314,11,mud,0.8207710337908488,experimental
NZ315,11,mud,0.7487672105595682,experimental
NZ316,11,mud,0.8612443405698641,experimental
NZ317,11,mud,0.8730929199753509,experimental
NZ318,11,mud,0.5041779107033689,experimental
NZ319,11,mud,0.69374112237213,experimental
NZ320,11,mud,0.7835686537698907,experimental
NZ321,11,mud,0.780187898378759,experimental
NZ322,11,mud,0.7777941975913574,experimental
NZ323,11,mud,0.6765571102662137,experimental
NZ324,11,mud,0.7229194265012626,experimental
NZ325,11,mud,0.7801225432263075,experimental
NZ326,11,mud,0.820290569486779,experimental
NZ327,11,mud,0.7947897209111289,experimental
NZ328,11,mud,0.7410086707926142,experimental
NZ329,11,mud,0.6900368835841719,experimental
NZ330,11,mud,0.820290569486779,experimental
NZ331,11,mud,0.652858514027953,experimental
NZ332,11,mud,0.8410395851603799,experimental
NZ333,11,mud,0.8253389735059342,experimental
NZ334,11,mud,0.8316758869920229,experimental
NZ335,11,mud,0.8253389735059342,experimental
NZ336,11,mud,0.8612443405698641,experimental
NZ337,11,mud,0.8104141652102608,experimental
NZ338,11,mud,0.8377024109584691,experimental
NZ339,11,mud,0.8316758869920229,experimental
NZ340,11,mud,0.837505909871699,experimental
NZ341,11,mud,0.8477495479211045,experimental
NZ342,11,mud,0.5814207165282849,experimental
NZ343,11,mud,0.8253389735059342,experimental
NZ344,11,mud,0.7970249023069813,experimental
NZ345,11,mud,0.869864139090809,experimental
NZ346,11,mud,0.8274083954159662,experimental
NZ347,11,mud,0.7564324953588876,experimental
NZ348,11,mud,0.850955482061587,experimental
NZ349,11,mud,0.8036791164363315,experimental
NZ350,11,mud,0.7529088185738047,experimental
NZ351,11,mud,0.7419299860334356,experimental
NZ352,11,mud,0.7582352390923878,experimental
NZ353,11,mud,0.8622424997020222,experimental
NZ354,11,mud,0.8765772198147904,experimental
NZ355,11,mud,0.7392162799838329,experimental
NZ356,11,mud,0.8706232530217661,experimental
NZ357,11,mud,0.8130397924672859,experimental
NZ358,11,mud,0.615799278575194,experimental
NZ359,11,mud,0.7832964795193116,experimental
NZ360,11,mud,0.8648992336027529,experimental
NZ361,11,mud,0.7925357287737774,experimental
NZ362,11,mud,0.8447436288373913,experimental
NZ363,11,mud,0.6306204847959487,experimental
NZ364,11,mud,0.8085260021017829,experimental
NZ365,11,mud,0.5398032098520362,experimental
NZ366,11,mud,0.7832964795193116,experimental
NZ367,11,mud,0.8316758869920229,experimental
NZ368,11,mud,0.7317411746871693,experimental
NZ369,11,mud,0.8307347591878734,experimental
NZ370,11,mud,0.7578128202015696,experimental
NZ371,11,mud,0.7662721934711887,experimental
NZ372,11,mud,0.8253389735059342,experimental
NZ373,11,mud,0.8089528935387336,experimental
NZ374,11,mud,0.816805743867102,experimental
NZ375,11,mud,0.7556372702090504,experimental
NZ376,11,mud,0.7446563934445869,experimental
NZ377,11,mud,0.8444704298390633,experimental
NZ378,11,mud,0.7490547363923724,experimental
NZ379,11,mud,0.8444704298390633,experimental
NZ380,11,mud,0.8612443405698641,experimental
NZ381,11,mud,0.8612443405698641,experimental
NZ382,11,mud,0.8065582318754302,experimental
NZ383,11,mud,0.6605975198958596,experimental
NZ384,11,mud,0.6640968271095917,experimental
NZ385,11,mud,0.8876608861617251,experimental
NZ386,11,mud,0.7923361791034111,experimental
NZ387,11,mud,0.8305515338559437,experimental
NZ388,11,mud,0.8239763743324168,experimental
NZ389,11,mud,0.7261256836994101,experimental
NZ390,11,mud,0.8612443405698641,experimental
NZ391,11,mud,0.8239763743324168,experimental
NZ392,11,mud,0.8629530981347305,experimental
NZ393,11,mud,0.8239763743324168,experimental
NZ394,11,mud,0.7968250240011991,experimental
NZ395,11,mud,0.6501651576946192,experimental
NZ396,11,mud,0.8324696190395958,experimental
NZ397,11,mud,0.7733132904885979,experimental
NZ398,11,mud,0.8253389735059342,experimental
NZ399,11,mud,0.5179688396937212,experimental
NZ400,11,mud,0.5644378034920762,experimental
NZ401,11,mud,0.6501651576946192,experimental
NZ402,11,mud,0.662948758826078,experimental
NZ403,11,mud,0.483197874211462,experimental
NZ404,11,mud,0.662948758826078,experimental
NZ405,11,mud,0.5919282585912773,experimental
NZ406,11,mud,0.6501651576946192,experimental
NZ407,11,mud,0.662948758826078,experimental
NZ408,11,mud,0.662948758826078,experimental
NZ409,11,mud,0.612066312579879,experimental
NZ410,11,mud,0.5250289971084329,experimental
NZ411,11,mud,0.5923236816213436,experimental
NZ412,11,mud,0.662948758826078,experimental
NZ413,11,mud,0.624888704837036,experimental
NZ414,11,mud,0.542566921552329,experimental
NZ415,11,mud,0.5461371694862133,experimental
NZ416,11,mud,0.663021034207323,experimental
NZ417,11,mud,0.5939395272615873,experimental
NZ418,11,mud,0.6273196265403963,experimental
NZ419,11,mud,0.565009158537388,experimental
NZ420,11,mud,0.4710434441394784,experimental
NZ421,11,mud,0.8482640548154897,experimental
NZ422,11,mud,0.837505909871699,experimental
NZ423,11,mud,0.837505909871699,experimental
NZ424,11,mud,0.8675857222253346,experimental
NZ425,11,mud,0.8675857222253346,experimental
NZ426,11,mud,0.8257466646991642,experimental
NZ427,11,mud,0.8397385948278441,experimental
NZ428,11,mud,0.7661830800611759,experimental
NZ429,11,mud,0.837505909871699,experimental
NZ430,11,mud,0.7518463788717314,experimental
NZ431,11,mud,0.8499403330349636,experimental
NZ432,11,mud,0.7922394034772963,experimental
NZ433,11,mud,0.8419208630925145,experimental
NZ434,11,mud,0.8419208630925145,experimental
NZ435,11,mud,0.742910703529168,experimental
NZ436,11,mud,0.7827283984678105,experimental
NZ437,11,mud,0.7477833509184951,experimental
NZ438,11,mud,0.8290587920028392,experimental
NZ439,11,mud,0.8009250510032179,experimental
NZ440,11,mud,0.818354555252332,experimental
NZ441,11,mud,0.8526289087836447,experimental
NZ442,11,mud,0.7207113372251411,experimental
NZ443,11,mud,0.7513502372729048,experimental
NZ444,11,mud,0.8308995926653506,experimental
NZ445,11,mud,0.7660693371420055,experimental
NZ446,11,mud,0.8253389735059342,experimental
NZ447,11,mud,0.8439575515753631,experimental
NZ448,11,mud,0.8253389735059342,experimental
NZ449,11,mud,0.8253389735059342,experimental
NZ450,11,mud,0.741196740596649,experimental
NZ451,11,mud,0.8239763743324168,experimental
NZ452,11,mud,0.8239763743324168,experimental
NZ453,11,mud,0.8239763743324168,experimental
NZ454,11,mud,0.6839390942334609,experimental
NZ455,11,mud,0.7662721934711887,experimental
NZ456,11,mud,0.7704652159765295,experimental
NZ457,11,mud,0.6664176775206928,experimental
NZ458,11,mud,0.5987150443705189,experimental
NZ459,11,mud,0.7109247601792594,experimental
NZ460,11,mud,0.7252180784714608,experimental
NZ461,11,mud,0.6959555199267042,experimental
NZ462,11,mud,0.8305515338559437,experimental
NZ463,11,mud,0.7843658620216502,experimental
NZ464,11,mud,0.8417251213168666,experimental
NZ465,11,mud,0.8417251213168666,experimental
NZ466,11,mud,0.8305515338559437,experimental
NZ467,11,mud,0.8629530981347305,experimental
NZ468,11,mud,0.8490354012692711,experimental
NZ469,11,mud,0.8139122016385257,experimental
NZ470,11,mud,0.803105506562101,experimental
NZ471,11,mud,0.7197955356507139,experimental
NZ472,11,mud,0.811614164041811,experimental
NZ473,11,mud,0.8316758869920229,experimental
NZ474,11,mud,0.8476619161694895,experimental
NZ475,11,mud,0.837505909871699,experimental
NZ476,11,mud,0.8447436288373913,experimental
NZ477,11,mud,0.837505909871699,experimental
NZ478,11,mud,0.799906864563164,experimental
NZ479,11,mud,0.837505909871699,experimental
NZ480,11,mud,0.8765772198147904,experimental
NZ481,11,mud,0.6074150827552797,experimental
NZ482,11,mud,0.6897131226806085,experimental
NZ483,11,mud,0.7784775924196203,experimental
NZ484,11,mud,0.6558353866802893,experimental
NZ485,11,mud,0.7210775008330603,experimental
NZ486,11,mud,0.7279263505185816,experimental
NZ487,11,mud,0.7177022007540564,experimental
NZ488,11,mud,0.7210775008330603,experimental
NZ489,11,mud,0.7210775008330603,experimental
NZ490,11,mud,0.7581168346845942,experimental
NZ491,11,mud,0.7752695638026165,experimental
NZ492,11,mud,0.8305515338559437,experimental
NZ493,11,mud,0.8765772198147904,experimental
NZ494,11,mud,0.8568272946452907,experimental
NZ495,11,mud,0.8265995815143236,experimental
NZ496,11,mud,0.8504921131882834,experimental
NZ497,11,mud,0.8534821703317518,experimental
NZ498,11,mud,0.8235856320928385,experimental
NZ499,11,mud,0.8306964163619206,experimental
NZ500,11,mud,0.8765772198147904,experimental
NZ001,12,overall_good,0.9859772225011985,experimental
NZ002,12,overall_good,0.9858866291713381,experimental
NZ003,12,overall_good,0.9837254979121282,experimental
NZ004,12,overall_good,0.9852404893632453,experimental
NZ005,12,overall_good,0.9848945511321724,experimental
NZ006,12,overall_good,0.9808310550176413,experimental
NZ007,12,overall_good,0.9857045598186941,experimental
NZ008,12,overall_good,0.9848471628429388,experimental
NZ009,12,overall_good,0.9828345590541441,experimental
NZ010,12,overall_good,0.9843675940974821,experimental
NZ011,12,overall_good,0.9856593289603925,experimental
NZ012,12,overall_good,0.9815023424346572,experimental
NZ013,12,overall_good,0.9822938350212714,experimental
NZ014,12,overall_good,0.9861099572393622,experimental
NZ015,12,overall_good,0.9802036795895918,experimental
NZ016,12,overall_good,0.9822404686115969,experimental
NZ017,12,overall_good,0.9826246662383318,experimental
NZ018,12,overall_good,0.9829322171330394,experimental
NZ019,12,overall_good,0.9803029209778185,experimental
NZ020,12,overall_good,0.9848452181027932,experimental
NZ021,12,overall_good,0.9827495874339558,experimental
NZ022,12,overall_good,0.9814728454184863,experimental
NZ023,12,overall_good,0.9836354036063488,experimental
NZ024,12,overall_good,0.9841904809170493,experimental
NZ025,12,overall_good,0.9831654452088822,experimental
NZ026,12,overall_good,0.983141134065978,experimental
NZ027,12,overall_good,0.98207406358938,experimental
NZ028,12,overall_good,0.984328335224909,experimental
NZ029,12,overall_good,0.9829266585664067,experimental
NZ030,12,overall_good,0.986036911587831,experimental
NZ031,12,overall_good,0.9822162824397461,experimental
NZ032,12,overall_good,0.9832787079529963,experimental
NZ033,12,overall_good,0.9834845356908622,experimental
NZ034,12,overall_good,0.979648896390792,experimental
NZ035,12,overall_good,0.9823677439090075,experimental
NZ036,12,overall_good,0.9796371380802289,experimental
NZ037,12,overall_good,0.9843732132974389,experimental
NZ038,12,overall_good,0.981431876366476,experimental
NZ039,12,overall_good,0.9815582176239328,experimental
NZ040,12,overall_good,0.9838346339588016,experimental
NZ041,12,overall_good,0.9828414636836589,experimental
NZ042,12,overall_good,0.9841119300861926,experimental
NZ043,12,overall_good,0.9809261025197483,experimental
NZ044,12,overall_good,0.9797355708426655,experimental
NZ045,12,overall_good,0.979098300253476,experimental
NZ046,12,overall_good,0.9822549786417637,experimental
NZ047,12,overall_good,0.9841812771772269,experimental
NZ048,12,overall_good,0.9842354582165049,experimental
NZ049,12,overall_good,0.9845016814427735,experimental
NZ050,12,overall_good,0.9844759941630942,experimental
NZ051,12,overall_good,0.9849202360724595,experimental
NZ052,12,overall_good,0.9834435801108029,experimental
NZ053,12,overall_good,0.9827860070749879,experimental
NZ054,12,overall_good,0.9857810575693337,experimental
NZ055,12,overall_good,0.9843295585279516,experimental
NZ056,12,overall_good,0.985832665277505,experimental
NZ057,12,overall_good,0.9816704936871169,experimental
NZ058,12,overall_good,0.9836574090192074,experimental
NZ059,12,overall_good,0.9841755838885734,experimental
NZ060,12,overall_good,0.983907682142126,experimental
NZ061,12,overall_good,0.9803721166507713,experimental
NZ062,12,overall_good,0.984298816517939,experimental
NZ063,12,overall_good,0.983251024656891,experimental
NZ064,12,overall_good,0.9826745451391131,experimental
NZ065,12,overall_good,0.9836309658444511,experimental
NZ066,12,overall_good,0.9826856716269823,experimental
NZ067,12,overall_good,0.983811552631377,experimental
NZ068,12,overall_good,0.9837476532833513,experimental
NZ069,12,overall_good,0.9842883426436323,experimental
NZ070,12,overall_good,0.9833208786334353,experimental
NZ071,12,overall_good,0.9838381950405669,experimental
NZ072,12,overall_good,0.9820190240846376,experimental
NZ073,12,overall_good,0.9851151556553026,experimental
NZ074,12,overall_good,0.9836897940619806,experimental
NZ075,12,overall_good,0.9826297073868656,experimental
NZ076,12,overall_good,0.9833010777772144,experimental
NZ077,12,overall_good,0.9826371688951099,experimental
NZ078,12,overall_good,0.9827798689492024,experimental
NZ079,12,overall_good,0.9834397742516054,experimental
NZ080,12,overall_good,0.9833048104135584,experimental
NZ081,12,overall_good,0.982263729006545,experimental
NZ082,12,overall_good,0.9833410701475223,experimental
NZ083,12,overall_good,0.9827350750380344,experimental
NZ084,12,overall_good,0.9829566548423655,experimental
NZ085,12,overall_good,0.9832656545198495,experimental
NZ086,12,overall_good,0.9818380271873279,experimental
NZ087,12,overall_good,0.9818682895314358,experimental
NZ088,12,overall_good,0.9814357910340668,experimental
NZ089,12,overall_good,0.9809806875845748,experimental
NZ090,12,overall_good,0.9821582285861666,experimental
NZ091,12,overall_good,0.9817411679747396,experimental
NZ092,12,overall_good,0.9821076382967668,experimental
NZ093,12,overall_good,0.9793608635929995,experimental
NZ094,12,overall_good,0.9819275152474828,experimental
NZ095,12,overall_good,0.9818419214676111,experimental
NZ096,12,overall_good,0.9791077196320669,experimental
NZ097,12,overall_good,0.98486808316923,experimental
NZ098,12,overall_good,0.9849407959165759,experimental
NZ099,12,overall_good,0.9828275495503135,experimental
NZ100,12,overall_good,0.9839592486830738,experimental
NZ101,12,overall_good,0.9821812882732515,experimental
NZ102,12,overall_good,0.9829296256484481,experimental
NZ103,12,overall_good,0.9802693769614332,experimental
NZ104,12,overall_good,0.982993420927941,experimental
NZ105,12,overall_good,0.981461488670775,experimental
NZ106,12,overall_good,0.9800336050505922,experimental
NZ107,12,overall_good,0.9854197349450752,experimental
NZ108,12,overall_good,0.985417338712077,experimental
NZ109,12,overall_good,0.9842941279319027,experimental
NZ110,12,overall_good,0.984870688629575,experimental
NZ111,12,overall_good,0.9831077198884501,experimental
NZ112,12,overall_good,0.9847086385838508,experimental
NZ113,12,overall_good,0.9842367683506587,experimental
NZ114,12,overall_good,0.9847089846078795,experimental
NZ115,12,overall_good,0.9843335746787287,experimental
NZ116,12,overall_good,0.9848673038052076,experimental
NZ117,12,overall_good,0.985805524770589,experimental
NZ118,12,overall_good,0.9827457025121883,experimental
NZ119,12,overall_good,0.9849045849841002,experimental
NZ120,12,overall_good,0.9816188503809216,experimental
NZ121,12,overall_good,0.9826687642469918,experimental
NZ122,12,overall_good,0.9835600583404394,experimental
NZ123,12,overall_good,0.983004374404105,experimental
NZ124,12,overall_good,0.9789036608122927,experimental
NZ125,12,overall_good,0.9820703889867491,experimental
NZ126,12,overall_good,0.9837367936655076,experimental
NZ127,12,overall_good,0.9841262523501508,experimental
NZ128,12,overall_good,0.9807016902825436,experimental
NZ129,12,overall_good,0.9842777045873916,experimental
NZ130,12,overall_good,0.9830857926444558,experimental
NZ131,12,overall_good,0.9824716494616772,experimental
NZ132,12,overall_good,0.9841477135133937,experimental
NZ133,12,overall_good,0.9848354752123831,experimental
NZ134,12,overall_good,0.9852486030749574,experimental
NZ135,12,overall_good,0.9852809574395168,experimental
NZ136,12,overall_good,0.9848417313844755,experimental
NZ137,12,overall_good,0.9828046836116594,experimental
NZ138,12,overall_good,0.982355960314167,experimental
NZ139,12,overall_good,0.9824857200814476,experimental
NZ140,12,overall_good,0.9838473385690996,experimental
NZ141,12,overall_good,0.9844154405919908,experimental
NZ142,12,overall_good,0.9793392118328617,experimental
NZ143,12,overall_good,0.981625263903889,experimental
NZ144,12,overall_good,0.981519808892402,experimental
NZ145,12,overall_good,0.9825763093012756,experimental
NZ146,12,overall_good,0.9826633949873889,experimental
NZ147,12,overall_good,0.979885938897886,experimental
NZ148,12,overall_good,0.9816610612813054,experimental
NZ149,12,overall_good,0.9800813612437617,experimental
NZ150,12,overall_good,0.9788031875957522,experimental
NZ151,12,overall_good,0.9790475631691297,experimental
NZ152,12,overall_good,0.9791363093180936,experimental
NZ153,12,overall_good,0.9849877459529437,experimental
NZ154,12,overall_good,0.9849827334809897,experimental
NZ155,12,overall_good,0.9844218814976808,experimental
NZ156,12,overall_good,0.9850140339135753,experimental
NZ157,12,overall_good,0.9849745849487853,experimental
NZ158,12,overall_good,0.9849915844570416,experimental
NZ159,12,overall_good,0.9848413493175272,experimental
NZ160,12,overall_good,0.9849727844227517,experimental
NZ161,12,overall_good,0.9856028972313128,experimental
NZ162,12,overall_good,0.9849853721068529,experimental
NZ163,12,overall_good,0.9844391389631078,experimental
NZ164,12,overall_good,0.986007098374535,experimental
NZ165,12,overall_good,0.9859347618494286,experimental
NZ166,12,overall_good,0.9857033273352159,experimental
NZ167,12,overall_good,0.9861865322803343,experimental
NZ168,12,overall_good,0.9834979413622378,experimental
NZ169,12,overall_good,0.9857445823174793,experimental
NZ170,12,overall_good,0.9857635487180181,experimental
NZ171,12,overall_good,0.9847563806320516,experimental
NZ172,12,overall_good,0.9848687690101035,experimental
NZ173,12,overall_good,0.9843173594826666,experimental
NZ174,12,overall_good,0.981559927599163,experimental
NZ175,12,overall_good,0.9815753206176221,experimental
NZ176,12,overall_good,0.9838884693686917,experimental
NZ177,12,overall_good,0.9853968441257894,experimental
NZ178,12,overall_good,0.9850246515661234,experimental
NZ179,12,overall_good,0.9844625044394468,experimental
NZ180,12,overall_good,0.9849550403920639,experimental
NZ181,12,overall_good,0.9841714469498872,experimental
NZ182,12,overall_good,0.9824688713965379,experimental
NZ183,12,overall_good,0.9840637708203903,experimental
NZ184,12,overall_good,0.9835704600017761,experimental
NZ185,12,overall_good,0.9830965180876744,experimental
NZ186,12,overall_good,0.985322038415143,experimental
NZ187,12,overall_good,0.9844145766231993,experimental
NZ188,12,overall_good,0.9838261573712846,experimental
NZ189,12,overall_good,0.9847605563300265,experimental
NZ190,12,overall_good,0.9846128497582959,experimental
NZ191,12,overall_good,0.9823129890461832,experimental
NZ192,12,overall_good,0.9847406258724669,experimental
NZ193,12,overall_good,0.9825389760073717,experimental
NZ194,12,overall_good,0.9829182519383625,experimental
NZ195,12,overall_good,0.9842503857765386,experimental
NZ196,12,overall_good,0.9841717275887295,experimental
NZ197,12,overall_good,0.9845119229162055,experimental
NZ198,12,overall_good,0.9816774817540115,experimental
NZ199,12,overall_good,0.9827191174048985,experimental
NZ200,12,overall_good,0.9834526687100296,experimental
NZ201,12,overall_good,0.9835295435696763,experimental
NZ202,12,overall_good,0.9826233294912583,experimental
NZ203,12,overall_good,0.9822263134827662,experimental
NZ204,12,overall_good,0.9819652404764002,experimental
NZ205,12,overall_good,0.9823327596055539,experimental
NZ206,12,overall_good,0.9806460916469878,experimental
NZ207,12,overall_good,0.983117075731952,experimental
NZ208,12,overall_good,0.9817403706350353,experimental
NZ209,12,overall_good,0.9823046033127979,experimental
NZ210,12,overall_good,0.9828963649932219,experimental
NZ211,12,overall_good,0.9826198600113663,experimental
NZ212,12,overall_good,0.9835568017621815,experimental
NZ213,12,overall_good,0.9827915959715863,experimental
NZ214,12,overall_good,0.9826094823127247,experimental
NZ215,12,overall_good,0.9833198362342936,experimental
NZ216,12,overall_good,0.983349750780025,experimental
NZ217,12,overall_good,0.9827357623794425,experimental
NZ218,12,overall_good,0.9830700915756554,experimental
NZ219,12,overall_good,0.9825586621490413,experimental
NZ220,12,overall_good,0.9796931831788496,experimental
NZ221,12,overall_good,0.9818520345870689,experimental
NZ222,12,overall_good,0.9827964708240767,experimental
NZ223,12,overall_good,0.982503609246232,experimental
NZ224,12,overall_good,0.982434921222793,experimental
NZ225,12,overall_good,0.9830739115410383,experimental
NZ226,12,overall_good,0.983540155430072,experimental
NZ227,12,overall_good,0.9827531321622192,experimental
NZ228,12,overall_good,0.9815753065085964,experimental
NZ229,12,overall_good,0.9826616762220128,experimental
NZ230,12,overall_good,0.9839223270943761,experimental
NZ231,12,overall_good,0.9817168772728356,experimental
NZ232,12,overall_good,0.9816375581946102,experimental
NZ233,12,overall_good,0.981685884864886,experimental
NZ234,12,overall_good,0.9832068822639084,experimental
NZ235,12,overall_good,0.9833363005951308,experimental
NZ236,12,overall_good,0.9833372304365876,experimental
NZ237,12,overall_good,0.9818766118823397,experimental
NZ238,12,overall_good,0.9826256363525061,experimental
NZ239,12,overall_good,0.9801890403489546,experimental
NZ240,12,overall_good,0.9826741514559505,experimental
NZ241,12,overall_good,0.9825806183610379,experimental
NZ242,12,overall_good,0.9831772993085175,experimental
NZ243,12,overall_good,0.9832961571293034,experimental
NZ244,12,overall_good,0.980377976931118,experimental
NZ245,12,overall_good,0.9794611714555636,experimental
NZ246,12,overall_good,0.9849465620296295,experimental
NZ247,12,overall_good,0.9857458491872542,experimental
NZ248,12,overall_good,0.9843743504372747,experimental
NZ249,12,overall_good,0.9857799190736004,experimental
NZ250,12,overall_good,0.9858043596940191,experimental
NZ251,12,overall_good,0.9832299397158057,experimental
NZ252,12,overall_good,0.984843669138605,experimental
NZ253,12,overall_good,0.9852541485825265,experimental
NZ254,12,overall_good,0.9846276228422353,experimental
NZ255,12,overall_good,0.9854264605643237,experimental
NZ256,12,overall_good,0.9857590265255352,experimental
NZ257,12,overall_good,0.9849306012268688,experimental
NZ258,12,overall_good,0.984903082819174,experimental
NZ259,12,overall_good,0.9849535094875991,experimental
NZ260,12,overall_good,0.9849337562507195,experimental
NZ261,12,overall_good,0.9848741835174912,experimental
NZ262,12,overall_good,0.9858693413049784,experimental
NZ263,12,overall_good,0.9843263446693398,experimental
NZ264,12,overall_good,0.9829812348505517,experimental
NZ265,12,overall_good,0.9833161982293618,experimental
NZ266,12,overall_good,0.9831870948050272,experimental
NZ267,12,overall_good,0.9832627520967292,experimental
NZ268,12,overall_good,0.984116359274519,experimental
NZ269,12,overall_good,0.9843020581130387,experimental
NZ270,12,overall_good,0.9783959155485741,experimental
NZ271,12,overall_good,0.9806487100186566,experimental
NZ272,12,overall_good,0.9806713924181026,experimental
NZ273,12,overall_good,0.9829238149581868,experimental
NZ274,12,overall_good,0.9825027816472162,experimental
NZ275,12,overall_good,0.9817813900813633,experimental
NZ276,12,overall_good,0.9822291259598259,experimental
NZ277,12,overall_good,0.9843027791087261,experimental
NZ278,12,overall_good,0.9848417313844755,experimental
NZ279,12,overall_good,0.9807098551955009,experimental
NZ280,12,overall_good,0.9843062738579925,experimental
NZ281,12,overall_good,0.9818368873968226,experimental
NZ282,12,overall_good,0.9826584530144362,experimental
NZ283,12,overall_good,0.9807690289801437,experimental
NZ284,12,overall_good,0.981830651274353,experimental
NZ285,12,overall_good,0.9821296714361978,experimental
NZ286,12,overall_good,0.9816894158264788,experimental
NZ287,12,overall_good,0.9849273840224988,experimental
NZ288,12,overall_good,0.9833484263241089,experimental
NZ289,12,overall_good,0.9855201090564294,experimental
NZ290,12,overall_good,0.9845888750894652,experimental
NZ291,12,overall_good,0.9803201374790987,experimental
NZ292,12,overall_good,0.9825341024936725,experimental
NZ293,12,overall_good,0.9825145029212066,experimental
NZ294,12,overall_good,0.9787965493519334,experimental
NZ295,12,overall_good,0.9821106021020758,experimental
NZ296,12,overall_good,0.9822511222196618,experimental
NZ297,12,overall_good,0.9849744757631841,experimental
NZ298,12,overall_good,0.984437275287286,experimental
NZ299,12,overall_good,0.9839667739673943,experimental
NZ300,12,overall_good,0.9829966105840129,experimental
NZ301,12,overall_good,0.9821950144377919,experimental
NZ302,12,overall_good,0.9796848176883428,experimental
NZ303,12,overall_good,0.979656349402336,experimental
NZ304,12,overall_good,0.9815744626413662,experimental
NZ305,12,overall_good,0.9816076354519659,experimental
NZ306,12,overall_good,0.9803391605700504,experimental
NZ307,12,overall_good,0.9810313260275734,experimental
NZ308,12,overall_good,0.9828251882780044,experimental
NZ309,12,overall_good,0.9797113265159538,experimental
NZ310,12,overall_good,0.9815668340997831,experimental
NZ311,12,overall_good,0.9787686544425434,experimental
NZ312,12,overall_good,0.9826518300185461,experimental
NZ313,12,overall_good,0.9809176145834996,experimental
NZ314,12,overall_good,0.9817656367118238,experimental
NZ315,12,overall_good,0.9825615811984871,experimental
NZ316,12,overall_good,0.98207520618478,experimental
NZ317,12,overall_good,0.9814134247433197,experimental
NZ318,12,overall_good,0.9855144565466941,experimental
NZ319,12,overall_good,0.9816419429598332,experimental
NZ320,12,overall_good,0.9792197234010983,experimental
NZ321,12,overall_good,0.9818219681446634,experimental
NZ322,12,overall_good,0.9818572840230831,experimental
NZ323,12,overall_good,0.9824568724197266,experimental
NZ324,12,overall_good,0.9814984142656703,experimental
NZ325,12,overall_good,0.9810810825017867,experimental
NZ326,12,overall_good,0.9804698185770759,experimental
NZ327,12,overall_good,0.9819706611684049,experimental
NZ328,12,overall_good,0.9805558158636907,experimental
NZ329,12,overall_good,0.9792582068753071,experimental
NZ330,12,overall_good,0.9804595824504475,experimental
NZ331,12,overall_good,0.9822548768878797,experimental
NZ332,12,overall_good,0.9831118023096296,experimental
NZ333,12,overall_good,0.9830718015200169,experimental
NZ334,12,overall_good,0.9841587209358326,experimental
NZ335,12,overall_good,0.9830744597263567,experimental
NZ336,12,overall_good,0.9820422946083426,experimental
NZ337,12,overall_good,0.9810977293310964,experimental
NZ338,12,overall_good,0.9835151743997573,experimental
NZ339,12,overall_good,0.9841584544086348,experimental
NZ340,12,overall_good,0.982507862863271,experimental
NZ341,12,overall_good,0.9829316833264471,experimental
NZ342,12,overall_good,0.9848948508842165,experimental
NZ343,12,overall_good,0.9830899734992005,experimental
NZ344,12,overall_good,0.984771834147813,experimental
NZ345,12,overall_good,0.9846926750058299,experimental
NZ346,12,overall_good,0.9831439830813612,experimental
NZ347,12,overall_good,0.9813205667342644,experimental
NZ348,12,overall_good,0.9847652587193878,experimental
NZ349,12,overall_good,0.9816366477805107,experimental
NZ350,12,overall_good,0.98080677970505,experimental
NZ351,12,overall_good,0.980453498178014,experimental
NZ352,12,overall_good,0.9826550907256711,experimental
NZ353,12,overall_good,0.9815442340871,experimental
NZ354,12,overall_good,0.9816343562684571,experimental
NZ355,12,overall_good,0.9841636048906198,experimental
NZ356,12,overall_good,0.9806046346996654,experimental
NZ357,12,overall_good,0.9814319598192616,experimental
NZ358,12,overall_good,0.9850910580292299,experimental
NZ359,12,overall_good,0.9849620114699037,experimental
NZ360,12,overall_good,0.9821753980861724,experimental
NZ361,12,overall_good,0.9844354233453668,experimental
NZ362,12,overall_good,0.9835963721211735,experimental
NZ363,12,overall_good,0.9848387635186526,experimental
NZ364,12,overall_good,0.9823499599243029,experimental
NZ365,12,overall_good,0.9849611726530115,experimental
NZ366,12,overall_good,0.9849601979034684,experimental
NZ367,12,overall_good,0.9841811615701064,experimental
NZ368,12,overall_good,0.984063003215458,experimental
NZ369,12,overall_good,0.9831066054633383,experimental
NZ370,12,overall_good,0.986050917100186,experimental
NZ371,12,overall_good,0.980717206344426,experimental
NZ372,12,overall_good,0.9831964589562131,experimental
NZ373,12,overall_good,0.9841188627299772,experimental
NZ374,12,overall_good,0.9844040865083109,experimental
NZ375,12,overall_good,0.9813845451997811,experimental
NZ376,12,overall_good,0.9832929475803069,experimental
NZ377,12,overall_good,0.9826495797937519,experimental
NZ378,12,overall_good,0.9833184615097788,experimental
NZ379,12,overall_good,0.9825809954110215,experimental
NZ380,12,overall_good,0.982126973568448,experimental
NZ381,12,overall_good,0.9820452828753301,experimental
NZ382,12,overall_good,0.9826947350528644,experimental
NZ383,12,overall_good,0.9843927611337773,experimental
NZ384,12,overall_good,0.9843923851333846,experimental
NZ385,12,overall_good,0.9822585886028475,experimental
NZ386,12,overall_good,0.9837894696162623,experimental
NZ387,12,overall_good,0.9833305681307144,experimental
NZ388,12,overall_good,0.9827354590437521,experimental
NZ389,12,overall_good,0.9843283435627213,experimental
NZ390,12,overall_good,0.9820801865507774,experimental
NZ391,12,overall_good,0.9827060242171457,experimental
NZ392,12,overall_good,0.9822510489386623,experimental
NZ393,12,overall_good,0.9826973953651312,experimental
NZ394,12,overall_good,0.9829784311537173,experimental
NZ395,12,overall_good,0.9844812023911348,experimental
NZ396,12,overall_good,0.985186599599028,experimental
NZ397,12,overall_good,0.9831944947742464,experimental
NZ398,12,overall_good,0.9831289097627789,experimental
NZ399,12,overall_good,0.9849549247855333,experimental
NZ400,12,overall_good,0.9827848238528881,experimental
NZ401,12,overall_good,0.9844589310582265,experimental
NZ402,12,overall_good,0.9838944751021127,experimental
NZ403,12,overall_good,0.985378270275058,experimental
NZ404,12,overall_good,0.9839683249456729,experimental
NZ405,12,overall_good,0.9849727861641188,experimental
NZ406,12,overall_good,0.9844633843636076,experimental
NZ407,12,overall_good,0.9839117907643001,experimental
NZ408,12,overall_good,0.9840048005257779,experimental
NZ409,12,overall_good,0.9854543715140115,experimental
NZ410,12,overall_good,0.9850052543278712,experimental
NZ411,12,overall_good,0.9850459009087995,experimental
NZ412,12,overall_good,0.9839413444185521,experimental
NZ413,12,overall_good,0.9846631377606077,experimental
NZ414,12,overall_good,0.9845133954551444,experimental
NZ415,12,overall_good,0.984598078280014,experimental
NZ416,12,overall_good,0.9850623481432225,experimental
NZ417,12,overall_good,0.9850777223730007,experimental
NZ418,12,overall_good,0.984844793885104,experimental
NZ419,12,overall_good,0.9817882607395929,experimental
NZ420,12,overall_good,0.985456912207014,experimental
NZ421,12,overall_good,0.9836328256692527,experimental
NZ422,12,overall_good,0.9825631578447145,experimental
NZ423,12,overall_good,0.9824702702691384,experimental
NZ424,12,overall_good,0.9839225204973463,experimental
NZ425,12,overall_good,0.9836841442062902,experimental
NZ426,12,overall_good,0.9840940957942544,experimental
NZ427,12,overall_good,0.9822717906271262,experimental
NZ428,12,overall_good,0.9826759156062895,experimental
NZ429,12,overall_good,0.9825746473046337,experimental
NZ430,12,overall_good,0.9813762716570553,experimental
NZ431,12,overall_good,0.9852717056146478,experimental
NZ432,12,overall_good,0.9826062526117476,experimental
NZ433,12,overall_good,0.9836752158167136,experimental
NZ434,12,overall_good,0.983687936841262,experimental
NZ435,12,overall_good,0.9842502101025546,experimental
NZ436,12,overall_good,0.9847168489540697,experimental
NZ437,12,overall_good,0.9843059400499903,experimental
NZ438,12,overall_good,0.9842301098404168,experimental
NZ439,12,overall_good,0.9853794501734876,experimental
NZ440,12,overall_good,0.9847995923253963,experimental
NZ441,12,overall_good,0.98496156198946,experimental
NZ442,12,overall_good,0.985074586792572,experimental
NZ443,12,overall_good,0.9841775425929463,experimental
NZ444,12,overall_good,0.9851651332970706,experimental
NZ445,12,overall_good,0.9811203765254639,experimental
NZ446,12,overall_good,0.9831822622370594,experimental
NZ447,12,overall_good,0.9810932276808552,experimental
NZ448,12,overall_good,0.9830996498284549,experimental
NZ449,12,overall_good,0.9830787920146208,experimental
NZ450,12,overall_good,0.9840168379743871,experimental
NZ451,12,overall_good,0.9827841493026737,experimental
NZ452,12,overall_good,0.9827147211530761,experimental
NZ453,12,overall_good,0.9827494466845724,experimental
NZ454,12,overall_good,0.9823676931987286,experimental
NZ455,12,overall_good,0.9806822925092866,experimental
NZ456,12,overall_good,0.9833346208531292,experimental
NZ457,12,overall_good,0.9824127563951148,experimental
NZ458,12,overall_good,0.9824754341531414,experimental
NZ459,12,overall_good,0.9817432506491705,experimental
NZ460,12,overall_good,0.9787681828502167,experimental
NZ461,12,overall_good,0.9824456300284706,experimental
NZ462,12,overall_good,0.9833309692780043,experimental
NZ463,12,overall_good,0.9829436436407673,experimental
NZ464,12,overall_good,0.9795495637198005,experimental
NZ465,12,overall_good,0.9795636436945988,experimental
NZ466,12,overall_good,0.983339446732176,experimental
NZ467,12,overall_good,0.9822416007921703,experimental
NZ468,12,overall_good,0.982700561163511,experimental
NZ469,12,overall_good,0.9838268835095499,experimental
NZ470,12,overall_good,0.984420213451578,experimental
NZ471,12,overall_good,0.9842309326365892,experimental
NZ472,12,overall_good,0.9845657394279574,experimental
NZ473,12,overall_good,0.9841506237421532,experimental
NZ474,12,overall_good,0.9841325222850299,experimental
NZ475,12,overall_good,0.9824807429887272,experimental
NZ476,12,overall_good,0.9835919194165412,experimental
NZ477,12,overall_good,0.9824799066238897,experimental
NZ478,12,overall_good,0.9815362476855963,experimental
NZ479,12,overall_good,0.9825467959052621,experimental
NZ480,12,overall_good,0.9815763186649348,experimental
NZ481,12,overall_good,0.9843734587879499,experimental
NZ482,12,overall_good,0.9843026948933333,experimental
NZ483,12,overall_good,0.983724026315161,experimental
NZ484,12,overall_good,0.9830115476661847,experimental
NZ485,12,overall_good,0.9833494811937948,experimental
NZ486,12,overall_good,0.9827720547881093,experimental
NZ487,12,overall_good,0.9837576794322339,experimental
NZ488,12,overall_good,0.9833464263502067,experimental
NZ489,12,overall_good,0.9834194010398747,experimental
NZ490,12,overall_good,0.9825885957818141,experimental
NZ491,12,overall_good,0.983244985239135,experimental
NZ492,12,overall_good,0.9833576288102289,experimental
NZ493,12,overall_good,0.9816451439578908,experimental
NZ494,12,overall_good,0.9822428553661092,experimental
NZ495,12,overall_good,0.9800066967886816,experimental
NZ496,12,overall_good,0.9832389359437038,experimental
NZ497,12,overall_good,0.9828911959753304,experimental
NZ498,12,overall_good,0.9833138177051828,experimental
NZ499,12,overall_good,0.9796947763494931,experimental
NZ500,12,overall_good,0.9815697457299721,experimental
NZ001,12,bugs,0.6585048858013298,experimental
NZ002,12,bugs,0.3986599333550347,experimental
NZ003,12,bugs,0.6230725785273695,experimental
NZ004,12,bugs,0.41182367728928115,experimental
NZ005,12,bugs,0.47793467294742237,experimental
NZ006,12,bugs,0.6064171032703445,experimental
NZ007,12,bugs,0.48183245194459207,experimental
NZ008,12,bugs,0.5059435870295867,experimental
NZ009,12,bugs,0.6039952851724816,experimental
NZ010,12,bugs,0.38440121904228436,experimental
NZ011,12,bugs,0.4859504294862771,experimental
NZ012,12,bugs,0.6293300228658749,experimental
NZ013,12,bugs,0.6384053549955914,experimental
NZ014,12,bugs,0.5730854139798395,experimental
NZ015,12,bugs,0.4074749472899764,experimental
NZ016,12,bugs,0.4159783400059255,experimental
NZ017,12,bugs,0.5108750613625723,experimental
NZ018,12,bugs,0.390466041527013,experimental
NZ019,12,bugs,0.7057081248487855,experimental
NZ020,12,bugs,0.4038952766559929,experimental
NZ021,12,bugs,0.5693566891717758,experimental
NZ022,12,bugs,0.4737478863793931,experimental
NZ023,12,bugs,0.6747753665149891,experimental
NZ024,12,bugs,0.5447215126463283,experimental
NZ025,12,bugs,0.6835879805647506,experimental
NZ026,12,bugs,0.6832513548638294,experimental
NZ027,12,bugs,0.37149726019148593,experimental
NZ028,12,bugs,0.3678050954218282,experimental
NZ029,12,bugs,0.6335831157709261,experimental
NZ030,12,bugs,0.4860143380921808,experimental
NZ031,12,bugs,0.42150385538989116,experimental
NZ032,12,bugs,0.4552470672633885,experimental
NZ033,12,bugs,0.4221830216950151,experimental
NZ034,12,bugs,0.5030818714577395,experimental
NZ035,12,bugs,0.3525362948128431,experimental
NZ036,12,bugs,0.4978565386267577,experimental
NZ037,12,bugs,0.4267907313490436,experimental
NZ038,12,bugs,0.4469853786228198,experimental
NZ039,12,bugs,0.3784471971426952,experimental
NZ040,12,bugs,0.71095322326898,experimental
NZ041,12,bugs,0.3837264178011407,experimental
NZ042,12,bugs,0.4890467893016137,experimental
NZ043,12,bugs,0.34510497181576966,experimental
NZ044,12,bugs,0.5030818714577395,experimental
NZ045,12,bugs,0.6513425003540917,experimental
NZ046,12,bugs,0.4159783400059255,experimental
NZ047,12,bugs,0.7126126409766222,experimental
NZ048,12,bugs,0.41708313085091747,experimental
NZ049,12,bugs,0.38297700341658286,experimental
NZ050,12,bugs,0.3763468581154355,experimental
NZ051,12,bugs,0.33058404576977,experimental
NZ052,12,bugs,0.4099495380609107,experimental
NZ053,12,bugs,0.6643772485808194,experimental
NZ054,12,bugs,0.3918017988634251,experimental
NZ055,12,bugs,0.3774248071262034,experimental
NZ056,12,bugs,0.4314184248302752,experimental
NZ057,12,bugs,0.40119535541443785,experimental
NZ058,12,bugs,0.6272268285220388,experimental
NZ059,12,bugs,0.3978127018352057,experimental
NZ060,12,bugs,0.554006131209613,experimental
NZ061,12,bugs,0.392541579687623,experimental
NZ062,12,bugs,0.5405316606684016,experimental
NZ063,12,bugs,0.40894742801771894,experimental
NZ064,12,bugs,0.36388534412153467,experimental
NZ065,12,bugs,0.6272268285220388,experimental
NZ066,12,bugs,0.36388534412153467,experimental
NZ067,12,bugs,0.3515996946893216,experimental
NZ068,12,bugs,0.3515996946893216,experimental
NZ069,12,bugs,0.41912201881297556,experimental
NZ070,12,bugs,0.4015316858015194,experimental
NZ071,12,bugs,0.6272268285220388,experimental
NZ072,12,bugs,0.6268679398675427,experimental
NZ073,12,bugs,0.6031712395437872,experimental
NZ074,12,bugs,0.6272268285220388,experimental
NZ075,12,bugs,0.3776297815466958,experimental
NZ076,12,bugs,0.39619905974847874,experimental
NZ077,12,bugs,0.37635415117721593,experimental
NZ078,12,bugs,0.39503339441281016,experimental
NZ079,12,bugs,0.426277665707459,experimental
NZ080,12,bugs,0.390829580451045,experimental
NZ081,12,bugs,0.4159783400059255,experimental
NZ082,12,bugs,0.390829580451045,experimental
NZ083,12,bugs,0.6682788238116635,experimental
NZ084,12,bugs,0.3885945906019752,experimental
NZ085,12,bugs,0.5354793294022787,experimental
NZ086,12,bugs,0.2630398410152886,experimental
NZ087,12,bugs,0.26331719496601785,experimental
NZ088,12,bugs,0.534835084691255,experimental
NZ089,12,bugs,0.29257023661171966,experimental
NZ090,12,bugs,0.26843022516578474,experimental
NZ091,12,bugs,0.2881971344546729,experimental
NZ092,12,bugs,0.45839248989762493,experimental
NZ093,12,bugs,0.40265978582806944,experimental
NZ094,12,bugs,0.3931824687921431,experimental
NZ095,12,bugs,0.24799833177509373,experimental
NZ096,12,bugs,0.4207247369557623,experimental
NZ097,12,bugs,0.6315172269799562,experimental
NZ098,12,bugs,0.3382806854689834,experimental
NZ099,12,bugs,0.5962997272920524,experimental
NZ100,12,bugs,0.359443469182186,experimental
NZ101,12,bugs,0.40939403006566416,experimental
NZ102,12,bugs,0.5416925235818868,experimental
NZ103,12,bugs,0.3608715384774183,experimental
NZ104,12,bugs,0.39264396017649944,experimental
NZ105,12,bugs,0.36093074860093194,experimental
NZ106,12,bugs,0.4224762123552209,experimental
NZ107,12,bugs,0.37302640995663,experimental
NZ108,12,bugs,0.3517508905563292,experimental
NZ109,12,bugs,0.4882878749806969,experimental
NZ110,12,bugs,0.6293883186166027,experimental
NZ111,12,bugs,0.4652550273873833,experimental
NZ112,12,bugs,0.40713450686893066,experimental
NZ113,12,bugs,0.4593225569225507,experimental
NZ114,12,bugs,0.4326316076036158,experimental
NZ115,12,bugs,0.37614947173504226,experimental
NZ116,12,bugs,0.40934517741196325,experimental
NZ117,12,bugs,0.3945404429394238,experimental
NZ118,12,bugs,0.6360646354134871,experimental
NZ119,12,bugs,0.3738782478045423,experimental
NZ120,12,bugs,0.3926583204767976,experimental
NZ121,12,bugs,0.3673946153853142,experimental
NZ122,12,bugs,0.5156852327457552,experimental
NZ123,12,bugs,0.6682788238116635,experimental
NZ124,12,bugs,0.6379801877860877,experimental
NZ125,12,bugs,0.6813407922418735,experimental
NZ126,12,bugs,0.5938463640052004,experimental
NZ127,12,bugs,0.44328956768087846,experimental
NZ128,12,bugs,0.7057081248487855,experimental
NZ129,12,bugs,0.4947175249795389,experimental
NZ130,12,bugs,0.4652550273873833,experimental
NZ131,12,bugs,0.438229134678028,experimental
NZ132,12,bugs,0.44328956768087846,experimental
NZ133,12,bugs,0.38563832629832556,experimental
NZ134,12,bugs,0.3853489043983657,experimental
NZ135,12,bugs,0.3548507793279177,experimental
NZ136,12,bugs,0.4038952766559929,experimental
NZ137,12,bugs,0.6085449564710916,experimental
NZ138,12,bugs,0.4276714752905823,experimental
NZ139,12,bugs,0.4487529396369255,experimental
NZ140,12,bugs,0.4124414558404273,experimental
NZ141,12,bugs,0.7116466118139221,experimental
NZ142,12,bugs,0.5120064107833264,experimental
NZ143,12,bugs,0.6437443416532487,experimental
NZ144,12,bugs,0.5431988470495122,experimental
NZ145,12,bugs,0.36801153176542784,experimental
NZ146,12,bugs,0.38519040441581337,experimental
NZ147,12,bugs,0.3664810289059398,experimental
NZ148,12,bugs,0.3819582594308885,experimental
NZ149,12,bugs,0.43919964113794174,experimental
NZ150,12,bugs,0.5102159893433272,experimental
NZ151,12,bugs,0.3527879689762922,experimental
NZ152,12,bugs,0.484139505170262,experimental
NZ153,12,bugs,0.42854195185164473,experimental
NZ154,12,bugs,0.42854195185164473,experimental
NZ155,12,bugs,0.39450454204831703,experimental
NZ156,12,bugs,0.45802386388874067,experimental
NZ157,12,bugs,0.42854195185164473,experimental
NZ158,12,bugs,0.42854195185164473,experimental
NZ159,12,bugs,0.7105664711118901,experimental
NZ160,12,bugs,0.42854195185164473,experimental
NZ161,12,bugs,0.5332465722173457,experimental
NZ162,12,bugs,0.42854195185164473,experimental
NZ163,12,bugs,0.39450454204831703,experimental
NZ164,12,bugs,0.4186368139711095,experimental
NZ165,12,bugs,0.7070793978699048,experimental
NZ166,12,bugs,0.451783090867425,experimental
NZ167,12,bugs,0.5110780879006357,experimental
NZ168,12,bugs,0.4623054459646852,experimental
NZ169,12,bugs,0.4047796273070916,experimental
NZ170,12,bugs,0.39406529278139896,experimental
NZ171,12,bugs,0.6426377547039823,experimental
NZ172,12,bugs,0.4038952766559929,experimental
NZ173,12,bugs,0.3678050954218282,experimental
NZ174,12,bugs,0.3926583204767976,experimental
NZ175,12,bugs,0.3926583204767976,experimental
NZ176,12,bugs,0.34565722922268677,experimental
NZ177,12,bugs,0.355157745227082,experimental
NZ178,12,bugs,0.4503997476159904,experimental
NZ179,12,bugs,0.37285792961027014,experimental
NZ180,12,bugs,0.37949587062868406,experimental
NZ181,12,bugs,0.44328956768087846,experimental
NZ182,12,bugs,0.4325615978383284,experimental
NZ183,12,bugs,0.46235317498522394,experimental
NZ184,12,bugs,0.4290682051053262,experimental
NZ185,12,bugs,0.49255523813201585,experimental
NZ186,12,bugs,0.4821972516723358,experimental
NZ187,12,bugs,0.48370574546421524,experimental
NZ188,12,bugs,0.45934013766068615,experimental
NZ189,12,bugs,0.4462878816105172,experimental
NZ190,12,bugs,0.7290014210027886,experimental
NZ191,12,bugs,0.5708652293644234,experimental
NZ192,12,bugs,0.4243300953042564,experimental
NZ193,12,bugs,0.5509129474717501,experimental
NZ194,12,bugs,0.6442280343749179,experimental
NZ195,12,bugs,0.4005622483995953,experimental
NZ196,12,bugs,0.6544884408907121,experimental
NZ197,12,bugs,0.7116466118139221,experimental
NZ198,12,bugs,0.4359904120225577,experimental
NZ199,12,bugs,0.41543907607650765,experimental
NZ200,12,bugs,0.4684203758731513,experimental
NZ201,12,bugs,0.4375746002333474,experimental
NZ202,12,bugs,0.43116603285778327,experimental
NZ203,12,bugs,0.4159783400059255,experimental
NZ204,12,bugs,0.5671788017651963,experimental
NZ205,12,bugs,0.29089097322550805,experimental
NZ206,12,bugs,0.2692774065389641,experimental
NZ207,12,bugs,0.4325357030165635,experimental
NZ208,12,bugs,0.5727685084911539,experimental
NZ209,12,bugs,0.6682788238116635,experimental
NZ210,12,bugs,0.5642244733455594,experimental
NZ211,12,bugs,0.39246464305657425,experimental
NZ212,12,bugs,0.4194703940559177,experimental
NZ213,12,bugs,0.6682788238116635,experimental
NZ214,12,bugs,0.39214449786819416,experimental
NZ215,12,bugs,0.390829580451045,experimental
NZ216,12,bugs,0.6621166977068418,experimental
NZ217,12,bugs,0.3672589600548974,experimental
NZ218,12,bugs,0.6682788238116635,experimental
NZ219,12,bugs,0.41960971195456126,experimental
NZ220,12,bugs,0.642017010925661,experimental
NZ221,12,bugs,0.42869574366495095,experimental
NZ222,12,bugs,0.5658028660739156,experimental
NZ223,12,bugs,0.5759333318797507,experimental
NZ224,12,bugs,0.44372313086458526,experimental
NZ225,12,bugs,0.4561969815734044,experimental
NZ226,12,bugs,0.485172316832539,experimental
NZ227,12,bugs,0.5759333318797507,experimental
NZ228,12,bugs,0.3926583204767976,experimental
NZ229,12,bugs,0.5864649832844333,experimental
NZ230,12,bugs,0.48644746804710115,experimental
NZ231,12,bugs,0.3994245335134839,experimental
NZ232,12,bugs,0.3953996276203671,experimental
NZ233,12,bugs,0.3995652132865162,experimental
NZ234,12,bugs,0.5656086568765362,experimental
NZ235,12,bugs,0.390829580451045,experimental
NZ236,12,bugs,0.390829580451045,experimental
NZ237,12,bugs,0.6384053549955914,experimental
NZ238,12,bugs,0.5953863345569889,experimental
NZ239,12,bugs,0.636756547409127,experimental
NZ240,12,bugs,0.3673946153853142,experimental
NZ241,12,bugs,0.6682788238116635,experimental
NZ242,12,bugs,0.39741812213168665,experimental
NZ243,12,bugs,0.42231504083746996,experimental
NZ244,12,bugs,0.5124949042596497,experimental
NZ245,12,bugs,0.5442068339839065,experimental
NZ246,12,bugs,0.6426377547039823,experimental
NZ247,12,bugs,0.3913281201495773,experimental
NZ248,12,bugs,0.3704703595166069,experimental
NZ249,12,bugs,0.39406529278139896,experimental
NZ250,12,bugs,0.6754232950552079,experimental
NZ251,12,bugs,0.4017512373223257,experimental
NZ252,12,bugs,0.4038952766559929,experimental
NZ253,12,bugs,0.3548507793279177,experimental
NZ254,12,bugs,0.6426377547039823,experimental
NZ255,12,bugs,0.6754232950552079,experimental
NZ256,12,bugs,0.4157668960139486,experimental
NZ257,12,bugs,0.422930184848105,experimental
NZ258,12,bugs,0.4038952766559929,experimental
NZ259,12,bugs,0.4527801257057336,experimental
NZ260,12,bugs,0.4118536243995081,experimental
NZ261,12,bugs,0.4038952766559929,experimental
NZ262,12,bugs,0.5273327670853352,experimental
NZ263,12,bugs,0.3704703595166069,experimental
NZ264,12,bugs,0.4498904900853648,experimental
NZ265,12,bugs,0.36621254837686223,experimental
NZ266,12,bugs,0.3487586248745614,experimental
NZ267,12,bugs,0.37206980106921655,experimental
NZ268,12,bugs,0.47235475503629093,experimental
NZ269,12,bugs,0.43651695890384473,experimental
NZ270,12,bugs,0.3150522901306521,experimental
NZ271,12,bugs,0.2692774065389641,experimental
NZ272,12,bugs,0.28598765958084343,experimental
NZ273,12,bugs,0.38702208991372655,experimental
NZ274,12,bugs,0.2788287048564366,experimental
NZ275,12,bugs,0.5727685084911539,experimental
NZ276,12,bugs,0.287460315842497,experimental
NZ277,12,bugs,0.3876326213557267,experimental
NZ278,12,bugs,0.4038952766559929,experimental
NZ279,12,bugs,0.27849777629881023,experimental
NZ280,12,bugs,0.3913690437671611,experimental
NZ281,12,bugs,0.5727685084911539,experimental
NZ282,12,bugs,0.3121863193765955,experimental
NZ283,12,bugs,0.27238674576532035,experimental
NZ284,12,bugs,0.2506318182881434,experimental
NZ285,12,bugs,0.4743263057610559,experimental
NZ286,12,bugs,0.31821518992948805,experimental
NZ287,12,bugs,0.4663909017627282,experimental
NZ288,12,bugs,0.43693604751007464,experimental
NZ289,12,bugs,0.3515705091852145,experimental
NZ290,12,bugs,0.39362887850854034,experimental
NZ291,12,bugs,0.3775430947412877,experimental
NZ292,12,bugs,0.3360268956681263,experimental
NZ293,12,bugs,0.355529365693704,experimental
NZ294,12,bugs,0.6513425003540917,experimental
NZ295,12,bugs,0.3353918491981681,experimental
NZ296,12,bugs,0.343158987831138,experimental
NZ297,12,bugs,0.42854195185164473,experimental
NZ298,12,bugs,0.39450454204831703,experimental
NZ299,12,bugs,0.36096899461522075,experimental
NZ300,12,bugs,0.5183216914499043,experimental
NZ301,12,bugs,0.590375576211354,experimental
NZ302,12,bugs,0.33529562840736304,experimental
NZ303,12,bugs,0.5030818714577395,experimental
NZ304,12,bugs,0.3784471971426952,experimental
NZ305,12,bugs,0.6365959208741286,experimental
NZ306,12,bugs,0.6031812475763061,experimental
NZ307,12,bugs,0.36258468787003234,experimental
NZ308,12,bugs,0.4042193308860006,experimental
NZ309,12,bugs,0.3854101138436934,experimental
NZ310,12,bugs,0.3784471971426952,experimental
NZ311,12,bugs,0.6513425003540917,experimental
NZ312,12,bugs,0.36318381591659815,experimental
NZ313,12,bugs,0.34510497181576966,experimental
NZ314,12,bugs,0.6437443416532487,experimental
NZ315,12,bugs,0.3628204013522156,experimental
NZ316,12,bugs,0.37149726019148593,experimental
NZ317,12,bugs,0.34561963494052494,experimental
NZ318,12,bugs,0.36926421012980865,experimental
NZ319,12,bugs,0.3410289116350079,experimental
NZ320,12,bugs,0.6012989792935576,experimental
NZ321,12,bugs,0.519284870783359,experimental
NZ322,12,bugs,0.522917459901751,experimental
NZ323,12,bugs,0.3839966617152139,experimental
NZ324,12,bugs,0.41415853409612524,experimental
NZ325,12,bugs,0.5340800155767351,experimental
NZ326,12,bugs,0.3479691441227891,experimental
NZ327,12,bugs,0.6315172269799562,experimental
NZ328,12,bugs,0.361451068396774,experimental
NZ329,12,bugs,0.38952481706540604,experimental
NZ330,12,bugs,0.34458959262602923,experimental
NZ331,12,bugs,0.37345259062962977,experimental
NZ332,12,bugs,0.7030142752602707,experimental
NZ333,12,bugs,0.4652550273873833,experimental
NZ334,12,bugs,0.44328956768087846,experimental
NZ335,12,bugs,0.4652550273873833,experimental
NZ336,12,bugs,0.37149726019148593,experimental
NZ337,12,bugs,0.581272067323666,experimental
NZ338,12,bugs,0.4277685621216807,experimental
NZ339,12,bugs,0.44328956768087846,experimental
NZ340,12,bugs,0.4325615978383284,experimental
NZ341,12,bugs,0.6190116588627772,experimental
NZ342,12,bugs,0.37309705350783284,experimental
NZ343,12,bugs,0.4652550273873833,experimental
NZ344,12,bugs,0.6446123259971057,experimental
NZ345,12,bugs,0.7332156534026808,experimental
NZ346,12,bugs,0.6131891143675174,experimental
NZ347,12,bugs,0.3016673759719873,experimental
NZ348,12,bugs,0.7124592891657304,experimental
NZ349,12,bugs,0.4036500668027116,experimental
NZ350,12,bugs,0.46344256331837896,experimental
NZ351,12,bugs,0.5063632200897736,experimental
NZ352,12,bugs,0.40342186822445497,experimental
NZ353,12,bugs,0.39934376247591186,experimental
NZ354,12,bugs,0.3953996276203671,experimental
NZ355,12,bugs,0.4776203026668529,experimental
NZ356,12,bugs,0.7057081248487855,experimental
NZ357,12,bugs,0.4591222841713465,experimental
NZ358,12,bugs,0.5269742290650343,experimental
NZ359,12,bugs,0.42854195185164473,experimental
NZ360,12,bugs,0.708530084201938,experimental
NZ361,12,bugs,0.39450454204831703,experimental
NZ362,12,bugs,0.4104488034017556,experimental
NZ363,12,bugs,0.591709977469709,experimental
NZ364,12,bugs,0.5258236249462062,experimental
NZ365,12,bugs,0.349970300449961,experimental
NZ366,12,bugs,0.42854195185164473,experimental
NZ367,12,bugs,0.44328956768087846,experimental
NZ368,12,bugs,0.5212304912547845,experimental
NZ369,12,bugs,0.7030142752602707,experimental
NZ370,12,bugs,0.44901956587360076,experimental
NZ371,12,bugs,0.27238674576532035,experimental
NZ372,12,bugs,0.47650376182405085,experimental
NZ373,12,bugs,0.5381544825669416,experimental
NZ374,12,bugs,0.5499333460427541,experimental
NZ375,12,bugs,0.4364572009797999,experimental
NZ376,12,bugs,0.37216320017460147,experimental
NZ377,12,bugs,0.32596721832252495,experimental
NZ378,12,bugs,0.365876118840478,experimental
NZ379,12,bugs,0.32266952192231607,experimental
NZ380,12,bugs,0.3799793950261173,experimental
NZ381,12,bugs,0.37149726019148593,experimental
NZ382,12,bugs,0.3526066090654323,experimental
NZ383,12,bugs,0.4401203730742742,experimental
NZ384,12,bugs,0.46622977803620896,experimental
NZ385,12,bugs,0.6282588425238427,experimental
NZ386,12,bugs,0.6195701574517462,experimental
NZ387,12,bugs,0.390829580451045,experimental
NZ388,12,bugs,0.41543907607650765,experimental
NZ389,12,bugs,0.42484444706686625,experimental
NZ390,12,bugs,0.37149726019148593,experimental
NZ391,12,bugs,0.42099677512739014,experimental
NZ392,12,bugs,0.4159783400059255,experimental
NZ393,12,bugs,0.41543907607650765,experimental
NZ394,12,bugs,0.4540916738495595,experimental
NZ395,12,bugs,0.37285792961027014,experimental
NZ396,12,bugs,0.4414586245487038,experimental
NZ397,12,bugs,0.5849806433909206,experimental
NZ398,12,bugs,0.4652550273873833,experimental
NZ399,12,bugs,0.340504047540384,experimental
NZ400,12,bugs,0.47708359943555895,experimental
NZ401,12,bugs,0.37285792961027014,experimental
NZ402,12,bugs,0.34565722922268677,experimental
NZ403,12,bugs,0.38365445909635865,experimental
NZ404,12,bugs,0.34904083370892086,experimental
NZ405,12,bugs,0.349970300449961,experimental
NZ406,12,bugs,0.37285792961027014,experimental
NZ407,12,bugs,0.34565722922268677,experimental
NZ408,12,bugs,0.35445050508097947,experimental
NZ409,12,bugs,0.348177313585995,experimental
NZ410,12,bugs,0.33466211087848524,experimental
NZ411,12,bugs,0.41611371283062504,experimental
NZ412,12,bugs,0.34565722922268677,experimental
NZ413,12,bugs,0.6006747030979117,experimental
NZ414,12,bugs,0.3973908201642753,experimental
NZ415,12,bugs,0.39079734759586776,experimental
NZ416,12,bugs,0.6300091630393582,experimental
NZ417,12,bugs,0.3695322917463115,experimental
NZ418,12,bugs,0.3288973812795554,experimental
NZ419,12,bugs,0.3642927947310537,experimental
NZ420,12,bugs,0.36861487796323217,experimental
NZ421,12,bugs,0.6614137493181095,experimental
NZ422,12,bugs,0.4405323691504327,experimental
NZ423,12,bugs,0.4325615978383284,experimental
NZ424,12,bugs,0.7336803101870758,experimental
NZ425,12,bugs,0.7336803101870758,experimental
NZ426,12,bugs,0.44727074772602166,experimental
NZ427,12,bugs,0.7017245659523987,experimental
NZ428,12,bugs,0.43365084567646395,experimental
NZ429,12,bugs,0.43629566599962616,experimental
NZ430,12,bugs,0.4633937574261994,experimental
NZ431,12,bugs,0.7332156534026808,experimental
NZ432,12,bugs,0.5768875251974835,experimental
NZ433,12,bugs,0.4291629967865009,experimental
NZ434,12,bugs,0.4291629967865009,experimental
NZ435,12,bugs,0.48254829086879125,experimental
NZ436,12,bugs,0.5689710632793448,experimental
NZ437,12,bugs,0.478756681153095,experimental
NZ438,12,bugs,0.4593225569225507,experimental
NZ439,12,bugs,0.5766985941911477,experimental
NZ440,12,bugs,0.46339342194631744,experimental
NZ441,12,bugs,0.4700101446038104,experimental
NZ442,12,bugs,0.4024047419475184,experimental
NZ443,12,bugs,0.4092278521485017,experimental
NZ444,12,bugs,0.3737156405917618,experimental
NZ445,12,bugs,0.5062197564302301,experimental
NZ446,12,bugs,0.4691315925806927,experimental
NZ447,12,bugs,0.708530084201938,experimental
NZ448,12,bugs,0.4652550273873833,experimental
NZ449,12,bugs,0.4652550273873833,experimental
NZ450,12,bugs,0.5243950433634886,experimental
NZ451,12,bugs,0.41910086572212746,experimental
NZ452,12,bugs,0.41543907607650765,experimental
NZ453,12,bugs,0.42495814396939563,experimental
NZ454,12,bugs,0.28773442063581817,experimental
NZ455,12,bugs,0.27897285154082285,experimental
NZ456,12,bugs,0.5347652832448502,experimental
NZ457,12,bugs,0.36090663112647586,experimental
NZ458,12,bugs,0.3021652385905489,experimental
NZ459,12,bugs,0.25339161351262407,experimental
NZ460,12,bugs,0.5412419166877304,experimental
NZ461,12,bugs,0.28213755468523716,experimental
NZ462,12,bugs,0.390829580451045,experimental
NZ463,12,bugs,0.40652838760891785,experimental
NZ464,12,bugs,0.6207704676285846,experimental
NZ465,12,bugs,0.6394079188852958,experimental
NZ466,12,bugs,0.39345527202827774,experimental
NZ467,12,bugs,0.4159783400059255,experimental
NZ468,12,bugs,0.37248438935289213,experimental
NZ469,12,bugs,0.5112273846165294,experimental
NZ470,12,bugs,0.5532756778025635,experimental
NZ471,12,bugs,0.47131510522287084,experimental
NZ472,12,bugs,0.6094673368671379,experimental
NZ473,12,bugs,0.44328956768087846,experimental
NZ474,12,bugs,0.7336803101870758,experimental
NZ475,12,bugs,0.4325615978383284,experimental
NZ476,12,bugs,0.4104488034017556,experimental
NZ477,12,bugs,0.4325615978383284,experimental
NZ478,12,bugs,0.4571901073960167,experimental
NZ479,12,bugs,0.4325615978383284,experimental
NZ480,12,bugs,0.3926583204767976,experimental
NZ481,12,bugs,0.451286257383223,experimental
NZ482,12,bugs,0.4513331911087868,experimental
NZ483,12,bugs,0.40213890233374944,experimental
NZ484,12,bugs,0.44525545991785,experimental
NZ485,12,bugs,0.44607367186769914,experimental
NZ486,12,bugs,0.416551377956029,experimental
NZ487,12,bugs,0.40443159068991963,experimental
NZ488,12,bugs,0.44607367186769914,experimental
NZ489,12,bugs,0.44986591356742417,experimental
NZ490,12,bugs,0.4035558961605161,experimental
NZ491,12,bugs,0.47092721562762957,experimental
NZ492,12,bugs,0.39356520541100015,experimental
NZ493,12,bugs,0.3953996276203671,experimental
NZ494,12,bugs,0.4326858623454839,experimental
NZ495,12,bugs,0.642017010925661,experimental
NZ496,12,bugs,0.5787328464869189,experimental
NZ497,12,bugs,0.5642244733455594,experimental
NZ498,12,bugs,0.40310673827076376,experimental
NZ499,12,bugs,0.642017010925661,experimental
NZ500,12,bugs,0.3926583204767976,experimental
NZ001,12,mud,0.8692734501272564,experimental
NZ002,12,mud,0.7665223660665688,experimental
NZ003,12,mud,0.8049579015965753,experimental
NZ004,12,mud,0.6648705444416904,experimental
NZ005,12,mud,0.5630683990261915,experimental
NZ006,12,mud,0.7890678066183001,experimental
NZ007,12,mud,0.7244861990125584,experimental
NZ008,12,mud,0.7728093429658875,experimental
NZ009,12,mud,0.8614783676979392,experimental
NZ010,12,mud,0.6459383135221971,experimental
NZ011,12,mud,0.7337237608215255,experimental
NZ012,12,mud,0.8606225869421043,experimental
NZ013,12,mud,0.7991944408121323,experimental
NZ014,12,mud,0.7392419990821539,experimental
NZ015,12,mud,0.6567626302713104,experimental
NZ016,12,mud,0.8230746853934092,experimental
NZ017,12,mud,0.7018123384431142,experimental
NZ018,12,mud,0.7268789618517217,experimental
NZ019,12,mud,0.8659361414325979,experimental
NZ020,12,mud,0.757651023116044,experimental
NZ021,12,mud,0.8460535813797412,experimental
NZ022,12,mud,0.6408677823169238,experimental
NZ023,12,mud,0.7165868584208702,experimental
NZ024,12,mud,0.8085595442819777,experimental
NZ025,12,mud,0.8053754517201301,experimental
NZ026,12,mud,0.8386710253031924,experimental
NZ027,12,mud,0.8203378344222332,experimental
NZ028,12,mud,0.7646066093059825,experimental
NZ029,12,mud,0.7852992117011577,experimental
NZ030,12,mud,0.7262137872309643,experimental
NZ031,12,mud,0.819504437459525,experimental
NZ032,12,mud,0.6884391287634999,experimental
NZ033,12,mud,0.7058368149297481,experimental
NZ034,12,mud,0.731682529309667,experimental
NZ035,12,mud,0.7519190400013507,experimental
NZ036,12,mud,0.7364415221154225,experimental
NZ037,12,mud,0.7215303529818817,experimental
NZ038,12,mud,0.7202179784621844,experimental
NZ039,12,mud,0.8035315014081846,experimental
NZ040,12,mud,0.8002150255036977,experimental
NZ041,12,mud,0.6922183903822806,experimental
NZ042,12,mud,0.697886509014039,experimental
NZ043,12,mud,0.8026583462299094,experimental
NZ044,12,mud,0.7339415221154224,experimental
NZ045,12,mud,0.8309822636427109,experimental
NZ046,12,mud,0.8230746853934092,experimental
NZ047,12,mud,0.7967803392467335,experimental
NZ048,12,mud,0.7385393105449627,experimental
NZ049,12,mud,0.6697542202627805,experimental
NZ050,12,mud,0.6697542202627805,experimental
NZ051,12,mud,0.6085352095348339,experimental
NZ052,12,mud,0.7294765719709216,experimental
NZ053,12,mud,0.8372977833760119,experimental
NZ054,12,mud,0.7629521181326844,experimental
NZ055,12,mud,0.7584808058165426,experimental
NZ056,12,mud,0.7371874830783498,experimental
NZ057,12,mud,0.8050641109500595,experimental
NZ058,12,mud,0.8271427999232015,experimental
NZ059,12,mud,0.8106611802814101,experimental
NZ060,12,mud,0.7936355406893933,experimental
NZ061,12,mud,0.7441310272980028,experimental
NZ062,12,mud,0.8013332094176778,experimental
NZ063,12,mud,0.805957965505682,experimental
NZ064,12,mud,0.8214224499844882,experimental
NZ065,12,mud,0.8468565053393236,experimental
NZ066,12,mud,0.8214224499844882,experimental
NZ067,12,mud,0.8266393393958492,experimental
NZ068,12,mud,0.8266393393958492,experimental
NZ069,12,mud,0.7385393105449627,experimental
NZ070,12,mud,0.8095282134395663,experimental
NZ071,12,mud,0.8468565053393236,experimental
NZ072,12,mud,0.8392721201196728,experimental
NZ073,12,mud,0.7707621481641478,experimental
NZ074,12,mud,0.8468565053393236,experimental
NZ075,12,mud,0.7783338672784191,experimental
NZ076,12,mud,0.7565512333301215,experimental
NZ077,12,mud,0.7818894228339747,experimental
NZ078,12,mud,0.7255698794022282,experimental
NZ079,12,mud,0.7231729107114994,experimental
NZ080,12,mud,0.7723780669033923,experimental
NZ081,12,mud,0.8230746853934092,experimental
NZ082,12,mud,0.7723780669033923,experimental
NZ083,12,mud,0.8384248591731694,experimental
NZ084,12,mud,0.7205011210643355,experimental
NZ085,12,mud,0.6989546698825071,experimental
NZ086,12,mud,0.6077928468118958,experimental
NZ087,12,mud,0.6077928468118958,experimental
NZ088,12,mud,0.6824595666608945,experimental
NZ089,12,mud,0.7000648717943861,experimental
NZ090,12,mud,0.6695337848101556,experimental
NZ091,12,mud,0.588691011436981,experimental
NZ092,12,mud,0.6890294767567617,experimental
NZ093,12,mud,0.6313069556054859,experimental
NZ094,12,mud,0.6446626723893789,experimental
NZ095,12,mud,0.6973171349778355,experimental
NZ096,12,mud,0.7163794837929821,experimental
NZ097,12,mud,0.703512299833653,experimental
NZ098,12,mud,0.5379489491384595,experimental
NZ099,12,mud,0.6671061753619895,experimental
NZ100,12,mud,0.6043461402437303,experimental
NZ101,12,mud,0.7679999308214123,experimental
NZ102,12,mud,0.853124361474419,experimental
NZ103,12,mud,0.6744351036832228,experimental
NZ104,12,mud,0.7557692488596738,experimental
NZ105,12,mud,0.7476584654211934,experimental
NZ106,12,mud,0.6977015700026725,experimental
NZ107,12,mud,0.5042624354933771,experimental
NZ108,12,mud,0.5962453125177734,experimental
NZ109,12,mud,0.7695364930555042,experimental
NZ110,12,mud,0.787036137139284,experimental
NZ111,12,mud,0.8204210264664042,experimental
NZ112,12,mud,0.8086712125141784,experimental
NZ113,12,mud,0.8135753600662967,experimental
NZ114,12,mud,0.7007184731493584,experimental
NZ115,12,mud,0.7646066093059825,experimental
NZ116,12,mud,0.757651023116044,experimental
NZ117,12,mud,0.7629521181326844,experimental
NZ118,12,mud,0.7990384043242624,experimental
NZ119,12,mud,0.5799072906966085,experimental
NZ120,12,mud,0.8236164092419801,experimental
NZ121,12,mud,0.7716934377275906,experimental
NZ122,12,mud,0.6733149438491434,experimental
NZ123,12,mud,0.823361984822458,experimental
NZ124,12,mud,0.8485912372393589,experimental
NZ125,12,mud,0.8453306957033911,experimental
NZ126,12,mud,0.8547734562865118,experimental
NZ127,12,mud,0.818408268462482,experimental
NZ128,12,mud,0.849197954721845,experimental
NZ129,12,mud,0.7908449713931158,experimental
NZ130,12,mud,0.8204210264664042,experimental
NZ131,12,mud,0.8209654257247475,experimental
NZ132,12,mud,0.818408268462482,experimental
NZ133,12,mud,0.5438173675499274,experimental
NZ134,12,mud,0.6604030537181472,experimental
NZ135,12,mud,0.7720128384725297,experimental
NZ136,12,mud,0.757651023116044,experimental
NZ137,12,mud,0.8349240775205369,experimental
NZ138,12,mud,0.7375941495357365,experimental
NZ139,12,mud,0.7086623991205405,experimental
NZ140,12,mud,0.5924115693615094,experimental
NZ141,12,mud,0.7612740272709517,experimental
NZ142,12,mud,0.7357811004297129,experimental
NZ143,12,mud,0.8207283330067701,experimental
NZ144,12,mud,0.8097427354609954,experimental
NZ145,12,mud,0.7928014921562528,experimental
NZ146,12,mud,0.7857069114971328,experimental
NZ147,12,mud,0.7342553288387264,experimental
NZ148,12,mud,0.8035315014081846,experimental
NZ149,12,mud,0.7353255767726106,experimental
NZ150,12,mud,0.7963639917550625,experimental
NZ151,12,mud,0.636381698250253,experimental
NZ152,12,mud,0.6672039204447526,experimental
NZ153,12,mud,0.7869649677701054,experimental
NZ154,12,mud,0.7869649677701054,experimental
NZ155,12,mud,0.7843328016998239,experimental
NZ156,12,mud,0.6953355069744217,experimental
NZ157,12,mud,0.7869649677701054,experimental
NZ158,12,mud,0.7869649677701054,experimental
NZ159,12,mud,0.8362131410498063,experimental
NZ160,12,mud,0.7869649677701054,experimental
NZ161,12,mud,0.7357234544953491,experimental
NZ162,12,mud,0.7869649677701054,experimental
NZ163,12,mud,0.7843328016998239,experimental
NZ164,12,mud,0.7892658163230554,experimental
NZ165,12,mud,0.8112566349521118,experimental
NZ166,12,mud,0.667933274824326,experimental
NZ167,12,mud,0.7126269190171576,experimental
NZ168,12,mud,0.7269765719709217,experimental
NZ169,12,mud,0.7549612765339881,experimental
NZ170,12,mud,0.7489788509759613,experimental
NZ171,12,mud,0.7764071022943236,experimental
NZ172,12,mud,0.757651023116044,experimental
NZ173,12,mud,0.7646066093059825,experimental
NZ174,12,mud,0.8236164092419801,experimental
NZ175,12,mud,0.8236164092419801,experimental
NZ176,12,mud,0.6895399599878652,experimental
NZ177,12,mud,0.5828069132509575,experimental
NZ178,12,mud,0.5739234197288665,experimental
NZ179,12,mud,0.6697542202627805,experimental
NZ180,12,mud,0.5799072906966085,experimental
NZ181,12,mud,0.818408268462482,experimental
NZ182,12,mud,0.8245356736586318,experimental
NZ183,12,mud,0.8127292427225095,experimental
NZ184,12,mud,0.7254780752621771,experimental
NZ185,12,mud,0.696153756277949,experimental
NZ186,12,mud,0.6895670040830949,experimental
NZ187,12,mud,0.7081620725610873,experimental
NZ188,12,mud,0.6933489744166037,experimental
NZ189,12,mud,0.7662300817886535,experimental
NZ190,12,mud,0.8710863670672545,experimental
NZ191,12,mud,0.8244951301623413,experimental
NZ192,12,mud,0.8029003659512524,experimental
NZ193,12,mud,0.7919328173533293,experimental
NZ194,12,mud,0.8021536552727292,experimental
NZ195,12,mud,0.8026583746157996,experimental
NZ196,12,mud,0.811839014463804,experimental
NZ197,12,mud,0.7803197719079117,experimental
NZ198,12,mud,0.6484838500862159,experimental
NZ199,12,mud,0.7452581118723182,experimental
NZ200,12,mud,0.6305174529223176,experimental
NZ201,12,mud,0.7231729107114994,experimental
NZ202,12,mud,0.6361146183688933,experimental
NZ203,12,mud,0.8230746853934092,experimental
NZ204,12,mud,0.7504187366144603,experimental
NZ205,12,mud,0.6632928569593164,experimental
NZ206,12,mud,0.7577241133974174,experimental
NZ207,12,mud,0.750126853578284,experimental
NZ208,12,mud,0.746870542870931,experimental
NZ209,12,mud,0.8384248591731694,experimental
NZ210,12,mud,0.8279043782310752,experimental
NZ211,12,mud,0.6894720919158962,experimental
NZ212,12,mud,0.7181789759769798,experimental
NZ213,12,mud,0.8384248591731694,experimental
NZ214,12,mud,0.7742528873081622,experimental
NZ215,12,mud,0.7723780669033923,experimental
NZ216,12,mud,0.8134347611280194,experimental
NZ217,12,mud,0.7810552654793351,experimental
NZ218,12,mud,0.8352727394724213,experimental
NZ219,12,mud,0.6774421083441902,experimental
NZ220,12,mud,0.7967949017012839,experimental
NZ221,12,mud,0.7468082143347303,experimental
NZ222,12,mud,0.8304866636434346,experimental
NZ223,12,mud,0.8468369768003764,experimental
NZ224,12,mud,0.7531339008909553,experimental
NZ225,12,mud,0.6978782631763292,experimental
NZ226,12,mud,0.7208685628854126,experimental
NZ227,12,mud,0.8384500283755909,experimental
NZ228,12,mud,0.8236164092419801,experimental
NZ229,12,mud,0.8384500283755909,experimental
NZ230,12,mud,0.7074957209486572,experimental
NZ231,12,mud,0.7361771474129578,experimental
NZ232,12,mud,0.8236164092419801,experimental
NZ233,12,mud,0.7361771474129578,experimental
NZ234,12,mud,0.7825659230523155,experimental
NZ235,12,mud,0.7723780669033923,experimental
NZ236,12,mud,0.7723780669033923,experimental
NZ237,12,mud,0.7991944408121323,experimental
NZ238,12,mud,0.8546650055528102,experimental
NZ239,12,mud,0.7941481133240208,experimental
NZ240,12,mud,0.7774850175454509,experimental
NZ241,12,mud,0.8282979895726491,experimental
NZ242,12,mud,0.7667472184365055,experimental
NZ243,12,mud,0.6689349019726343,experimental
NZ244,12,mud,0.6331366602761027,experimental
NZ245,12,mud,0.8154767836681747,experimental
NZ246,12,mud,0.7832503898052917,experimental
NZ247,12,mud,0.7445108619952451,experimental
NZ248,12,mud,0.7646066093059825,experimental
NZ249,12,mud,0.7489788509759613,experimental
NZ250,12,mud,0.7946261633197533,experimental
NZ251,12,mud,0.66027622912457,experimental
NZ252,12,mud,0.757651023116044,experimental
NZ253,12,mud,0.766083616179671,experimental
NZ254,12,mud,0.7832503898052917,experimental
NZ255,12,mud,0.8121207632733314,experimental
NZ256,12,mud,0.6826327110165329,experimental
NZ257,12,mud,0.6822694629049946,experimental
NZ258,12,mud,0.757651023116044,experimental
NZ259,12,mud,0.7103293726759374,experimental
NZ260,12,mud,0.757651023116044,experimental
NZ261,12,mud,0.757651023116044,experimental
NZ262,12,mud,0.7255758760598479,experimental
NZ263,12,mud,0.7646066093059825,experimental
NZ264,12,mud,0.7163369588130073,experimental
NZ265,12,mud,0.6816411049096158,experimental
NZ266,12,mud,0.769498224399571,experimental
NZ267,12,mud,0.6827193841475763,experimental
NZ268,12,mud,0.8053111786427636,experimental
NZ269,12,mud,0.7122705510563909,experimental
NZ270,12,mud,0.6887769198854703,experimental
NZ271,12,mud,0.7577241133974174,experimental
NZ272,12,mud,0.6548868782301099,experimental
NZ273,12,mud,0.6357431488902764,experimental
NZ274,12,mud,0.6767241049236081,experimental
NZ275,12,mud,0.7400272553599628,experimental
NZ276,12,mud,0.6695337848101556,experimental
NZ277,12,mud,0.814037206254282,experimental
NZ278,12,mud,0.757651023116044,experimental
NZ279,12,mud,0.7516130022863061,experimental
NZ280,12,mud,0.814037206254282,experimental
NZ281,12,mud,0.7400272553599628,experimental
NZ282,12,mud,0.6411059407753747,experimental
NZ283,12,mud,0.7577241133974174,experimental
NZ284,12,mud,0.6925059412608117,experimental
NZ285,12,mud,0.729650972588126,experimental
NZ286,12,mud,0.653171966280703,experimental
NZ287,12,mud,0.6106995215496328,experimental
NZ288,12,mud,0.7164164413358959,experimental
NZ289,12,mud,0.5998155604516575,experimental
NZ290,12,mud,0.580499668382654,experimental
NZ291,12,mud,0.7158748464705991,experimental
NZ292,12,mud,0.7917748856444775,experimental
NZ293,12,mud,0.6924060567801849,experimental
NZ294,12,mud,0.8395855511536789,experimental
NZ295,12,mud,0.7963636578764705,experimental
NZ296,12,mud,0.6857607663241472,experimental
NZ297,12,mud,0.7869649677701054,experimental
NZ298,12,mud,0.7843328016998239,experimental
NZ299,12,mud,0.6047286854186631,experimental
NZ300,12,mud,0.7448047295147677,experimental
NZ301,12,mud,0.8453925360739388,experimental
NZ302,12,mud,0.7980097031502625,experimental
NZ303,12,mud,0.7298205392219812,experimental
NZ304,12,mud,0.8035315014081846,experimental
NZ305,12,mud,0.8296739575346481,experimental
NZ306,12,mud,0.8330342354562222,experimental
NZ307,12,mud,0.6828526512335431,experimental
NZ308,12,mud,0.7691153761420096,experimental
NZ309,12,mud,0.7333381465536646,experimental
NZ310,12,mud,0.8035315014081846,experimental
NZ311,12,mud,0.8395855511536789,experimental
NZ312,12,mud,0.790783747375975,experimental
NZ313,12,mud,0.8026583462299094,experimental
NZ314,12,mud,0.8207283330067701,experimental
NZ315,12,mud,0.689158763847205,experimental
NZ316,12,mud,0.8203378344222332,experimental
NZ317,12,mud,0.8306018009242812,experimental
NZ318,12,mud,0.5049947396899384,experimental
NZ319,12,mud,0.6785377633074308,experimental
NZ320,12,mud,0.78614567845721,experimental
NZ321,12,mud,0.784858108744258,experimental
NZ322,12,mud,0.780178693671142,experimental
NZ323,12,mud,0.6633571254794609,experimental
NZ324,12,mud,0.7097688849484487,experimental
NZ325,12,mud,0.7907271643715644,experimental
NZ326,12,mud,0.8131439661210565,experimental
NZ327,12,mud,0.7998318618775178,experimental
NZ328,12,mud,0.7315630386822236,experimental
NZ329,12,mud,0.6735229195714649,experimental
NZ330,12,mud,0.8131439661210565,experimental
NZ331,12,mud,0.6413477312088732,experimental
NZ332,12,mud,0.8395815705333424,experimental
NZ333,12,mud,0.8204210264664042,experimental
NZ334,12,mud,0.818408268462482,experimental
NZ335,12,mud,0.8204210264664042,experimental
NZ336,12,mud,0.8203378344222332,experimental
NZ337,12,mud,0.7745186384003947,experimental
NZ338,12,mud,0.8174034355474389,experimental
NZ339,12,mud,0.818408268462482,experimental
NZ340,12,mud,0.8245356736586318,experimental
NZ341,12,mud,0.8445315332940668,experimental
NZ342,12,mud,0.5783916937669988,experimental
NZ343,12,mud,0.8204210264664042,experimental
NZ344,12,mud,0.7965214648093394,experimental
NZ345,12,mud,0.8700712180406313,experimental
NZ346,12,mud,0.8235543063209011,experimental
NZ347,12,mud,0.7439797396021479,experimental
NZ348,12,mud,0.8520406224302945,experimental
NZ349,12,mud,0.7460764969386935,experimental
NZ350,12,mud,0.6794922272061016,experimental
NZ351,12,mud,0.6672042771116552,experimental
NZ352,12,mud,0.6763201310745346,experimental
NZ353,12,mud,0.8069399747486627,experimental
NZ354,12,mud,0.8236164092419801,experimental
NZ355,12,mud,0.718514385030159,experimental
NZ356,12,mud,0.8659361414325979,experimental
NZ357,12,mud,0.7809926640140902,experimental
NZ358,12,mud,0.6544872406667267,experimental
NZ359,12,mud,0.7869649677701054,experimental
NZ360,12,mud,0.8619721220135846,experimental
NZ361,12,mud,0.7843328016998239,experimental
NZ362,12,mud,0.8232308122513549,experimental
NZ363,12,mud,0.6657081230476745,experimental
NZ364,12,mud,0.7757857486485873,experimental
NZ365,12,mud,0.5591015057884152,experimental
NZ366,12,mud,0.7869649677701054,experimental
NZ367,12,mud,0.818408268462482,experimental
NZ368,12,mud,0.7043408418428454,experimental
NZ369,12,mud,0.8275167445608359,experimental
NZ370,12,mud,0.7414243871495765,experimental
NZ371,12,mud,0.7577241133974174,experimental
NZ372,12,mud,0.8204210264664042,experimental
NZ373,12,mud,0.7761284352650331,experimental
NZ374,12,mud,0.7905179817737386,experimental
NZ375,12,mud,0.7258936894010216,experimental
NZ376,12,mud,0.6820243377292123,experimental
NZ377,12,mud,0.78710293407413,experimental
NZ378,12,mud,0.6887083949627123,experimental
NZ379,12,mud,0.78710293407413,experimental
NZ380,12,mud,0.8203378344222332,experimental
NZ381,12,mud,0.8203378344222332,experimental
NZ382,12,mud,0.7529965128215775,experimental
NZ383,12,mud,0.577502194827086,experimental
NZ384,12,mud,0.5796979193883982,experimental
NZ385,12,mud,0.8655402079903949,experimental
NZ386,12,mud,0.7213431373515707,experimental
NZ387,12,mud,0.7723780669033923,experimental
NZ388,12,mud,0.7452581118723182,experimental
NZ389,12,mud,0.6753957671738605,experimental
NZ390,12,mud,0.8203378344222332,experimental
NZ391,12,mud,0.7452581118723182,experimental
NZ392,12,mud,0.8230746853934092,experimental
NZ393,12,mud,0.7452581118723182,experimental
NZ394,12,mud,0.7213786218457716,experimental
NZ395,12,mud,0.6697542202627805,experimental
NZ396,12,mud,0.8049735942647281,experimental
NZ397,12,mud,0.7685316982817638,experimental
NZ398,12,mud,0.8204210264664042,experimental
NZ399,12,mud,0.533949262209938,experimental
NZ400,12,mud,0.5568517985219256,experimental
NZ401,12,mud,0.6697542202627805,experimental
NZ402,12,mud,0.6895399599878652,experimental
NZ403,12,mud,0.4864029480576113,experimental
NZ404,12,mud,0.6895399599878652,experimental
NZ405,12,mud,0.5951914289350962,experimental
NZ406,12,mud,0.6697542202627805,experimental
NZ407,12,mud,0.6895399599878652,experimental
NZ408,12,mud,0.6895399599878652,experimental
NZ409,12,mud,0.5998155604516575,experimental
NZ410,12,mud,0.5383326620020094,experimental
NZ411,12,mud,0.5937231311437787,experimental
NZ412,12,mud,0.6895399599878652,experimental
NZ413,12,mud,0.6700951558851606,experimental
NZ414,12,mud,0.5769294204487697,experimental
NZ415,12,mud,0.580499668382654,experimental
NZ416,12,mud,0.6974683638355377,experimental
NZ417,12,mud,0.5950296872247834,experimental
NZ418,12,mud,0.6245152574183133,experimental
NZ419,12,mud,0.591829295803149,experimental
NZ420,12,mud,0.4704746733951484,experimental
NZ421,12,mud,0.8518633633868709,experimental
NZ422,12,mud,0.8245356736586318,experimental
NZ423,12,mud,0.8245356736586318,experimental
NZ424,12,mud,0.8720669693778303,experimental
NZ425,12,mud,0.8720669693778303,experimental
NZ426,12,mud,0.8124790461696234,experimental
NZ427,12,mud,0.8199070845671962,experimental
NZ428,12,mud,0.7144815124533136,experimental
NZ429,12,mud,0.8245356736586318,experimental
NZ430,12,mud,0.7171433226679861,experimental
NZ431,12,mud,0.8510254734036714,experimental
NZ432,12,mud,0.7360877475640244,experimental
NZ433,12,mud,0.8129948337852174,experimental
NZ434,12,mud,0.8129948337852174,experimental
NZ435,12,mud,0.7194468171745615,experimental
NZ436,12,mud,0.7286306746830044,experimental
NZ437,12,mud,0.7243194645638884,experimental
NZ438,12,mud,0.8135753600662967,experimental
NZ439,12,mud,0.8050347936959749,experimental
NZ440,12,mud,0.7710317556153311,experimental
NZ441,12,mud,0.8363699145904437,experimental
NZ442,12,mud,0.6750639588975115,experimental
NZ443,12,mud,0.7182257747435854,experimental
NZ444,12,mud,0.7790970576981027,experimental
NZ445,12,mud,0.724910037424502,experimental
NZ446,12,mud,0.8204210264664042,experimental
NZ447,12,mud,0.8403943655181674,experimental
NZ448,12,mud,0.8204210264664042,experimental
NZ449,12,mud,0.8204210264664042,experimental
NZ450,12,mud,0.7137964077523252,experimental
NZ451,12,mud,0.7452581118723182,experimental
NZ452,12,mud,0.7452581118723182,experimental
NZ453,12,mud,0.7452581118723182,experimental
NZ454,12,mud,0.6659215204053711,experimental
NZ455,12,mud,0.7577241133974174,experimental
NZ456,12,mud,0.7013632335692066,experimental
NZ457,12,mud,0.644022806276526,experimental
NZ458,12,mud,0.5788962884816541,experimental
NZ459,12,mud,0.6966189531511795,experimental
NZ460,12,mud,0.728947309401385,experimental
NZ461,12,mud,0.6767241049236081,experimental
NZ462,12,mud,0.7723780669033923,experimental
NZ463,12,mud,0.7152928546434885,experimental
NZ464,12,mud,0.8191169624665857,experimental
NZ465,12,mud,0.8156330914988438,experimental
NZ466,12,mud,0.7723780669033923,experimental
NZ467,12,mud,0.8230746853934092,experimental
NZ468,12,mud,0.7791015440460959,experimental
NZ469,12,mud,0.7847391671705548,experimental
NZ470,12,mud,0.7766068980918023,experimental
NZ471,12,mud,0.6989318989867271,experimental
NZ472,12,mud,0.7780965807681106,experimental
NZ473,12,mud,0.818408268462482,experimental
NZ474,12,mud,0.8530212247408705,experimental
NZ475,12,mud,0.8245356736586318,experimental
NZ476,12,mud,0.8232308122513549,experimental
NZ477,12,mud,0.8245356736586318,experimental
NZ478,12,mud,0.7666458949349622,experimental
NZ479,12,mud,0.8245356736586318,experimental
NZ480,12,mud,0.8236164092419801,experimental
NZ481,12,mud,0.6128155212530872,experimental
NZ482,12,mud,0.7023855652409032,experimental
NZ483,12,mud,0.7058710573074167,experimental
NZ484,12,mud,0.6573164989016781,experimental
NZ485,12,mud,0.7368834734000526,experimental
NZ486,12,mud,0.7349264427623099,experimental
NZ487,12,mud,0.7192953171953773,experimental
NZ488,12,mud,0.7368834734000526,experimental
NZ489,12,mud,0.7368834734000526,experimental
NZ490,12,mud,0.6810429965080108,experimental
NZ491,12,mud,0.7061675813952936,experimental
NZ492,12,mud,0.7723780669033923,experimental
NZ493,12,mud,0.8236164092419801,experimental
NZ494,12,mud,0.813393326348414,experimental
NZ495,12,mud,0.7951843452080787,experimental
NZ496,12,mud,0.8236159592942932,experimental
NZ497,12,mud,0.8256186639453609,experimental
NZ498,12,mud,0.7604037840930712,experimental
NZ499,12,mud,0.8036381892122518,experimental
NZ500,12,mud,0.8236164092419801,experimental
