hike_id,name,region,distance_km,distance_source,elevation_gain_m,elevation_gain_source,max_elevation_m,estimated_time_hr,difficulty_or_grade,route_type,forest,shade_notes,mountain_alpine,lake,waterfall,coastal,river,glacier,views,terrain_notes,source_url,data_status,catalog_feature_status,current_access_status,description_curated,feature_evidence_url,features_reviewed
NZ001,South Coast Track,Southland,116.83837439999999,AllTrails,2231.7456,AllTrails,,28.333333333333332,Hard,Out & back,,,,,,,,,,,https://www.alltrails.com/trail/new-zealand/southland/south-coast-track,All five fields sourced from retrieved AllTrails listing text (indexed content); replaced,legacy tags; not reverified after route replacements,not checked,,,0
NZ002,Arrow River Bridges Trail,Otago,4.02336,AllTrails,62.7888,AllTrails,,0.9333333333333333,Moderate,Out & back,1.0,,,,,,1.0,,1.0,,https://www.alltrails.com/trail/new-zealand/otago/arrow-river-bridges-trail,All five fields sourced from retrieved AllTrails listing text (indexed content); replaced,legacy tags; not reverified after route replacements,not checked,,,0
NZ003,Wairere Falls Track,Waikato,5.149900800000001,AllTrails,410.8704,AllTrails,,2.3333333333333335,Hard,Out & back,1.0,,0.0,0.0,1.0,0.0,1.0,0.0,1.0,wet/slippery sections,https://www.alltrails.com/trail/new-zealand/waikato/wairere-falls-track,All five fields sourced from retrieved AllTrails listing text (indexed content); retained; listing marked closed,legacy tags; not reverified after route replacements,previously marked closed,,,0
NZ004,New Chum Loop,Otago,7.2420480000000005,AllTrails,336.80400000000003,AllTrails,,2.466666666666667,Moderate,Loop,1.0,,,,1.0,,1.0,,1.0,,https://www.alltrails.com/trail/new-zealand/otago/new-chum-loop,All five fields sourced from retrieved AllTrails listing text (indexed content); replaced,legacy tags; not reverified after route replacements,not checked,,,0
NZ005,Ernies Loop Track,Auckland,14.8059648,AllTrails,581.8632,AllTrails,,4.633333333333333,Moderate,Loop,1.0,forest shade,0.0,0.0,0.0,0.0,1.0,0.0,1.0,roots/mud/stream crossing,https://www.alltrails.com/trail/new-zealand/auckland/ernies-loop-track,All five fields sourced from retrieved AllTrails listing text (indexed content); retained,legacy tags; not reverified after route replacements,not checked,,,0
NZ006,Te Whare Okioki Hut from Te Tuhi Road,Waikato,7.081113600000001,AllTrails,466.95360000000005,AllTrails,,2.2,Hard,Point to point,1.0,,,,,,,,1.0,,https://www.alltrails.com/trail/new-zealand/waikato/te-whare-okioki-hut-from-te-tuhi-road,All five fields sourced from retrieved AllTrails listing text (indexed content); replaced,legacy tags; not reverified after route replacements,not checked,,,0
NZ007,Rock Peak Track,Otago,8.04672,AllTrails,423.9768,AllTrails,,3–3.5,Moderate,Out & back,,No shade (AllTrails tag),,,,,,,1.0,,https://www.alltrails.com/trail/new-zealand/otago/rock-peak-track,All five fields sourced from retrieved AllTrails listing text (indexed content); replaced,legacy tags; not reverified after route replacements,not checked,,,0
NZ008,Henderson Tramline Loop Track,Bay of Plenty,11.265408,AllTrails,255.7272,AllTrails,,2.8833333333333333,Moderate,Loop,,,,,,,,,,,https://www.alltrails.com/trail/new-zealand/bay-of-plenty/henderson-tramline-loop-track,All five fields sourced from retrieved AllTrails listing text (indexed content); retained,legacy tags; not reverified after route replacements,not checked,,,0
NZ009,Dukes Nose via Wairaku Stream Track,Northland,10.9435392,AllTrails,527.9136,AllTrails,,3.75,Hard,Out & back,,,,,,,,,,,https://www.alltrails.com/trail/new-zealand/northland/dukes-nose-via-wairaku-stream-track,All five fields sourced from retrieved AllTrails listing text (indexed content); retained,legacy tags; not reverified after route replacements,not checked,,,0
NZ010,Moke Lake Loop Track,Otago,6.9201792,AllTrails,172.82160000000002,AllTrails,,1.8166666666666667,Easy,Loop,0.0,open/exposed,1.0,1.0,0.0,0.0,0.0,0.0,1.0,,https://www.alltrails.com/trail/new-zealand/otago/moke-lake-loop-track,All five fields sourced from retrieved AllTrails listing text (indexed content); retained,legacy tags; not reverified after route replacements,not checked,,,0
NZ011,Moonlight Track from Arthurs Point,Otago,9.656064,AllTrails,535.8384,AllTrails,,3.5833333333333335,Moderate,Out & back,0.0,limited shade,1.0,0.0,0.0,0.0,1.0,0.0,1.0,narrow/river crossings,https://www.alltrails.com/trail/new-zealand/otago/moonlight-track-from-arthurs-point,All five fields sourced from retrieved AllTrails listing text (indexed content); retained,legacy tags; not reverified after route replacements,not checked,,,0
NZ012,Milford Track,Southland,54.07395840000001,AllTrails,1772.7168000000001,AllTrails,,16.066666666666666,Hard,Point to point,1.0,,1.0,0.0,1.0,0.0,1.0,0.0,1.0,Great Walk,https://www.alltrails.com/trail/new-zealand/southland/milford-track,All five fields sourced from retrieved AllTrails listing text (indexed content); retained,legacy tags; not reverified after route replacements,not checked,,,0
NZ013,Casey Saddle - Binser Saddle Loop,Canterbury,39.428928,AllTrails,1653.8448,AllTrails,,12.716666666666667,Hard,Loop,1.0,,,,,,1.0,,1.0,,https://www.alltrails.com/trail/new-zealand/canterbury/casey-saddle-binser-saddle-loop,All five fields sourced from retrieved AllTrails listing text (indexed content); replaced,legacy tags; not reverified after route replacements,not checked,,,0
NZ014,Lake Daniell Track,West Coast,16.09344,AllTrails,377.952,AllTrails,,4.15,Moderate,Out & back,,,,,,,,,,,https://www.alltrails.com/trail/new-zealand/west-coast/lake-daniell-track,All five fields sourced from retrieved AllTrails listing text (indexed content); retained,legacy tags; not reverified after route replacements,not checked,,,0
NZ015,Thirteen Mile Bush track to Benmore Hut,Canterbury,5.954572800000001,AllTrails,351.73920000000004,AllTrails,,1.7166666666666668,Moderate,Point to point,1.0,open/no shade sections,0.0,0.0,0.0,0.0,1.0,0.0,1.0,river crossings,https://www.alltrails.com/trail/new-zealand/canterbury/thirteen-mile-bush-track-to-benmore-hut,All five fields sourced from retrieved AllTrails listing text (indexed content); retained,legacy tags; not reverified after route replacements,not checked,,,0
NZ016,Taylors Mistake to Black Rock Point,Canterbury,1.9312128,AllTrails,27.736800000000002,AllTrails,,0.43333333333333335,Easy,Out & back,0.0,No shade,0.0,0.0,0.0,1.0,0.0,0.0,1.0,coastal/exposed,https://www.alltrails.com/trail/new-zealand/canterbury/taylors-mistake-to-black-rock-point,All five fields sourced from retrieved AllTrails listing text (indexed content); retained,legacy tags; not reverified after route replacements,not checked,,,0
NZ017,Tiromoana Bush Walk,Canterbury,13.357555200000002,AllTrails,604.7232,AllTrails,,4.466666666666667,Moderate,Loop,1.0,shade early then exposed,0.0,0.0,0.0,1.0,0.0,0.0,1.0,,https://www.alltrails.com/trail/new-zealand/canterbury/tiromoana-bush-walk,All five fields sourced from retrieved AllTrails listing text (indexed content); retained,legacy tags; not reverified after route replacements,not checked,,,0
NZ018,Bottle Lake Forest Blue Track,Canterbury,9.977932800000001,AllTrails,182.88,AllTrails,,2.3833333333333333,Moderate,Loop,1.0,forest shade,0.0,0.0,0.0,0.0,0.0,0.0,0.0,forest path,https://www.alltrails.com/trail/new-zealand/canterbury/bottle-lake-forest-blue-track,All five fields sourced from retrieved AllTrails listing text (indexed content); retained,legacy tags; not reverified after route replacements,not checked,,,0
NZ019,Dalys Clearing Hut from Te Aroha,Waikato,13.0356864,AllTrails,1139.952,AllTrails,,5.766666666666667,Hard,Point to point,1.0,,,,,,1.0,,1.0,,https://www.alltrails.com/trail/new-zealand/waikato/dalys-clearing-hut-from-te-aroha,All five fields sourced from retrieved AllTrails listing text (indexed content); replaced,legacy tags; not reverified after route replacements,not checked,,,0
NZ020,Ruby Island Walk,Otago,0.804672,AllTrails,18.8976,AllTrails,,0.2,Easy,Out & back,,,,,,,,,,,https://www.alltrails.com/trail/new-zealand/otago/ruby-island-walk,All five fields sourced from retrieved AllTrails listing text (indexed content); replaced,legacy tags; not reverified after route replacements,not checked,,,0
NZ021,Sealy Tarns Track,Canterbury,5.3108352,AllTrails,545.8968,AllTrails,,2.85,Hard,Out & back,0.0,,1.0,1.0,0.0,0.0,0.0,0.0,1.0,many stairs,https://www.alltrails.com/trail/new-zealand/canterbury/sealy-tarns-track,All five fields sourced from retrieved AllTrails listing text (indexed content); retained,legacy tags; not reverified after route replacements,not checked,,,0
NZ022,Manawatu Gorge Track from Manawatu Gorge Road End,Manawatū-Whanganui,8.04672,AllTrails,382.8288,AllTrails,,2.7666666666666666,Moderate,Point to point,,,,,,,,,,,https://www.alltrails.com/trail/new-zealand/manawatu-wanganui/manawatu-gorge-track-from-manawatu-gorge-road-end,All five fields sourced from retrieved AllTrails listing text (indexed content); replaced,legacy tags; not reverified after route replacements,not checked,,,0
NZ023,Whakapapaiti Valley Loop,Manawatū-Whanganui,15.771571200000002,AllTrails,526.9992,AllTrails,,4.616666666666667,Hard,Loop,1.0,,,,,,1.0,,1.0,,https://www.alltrails.com/trail/new-zealand/manawatu-wanganui/whakapapaiti-valley-loop,All five fields sourced from retrieved AllTrails listing text (indexed content); replaced,legacy tags; not reverified after route replacements,not checked,,,0
NZ024,Key Summit Ridge Track,Southland,11.4263424,AllTrails,551.9928,AllTrails,,4–4.5,Moderate,Out & back,1.0,,,1.0,1.0,,,,1.0,,https://www.alltrails.com/trail/new-zealand/southland/key-summit-ridge-track,All five fields sourced from retrieved AllTrails listing text (indexed content); replaced,legacy tags; not reverified after route replacements,not checked,,,0
NZ025,Lake Christabel Hut via Lake Christabel Track,West Coast,15.771571200000002,AllTrails,589.788,AllTrails,,4.333333333333333,Hard,Point to point,,,,,,,,,,,https://www.alltrails.com/trail/new-zealand/west-coast/lake-christabel-hut-via-lake-christabel-track,All five fields sourced from retrieved AllTrails listing text (indexed content); replaced,legacy tags; not reverified after route replacements,not checked,,,0
NZ026,The Old Ghost Road,West Coast,79.82346240000001,AllTrails,2981.8584,AllTrails,,24.6,Hard,Point to point,1.0,,,1.0,1.0,,1.0,,1.0,,https://www.alltrails.com/trail/new-zealand/west-coast/the-old-ghost-road,All five fields sourced from retrieved AllTrails listing text (indexed content); replaced,legacy tags; not reverified after route replacements,not checked,,,0
NZ027,Te Wairere Waterfall Walk,Northland,1.2874752000000003,AllTrails,14.9352,AllTrails,,0.5–1,Easy,Out & back,,,,,1.0,,,,,,https://www.alltrails.com/trail/new-zealand/northland/te-wairere-waterfall-walk,All five fields sourced from retrieved AllTrails listing text (indexed content); replaced,legacy tags; not reverified after route replacements,not checked,,,0
NZ028,Butterfield Wetland Track,Otago,2.414016,AllTrails,47.8536,AllTrails,,0.5833333333333334,Easy,Loop,,,,,,,1.0,,1.0,,https://www.alltrails.com/trail/new-zealand/otago/butterfield-wetland-track,All five fields sourced from retrieved AllTrails listing text (indexed content); replaced,legacy tags; not reverified after route replacements,not checked,,,0
NZ029,Coronet Peak to Arrowtown via Brow Peak,Otago,12.391948800000002,AllTrails,565.7088,AllTrails,,5.5,Hard,Point to point,,,,,,,,,,,https://www.alltrails.com/trail/new-zealand/otago/coronet-peak-to-arrowtown-via-brow-peak,All five fields sourced from retrieved AllTrails listing text (indexed content); replaced,legacy tags; not reverified after route replacements,not checked,,,0
NZ030,Arrow River Trail via Millennium Walkway,Otago,11.7482112,AllTrails,170.99280000000002,AllTrails,,2.6666666666666665,Moderate,Out & back,1.0,,,,,,1.0,,,,https://www.alltrails.com/trail/new-zealand/otago/arrow-river-trail-via-millennium-walkway,All five fields sourced from retrieved AllTrails listing text (indexed content); replaced,legacy tags; not reverified after route replacements,not checked,,,0
NZ031,Tasman Lake Track,Canterbury,3.7014912,AllTrails,115.82400000000001,AllTrails,,1.05,Easy,Out & back,,No shade (AllTrails tag),,1.0,,,,,1.0,,https://www.alltrails.com/trail/new-zealand/canterbury/tasman-lake-track,All five fields sourced from retrieved AllTrails listing text (indexed content); replaced,legacy tags; not reverified after route replacements,not checked,,,0
NZ032,Arthur's Pass Walking Track,Canterbury,7.563916800000001,AllTrails,339.85200000000003,AllTrails,,2.5166666666666666,Moderate,Out & back,1.0,,1.0,0.0,1.0,0.0,1.0,0.0,1.0,,https://www.alltrails.com/trail/new-zealand/canterbury/arthur-s-pass-walking-track,All five fields sourced from retrieved AllTrails listing text (indexed content); retained,legacy tags; not reverified after route replacements,not checked,,,0
NZ033,Hooker Hut Track,Canterbury,8.5295232,AllTrails,169.77360000000002,AllTrails,,2.0833333333333335,Moderate,Out & back,,No shade (AllTrails tag),,1.0,,,,,,,https://www.alltrails.com/trail/new-zealand/canterbury/hooker-hut-track,All five fields sourced from retrieved AllTrails listing text (indexed content); replaced; listing marked closed,legacy tags; not reverified after route replacements,previously marked closed,,,0
NZ034,Abel Tasman Coast Track: Marahau to Anchorage,Nelson-Tasman,12.391948800000002,AllTrails,462.99120000000005,AllTrails,,3.8,Moderate,Point to point,1.0,,0.0,0.0,0.0,1.0,0.0,0.0,1.0,coastal track,https://www.alltrails.com/trail/new-zealand/nelson-tasman/abel-tasman-coast-track-marahau-to-anchorage,All five fields sourced from retrieved AllTrails listing text (indexed content); retained,legacy tags; not reverified after route replacements,not checked,,,0
NZ035,Brightwater Loop Track,Nelson-Tasman,8.690457600000002,AllTrails,88.69680000000001,AllTrails,,1.8333333333333335,Moderate,Loop,,,,,,,,,,,https://www.alltrails.com/trail/new-zealand/nelson-tasman/brightwater-loop-track,All five fields sourced from retrieved AllTrails listing text (indexed content); replaced,legacy tags; not reverified after route replacements,not checked,,,0
NZ036,Anchorage to Marahau via Abel Tasman Coast Track (North to South),Nelson-Tasman,11.587276800000001,AllTrails,442.87440000000004,AllTrails,,3.5833333333333335,Moderate,Point to point,1.0,,,,,,,,1.0,,https://www.alltrails.com/trail/new-zealand/nelson-tasman/anchorage-to-marahau-via-abel-tasman-coast-track-north-to-south,All five fields sourced from retrieved AllTrails listing text (indexed content); replaced,legacy tags; not reverified after route replacements,not checked,,,0
NZ037,Pouakai Hut to Pouakai Tarns,Taranaki,2.0921472000000003,AllTrails,122.8344,AllTrails,,0.7833333333333333,Moderate,Out & back,,,,,,,,,,,https://www.alltrails.com/trail/new-zealand/taranaki/pouakai-hut-to-pouakai-tarns,All five fields sourced from retrieved AllTrails listing text (indexed content); replaced,legacy tags; not reverified after route replacements,not checked,,,0
NZ038,Holly Hut to Pouakai Hut,Taranaki,4.5061632,AllTrails,340.76640000000003,AllTrails,,1.5833333333333335,Moderate,Point to point,1.0,,,,,,1.0,,1.0,,https://www.alltrails.com/trail/new-zealand/taranaki/holly-hut-to-pouakai-hut,All five fields sourced from retrieved AllTrails listing text (indexed content); replaced,legacy tags; not reverified after route replacements,not checked,,,0
NZ039,Split Apple Beach Track,Nelson-Tasman,0.6437376000000001,AllTrails,19.812,AllTrails,,0.18333333333333332,Easy,Out & back,,,,,,,,,,,https://www.alltrails.com/trail/new-zealand/nelson-tasman/split-apple-beach-track,All five fields sourced from retrieved AllTrails listing text (indexed content); replaced,legacy tags; not reverified after route replacements,not checked,,,0
NZ040,Kaiauai Track to Henry Peak,Taranaki,12.2310144,AllTrails,831.7992,AllTrails,,5.066666666666666,Hard,Out & back,1.0,,,,,,1.0,,1.0,,https://www.alltrails.com/trail/new-zealand/taranaki/kaiauai-track-to-henry-peak,All five fields sourced from retrieved AllTrails listing text (indexed content); replaced,legacy tags; not reverified after route replacements,not checked,,,0
NZ041,Wainui Bay Taupo Point Walk,Nelson-Tasman,5.4717696,AllTrails,103.9368,AllTrails,,1.3166666666666667,Moderate,Out & back,,,,,,,,,1.0,,https://www.alltrails.com/trail/new-zealand/nelson-tasman/wainui-bay-taupo-point-walk,All five fields sourced from retrieved AllTrails listing text (indexed content); replaced,legacy tags; not reverified after route replacements,not checked,,,0
NZ042,Coromandel Walkway: Fletcher Bay to Poley Bay,Waikato,6.9201792,AllTrails,305.7144,AllTrails,,2.283333333333333,Moderate,Out & back,1.0,,0.0,0.0,0.0,1.0,0.0,0.0,1.0,,https://www.alltrails.com/trail/new-zealand/waikato/coromandel-walkway-fletcher-bay-to-poley-bay,All five fields sourced from retrieved AllTrails listing text (indexed content); retained,legacy tags; not reverified after route replacements,not checked,,,0
NZ043,Motueka Inlet Short Loop,Nelson-Tasman,0.9656064,AllTrails,5.7912,AllTrails,,0.18333333333333332,Easy,Loop,,,,,,,,,,,https://www.alltrails.com/trail/new-zealand/nelson-tasman/motueka-inlet-short-loop,All five fields sourced from retrieved AllTrails listing text (indexed content); replaced,legacy tags; not reverified after route replacements,not checked,,,0
NZ044,Abel Tasman Coast Track: Anchorage to Bark Bay,Nelson-Tasman,12.5528832,AllTrails,397.764,AllTrails,,3.5833333333333335,Moderate,Point to point,1.0,,0.0,0.0,0.0,1.0,0.0,0.0,1.0,,https://www.alltrails.com/trail/new-zealand/nelson-tasman/abel-tasman-coast-track-anchorage-to-bark-bay,All five fields sourced from retrieved AllTrails listing text (indexed content); renamed,legacy tags; not reverified after route replacements,not checked,,,0
NZ045,Marsden Valley to Brook Valley via Glider Road,Nelson-Tasman,15.288768000000001,AllTrails,786.9936,AllTrails,,5.616666666666667,Hard,Point to point,,,,,,,,,,,https://www.alltrails.com/trail/new-zealand/nelson-tasman/marsden-valley-to-brook-valley-via-glider-road,All five fields sourced from retrieved AllTrails listing text (indexed content); replaced; listing marked closed,legacy tags; not reverified after route replacements,previously marked closed,,,0
NZ046,Tasman Lake and River Walk,Canterbury,2.7358848,AllTrails,43.891200000000005,AllTrails,,0.6333333333333333,Easy,Out & back,0.0,exposed,1.0,1.0,0.0,0.0,1.0,1.0,1.0,,https://www.alltrails.com/trail/new-zealand/canterbury/tasman-lake-and-river-walk,All five fields sourced from retrieved AllTrails listing text (indexed content); retained,legacy tags; not reverified after route replacements,not checked,,,0
NZ047,Puniho Track to Holly Hut via Bells Falls Track,Taranaki,22.369881600000003,AllTrails,846.7344,AllTrails,,6.883333333333333,Hard,Out & back,,,,,,,,,,,https://www.alltrails.com/trail/new-zealand/taranaki/puniho-track-to-holly-hut-via-bells-falls-track,All five fields sourced from retrieved AllTrails listing text (indexed content); replaced,legacy tags; not reverified after route replacements,not checked,,,0
NZ048,Bluff Hill Summit via Topuni Track,Southland,4.988966400000001,AllTrails,266.7,AllTrails,,1.8,Moderate,Out & back,,,,,,,,,,,https://www.alltrails.com/trail/new-zealand/southland/bluff-hill-summit-via-topuni-track,All five fields sourced from retrieved AllTrails listing text (indexed content); replaced,legacy tags; not reverified after route replacements,not checked,,,0
NZ049,Beveridge to Arataki Path,Auckland,4.184294400000001,AllTrails,96.9264,AllTrails,,1.0833333333333333,Easy,Out & back,1.0,forest shade,0.0,0.0,0.0,0.0,0.0,0.0,1.0,,https://www.alltrails.com/trail/new-zealand/auckland/beveridge-to-arataki-path,All five fields sourced from retrieved AllTrails listing text (indexed content); retained,legacy tags; not reverified after route replacements,not checked,,,0
NZ050,Kitekite Falls Path,Auckland,2.8968192000000004,AllTrails,76.8096,AllTrails,,0.7666666666666667,Easy,Out & back,1.0,forest shade,0.0,0.0,1.0,0.0,1.0,0.0,1.0,,https://www.alltrails.com/trail/new-zealand/auckland/kitekite-falls-path,All five fields sourced from retrieved AllTrails listing text (indexed content); retained,legacy tags; not reverified after route replacements,not checked,,,0
NZ051,Suspension Bridge Loop,Auckland,4.184294400000001,AllTrails,160.9344,AllTrails,,1.3,Moderate,Loop,,,,,,,,,,,https://www.alltrails.com/trail/new-zealand/auckland/suspension-bridge-loop,All five fields sourced from retrieved AllTrails listing text (indexed content); replaced,legacy tags; not reverified after route replacements,not checked,,,0
NZ052,Glendhu Bay Track,Otago,10.1388672,AllTrails,199.9488,AllTrails,,2.5,Moderate,Point to point,0.0,No shade,1.0,1.0,0.0,1.0,0.0,0.0,1.0,shared path,https://www.alltrails.com/trail/new-zealand/otago/glendhu-bay-track,All five fields sourced from retrieved AllTrails listing text (indexed content); retained,legacy tags; not reverified after route replacements,not checked,,,0
NZ053,Trig M via Coach Stream,Canterbury,11.265408,AllTrails,730.9104,AllTrails,,4.533333333333333,Hard,Out & back,1.0,,,,,,,,1.0,,https://www.alltrails.com/trail/new-zealand/canterbury/trig-m-via-coach-stream,All five fields sourced from retrieved AllTrails listing text (indexed content); replaced; listing marked closed,legacy tags; not reverified after route replacements,previously marked closed,,,0
NZ054,Skyline Loop Track to Ben Lomond Paragliding Launch Site,Otago,2.414016,AllTrails,126.7968,AllTrails,,0.85,Moderate,Out & back,,,,,,,,,,,https://www.alltrails.com/trail/new-zealand/otago/skyline-loop-track-to-ben-lomond-paragliding-launch-site,All five fields sourced from retrieved AllTrails listing text (indexed content); replaced,legacy tags; not reverified after route replacements,not checked,,,0
NZ055,Conroys Gully Walk,Otago,4.345228800000001,AllTrails,117.9576,AllTrails,,1.1666666666666667,Easy,Loop,,,,1.0,,,,,1.0,,https://www.alltrails.com/trail/new-zealand/otago/conroys-gully-walk,All five fields sourced from retrieved AllTrails listing text (indexed content); replaced,legacy tags; not reverified after route replacements,not checked,,,0
NZ056,Taieri Millenium Track,Otago,7.885785600000001,AllTrails,268.8336,AllTrails,,2.3333333333333335,Moderate,Out & back,,,,,,,,,,,https://www.alltrails.com/trail/new-zealand/otago/taieri-millenium-track,All five fields sourced from retrieved AllTrails listing text (indexed content); replaced,legacy tags; not reverified after route replacements,not checked,,,0
NZ057,Kepler Track Carpark to Rainbow Reach via Kepler Track,Southland,9.656064,AllTrails,206.9592,AllTrails,,2.45,Moderate,Point to point,,,,,,,,,,,https://www.alltrails.com/trail/new-zealand/southland/kepler-track-carpark-to-rainbow-reach-via-kepler-track,All five fields sourced from retrieved AllTrails listing text (indexed content); replaced,legacy tags; not reverified after route replacements,not checked,,,0
NZ058,Lake Manapouri Circuits,Southland,22.208947200000004,AllTrails,685.8000000000001,AllTrails,,6.3,Hard,Loop,,,,,,,,,,,https://www.alltrails.com/trail/new-zealand/southland/lake-manapouri-circuits,All five fields sourced from retrieved AllTrails listing text (indexed content); replaced,legacy tags; not reverified after route replacements,not checked,,,0
NZ059,Mount Burns Tarns Track,Southland,1.4484096000000002,AllTrails,198.7296,AllTrails,,0.95,Moderate,Out & back,,,,,,,,,,,https://www.alltrails.com/trail/new-zealand/southland/mount-burns-tarns-track,All five fields sourced from retrieved AllTrails listing text (indexed content); replaced,legacy tags; not reverified after route replacements,not checked,,,0
NZ060,Lake Hauroko Lookout Track,Southland,5.149900800000001,AllTrails,385.8768,AllTrails,,2.2666666666666666,Hard,Out & back,1.0,,,1.0,,,,,1.0,,https://www.alltrails.com/trail/new-zealand/southland/lake-hauroko-lookout-track,All five fields sourced from retrieved AllTrails listing text (indexed content); replaced,legacy tags; not reverified after route replacements,not checked,,,0
NZ061,Kepler Track: Kepler Track Carpark to Brod Bay Campsite,Southland,5.3108352,AllTrails,80.772,AllTrails,,1.2,Easy,Point to point,1.0,,0.0,1.0,0.0,0.0,0.0,0.0,1.0,,https://www.alltrails.com/trail/new-zealand/southland/kepler-track-kepler-track-carpark-to-brod-bay-campsite,All five fields sourced from retrieved AllTrails listing text (indexed content); renamed,legacy tags; not reverified after route replacements,not checked,,,0
NZ062,Derek Turnbull Track,Southland,11.265408,AllTrails,431.90160000000003,AllTrails,,3.4833333333333334,Moderate,Out & back,,,,,,,,,,,https://www.alltrails.com/trail/new-zealand/southland/derek-turnbull-track,All five fields sourced from retrieved AllTrails listing text (indexed content); replaced,legacy tags; not reverified after route replacements,not checked,,,0
NZ063,Fuchsia and Raroa Walk,Southland,3.7014912,AllTrails,119.7864,AllTrails,,1.0666666666666667,Easy,Out & back,,,,,,,,,,,https://www.alltrails.com/trail/new-zealand/southland/fuchsia-and-raroa-walk,All five fields sourced from retrieved AllTrails listing text (indexed content); replaced,legacy tags; not reverified after route replacements,not checked,,,0
NZ064,Hamilton Park Loop,Southland,1.7702784000000003,AllTrails,23.7744,AllTrails,,0.4,Easy,Loop,1.0,,,,,,1.0,,,,https://www.alltrails.com/trail/new-zealand/southland/hamilton-park-loop,All five fields sourced from retrieved AllTrails listing text (indexed content); replaced,legacy tags; not reverified after route replacements,not checked,,,0
NZ065,Longwood Forest Loop Track,Southland,25.2667008,AllTrails,825.7032,AllTrails,,7.333333333333333,Hard,Loop,,,,,,,,,,,https://www.alltrails.com/trail/new-zealand/southland/longwood-forest-loop-track,All five fields sourced from retrieved AllTrails listing text (indexed content); replaced,legacy tags; not reverified after route replacements,not checked,,,0
NZ066,Otatara Scenic Reserve Loop,Southland,2.0921472000000003,AllTrails,24.9936,AllTrails,,0.45,Easy,Loop,,,,,,,,,,,https://www.alltrails.com/trail/new-zealand/southland/otatara-scenic-reserve-loop,All five fields sourced from retrieved AllTrails listing text (indexed content); replaced,legacy tags; not reverified after route replacements,not checked,,,0
NZ067,Kilmock Track,Southland,2.414016,AllTrails,24.9936,AllTrails,,0.5166666666666667,Moderate,Loop,1.0,,,,,,,,1.0,,https://www.alltrails.com/trail/new-zealand/southland/kilmock-track,All five fields sourced from retrieved AllTrails listing text (indexed content); replaced,legacy tags; not reverified after route replacements,not checked,,,0
NZ068,Ngahere Ara track,Southland,1.2874752000000003,AllTrails,48.768,AllTrails,,0.38333333333333336,Moderate,Loop,,,,,,,,,,,https://www.alltrails.com/trail/new-zealand/southland/ngahere-ara-track,All five fields sourced from retrieved AllTrails listing text (indexed content); replaced,legacy tags; not reverified after route replacements,not checked,,,0
NZ069,Omaui Walkway,Southland,4.988966400000001,AllTrails,210.9216,AllTrails,,1.6166666666666667,Moderate,Out & back,,,,,,,,,,,https://www.alltrails.com/trail/new-zealand/southland/omaui-walkway,All five fields sourced from retrieved AllTrails listing text (indexed content); replaced,legacy tags; not reverified after route replacements,not checked,,,0
NZ070,Lake Monowai Peninsula Lookout Track,Southland,2.414016,AllTrails,2.7432000000000003,AllTrails,,0.43333333333333335,Easy,Out & back,1.0,,,1.0,,,,,1.0,,https://www.alltrails.com/trail/new-zealand/southland/lake-monowai-peninsula-lookout-track,All five fields sourced from retrieved AllTrails listing text (indexed content); replaced,legacy tags; not reverified after route replacements,not checked,,,0
NZ071,Hump Ridge Track,Southland,57.7754496,AllTrails,1815.9984000000002,AllTrails,,16.516666666666666,Hard,Loop,1.0,,1.0,0.0,0.0,1.0,1.0,0.0,1.0,many stairs,https://www.alltrails.com/trail/new-zealand/southland/hump-ridge-track,All five fields sourced from retrieved AllTrails listing text (indexed content); retained,legacy tags; not reverified after route replacements,not checked,,,0
NZ072,Riverton to Invercargill,Southland,32.991552,AllTrails,521.8176,AllTrails,,7.6,Hard,Point to point,,,,,,,,,,,https://www.alltrails.com/trail/new-zealand/southland/riverton-to-invercargill,All five fields sourced from retrieved AllTrails listing text (indexed content); replaced,legacy tags; not reverified after route replacements,not checked,,,0
NZ073,Kohi Point Walkway,Bay of Plenty,11.265408,AllTrails,546.8112,AllTrails,,3.8833333333333333,Moderate,Out & back,1.0,,,,,,,,1.0,,https://www.alltrails.com/trail/new-zealand/bay-of-plenty/kohi-point-walkway,All five fields sourced from retrieved AllTrails listing text (indexed content); replaced,legacy tags; not reverified after route replacements,not checked,,,0
NZ074,Rakiura Track,Southland,38.302387200000005,AllTrails,1247.8512,AllTrails,,11.5–12.5,Hard,Loop,1.0,,0.0,0.0,0.0,1.0,1.0,0.0,1.0,Great Walk,https://www.alltrails.com/trail/new-zealand/southland/rakiura-track,All five fields sourced from retrieved AllTrails listing text (indexed content); retained,legacy tags; not reverified after route replacements,not checked,,,0
NZ075,Hinewai Falls Loop,Canterbury,4.345228800000001,AllTrails,266.7,AllTrails,,1.7,Moderate,Loop,1.0,,0.0,0.0,1.0,0.0,1.0,0.0,1.0,mud/slippery sections,https://www.alltrails.com/trail/new-zealand/canterbury/hinewai-falls-loop,All five fields sourced from retrieved AllTrails listing text (indexed content); retained,legacy tags; not reverified after route replacements,not checked,,,0
NZ076,Otira Valley Track,Canterbury,3.5405568000000005,AllTrails,168.85920000000002,AllTrails,,1.2,Moderate,Out & back,0.0,alpine/open,1.0,0.0,0.0,0.0,1.0,0.0,1.0,rocks/streams,https://www.alltrails.com/trail/new-zealand/west-coast/otira-valley-track,All five fields sourced from retrieved AllTrails listing text (indexed content); retained,legacy tags; not reverified after route replacements,not checked,,,0
NZ077,Ashley Gorge Loop and Waterfall Track,Canterbury,3.8624256,AllTrails,241.7064,AllTrails,,1.5166666666666666,Moderate,Loop,1.0,,0.0,0.0,1.0,0.0,1.0,0.0,1.0,,https://www.alltrails.com/trail/new-zealand/canterbury/ashley-gorge-loop-waterfall-track,All five fields sourced from retrieved AllTrails listing text (indexed content); retained,legacy tags; not reverified after route replacements,not checked,,,0
NZ078,Awaroa/Godley Head Loop Track,Canterbury,8.851392,AllTrails,288.9504,AllTrails,,2.5666666666666664,Moderate,Loop,0.0,No shade,0.0,0.0,0.0,1.0,0.0,0.0,1.0,coastal/exposed,https://www.alltrails.com/trail/new-zealand/canterbury/awaroa-godley-head-loop-track,All five fields sourced from retrieved AllTrails listing text (indexed content); retained,legacy tags; not reverified after route replacements,not checked,,,0
NZ079,Godley Head Out-and-Back from Taylors Mistake,Canterbury,8.368588800000001,AllTrails,208.788,AllTrails,,2.2,Moderate,Out & back,0.0,No shade,0.0,0.0,0.0,1.0,0.0,0.0,1.0,coastal/exposed,https://www.alltrails.com/trail/new-zealand/canterbury/godley-head-out-and-back-from-taylors-mistake,All five fields sourced from retrieved AllTrails listing text (indexed content); retained,legacy tags; not reverified after route replacements,not checked,,,0
NZ080,Tasman Glacier View Track,Canterbury,1.1265408,AllTrails,75.8952,AllTrails,,0.4666666666666667,Moderate,Out & back,0.0,exposed,1.0,1.0,0.0,0.0,0.0,1.0,1.0,stairs,https://www.alltrails.com/trail/new-zealand/canterbury/tasman-glacier-view-track,All five fields sourced from retrieved AllTrails listing text (indexed content); retained,legacy tags; not reverified after route replacements,not checked,,,0
NZ081,Sumner Beach Walk,Canterbury,2.0921472000000003,AllTrails,11.8872,AllTrails,,0.4166666666666667,Easy,Out & back,,No shade (AllTrails tag),,,,,1.0,,1.0,,https://www.alltrails.com/trail/new-zealand/canterbury/sumner-beach-walk,All five fields sourced from retrieved AllTrails listing text (indexed content); replaced,legacy tags; not reverified after route replacements,not checked,,,0
NZ082,Godley Head Walkway to Tunnel Track,Canterbury,1.2874752000000003,AllTrails,45.72,AllTrails,,0.4,Moderate,Out & back,,,,,,,,,,,https://www.alltrails.com/trail/new-zealand/canterbury/godley-head-walkway-to-tunnel-track,All five fields sourced from retrieved AllTrails listing text (indexed content); replaced,legacy tags; not reverified after route replacements,not checked,,,0
NZ083,Mount Herbert/Te Ahu Patiki via Kaituna Valley Packhorse Hut Track,Canterbury,21.726144,AllTrails,1166.7744,AllTrails,,7.883333333333333,Hard,Out & back,1.0,,,,,,,,1.0,,https://www.alltrails.com/trail/new-zealand/canterbury/mount-herbert-te-ahu-patiki-via-kaituna-valley-packhorse-hut-track,All five fields sourced from retrieved AllTrails listing text (indexed content); replaced,legacy tags; not reverified after route replacements,not checked,,,0
NZ084,Halfway Te Ara Trail Circle,Canterbury,9.3,AllTrails,134.0,AllTrails,,2–2.5,Moderate,Loop,1.0,,,,,,1.0,,1.0,,https://www.alltrails.com/trail/new-zealand/canterbury/halfway-te-ara-trail-circle,All five fields sourced from retrieved AllTrails listing text (indexed content); replaced,legacy tags; not reverified after route replacements,not checked,,,0
NZ085,Packhorse Hut via Mount Herbert Walkway,Canterbury,11.104473600000002,AllTrails,483.7176,AllTrails,,3.65,Moderate,Out & back,1.0,,1.0,0.0,0.0,0.0,0.0,0.0,1.0,mud/logging forest,https://www.alltrails.com/trail/new-zealand/canterbury/packhorse-hut-via-mount-herbert-walkway,All five fields sourced from retrieved AllTrails listing text (indexed content); retained,legacy tags; not reverified after route replacements,not checked,,,0
NZ086,Mount Victoria Loop,Wellington,4.828032,AllTrails,216.71280000000002,AllTrails,,1.6166666666666667,Moderate,Loop,1.0,,0.0,0.0,0.0,0.0,0.0,0.0,1.0,bush tracks,https://www.alltrails.com/trail/new-zealand/wellington/mount-victoria-loop,All five fields sourced from retrieved AllTrails listing text (indexed content); retained,legacy tags; not reverified after route replacements,not checked,,,0
NZ087,Mount Victoria Loop from Alexandra Road,Wellington,5.149900800000001,AllTrails,200.8632,AllTrails,,1.6,Moderate,Loop,,,,,,,,,,,https://www.alltrails.com/trail/new-zealand/wellington/matairangi-mount-victoria-loop,All five fields sourced from retrieved AllTrails listing text (indexed content); replaced,legacy tags; not reverified after route replacements,not checked,,,0
NZ088,"Wind Turbine, Te Kopahou, Red Rocks Loop",Wellington,14.8059648,AllTrails,721.7664000000001,AllTrails,,5.133333333333334,Hard,Loop,,,,,,,,,,,https://www.alltrails.com/trail/new-zealand/wellington/wind-turbine-te-kopahou-red-rocks-loop,All five fields sourced from retrieved AllTrails listing text (indexed content); replaced,legacy tags; not reverified after route replacements,not checked,,,0
NZ089,Queen Elizabeth Park Coastal Loop,Wellington,9.8169984,AllTrails,63.7032,AllTrails,,1.95,Easy,Loop,,,,,,,,,,,https://www.alltrails.com/trail/new-zealand/wellington/queen-elizabeth-park-coastal-loop,All five fields sourced from retrieved AllTrails listing text (indexed content); replaced,legacy tags; not reverified after route replacements,not checked,,,0
NZ090,Old Farm Te Ara o Whareroa Loop,Wellington,8.2076544,AllTrails,45.72,AllTrails,,1.6,Moderate,Loop,,,,,,,,,,,https://www.alltrails.com/trail/new-zealand/wellington/old-farm-te-ara-o-whareroa-loop,All five fields sourced from retrieved AllTrails listing text (indexed content); replaced,legacy tags; not reverified after route replacements,not checked,,,0
NZ091,Te Ahumairangi Northern Walkway and Ridgeline Loop,Wellington,5.632704,AllTrails,334.97520000000003,AllTrails,,2.15,Moderate,Loop,1.0,,0.0,0.0,0.0,0.0,0.0,0.0,1.0,,https://www.alltrails.com/trail/new-zealand/wellington/te-ahumairangi-northern-walkway-and-ridgeline-loop,All five fields sourced from retrieved AllTrails listing text (indexed content); retained,legacy tags; not reverified after route replacements,not checked,,,0
NZ092,Thorndon to Wadestown over Te Ahumairangi Hill,Wellington,6.9201792,AllTrails,403.86,AllTrails,,2.6333333333333333,Hard,Out & back,,,,,,,,,,,https://www.alltrails.com/trail/new-zealand/wellington/thorndon-to-wadestown-over-te-ahumairangi-hill,All five fields sourced from retrieved AllTrails listing text (indexed content); replaced,legacy tags; not reverified after route replacements,not checked,,,0
NZ093,Skyline Track: Makara Road to Johnsonville,Wellington,12.07008,AllTrails,463.90560000000005,AllTrails,,3.7666666666666666,Moderate,Point to point,0.0,ridge/exposed,1.0,0.0,0.0,0.0,0.0,0.0,1.0,ridgeline,https://www.alltrails.com/trail/new-zealand/wellington/skyline-track-makara-road-to-johnsonville,All five fields sourced from retrieved AllTrails listing text (indexed content); retained,legacy tags; not reverified after route replacements,not checked,,,0
NZ094,Colonial Knob Loop from Ohariu Valley,Wellington,13.679424000000001,AllTrails,461.77200000000005,AllTrails,,4.016666666666667,Moderate,Loop,,,,,,,,,,,https://www.alltrails.com/trail/new-zealand/wellington/colonial-knob-loop-from-ohariu-valley,All five fields sourced from retrieved AllTrails listing text (indexed content); replaced,legacy tags; not reverified after route replacements,not checked,,,0
NZ095,Korokoro Dam Loop,Wellington,2.5749504000000005,AllTrails,129.84480000000002,AllTrails,,0.9,Moderate,Loop,1.0,forest shade,0.0,0.0,1.0,0.0,1.0,0.0,1.0,formed bush track,https://www.alltrails.com/trail/new-zealand/wellington/korokoro-dam-loop,All five fields sourced from retrieved AllTrails listing text (indexed content); retained,legacy tags; not reverified after route replacements,not checked,,,0
NZ096,Totara Flats Hut Track,Wellington,9.3341952,AllTrails,337.71840000000003,AllTrails,,2.75,Hard,Point to point,1.0,open meadow sections,0.0,0.0,0.0,0.0,1.0,0.0,1.0,roots/mud/scramble,https://www.alltrails.com/trail/new-zealand/wellington/totara-flats-hut-track,All five fields sourced from retrieved AllTrails listing text (indexed content); retained,legacy tags; not reverified after route replacements,not checked,,,0
NZ097,Mount Kohukohunui from Upper Mangatawhiri Campground,Auckland,23.174553600000003,AllTrails,1278.9408,AllTrails,,9–9.5,Hard,Out & back,1.0,,,1.0,,,,,1.0,,https://www.alltrails.com/trail/new-zealand/auckland/kohukohunui-from-upper-mangatawhiri-campground,All five fields sourced from retrieved AllTrails listing text (indexed content); replaced,legacy tags; not reverified after route replacements,not checked,,,0
NZ098,"Slip, Pipeline, and Beveridge Track Loop",Auckland,6.1155072,AllTrails,209.7024,AllTrails,,1.8,Moderate,Loop,1.0,forest shade,0.0,0.0,0.0,0.0,0.0,0.0,1.0,bush/gravel road,https://www.alltrails.com/trail/new-zealand/auckland/slip-pipeline-and-beveridge-track-loop,All five fields sourced from retrieved AllTrails listing text (indexed content); retained,legacy tags; not reverified after route replacements,not checked,,,0
NZ099,"Te Araroa: Auckland, Coast To Coast Walkway",Auckland,16.2543744,AllTrails,385.8768,AllTrails,,4.216666666666667,Hard,Point to point,0.0,mixed urban/open,0.0,0.0,0.0,1.0,0.0,0.0,1.0,urban/shared path,https://www.alltrails.com/trail/new-zealand/auckland/te-araroa-auckland-coast-to-coast-walkway,All five fields sourced from retrieved AllTrails listing text (indexed content); renamed,legacy tags; not reverified after route replacements,not checked,,,0
NZ100,Henderson Loop Path,Auckland,4.6670976,AllTrails,98.7552,AllTrails,,1.15,Easy,Loop,,,,,,,,,,,https://www.alltrails.com/trail/new-zealand/auckland/henderson-loop-path,All five fields sourced from retrieved AllTrails listing text (indexed content); replaced,legacy tags; not reverified after route replacements,not checked,,,0
NZ101,Kerikeri River Track,Northland,8.5295232,AllTrails,182.88,AllTrails,,2.1333333333333333,Easy,Out & back,,,,,,,,,,,https://www.alltrails.com/trail/new-zealand/northland/kerikeri-river-track,All five fields sourced from retrieved AllTrails listing text (indexed content); replaced,legacy tags; not reverified after route replacements,not checked,,,0
NZ102,Wairakau Stream Track to Lane Cove Hut,Northland,9.977932800000001,AllTrails,399.8976,AllTrails,,3.1333333333333333,Hard,Out & back,1.0,,,,,,1.0,,1.0,,https://www.alltrails.com/trail/new-zealand/northland/wairakau-stream-track-to-lane-cove-hut,All five fields sourced from retrieved AllTrails listing text (indexed content); replaced,legacy tags; not reverified after route replacements,not checked,,,0
NZ103,Mangonui to Taumarumaru Scenic Reserve,Northland,7.4029824,AllTrails,205.74,AllTrails,,2,Moderate,Point to point,,,,,,,,,,,https://www.alltrails.com/trail/new-zealand/northland/mangonui-to-taumarumaru-scenic-reserve,All five fields sourced from retrieved AllTrails listing text (indexed content); replaced,legacy tags; not reverified after route replacements,not checked,,,0
NZ104,Mount Parihaka via Hokianga Track,Northland,4.02336,AllTrails,345.94800000000004,AllTrails,,1.9166666666666665,Moderate,Out & back,1.0,,,,,,1.0,,1.0,,https://www.alltrails.com/trail/new-zealand/northland/mount-parihaka-via-hokianga-track,All five fields sourced from retrieved AllTrails listing text (indexed content); replaced,legacy tags; not reverified after route replacements,not checked,,,0
NZ105,Whangarei Heads Loop,Northland,5.149900800000001,AllTrails,129.84480000000002,AllTrails,,1.3666666666666667,Easy,Loop,,,,,,,,,,,https://www.alltrails.com/trail/new-zealand/northland/whangarei-heads-loop,All five fields sourced from retrieved AllTrails listing text (indexed content); replaced,legacy tags; not reverified after route replacements,not checked,,,0
NZ106,Herekino Forest Track,Northland,10.299801600000002,AllTrails,510.8448,AllTrails,,3.3833333333333333,Moderate,Point to point,1.0,Dense native forest; mostly shaded,0.0,0.0,0.0,0.0,1.0,0.0,1.0,Steep forest track through broadleaf/podocarp forest and mature kauri; current closure noted by AllTrails,https://www.alltrails.com/trail/new-zealand/northland/herekino-forest-track,All five fields sourced from retrieved AllTrails listing text (indexed content); retained; listing marked closed,legacy tags; not reverified after route replacements,previously marked closed,,,0
NZ107,Rangitoto Island Summit Track,Auckland,5.632704,AllTrails,242.9256,AllTrails,260.0,1.8333333333333335,Moderate,Out & back,1.0,Pohutukawa forest but lava fields and upper track have little shade,1.0,0.0,0.0,1.0,0.0,0.0,1.0,"Volcanic lava fields, forest and rough gravel climb to summit lookout",https://www.alltrails.com/trail/new-zealand/auckland/rangitoto-island-summit-track,All five fields sourced from retrieved AllTrails listing text (indexed content); renamed,legacy tags; not reverified after route replacements,not checked,,,0
NZ108,Dome Forest Carpark to Top of The Dome Viewpoint,Auckland,2.2530816,AllTrails,120.7008,AllTrails,,0.8166666666666667,Moderate,Out & back,1.0,Dense podocarp/broadleaf forest; shaded,0.0,0.0,0.0,0.0,0.0,0.0,1.0,Short steep stepped forest track to lookout over Mahurangi and Hauraki Gulf,https://www.alltrails.com/trail/new-zealand/auckland/dome-forest-carpark-to-top-of-the-dome-viewpoint,All five fields sourced from retrieved AllTrails listing text (indexed content); renamed,legacy tags; not reverified after route replacements,not checked,,,0
NZ109,Blue Spring via Te Waihou Walkway from Whites Road,Waikato,8.2076544,AllTrails,161.8488,AllTrails,,2.0166666666666666,Moderate,Out & back,1.0,,,,,,1.0,,,,https://www.alltrails.com/trail/new-zealand/waikato/blue-spring-via-te-waihou-walkway-from-whites-road,All five fields sourced from retrieved AllTrails listing text (indexed content); replaced,legacy tags; not reverified after route replacements,not checked,,,0
NZ110,Mount Ngongotaha Track,Bay of Plenty,6.9201792,AllTrails,427.9392,AllTrails,757.0,2.7,Hard,Out & back,1.0,Native forest provides substantial shade,1.0,0.0,0.0,0.0,0.0,0.0,1.0,Moderately steep forest ascent to Mt Ngongotaha summit; roots and formed trail,https://www.alltrails.com/trail/new-zealand/bay-of-plenty/mount-ngongotaha-track,All five fields sourced from retrieved AllTrails listing text (indexed content); renamed,legacy tags; not reverified after route replacements,not checked,,,0
NZ111,Blue Spring from Leslie Road Trailhead via Te Waihou Walkway,Waikato,2.7358848,AllTrails,63.7032,AllTrails,,0.7,Easy,Out & back,,,,,,,,,,,https://www.alltrails.com/trail/new-zealand/waikato/blue-spring-from-leslie-road-trailhead-via-te-waihou-walkway,All five fields sourced from retrieved AllTrails listing text (indexed content); replaced,legacy tags; not reverified after route replacements,not checked,,,0
NZ112,Sunrise Track from Top Flat,Bay of Plenty,0.9656064,AllTrails,25.908,AllTrails,,0.26666666666666666,Moderate,Loop,1.0,,,,,,1.0,,1.0,,https://www.alltrails.com/trail/new-zealand/bay-of-plenty/sunrise-track-from-top-flat,All five fields sourced from retrieved AllTrails listing text (indexed content); replaced,legacy tags; not reverified after route replacements,not checked,,,0
NZ113,Moturiki Island,Bay of Plenty,1.1265408,AllTrails,17.9832,AllTrails,,0.26666666666666666,Easy,Out & back,,,,,,,,,,,https://www.alltrails.com/trail/new-zealand/bay-of-plenty/moturiki-island,All five fields sourced from retrieved AllTrails listing text (indexed content); replaced,legacy tags; not reverified after route replacements,not checked,,,0
NZ114,Waihī Beach Trig & Forest Loop,Bay of Plenty,6.5983104,AllTrails,233.78160000000003,AllTrails,,1.9666666666666668,Moderate,Loop,1.0,,,1.0,,,1.0,,1.0,,https://www.alltrails.com/trail/new-zealand/bay-of-plenty/waihi-beach-trig-forest-loop,All five fields sourced from retrieved AllTrails listing text (indexed content); replaced,legacy tags; not reverified after route replacements,not checked,,,0
NZ115,Blue Lake Track,Otago,4.02336,AllTrails,101.8032,AllTrails,,1–1.5,Easy,Loop,1.0,,,1.0,,,,,1.0,,https://www.alltrails.com/trail/new-zealand/otago/around-blue-lake-track,All five fields sourced from retrieved AllTrails listing text (indexed content); replaced,legacy tags; not reverified after route replacements,not checked,,,0
NZ116,Te Kere Haka Track,Otago,3.7014912,AllTrails,101.8032,AllTrails,,1,Easy,Out & back,,,,,,,,,,,https://www.alltrails.com/trail/new-zealand/southland/te-kere-haka-track,All five fields sourced from retrieved AllTrails listing text (indexed content); replaced,legacy tags; not reverified after route replacements,not checked,,,0
NZ117,Picnic Point via Bobs Cove Track,Otago,3.5405568000000005,AllTrails,139.9032,AllTrails,,1.15,Moderate,Out & back,,,,,,,,,,,https://www.alltrails.com/trail/new-zealand/otago/picnic-point-via-bobs-cove-track,All five fields sourced from retrieved AllTrails listing text (indexed content); replaced,legacy tags; not reverified after route replacements,not checked,,,0
NZ118,Devils Creek Track,Otago,12.391948800000002,AllTrails,740.9688,AllTrails,,5.183333333333334,Hard,Point to point,,,,,,,,,,,https://www.alltrails.com/trail/new-zealand/otago/devils-creek-track,All five fields sourced from retrieved AllTrails listing text (indexed content); replaced,legacy tags; not reverified after route replacements,not checked,,,0
NZ119,Goldies Bush and Mokoroa Falls Loop,Auckland,8.368588800000001,AllTrails,332.8416,AllTrails,,2.6333333333333333,Moderate,Loop,1.0,,,,1.0,,1.0,,1.0,,https://www.alltrails.com/trail/new-zealand/auckland/goldies-bush-and-mokoroa-falls-loop,All five fields sourced from retrieved AllTrails listing text (indexed content); replaced; listing marked closed,legacy tags; not reverified after route replacements,previously marked closed,,,0
NZ120,Burnside Park Loop,Canterbury,2.2530816,AllTrails,24.9936,AllTrails,,0.48333333333333334,Easy,Loop,,,,,,,,,,,https://www.alltrails.com/trail/new-zealand/canterbury/burnside-park-loop,All five fields sourced from retrieved AllTrails listing text (indexed content); replaced,legacy tags; not reverified after route replacements,not checked,,,0
NZ121,Conical Hill Loop Track,Canterbury,2.7358848,AllTrails,169.77360000000002,AllTrails,,1.0666666666666667,Moderate,Loop,0.0,Sub-alpine route; little shade,1.0,0.0,0.0,0.0,0.0,0.0,1.0,Steep rocky exposed sub-alpine route; shortest approach to Mt Isobel summit,https://www.alltrails.com/trail/new-zealand/canterbury/conical-hill-loop-trail,All five fields sourced from retrieved AllTrails listing text (indexed content); renamed,legacy tags; not reverified after route replacements,not checked,,,0
NZ122,South Temple Valley Track,Canterbury,14.6450304,AllTrails,319.7352,AllTrails,,3.6833333333333336,Moderate,Out & back,1.0,,,,,,,,,,https://www.alltrails.com/trail/new-zealand/canterbury/south-temple-valley-track,All five fields sourced from retrieved AllTrails listing text (indexed content); replaced,legacy tags; not reverified after route replacements,not checked,,,0
NZ123,Camp Stream Hut,Canterbury,16.898112,AllTrails,726.9480000000001,AllTrails,,5.516666666666667,Hard,Out & back,0.0,Open alpine/high-country; little shade,1.0,1.0,0.0,0.0,1.0,0.0,1.0,Steep Te Araroa section to hut with Lake Tekapo views and river crossings,https://www.alltrails.com/trail/new-zealand/canterbury/camp-stream-hut,All five fields sourced from retrieved AllTrails listing text (indexed content); renamed,legacy tags; not reverified after route replacements,not checked,,,0
NZ124,Travers-Sabine Circuit: Sabine Hut to Speargrass Hut,Nelson-Tasman,11.4263424,AllTrails,798.8808,AllTrails,,3.75,Hard,Point to point,1.0,,,1.0,,,,,1.0,,https://www.alltrails.com/trail/new-zealand/nelson-tasman/travers-sabine-circuit-sabine-hut-to-speargrass-hut,All five fields sourced from retrieved AllTrails listing text (indexed content); replaced,legacy tags; not reverified after route replacements,not checked,,,0
NZ125,Cable Bay Walkway,Nelson-Tasman,14.162227200000002,AllTrails,927.8112000000001,AllTrails,,5.733333333333333,Hard,Out & back,1.0,Mixed open farmland/coast and native forest; shade varies,1.0,0.0,0.0,1.0,0.0,0.0,1.0,Steep coastal walkway through farmland and native forest with broad Tasman Bay views,https://www.alltrails.com/trail/new-zealand/tasman/cable-bay-walkway,All five fields sourced from retrieved AllTrails listing text (indexed content); retained,legacy tags; not reverified after route replacements,not checked,,,0
NZ126,Hakarimata Summit Track,Waikato,3.8624256,AllTrails,351.73920000000004,AllTrails,374.0,1.9,Hard,Out & back,1.0,Native forest; shaded except summit tower,1.0,0.0,0.0,0.0,0.0,0.0,1.0,"Well-formed but very steep stepped forest track; 1,349 steps",https://www.alltrails.com/trail/new-zealand/waikato/hakarimata-summit-track,All five fields sourced from retrieved AllTrails listing text (indexed content); retained,legacy tags; not reverified after route replacements,not checked,,,0
NZ127,Square Kauri Tree Walk,Waikato,0.16093440000000003,AllTrails,40.8432,AllTrails,,0.13333333333333333,Moderate,Out & back,1.0,,,,,,,,1.0,,https://www.alltrails.com/trail/new-zealand/waikato/square-kauri-tree-walk,All five fields sourced from retrieved AllTrails listing text (indexed content); replaced,legacy tags; not reverified after route replacements,not checked,,,0
NZ128,Crosbies Hut via Waiotahi Track,Waikato,14.0012928,AllTrails,834.8472,AllTrails,,4.45,Hard,Point to point,1.0,,,,,,,,1.0,,https://www.alltrails.com/trail/new-zealand/waikato/crosbies-hut-via-waiotahi-track,All five fields sourced from retrieved AllTrails listing text (indexed content); replaced,legacy tags; not reverified after route replacements,not checked,,,0
NZ129,Whitianga Coast Track,Waikato,8.851392,AllTrails,202.9968,AllTrails,,2.25,Moderate,Out & back,,,,,,,1.0,,1.0,,https://www.alltrails.com/trail/new-zealand/waikato/whitianga-coast-track,All five fields sourced from retrieved AllTrails listing text (indexed content); replaced,legacy tags; not reverified after route replacements,not checked,,,0
NZ130,Waiau Kauri Grove Track,Waikato,0.9656064,AllTrails,19.812,AllTrails,,0.5–1,Easy,Out & back,1.0,,,,,,,,,,https://www.alltrails.com/trail/new-zealand/waikato/waiau-kauri-grove-track,All five fields sourced from retrieved AllTrails listing text (indexed content); replaced,legacy tags; not reverified after route replacements,not checked,,,0
NZ131,Ruapuke Beach Loop Walk,Waikato,3.3796224000000006,AllTrails,114.90960000000001,AllTrails,,1,Easy,Loop,,,,,,,,,,,https://www.alltrails.com/trail/new-zealand/waikato/ruapuke-beach-loop-walk,All five fields sourced from retrieved AllTrails listing text (indexed content); replaced,legacy tags; not reverified after route replacements,not checked,,,0
NZ132,Ngarunui Track,Waikato,1.609344,AllTrails,71.9328,AllTrails,,0.5333333333333333,Moderate,Out & back,,,,,,,,,,,https://www.alltrails.com/trail/new-zealand/waikato/ngarunui-track--2,All five fields sourced from retrieved AllTrails listing text (indexed content); replaced,legacy tags; not reverified after route replacements,not checked,,,0
NZ133,Wairoa Dam Lookout Loop,Auckland,7.563916800000001,AllTrails,378.8664,AllTrails,,2.6666666666666665,Moderate,Loop,,,,,,,,,,,https://www.alltrails.com/trail/new-zealand/auckland/wairoa-dam-lookout-loop,All five fields sourced from retrieved AllTrails listing text (indexed content); replaced,legacy tags; not reverified after route replacements,not checked,,,0
NZ134,Pipeline Loop Track,Otago,6.5983104,AllTrails,303.8856,AllTrails,,2.216666666666667,Moderate,Loop,,,,,,,,,,,https://www.alltrails.com/trail/new-zealand/otago/pipeline-loop-track,All five fields sourced from retrieved AllTrails listing text (indexed content); replaced,legacy tags; not reverified after route replacements,not checked,,,0
NZ135,45 Parallel Track,Otago,2.414016,AllTrails,112.77600000000001,AllTrails,,0.5–1,Moderate,Loop,,,,1.0,,,,,1.0,,https://www.alltrails.com/trail/new-zealand/otago/45-parallel-track,All five fields sourced from retrieved AllTrails listing text (indexed content); replaced,legacy tags; not reverified after route replacements,not checked,,,0
NZ136,Bennetts Bluff View Point Walk,Otago,0.6437376000000001,AllTrails,16.764,AllTrails,,0.16666666666666666,Easy,Out & back,,,,1.0,,,,,1.0,,https://www.alltrails.com/trail/new-zealand/otago/bennetts-bluff-view-point-walk,All five fields sourced from retrieved AllTrails listing text (indexed content); replaced,legacy tags; not reverified after route replacements,not checked,,,0
NZ137,Top Robinson Hut to Lake Christabel Hut,West Coast,10.1388672,AllTrails,733.9584,AllTrails,,4.383333333333334,Hard,Point to point,,,,,,,,,,,https://www.alltrails.com/trail/new-zealand/west-coast/top-robinson-hut-to-lake-christabel-hut,All five fields sourced from retrieved AllTrails listing text (indexed content); replaced,legacy tags; not reverified after route replacements,not checked,,,0
NZ138,Amberley Beach Walk,Canterbury,5.954572800000001,AllTrails,67.9704,AllTrails,,1.2833333333333332,Easy,Out & back,1.0,,,1.0,,,1.0,,,,https://www.alltrails.com/trail/new-zealand/canterbury/amberley-beach-walk,All five fields sourced from retrieved AllTrails listing text (indexed content); replaced,legacy tags; not reverified after route replacements,not checked,,,0
NZ139,Rotopounamu Track,Waikato,5.793638400000001,AllTrails,190.8048,AllTrails,,1.6833333333333333,Easy,Loop,1.0,Mature native forest; heavily shaded,0.0,1.0,0.0,0.0,0.0,0.0,1.0,Forest loop around volcanic lake with beach access,https://www.alltrails.com/trail/new-zealand/waikato/rotopounamu-track,All five fields sourced from retrieved AllTrails listing text (indexed content); renamed,legacy tags; not reverified after route replacements,not checked,,,0
NZ140,Silica Rapids Loop Walk,Manawatū-Whanganui,6.759244800000001,AllTrails,205.74,AllTrails,,1.9,Moderate,Loop,1.0,,,,,,1.0,,1.0,,https://www.alltrails.com/trail/new-zealand/manawatu-wanganui/silica-rapids-loop-walk,All five fields sourced from retrieved AllTrails listing text (indexed content); replaced,legacy tags; not reverified after route replacements,not checked,,,0
NZ141,Tukino Skifield 4WD Track,Manawatū-Whanganui,26.0713728,AllTrails,683.9712000000001,AllTrails,,6.966666666666667,Hard,Out & back,,No shade (AllTrails tag),,,,,,,1.0,,https://www.alltrails.com/trail/new-zealand/manawatu-wanganui/tukino-skifield-4wd-track,All five fields sourced from retrieved AllTrails listing text (indexed content); replaced,legacy tags; not reverified after route replacements,not checked,,,0
NZ142,Matiri Valley Track (McConchies Hut to Hurricane Hut),Nelson-Tasman,12.5528832,AllTrails,720.8520000000001,AllTrails,,4.116666666666666,Moderate,Point to point,1.0,,,1.0,,,1.0,,1.0,,https://www.alltrails.com/trail/new-zealand/nelson-tasman/matiri-valley-track-mcconchies-hut-to-hurricane-hut,All five fields sourced from retrieved AllTrails listing text (indexed content); replaced,legacy tags; not reverified after route replacements,not checked,,,0
NZ143,Travers-Sabine Circuit,Nelson-Tasman,77.8922496,AllTrails,3104.9976,AllTrails,1787.0,24.566666666666666,Hard,Loop,1.0,Beech forest and exposed alpine pass,1.0,1.0,0.0,0.0,1.0,0.0,1.0,Multi-day alpine circuit through Travers and Sabine valleys,https://www.alltrails.com/trail/new-zealand/tasman/travers-sabine-circuit,All five fields sourced from retrieved AllTrails listing text (indexed content); retained,legacy tags; not reverified after route replacements,not checked,,,0
NZ144,Mount Robert Circuit,Nelson-Tasman,8.5295232,AllTrails,635.8128,AllTrails,1421.0,3.7333333333333334,Hard,Loop,1.0,Beech forest lower slopes; exposed ridge,1.0,1.0,0.0,0.0,0.0,0.0,1.0,Steep zig-zag ascent to alpine ridge and lake views,https://www.alltrails.com/trail/new-zealand/nelson-tasman/mount-robert-circuit,All five fields sourced from retrieved AllTrails listing text (indexed content); retained,legacy tags; not reverified after route replacements,not checked,,,0
NZ145,Cable Bay Walkway to Sentinel Lookout,Nelson-Tasman,1.9312128,AllTrails,227.99040000000002,AllTrails,,1.1333333333333333,Moderate,Out & back,,,,,,,,,1.0,,https://www.alltrails.com/trail/new-zealand/nelson-tasman/cable-bay-walkway-to-sentinel-lookout,All five fields sourced from retrieved AllTrails listing text (indexed content); replaced,legacy tags; not reverified after route replacements,not checked,,,0
NZ146,Sir Stanley Whitehead Walkway,Nelson-Tasman,4.5061632,AllTrails,239.8776,AllTrails,,1.6166666666666667,Moderate,Out & back,,,,,,,,,1.0,,https://www.alltrails.com/trail/new-zealand/nelson-tasman/sir-stanley-whitehead-walkway,All five fields sourced from retrieved AllTrails listing text (indexed content); replaced,legacy tags; not reverified after route replacements,not checked,,,0
NZ147,Railway Reserve Pathway,Nelson-Tasman,8.368588800000001,AllTrails,118.872,AllTrails,,1.8833333333333333,Moderate,Point to point,,,,,,,,,,,https://www.alltrails.com/trail/new-zealand/nelson-tasman/railway-reserve-pathway,All five fields sourced from retrieved AllTrails listing text (indexed content); replaced,legacy tags; not reverified after route replacements,not checked,,,0
NZ148,Tahunanui Beach Walk,Nelson-Tasman,3.5405568000000005,AllTrails,33.8328,AllTrails,,0.7333333333333333,Easy,Out & back,,,,,,,,,,,https://www.alltrails.com/trail/new-zealand/nelson-tasman/tahunanui-beach-walk,All five fields sourced from retrieved AllTrails listing text (indexed content); replaced,legacy tags; not reverified after route replacements,not checked,,,0
NZ149,Atawhai Shared Path to Nelson Airport,Nelson-Tasman,12.391948800000002,AllTrails,104.8512,AllTrails,,2.533333333333333,Moderate,Point to point,,,,,,,,,,,https://www.alltrails.com/trail/new-zealand/nelson-tasman/atawhai-shared-path-to-nelson-airport,All five fields sourced from retrieved AllTrails listing text (indexed content); replaced,legacy tags; not reverified after route replacements,not checked,,,0
NZ150,Nydia Campsite via Nydia Track,Marlborough,9.495129600000002,AllTrails,407.8224,AllTrails,,3.1,Hard,Point to point,1.0,,,,,,,,1.0,,https://www.alltrails.com/trail/new-zealand/marlborough/nydia-campsite-via-nydia-track,All five fields sourced from retrieved AllTrails listing text (indexed content); replaced,legacy tags; not reverified after route replacements,not checked,,,0
NZ151,Queen Charlotte Track: Ship Cove to Resolution Bay,Marlborough,5.632704,AllTrails,299.9232,AllTrails,,2.033333333333333,Moderate,Point to point,1.0,,,,,,,,1.0,,https://www.alltrails.com/trail/new-zealand/marlborough/queen-charlotte-track-ship-cove-to-resolution-bay,All five fields sourced from retrieved AllTrails listing text (indexed content); replaced,legacy tags; not reverified after route replacements,not checked,,,0
NZ152,Ship Cove to Furneaux Lodge via Queen Charlotte Track,Marlborough,16.2543744,AllTrails,621.792,AllTrails,,5.033333333333333,Moderate,Point to point,1.0,,,,,,,,1.0,,https://www.alltrails.com/trail/new-zealand/marlborough/ship-cove-to-furneaux-lodge-via-queen-charlotte-track,All five fields sourced from retrieved AllTrails listing text (indexed content); replaced,legacy tags; not reverified after route replacements,not checked,,,0
NZ153,Lake Matheson Jetty Lookout Walk,West Coast,2.414016,AllTrails,54.864000000000004,AllTrails,,0.6166666666666667,Easy,Out & back,1.0,,,1.0,,,1.0,,1.0,,https://www.alltrails.com/trail/new-zealand/west-coast/lake-matheson-jetty-lookout-walk,All five fields sourced from retrieved AllTrails listing text (indexed content); replaced,legacy tags; not reverified after route replacements,not checked,,,0
NZ154,Peter's Pool Walk,West Coast,1.1265408,AllTrails,12.8016,AllTrails,,0.25,Easy,Out & back,,,,,,,,,,,https://www.alltrails.com/trail/new-zealand/west-coast/peter-s-pool-walk,All five fields sourced from retrieved AllTrails listing text (indexed content); replaced,legacy tags; not reverified after route replacements,not checked,,,0
NZ155,Hokitika Gorge Walk,West Coast,2.0921472000000003,AllTrails,69.7992,AllTrails,,0.6166666666666667,Easy,Loop,1.0,Native forest; shaded,0.0,0.0,0.0,0.0,1.0,0.0,1.0,Formed forest walk and swing bridges above turquoise Hokitika River,https://www.alltrails.com/trail/new-zealand/west-coast/hokitika-gorge-walk,All five fields sourced from retrieved AllTrails listing text (indexed content); retained,legacy tags; not reverified after route replacements,not checked,,,0
NZ156,Sentinel Rock Trail,West Coast,5.3108352,AllTrails,132.8928,AllTrails,,1.4,Easy,Out & back,,,,,,,,,,,https://www.alltrails.com/trail/new-zealand/west-coast/sentinel-rock-trail,All five fields sourced from retrieved AllTrails listing text (indexed content); replaced,legacy tags; not reverified after route replacements,not checked,,,0
NZ157,Terrace Walk,West Coast,0.9656064,AllTrails,15.8496,AllTrails,,0.21666666666666667,Easy,Out & back,,,,,,,,,,,https://www.alltrails.com/trail/new-zealand/west-coast/terrace-walk,All five fields sourced from retrieved AllTrails listing text (indexed content); replaced,legacy tags; not reverified after route replacements,not checked,,,0
NZ158,Swimmers Beach Walk,West Coast,1.7702784000000003,AllTrails,26.822400000000002,AllTrails,,0.4166666666666667,Easy,Out & back,,,,,,,,,,,https://www.alltrails.com/trail/new-zealand/west-coast/swimmers-beach-walk,All five fields sourced from retrieved AllTrails listing text (indexed content); replaced,legacy tags; not reverified after route replacements,not checked,,,0
NZ159,Gerhardt Spur Track to Jumble Top via Gerhardt Spur Bivouac,West Coast,20.921472,AllTrails,1776.9840000000002,AllTrails,,9.916666666666666,Hard,Out & back,1.0,No shade (AllTrails tag),,,,,1.0,,1.0,,https://www.alltrails.com/trail/new-zealand/west-coast/gerhardt-spur-track-to-jumble-top-via-gerhardt-spur-bivouac,All five fields sourced from retrieved AllTrails listing text (indexed content); replaced,legacy tags; not reverified after route replacements,not checked,,,0
NZ160,Dorothy Falls,West Coast,0.804672,AllTrails,11.8872,AllTrails,,0.2,Easy,Out & back,,,,,,,,,,,https://www.alltrails.com/trail/new-zealand/west-coast/dorothy-falls,All five fields sourced from retrieved AllTrails listing text (indexed content); replaced,legacy tags; not reverified after route replacements,not checked,,,0
NZ161,Punakaiki Loop,West Coast,16.898112,AllTrails,414.8328,AllTrails,,4.416666666666667,Moderate,Loop,,,,,,,,,,,https://www.alltrails.com/trail/new-zealand/west-coast/punakaiki-loop,All five fields sourced from retrieved AllTrails listing text (indexed content); replaced,legacy tags; not reverified after route replacements,not checked,,,0
NZ162,Wharekai-Te Kou Walk,West Coast,1.609344,AllTrails,27.736800000000002,AllTrails,,0.38333333333333336,Easy,Out & back,,,,,,,,,,,https://www.alltrails.com/trail/new-zealand/west-coast/wharekai-te-kou-walk,All five fields sourced from retrieved AllTrails listing text (indexed content); replaced,legacy tags; not reverified after route replacements,not checked,,,0
NZ163,Punakaiki Pancake Rocks and Blowholes Loop,West Coast,0.9656064,AllTrails,9.7536,AllTrails,,0.2,Easy,Loop,,,,,,,,,1.0,,https://www.alltrails.com/trail/new-zealand/west-coast/punakaiki-pancake-rocks-and-blowholes-loop,All five fields sourced from retrieved AllTrails listing text (indexed content); replaced,legacy tags; not reverified after route replacements,not checked,,,0
NZ164,Bruce Bay Beach Walk,West Coast,4.02336,AllTrails,53.949600000000004,AllTrails,,0.9,Moderate,Out & back,1.0,,,,,,,,1.0,,https://www.alltrails.com/trail/new-zealand/west-coast/bruce-bay-beach-walk,All five fields sourced from retrieved AllTrails listing text (indexed content); replaced,legacy tags; not reverified after route replacements,not checked,,,0
NZ165,Copland Track to Architect Creek Hut,West Coast,20.4386688,AllTrails,517.8552000000001,AllTrails,,5.4,Hard,Out & back,1.0,,,,,,1.0,,1.0,,https://www.alltrails.com/trail/new-zealand/west-coast/copland-track-to-architect-creek-hut,All five fields sourced from retrieved AllTrails listing text (indexed content); replaced,legacy tags; not reverified after route replacements,not checked,,,0
NZ166,Lake Howden via Routeburn Track,Otago,6.5983104,AllTrails,371.856,AllTrails,,2.45,Moderate,Out & back,,,,,,,,,,,https://www.alltrails.com/trail/new-zealand/otago/lake-howden-via-routeburn-track,All five fields sourced from retrieved AllTrails listing text (indexed content); replaced,legacy tags; not reverified after route replacements,not checked,,,0
NZ167,Hawea River Track,Otago,20.2777344,AllTrails,307.848,AllTrails,,4.633333333333333,Moderate,Out & back,0.0,Open riverside; limited shade,1.0,0.0,0.0,0.0,1.0,0.0,0.0,Gentle riverside trail linking Albert Town and Lake Hāwea,https://www.alltrails.com/trail/new-zealand/otago/hawea-river-track,All five fields sourced from retrieved AllTrails listing text (indexed content); retained,legacy tags; not reverified after route replacements,not checked,,,0
NZ168,The Outlet Track,Otago,12.07008,AllTrails,216.71280000000002,AllTrails,,2.8666666666666667,Moderate,Point to point,1.0,Riverside vegetation provides summer shade,0.0,0.0,0.0,0.0,1.0,0.0,0.0,Picturesque shared-use path along Clutha River/Mata-Au,https://www.alltrails.com/trail/new-zealand/otago/the-outlet-track,All five fields sourced from retrieved AllTrails listing text (indexed content); renamed,legacy tags; not reverified after route replacements,not checked,,,0
NZ169,Mount Iron from Wanaka Luggate Highway Carpark,Otago,3.8624256,AllTrails,222.80880000000002,AllTrails,,1.45,Moderate,Out & back,,No shade (AllTrails tag),,,,,,,1.0,,https://www.alltrails.com/trail/new-zealand/otago/mount-iron-from-wanaka-luggate-highway-carpark,All five fields sourced from retrieved AllTrails listing text (indexed content); replaced,legacy tags; not reverified after route replacements,not checked,,,0
NZ170,Mount Iron from Hidden Hills,Otago,3.0577536,AllTrails,170.99280000000002,AllTrails,,1.1333333333333333,Moderate,Out & back,,,,,,,,,1.0,,https://www.alltrails.com/trail/new-zealand/otago/mount-iron-from-hidden-hills,All five fields sourced from retrieved AllTrails listing text (indexed content); replaced,legacy tags; not reverified after route replacements,not checked,,,0
NZ171,Mount Judah Track,Otago,16.2543744,AllTrails,976.884,AllTrails,,6.283333333333333,Hard,Loop,,,,,,,,,,,https://www.alltrails.com/trail/new-zealand/otago/mount-judah-track,All five fields sourced from retrieved AllTrails listing text (indexed content); replaced,legacy tags; not reverified after route replacements,not checked,,,0
NZ172,Luggate Creek Track,Otago,1.9312128,AllTrails,34.7472,AllTrails,,0.4666666666666667,Easy,Out & back,,,,,,,,,,,https://www.alltrails.com/trail/new-zealand/otago/luggate-creek-track,All five fields sourced from retrieved AllTrails listing text (indexed content); replaced,legacy tags; not reverified after route replacements,not checked,,,0
NZ173,Lake Gunn Nature Walk,Otago,1.4484096000000002,AllTrails,23.7744,AllTrails,,0.3333333333333333,Easy,Loop,1.0,Mature beech forest; shaded,0.0,1.0,0.0,0.0,0.0,0.0,0.0,Easy forest loop beside Lake Gunn,https://www.alltrails.com/trail/new-zealand/southland/lake-gunn-nature-walk,All five fields sourced from retrieved AllTrails listing text (indexed content); retained,legacy tags; not reverified after route replacements,not checked,,,0
NZ174,Bowen Bush Walk,Canterbury,0.16093440000000003,AllTrails,0.9144000000000001,AllTrails,,0.03333333333333333,Easy,Loop,1.0,,,,,,,,,,https://www.alltrails.com/trail/new-zealand/canterbury/bowen-bush-walk,All five fields sourced from retrieved AllTrails listing text (indexed content); replaced,legacy tags; not reverified after route replacements,not checked,,,0
NZ175,Prebbleton Nature Park Walk,Canterbury,0.9656064,AllTrails,16.764,AllTrails,,0.5–1,Easy,Loop,,,,,,,,,1.0,,https://www.alltrails.com/trail/new-zealand/canterbury/prebbleton-nature-park-walk,All five fields sourced from retrieved AllTrails listing text (indexed content); replaced,legacy tags; not reverified after route replacements,not checked,,,0
NZ176,Arataki Nature Trail,Auckland,1.9312128,AllTrails,70.7136,AllTrails,,0.6,Easy,Loop,1.0,,,,,,,,1.0,,https://www.alltrails.com/trail/new-zealand/auckland/arataki-nature-trail,All five fields sourced from retrieved AllTrails listing text (indexed content); replaced,legacy tags; not reverified after route replacements,not checked,,,0
NZ177,Kitekite Falls via Winston Track,Auckland,3.0577536,AllTrails,173.73600000000002,AllTrails,,1.15,Moderate,Out & back,1.0,,,,1.0,,1.0,,1.0,,https://www.alltrails.com/trail/new-zealand/auckland/kitekite-falls-via-winston-track,All five fields sourced from retrieved AllTrails listing text (indexed content); replaced,legacy tags; not reverified after route replacements,not checked,,,0
NZ178,"Exhibition Drive, Pipeline Road, Slip, Beveridge Tracks Loop.",Auckland,12.874752,AllTrails,366.9792,AllTrails,,3.533333333333333,Moderate,Loop,1.0,,,1.0,,,,,1.0,,https://www.alltrails.com/trail/new-zealand/auckland/exhibition-drive-pipeline-road-slip-beveridge-tracks-loop,All five fields sourced from retrieved AllTrails listing text (indexed content); replaced,legacy tags; not reverified after route replacements,not checked,,,0
NZ179,Karekare Falls Walk,Auckland,0.6437376000000001,AllTrails,7.9248,AllTrails,,0.13333333333333333,Easy,Out & back,1.0,,,1.0,1.0,,1.0,,1.0,,https://www.alltrails.com/trail/new-zealand/auckland/karekare-falls-walk,All five fields sourced from retrieved AllTrails listing text (indexed content); replaced,legacy tags; not reverified after route replacements,not checked,,,0
NZ180,"Islington Bay Road, Summit Road, and Summit Track Loop",Auckland,9.977932800000001,AllTrails,336.80400000000003,AllTrails,,2.9333333333333336,Moderate,Loop,,,,,,,,,,,https://www.alltrails.com/trail/new-zealand/auckland/islington-bay-road-summit-road-and-summit-track-loop,All five fields sourced from retrieved AllTrails listing text (indexed content); replaced,legacy tags; not reverified after route replacements,not checked,,,0
NZ181,Karangahake Windows Walk,Waikato,2.414016,AllTrails,76.8096,AllTrails,,0.7,Moderate,Out & back,1.0,Gorge vegetation and tunnels; mixed shade,0.0,0.0,0.0,0.0,1.0,0.0,1.0,Historic mining tunnels and gorge cliffs above Ohinemuri River,https://www.alltrails.com/trail/new-zealand/waikato/karangahake-windows-walk,All five fields sourced from retrieved AllTrails listing text (indexed content); retained,legacy tags; not reverified after route replacements,not checked,,,0
NZ182,Long Bay Kauri Walk,Waikato,2.2530816,AllTrails,75.8952,AllTrails,,0.6666666666666666,Easy,Loop,,,,,,,,,,,https://www.alltrails.com/trail/new-zealand/waikato/long-bay-kauri-walk,All five fields sourced from retrieved AllTrails listing text (indexed content); replaced,legacy tags; not reverified after route replacements,not checked,,,0
NZ183,Kaipawa Trig Track,Waikato,4.184294400000001,AllTrails,254.8128,AllTrails,,1.6166666666666667,Moderate,Out & back,1.0,,,,,,,,1.0,,https://www.alltrails.com/trail/new-zealand/waikato/kaipawa-trig-track,All five fields sourced from retrieved AllTrails listing text (indexed content); replaced,legacy tags; not reverified after route replacements,not checked,,,0
NZ184,Low Level Loop,Waikato,4.828032,AllTrails,197.8152,AllTrails,,1.5333333333333332,Moderate,Loop,1.0,Native forest; shaded,0.0,0.0,0.0,0.0,1.0,0.0,1.0,Historic mining tramway and forest loop,https://www.alltrails.com/trail/new-zealand/waikato/low-level-loop,All five fields sourced from retrieved AllTrails listing text (indexed content); renamed,legacy tags; not reverified after route replacements,not checked,,,0
NZ185,Waiomu Kauri Grove Walk,Waikato,5.4717696,AllTrails,175.86960000000002,AllTrails,,1.5666666666666667,Easy,Out & back,1.0,,,,,,1.0,,,,https://www.alltrails.com/trail/new-zealand/waikato/waiomu-kauri-grove-walk,All five fields sourced from retrieved AllTrails listing text (indexed content); replaced,legacy tags; not reverified after route replacements,not checked,,,0
NZ186,Uretara Stream and Park Road Reserve Walk,Bay of Plenty,7.4029824,AllTrails,171.90720000000002,AllTrails,,1.9,Moderate,Out & back,,,,,,,,,,,https://www.alltrails.com/trail/new-zealand/bay-of-plenty/uretara-stream-and-park-road-reserve-walk,All five fields sourced from retrieved AllTrails listing text (indexed content); replaced,legacy tags; not reverified after route replacements,not checked,,,0
NZ187,Papamoa Stormwater Reserve to Parton Road,Bay of Plenty,6.9201792,AllTrails,43.891200000000005,AllTrails,,1.3666666666666667,Easy,Out & back,,,,,,,,,,,https://www.alltrails.com/trail/new-zealand/bay-of-plenty/papamoa-stormwater-reserve-to-parton-road,All five fields sourced from retrieved AllTrails listing text (indexed content); replaced,legacy tags; not reverified after route replacements,not checked,,,0
NZ188,Kopurererua Valley Reserve Loop,Bay of Plenty,7.4029824,AllTrails,89.91600000000001,AllTrails,,1.6166666666666667,Easy,Loop,,,,,,,1.0,,1.0,,https://www.alltrails.com/trail/new-zealand/bay-of-plenty/kopurererua-valley-reserve-loop,All five fields sourced from retrieved AllTrails listing text (indexed content); replaced,legacy tags; not reverified after route replacements,not checked,,,0
NZ189,Aongatete Long Loop and Waterhole Track,Bay of Plenty,9.656064,AllTrails,290.7792,AllTrails,,2.716666666666667,Moderate,Loop,,,,,,,,,,,https://www.alltrails.com/trail/new-zealand/bay-of-plenty/aongatete-long-loop-and-waterhole-track,All five fields sourced from retrieved AllTrails listing text (indexed content); replaced,legacy tags; not reverified after route replacements,not checked,,,0
NZ190,Mount Eliza Track to Motutapere Hut,Bay of Plenty,11.909145600000002,AllTrails,892.7592000000001,AllTrails,,5.25,Hard,Out & back,,,,,,,,,,,https://www.alltrails.com/trail/new-zealand/bay-of-plenty/my-eliza-track-to-motutapere-hut,All five fields sourced from retrieved AllTrails listing text (indexed content); replaced,legacy tags; not reverified after route replacements,not checked,,,0
NZ191,Lake Waikaremoana: Onepoto to Panekire Hut,Hawke's Bay,9.173260800000001,AllTrails,909.8280000000001,AllTrails,,3.8333333333333335,Hard,Point to point,1.0,Native forest with exposed Panekire ridge,1.0,1.0,0.0,0.0,0.0,0.0,1.0,Steep climb to Panekire Range with lake views,https://www.alltrails.com/trail/new-zealand/hawke-s-bay/lake-waikaremoana-onepoto-to-panekire-hut,All five fields sourced from retrieved AllTrails listing text (indexed content); renamed,legacy tags; not reverified after route replacements,not checked,,,0
NZ192,Whakaki Beach Walk,Hawke's Bay,0.9656064,AllTrails,14.9352,AllTrails,,0.5–1,Easy,Out & back,,No shade (AllTrails tag),,1.0,,,,,1.0,,https://www.alltrails.com/trail/new-zealand/hawke-s-bay/whakaki-beach-walk,All five fields sourced from retrieved AllTrails listing text (indexed content); replaced,legacy tags; not reverified after route replacements,not checked,,,0
NZ193,Sunrise Hut to Sparrowhawk Bivouac,Hawke's Bay,6.2764416,AllTrails,588.8736,AllTrails,,3.1,Hard,Point to point,1.0,,,,,,,,1.0,,https://www.alltrails.com/trail/new-zealand/hawke-s-bay/sunrise-hut-to-sparrowhawk-bivouac,All five fields sourced from retrieved AllTrails listing text (indexed content); replaced,legacy tags; not reverified after route replacements,not checked,,,0
NZ194,Lake Waikaremoana: Marauiti Hut to Hopuruahine Landing,Hawke's Bay,12.713817600000002,AllTrails,461.77200000000005,AllTrails,,3.85,Hard,Point to point,1.0,Native forest and lake-edge clearings,0.0,1.0,0.0,0.0,1.0,0.0,1.0,Long lakeshore section with bridges and bays,https://www.alltrails.com/trail/new-zealand/hawke-s-bay/lake-waikaremoana-marauiti-hut-to-hopuruahine-landing,All five fields sourced from retrieved AllTrails listing text (indexed content); renamed,legacy tags; not reverified after route replacements,not checked,,,0
NZ195,Ahuriri Estuary Walking Track,Hawke's Bay,3.8624256,AllTrails,59.7408,AllTrails,,0.8833333333333333,Easy,Loop,,,,,,,,,,,https://www.alltrails.com/trail/new-zealand/hawke-s-bay/ahuriri-estuary-walking-track,All five fields sourced from retrieved AllTrails listing text (indexed content); replaced,legacy tags; not reverified after route replacements,not checked,,,0
NZ196,Kaweka Forest - Studholm Saddle Hut,Hawke's Bay,21.0824064,AllTrails,1655.9784000000002,AllTrails,,9.5,Hard,Loop,1.0,,,,,,,,1.0,,https://www.alltrails.com/trail/new-zealand/hawke-s-bay/kaweka-forest-studholm-saddle-hut,All five fields sourced from retrieved AllTrails listing text (indexed content); replaced,legacy tags; not reverified after route replacements,not checked,,,0
NZ197,Pahiatua Track,Manawatū-Whanganui,42.4866816,AllTrails,1187.8056000000001,AllTrails,,11.616666666666667,Hard,Out & back,,No shade (AllTrails tag),,,,,1.0,,,,https://www.alltrails.com/trail/new-zealand/manawatu-wanganui/pahiatua-track,All five fields sourced from retrieved AllTrails listing text (indexed content); replaced,legacy tags; not reverified after route replacements,not checked,,,0
NZ198,Round the Mountain Track: Whakapapaiti Hut to Whakapapa Village,Manawatū-Whanganui,8.2076544,AllTrails,203.9112,AllTrails,,2.3666666666666667,Moderate,Point to point,1.0,,,,,,1.0,,1.0,,https://www.alltrails.com/trail/new-zealand/manawatu-wanganui/round-the-mountain-track-whakapapaiti-hut-to-whakapapa-village,All five fields sourced from retrieved AllTrails listing text (indexed content); replaced,legacy tags; not reverified after route replacements,not checked,,,0
NZ199,Ohakune Lakes Reserve Loop,Manawatū-Whanganui,1.7702784000000003,AllTrails,37.7952,AllTrails,,0.45,Easy,Loop,1.0,,,1.0,,,,,1.0,,https://www.alltrails.com/trail/new-zealand/manawatu-wanganui/ohakune-lakes-reserve-loop,All five fields sourced from retrieved AllTrails listing text (indexed content); replaced,legacy tags; not reverified after route replacements,not checked,,,0
NZ200,Upokongaro Bridge and Whanganui River Walk,Manawatū-Whanganui,5.4717696,AllTrails,40.8432,AllTrails,,1.1,Easy,Out & back,,,,,,,,,,,https://www.alltrails.com/trail/new-zealand/manawatu-wanganui/upokongaro-bridge-and-whanganui-river-walk,All five fields sourced from retrieved AllTrails listing text (indexed content); replaced,legacy tags; not reverified after route replacements,not checked,,,0
NZ201,Waimakariri Walkway,Canterbury,10.299801600000002,AllTrails,189.8904,AllTrails,,2.5–3,Moderate,Out & back,,,,1.0,,,1.0,,1.0,,https://www.alltrails.com/trail/new-zealand/canterbury/waimakariri-walkway,All five fields sourced from retrieved AllTrails listing text (indexed content); replaced,legacy tags; not reverified after route replacements,not checked,,,0
NZ202,Atiwhakatu Hut Track,Wellington,13.1966208,AllTrails,377.952,AllTrails,,3.6333333333333333,Moderate,Out & back,1.0,Beech forest; shaded,1.0,0.0,0.0,0.0,1.0,0.0,1.0,River-valley forest track with bridges to hut,https://www.alltrails.com/trail/new-zealand/wellington/atiwhakatu-hut-track,All five fields sourced from retrieved AllTrails listing text (indexed content); retained,legacy tags; not reverified after route replacements,not checked,,,0
NZ203,South Bay Track,Canterbury,2.0921472000000003,AllTrails,46.9392,AllTrails,,0.5333333333333333,Easy,Out & back,,,,,,,,,,,https://www.alltrails.com/trail/new-zealand/canterbury/south-bay-track,All five fields sourced from retrieved AllTrails listing text (indexed content); replaced,legacy tags; not reverified after route replacements,not checked,,,0
NZ204,Cattle Ridge Track,Wellington,13.1966208,AllTrails,767.7912,AllTrails,,5,Hard,Out & back,,,,,,,,,,,https://www.alltrails.com/trail/new-zealand/wellington/cattle-ridge-track,All five fields sourced from retrieved AllTrails listing text (indexed content); replaced,legacy tags; not reverified after route replacements,not checked,,,0
NZ205,Colonial Knob Walk,Wellington,3.3796224000000006,AllTrails,290.7792,AllTrails,468.0,1.6,Moderate,Out & back,1.0,Bush lower slopes; exposed tops,1.0,0.0,0.0,1.0,0.0,0.0,1.0,Steep climb to Porirua-area summit views,https://www.alltrails.com/trail/new-zealand/wellington/colonial-knob-walk,All five fields sourced from retrieved AllTrails listing text (indexed content); renamed,legacy tags; not reverified after route replacements,not checked,,,0
NZ206,Otari-Wilton’s Bush Circular Walk,Wellington,1.4484096000000002,AllTrails,44.805600000000005,AllTrails,,0.4166666666666667,Easy,Loop,,,,,1.0,,1.0,,1.0,,https://www.alltrails.com/trail/new-zealand/wellington/otari-wiltons-bush-circular-walk,All five fields sourced from retrieved AllTrails listing text (indexed content); replaced,legacy tags; not reverified after route replacements,not checked,,,0
NZ207,Dog Stream Waterfall via Waterfall Track,Canterbury,4.02336,AllTrails,368.808,AllTrails,,1.9833333333333334,Moderate,Out & back,,,,,,,,,,,https://www.alltrails.com/trail/new-zealand/canterbury/dog-stream-waterfall-via-waterfall-track,All five fields sourced from retrieved AllTrails listing text (indexed content); replaced,legacy tags; not reverified after route replacements,not checked,,,0
NZ208,Whakanui Track,Wellington,17.0590464,AllTrails,1116.7872,AllTrails,,6.9,Hard,Out & back,1.0,,,,,,1.0,,1.0,,https://www.alltrails.com/trail/new-zealand/wellington/whakanui-track,All five fields sourced from retrieved AllTrails listing text (indexed content); replaced,legacy tags; not reverified after route replacements,not checked,,,0
NZ209,Mount Fyffe Summit via Mount Fyffe Hut,Canterbury,17.2199808,AllTrails,1409.7,AllTrails,1602.0,7.966666666666667,Hard,Out & back,1.0,Forest lower slopes; exposed high ridge,1.0,0.0,0.0,1.0,0.0,0.0,1.0,Long steep climb above Kaikōura to 1602 m summit,https://www.alltrails.com/trail/new-zealand/canterbury/mount-fyffe-summit-via-mt-fyffe-hut,All five fields sourced from retrieved AllTrails listing text (indexed content); renamed,legacy tags; not reverified after route replacements,not checked,,,0
NZ210,Curry Track,Canterbury,5.632704,AllTrails,415.7472,AllTrails,,2.4333333333333336,Hard,Out & back,,,,,,,,,,,https://www.alltrails.com/trail/new-zealand/canterbury/curry-track,All five fields sourced from retrieved AllTrails listing text (indexed content); replaced,legacy tags; not reverified after route replacements,not checked,,,0
NZ211,Leith Hill Loop Track,Canterbury,4.988966400000001,AllTrails,299.9232,AllTrails,,1.9333333333333333,Moderate,Loop,1.0,,,,,,,,1.0,,https://www.alltrails.com/trail/new-zealand/canterbury/leith-hill-loop-track,All five fields sourced from retrieved AllTrails listing text (indexed content); replaced,legacy tags; not reverified after route replacements,not checked,,,0
NZ212,Dusky Trail to Darts Bush/Upper Fraser Stream Junction,Canterbury,8.5295232,AllTrails,96.9264,AllTrails,,1.8333333333333335,Moderate,Out & back,,,,,,,,,,,https://www.alltrails.com/trail/new-zealand/canterbury/dusky-trail-to-darts-bush-upper-fraser-stream-junction,All five fields sourced from retrieved AllTrails listing text (indexed content); replaced,legacy tags; not reverified after route replacements,not checked,,,0
NZ213,Crater Rim Walkway: Sign of the Kiwi to Lyttleton via Stan Helms Trail,Canterbury,16.737177600000003,AllTrails,927.8112000000001,AllTrails,,6.183333333333334,Hard,Out & back,,,,,,,,,,,https://www.alltrails.com/trail/new-zealand/canterbury/crater-rim-walkway-sign-of-the-kiwi-to-lyttleton-via-stan-helms-trail,All five fields sourced from retrieved AllTrails listing text (indexed content); replaced,legacy tags; not reverified after route replacements,not checked,,,0
NZ214,Mount Hutt Forest Loop Track,Canterbury,4.5061632,AllTrails,291.9984,AllTrails,,1.8,Moderate,Loop,1.0,,,,,,,,,,https://www.alltrails.com/trail/new-zealand/canterbury/mount-hutt-forest-loop-track,All five fields sourced from retrieved AllTrails listing text (indexed content); replaced,legacy tags; not reverified after route replacements,not checked,,,0
NZ215,Bridal Veil Falls Lookout Walk,Canterbury,1.7702784000000003,AllTrails,84.73440000000001,AllTrails,,0.6,Moderate,Out & back,,,,,,,,,,,https://www.alltrails.com/trail/new-zealand/canterbury/bridal-veil-falls-lookout-walk,All five fields sourced from retrieved AllTrails listing text (indexed content); replaced,legacy tags; not reverified after route replacements,not checked,,,0
NZ216,Hawdon Shelter Campsite to Hawdon Hut,Canterbury,19.4730624,AllTrails,480.9744,AllTrails,,5.083333333333333,Hard,Out & back,1.0,,,,,,1.0,,,,https://www.alltrails.com/trail/new-zealand/canterbury/hawdon-shelter-campsite-to-hawdon-hut,All five fields sourced from retrieved AllTrails listing text (indexed content); replaced,legacy tags; not reverified after route replacements,not checked,,,0
NZ217,Cave Stream Loop Track,Canterbury,0.9656064,AllTrails,39.9288,AllTrails,,0.31666666666666665,Moderate,Loop,,,,,,,,,,,https://www.alltrails.com/trail/new-zealand/canterbury/cave-stream-loop-track,All five fields sourced from retrieved AllTrails listing text (indexed content); replaced,legacy tags; not reverified after route replacements,not checked,,,0
NZ218,Lees Valley Road Track,Canterbury,18.8293248,AllTrails,733.9584,AllTrails,,5.85,Hard,Out & back,,,,,,,,,,,https://www.alltrails.com/trail/new-zealand/canterbury/lees-valley-road-track,All five fields sourced from retrieved AllTrails listing text (indexed content); replaced,legacy tags; not reverified after route replacements,not checked,,,0
NZ219,Mount Vernon Farm and Valley Track Loop,Canterbury,6.9201792,AllTrails,429.76800000000003,AllTrails,,2.716666666666667,Moderate,Loop,1.0,,,,,,,,1.0,,https://www.alltrails.com/trail/new-zealand/auckland/mount-vernon-farm-and-valley-track-loop,All five fields sourced from retrieved AllTrails listing text (indexed content); replaced,legacy tags; not reverified after route replacements,not checked,,,0
NZ220,Mount Somers Track: Jig Rd - Sharplin Falls,Canterbury,15.771571200000002,AllTrails,910.7424000000001,AllTrails,,6.1,Hard,Point to point,,,,,,,,,,,https://www.alltrails.com/trail/new-zealand/canterbury/mount-somers-track-jig-rd-sharplin-falls,All five fields sourced from retrieved AllTrails listing text (indexed content); replaced,legacy tags; not reverified after route replacements,not checked,,,0
NZ221,Lake Clearwater Circuit Track,Canterbury,10.6216704,AllTrails,121.92,AllTrails,,2.3,Easy,Loop,,,,1.0,,,,,1.0,,https://www.alltrails.com/trail/new-zealand/canterbury/lake-clearwater-circuit-track,All five fields sourced from retrieved AllTrails listing text (indexed content); replaced,legacy tags; not reverified after route replacements,not checked,,,0
NZ222,Red Tarns via Governors Bush Track,Canterbury,4.828032,AllTrails,482.8032,AllTrails,,2.533333333333333,Hard,Out & back,0.0,Exposed subalpine slope; little shade,1.0,0.0,0.0,0.0,0.0,0.0,1.0,Steep stepped climb from Mt Cook Village to tarns viewpoint,https://www.alltrails.com/trail/new-zealand/canterbury/red-tarns-via-governors-bush-track,All five fields sourced from retrieved AllTrails listing text (indexed content); renamed,legacy tags; not reverified after route replacements,not checked,,,0
NZ223,Mount Barrosa Track,Canterbury,6.437376,AllTrails,822.96,AllTrails,,4.016666666666667,Hard,Out & back,,No shade (AllTrails tag),,,,,,,1.0,,https://www.alltrails.com/trail/new-zealand/canterbury/mount-barrosa-track,All five fields sourced from retrieved AllTrails listing text (indexed content); replaced,legacy tags; not reverified after route replacements,not checked,,,0
NZ224,Poynter Track,Canterbury,7.7248512,AllTrails,58.8264,AllTrails,,1.5666666666666667,Easy,Out & back,1.0,,,,,,1.0,,1.0,,https://www.alltrails.com/trail/new-zealand/canterbury/poynter-track,All five fields sourced from retrieved AllTrails listing text (indexed content); replaced,legacy tags; not reverified after route replacements,not checked,,,0
NZ225,Roundabout Lake Emma,Canterbury,14.484096000000001,AllTrails,210.9216,AllTrails,,3.283333333333333,Moderate,Loop,1.0,,,1.0,,,,,1.0,,https://www.alltrails.com/trail/new-zealand/canterbury/roundabout-lake-emma,All five fields sourced from retrieved AllTrails listing text (indexed content); replaced,legacy tags; not reverified after route replacements,not checked,,,0
NZ226,Otamatapaio Track,Canterbury,11.265408,AllTrails,214.88400000000001,AllTrails,,2.7333333333333334,Moderate,Out & back,,,,,,,,,,,https://www.alltrails.com/trail/new-zealand/canterbury/otamatapaio-track,All five fields sourced from retrieved AllTrails listing text (indexed content); replaced,legacy tags; not reverified after route replacements,not checked,,,0
NZ227,Stoney Bay Peak Track,Canterbury,6.9201792,AllTrails,601.98,AllTrails,,3.3166666666666664,Hard,Out & back,,No shade (AllTrails tag),,,,,,,,,https://www.alltrails.com/trail/new-zealand/canterbury/stoney-bay-peak-track,All five fields sourced from retrieved AllTrails listing text (indexed content); replaced,legacy tags; not reverified after route replacements,not checked,,,0
NZ228,The Willows Dog Park Loop,Canterbury,0.6437376000000001,AllTrails,4.8768,AllTrails,,0.13333333333333333,Easy,Loop,1.0,,,,,,,,1.0,,https://www.alltrails.com/trail/new-zealand/canterbury/the-willows-dog-park-loop,All five fields sourced from retrieved AllTrails listing text (indexed content); replaced,legacy tags; not reverified after route replacements,not checked,,,0
NZ229,Mount Thomas via Summit Track,Canterbury,7.081113600000001,AllTrails,695.8584000000001,AllTrails,,3.6833333333333336,Hard,Out & back,1.0,,,,,,,,1.0,,https://www.alltrails.com/trail/new-zealand/canterbury/mount-thomas-via-summit-track,All five fields sourced from retrieved AllTrails listing text (indexed content); replaced,legacy tags; not reverified after route replacements,not checked,,,0
NZ230,Twizel River Trail,Canterbury,23.335488,AllTrails,270.9672,AllTrails,,5.05,Moderate,Out & back,0.0,Open river terrace; little shade,1.0,0.0,0.0,0.0,1.0,0.0,0.0,Gentle river-side route near Twizel,https://www.alltrails.com/trail/new-zealand/canterbury/twizel-river-trail,All five fields sourced from retrieved AllTrails listing text (indexed content); retained,legacy tags; not reverified after route replacements,not checked,,,0
NZ231,Lake Hood Loop Walk,Canterbury,5.954572800000001,AllTrails,72.8472,AllTrails,,1.3,Easy,Loop,,,,,,,,,,,https://www.alltrails.com/trail/new-zealand/canterbury/lake-hood-loop-walk,All five fields sourced from retrieved AllTrails listing text (indexed content); replaced,legacy tags; not reverified after route replacements,not checked,,,0
NZ232,Lake Hood to Ashburton River Loop,Canterbury,3.0577536,AllTrails,37.7952,AllTrails,,0.6666666666666666,Easy,Loop,,,,1.0,,,1.0,,1.0,,https://www.alltrails.com/trail/new-zealand/canterbury/lake-hood-to-ashburton-river-loop,All five fields sourced from retrieved AllTrails listing text (indexed content); replaced,legacy tags; not reverified after route replacements,not checked,,,0
NZ233,Centennial Park Loop Track,Canterbury,6.1155072,AllTrails,106.9848,AllTrails,,1.4333333333333333,Easy,Loop,,,,,,,,,,,https://www.alltrails.com/trail/new-zealand/canterbury/centennial-park-loop-track,All five fields sourced from retrieved AllTrails listing text (indexed content); replaced,legacy tags; not reverified after route replacements,not checked,,,0
NZ234,Twizel River Trail Loop,Canterbury,25.749504,AllTrails,267.9192,AllTrails,,5.45,Hard,Loop,,,,,,,,,,,https://www.alltrails.com/trail/new-zealand/canterbury/twizel-river-trail-loop,All five fields sourced from retrieved AllTrails listing text (indexed content); replaced,legacy tags; not reverified after route replacements,not checked,,,0
NZ235,Mount Vernon from Summit Road,Canterbury,0.4828032,AllTrails,20.7264,AllTrails,,0.15,Moderate,Out & back,,,,,,,,,1.0,,https://www.alltrails.com/trail/new-zealand/canterbury/mount-vernon-from-summit-road,All five fields sourced from retrieved AllTrails listing text (indexed content); replaced,legacy tags; not reverified after route replacements,not checked,,,0
NZ236,Peter's Lookout to Lake Pukaki,Canterbury,0.804672,AllTrails,31.6992,AllTrails,,0.26666666666666666,Moderate,Out & back,,,,,,,,,,,https://www.alltrails.com/trail/new-zealand/canterbury/peter-s-lookout-to-lake-pukaki,All five fields sourced from retrieved AllTrails listing text (indexed content); replaced,legacy tags; not reverified after route replacements,not checked,,,0
NZ237,Mount Somers Track via Woolshed Creek Hut,Canterbury,18.6683904,AllTrails,1273.7592,AllTrails,,7.75,Hard,Loop,1.0,,,,1.0,,1.0,,1.0,,https://www.alltrails.com/trail/new-zealand/canterbury/mount-somers-track-via-woolshed-creek-hut,All five fields sourced from retrieved AllTrails listing text (indexed content); replaced,legacy tags; not reverified after route replacements,not checked,,,0
NZ238,Mount Isobel via Mount Isobel Track,Canterbury,8.851392,AllTrails,795.8328,AllTrails,,4.333333333333333,Hard,Out & back,,,,,,,,,,,https://www.alltrails.com/trail/new-zealand/canterbury/mount-isobel-via-mount-isobel-track,All five fields sourced from retrieved AllTrails listing text (indexed content); replaced,legacy tags; not reverified after route replacements,not checked,,,0
NZ239,St James Walkway (Anne Hut to Boyle Flat Hut via Rokeby Hut),Canterbury,17.702784,AllTrails,569.976,AllTrails,,5.266666666666667,Hard,Point to point,1.0,,,,,,1.0,,1.0,,https://www.alltrails.com/trail/new-zealand/canterbury/st-james-walkway-anne-hut-to-boyle-flat-hut-via-rokeby-hut,All five fields sourced from retrieved AllTrails listing text (indexed content); replaced,legacy tags; not reverified after route replacements,not checked,,,0
NZ240,Washpen Falls Track,Canterbury,2.414016,AllTrails,152.7048,AllTrails,,0.95,Moderate,Loop,1.0,Native bush and open volcanic escarpment,1.0,0.0,1.0,0.0,1.0,0.0,1.0,Private-access loop to waterfall and canyon viewpoints,https://www.alltrails.com/trail/new-zealand/canterbury/washpen-falls-track,All five fields sourced from retrieved AllTrails listing text (indexed content); retained,legacy tags; not reverified after route replacements,not checked,,,0
NZ241,Mount Oxford Summit via View Hill Car Park,Canterbury,15.288768000000001,AllTrails,1076.8584,AllTrails,,6.45,Hard,Out & back,,,,,,,,,,,https://www.alltrails.com/trail/new-zealand/canterbury/mount-oxford-summit-via-view-hill-car-park,All five fields sourced from retrieved AllTrails listing text (indexed content); replaced,legacy tags; not reverified after route replacements,not checked,,,0
NZ242,Bridle Path Walk to Summit Road Viewpoint,Canterbury,2.7358848,AllTrails,261.8232,AllTrails,,1.4,Moderate,Out & back,0.0,Open Port Hills; little shade,1.0,0.0,0.0,1.0,0.0,0.0,1.0,Historic steep route over Port Hills between Lyttelton and Heathcote,https://www.alltrails.com/trail/new-zealand/canterbury/bridle-path-walk,All five fields sourced from retrieved AllTrails listing text (indexed content); renamed,legacy tags; not reverified after route replacements,not checked,,,0
NZ243,Rapaki Track,Canterbury,6.9201792,AllTrails,298.704,AllTrails,,2.25,Moderate,Out & back,0.0,Open Port Hills; little shade,1.0,0.0,0.0,1.0,0.0,0.0,0.0,Broad hill track to Summit Road views,https://www.alltrails.com/trail/new-zealand/canterbury/rapaki-track,All five fields sourced from retrieved AllTrails listing text (indexed content); retained,legacy tags; not reverified after route replacements,not checked,,,0
NZ244,Wharfedale Hut to View Hill Carpark,Canterbury,14.162227200000002,AllTrails,507.7968,AllTrails,,4.216666666666667,Moderate,Point to point,1.0,,,,,,1.0,,1.0,,https://www.alltrails.com/trail/new-zealand/canterbury/wharfedale-hut-to-view-hill-carpark,All five fields sourced from retrieved AllTrails listing text (indexed content); replaced,legacy tags; not reverified after route replacements,not checked,,,0
NZ245,Wharfdale Hut to Black Hill Hut,Canterbury,6.9201792,AllTrails,772.9728,AllTrails,,2.75,Hard,Point to point,1.0,,,,,,1.0,,1.0,,https://www.alltrails.com/trail/new-zealand/canterbury/wharfdale-hut-to-black-hill-hut,All five fields sourced from retrieved AllTrails listing text (indexed content); replaced,legacy tags; not reverified after route replacements,not checked,,,0
NZ246,Gillespie Pass Circuit,Otago,57.13171200000001,AllTrails,2279.904,AllTrails,,18.016666666666666,Hard,Loop,1.0,,,,,,1.0,,1.0,,https://www.alltrails.com/trail/new-zealand/otago/gillespie-pass-circuit,All five fields sourced from retrieved AllTrails listing text (indexed content); replaced,legacy tags; not reverified after route replacements,not checked,,,0
NZ247,Mou Waho Island Walk,Otago,2.5749504000000005,AllTrails,173.73600000000002,AllTrails,,1.0666666666666667,Moderate,Out & back,,,,1.0,,,,,,,https://www.alltrails.com/trail/new-zealand/otago/mou-waho-island-walk,All five fields sourced from retrieved AllTrails listing text (indexed content); replaced,legacy tags; not reverified after route replacements,not checked,,,0
NZ248,Glenorchy Lagoon Walkway,Otago,3.3796224000000006,AllTrails,34.7472,AllTrails,,0.7166666666666667,Easy,Loop,,,,,,,,,,,https://www.alltrails.com/trail/new-zealand/otago/glenorchy-lagoon-walkway,All five fields sourced from retrieved AllTrails listing text (indexed content); replaced,legacy tags; not reverified after route replacements,not checked,,,0
NZ249,Glenorchy Scheelite Battery via Mount Judah Track,Otago,3.5405568000000005,AllTrails,169.77360000000002,AllTrails,,1.2166666666666668,Moderate,Out & back,,No shade (AllTrails tag),,,,,,,1.0,,https://www.alltrails.com/trail/new-zealand/otago/glenorchy-scheelite-battery-via-mount-judah-track,All five fields sourced from retrieved AllTrails listing text (indexed content); replaced,legacy tags; not reverified after route replacements,not checked,,,0
NZ250,Cameron Flat to Junction Flat,Otago,22.6917504,AllTrails,620.8776,AllTrails,,6.15,Hard,Out & back,,,,,,,,,,,https://www.alltrails.com/trail/new-zealand/otago/cameron-flat-to-junction-flat,All five fields sourced from retrieved AllTrails listing text (indexed content); replaced,legacy tags; not reverified after route replacements,not checked,,,0
NZ251,Routeburn Track: Routeburn Shelter to Routeburn Flats Hut,Otago,7.081113600000001,AllTrails,299.9232,AllTrails,,1.9166666666666665,Moderate,Point to point,1.0,,,,1.0,,1.0,,1.0,,https://www.alltrails.com/trail/new-zealand/otago/routeburn-shelter-to-routeburn-flats-hut,All five fields sourced from retrieved AllTrails listing text (indexed content); replaced,legacy tags; not reverified after route replacements,not checked,,,0
NZ252,Mirror Lakes Walk,Otago,0.32186880000000007,AllTrails,2.7432000000000003,AllTrails,,0.08333333333333333,Easy,Out & back,,,,1.0,,,,,1.0,,https://www.alltrails.com/trail/new-zealand/otago/mirror-lakes-walk,All five fields sourced from retrieved AllTrails listing text (indexed content); replaced,legacy tags; not reverified after route replacements,not checked,,,0
NZ253,Swallows Circuit Track,Otago,2.414016,AllTrails,142.9512,AllTrails,,0.9166666666666666,Moderate,Loop,1.0,,,,,,1.0,,,,https://www.alltrails.com/trail/new-zealand/otago/swallows-circuit-track,All five fields sourced from retrieved AllTrails listing text (indexed content); replaced,legacy tags; not reverified after route replacements,not checked,,,0
NZ254,Silver Peaks Loop Track,Otago,24.944832,AllTrails,1437.7416,AllTrails,,9.416666666666666,Hard,Loop,1.0,,,,,,1.0,,1.0,,https://www.alltrails.com/trail/new-zealand/otago/silver-peaks-loop-track,All five fields sourced from retrieved AllTrails listing text (indexed content); replaced,legacy tags; not reverified after route replacements,not checked,,,0
NZ255,Carricktown Track,Otago,23.979225600000003,AllTrails,1103.9856,AllTrails,,8.066666666666666,Hard,Out & back,,,,,,,,,,,https://www.alltrails.com/trail/new-zealand/otago/carricktown-track,All five fields sourced from retrieved AllTrails listing text (indexed content); replaced,legacy tags; not reverified after route replacements,not checked,,,0
NZ256,Tomahawk Lagoon and 41-Peg Track,Otago,4.828032,AllTrails,241.7064,AllTrails,,1.7,Moderate,Out & back,,,,,,,,,,,https://www.alltrails.com/trail/new-zealand/otago/tomahawk-lagoon-and-41-peg-track,All five fields sourced from retrieved AllTrails listing text (indexed content); replaced,legacy tags; not reverified after route replacements,not checked,,,0
NZ257,Warrington Beach Walk,Otago,4.6670976,AllTrails,67.9704,AllTrails,,1.05,Easy,Out & back,,,,,,,,,,,https://www.alltrails.com/trail/new-zealand/otago/warrington-beach-walk,All five fields sourced from retrieved AllTrails listing text (indexed content); replaced,legacy tags; not reverified after route replacements,not checked,,,0
NZ258,Allans Beach,Otago,2.414016,AllTrails,14.9352,AllTrails,,0.48333333333333334,Easy,Out & back,,,,,,,,,,,https://www.alltrails.com/trail/new-zealand/otago/allans-beach,All five fields sourced from retrieved AllTrails listing text (indexed content); replaced,legacy tags; not reverified after route replacements,not checked,,,0
NZ259,Bob's Cove Track,Otago,10.782604800000001,AllTrails,268.8336,AllTrails,,2.8666666666666667,Easy,Out & back,1.0,Native bush with open lakeshore,1.0,1.0,0.0,0.0,0.0,0.0,1.0,Short Lake Wakatipu loop to viewpoint and historic lime kiln,https://www.alltrails.com/trail/new-zealand/otago/bobs-cove-track,All five fields sourced from retrieved AllTrails listing text (indexed content); retained,legacy tags; not reverified after route replacements,not checked,,,0
NZ260,Hawksbury Lagoon Walkway,Otago,3.8624256,AllTrails,34.7472,AllTrails,,0.8,Easy,Out & back,,,,,,,,,,,https://www.alltrails.com/trail/new-zealand/otago/hawksbury-lagoon-walkway,All five fields sourced from retrieved AllTrails listing text (indexed content); replaced,legacy tags; not reverified after route replacements,not checked,,,0
NZ261,Shark Bell to Second Beach Walk,Otago,1.7702784000000003,AllTrails,22.86,AllTrails,,0.38333333333333336,Easy,Out & back,,,,,,,,,,,https://www.alltrails.com/trail/new-zealand/otago/shark-bell-to-second-beach-walk,All five fields sourced from retrieved AllTrails listing text (indexed content); replaced,legacy tags; not reverified after route replacements,not checked,,,0
NZ262,Aspiring Hut to Pearl Flat,Otago,11.265408,AllTrails,350.82480000000004,AllTrails,,3.2,Moderate,Out & back,1.0,,,,1.0,,1.0,,1.0,,https://www.alltrails.com/trail/new-zealand/otago/aspiring-hut-to-pearl-flat,All five fields sourced from retrieved AllTrails listing text (indexed content); replaced,legacy tags; not reverified after route replacements,not checked,,,0
NZ263,Routeburn Nature Walk,Otago,3.0577536,AllTrails,73.7616,AllTrails,,0.8,Easy,Loop,1.0,Beech forest; shaded,1.0,0.0,0.0,0.0,1.0,0.0,0.0,Easy forest loop beside Route Burn,https://www.alltrails.com/trail/new-zealand/otago/routeburn-nature-walk,All five fields sourced from retrieved AllTrails listing text (indexed content); retained,legacy tags; not reverified after route replacements,not checked,,,0
NZ264,Routeburn Track: Routeburn Shelter to Routeburn Falls Hut,Otago,9.656064,AllTrails,639.7752,AllTrails,,3.066666666666667,Moderate,Point to point,1.0,Beech forest then alpine basin,1.0,0.0,1.0,0.0,1.0,0.0,1.0,Great Walk section through gorge and forest to falls hut,https://www.alltrails.com/trail/new-zealand/otago/routeburn-track-routeburn-shelter-to-routeburn-falls-hut,All five fields sourced from retrieved AllTrails listing text (indexed content); retained,legacy tags; not reverified after route replacements,not checked,,,0
NZ265,Ruakaka Beach Walk,Northland,5.793638400000001,AllTrails,92.964,AllTrails,,1.3333333333333333,Moderate,Out & back,,,,,,,,,,,https://www.alltrails.com/trail/new-zealand/northland/ruakaka-beach-walk,All five fields sourced from retrieved AllTrails listing text (indexed content); replaced,legacy tags; not reverified after route replacements,not checked,,,0
NZ266,Waipu Caves,Northland,0.16093440000000003,AllTrails,12.8016,AllTrails,,0.06666666666666667,Moderate,Out & back,,,,,,,,,,,https://www.alltrails.com/trail/new-zealand/northland/waipu-caves,All five fields sourced from retrieved AllTrails listing text (indexed content); replaced,legacy tags; not reverified after route replacements,not checked,,,0
NZ267,Taronui Bay Recreation Reserve Track,Northland,6.9201792,AllTrails,187.7568,AllTrails,,1.8833333333333333,Moderate,Out & back,,,,,,,,,,,https://www.alltrails.com/trail/new-zealand/northland/taronui-bay-recreation-reserve-track,All five fields sourced from retrieved AllTrails listing text (indexed content); replaced,legacy tags; not reverified after route replacements,not checked,,,0
NZ268,Cookson Kauri Walk,Waikato,4.5061632,AllTrails,211.836,AllTrails,,1.5333333333333332,Moderate,Out & back,1.0,,,,,,,,,,https://www.alltrails.com/trail/new-zealand/waikato/cookson-kauri-walk,All five fields sourced from retrieved AllTrails listing text (indexed content); replaced,legacy tags; not reverified after route replacements,not checked,,,0
NZ269,North Egmont Veronica Lookout Track,Taranaki,2.8968192000000004,AllTrails,227.99040000000002,AllTrails,,1.3,Moderate,Out & back,,,,,,,,,,,https://www.alltrails.com/trail/new-zealand/taranaki/north-egmont-veronica-lookout-track,All five fields sourced from retrieved AllTrails listing text (indexed content); replaced,legacy tags; not reverified after route replacements,not checked,,,0
NZ270,Wellington to Lower Hutt Shared Path,Wellington,10.299801600000002,AllTrails,55.778400000000005,AllTrails,,2.0166666666666666,Easy,Point to point,,,,,,,,,,,https://www.alltrails.com/trail/new-zealand/wellington/wellington-to-lower-hutt-shared-path,All five fields sourced from retrieved AllTrails listing text (indexed content); replaced,legacy tags; not reverified after route replacements,not checked,,,0
NZ271,Nairnville Park Loop,Wellington,0.6437376000000001,AllTrails,12.8016,AllTrails,,0.16666666666666666,Easy,Loop,,,,,,,,,,,https://www.alltrails.com/trail/new-zealand/wellington/nairnville-park-loop,All five fields sourced from retrieved AllTrails listing text (indexed content); replaced,legacy tags; not reverified after route replacements,not checked,,,0
NZ272,Otari to Karori Cemetery Route,Wellington,5.3108352,AllTrails,165.8112,AllTrails,,1.5166666666666666,Easy,Loop,1.0,,,,1.0,,1.0,,1.0,,https://www.alltrails.com/trail/new-zealand/wellington/otari-karori-cemetery-route,All five fields sourced from retrieved AllTrails listing text (indexed content); replaced,legacy tags; not reverified after route replacements,not checked,,,0
NZ273,Old Pencarrow Head Lighthouse Track,Wellington,16.4153088,AllTrails,206.9592,AllTrails,,3.6166666666666667,Moderate,Out & back,,,,,,,,,,,https://www.alltrails.com/trail/new-zealand/wellington/old-pencarrow-head-lighthouse-track,All five fields sourced from retrieved AllTrails listing text (indexed content); replaced; listing marked closed,legacy tags; not reverified after route replacements,previously marked closed,,,0
NZ274,Cape Palliser Lighthouse Walk,Wellington,0.4828032,AllTrails,22.86,AllTrails,,0.16666666666666666,Moderate,Out & back,,,,,,,,,,,https://www.alltrails.com/trail/new-zealand/wellington/cape-palliser-lighthouse-walk,All five fields sourced from retrieved AllTrails listing text (indexed content); replaced,legacy tags; not reverified after route replacements,not checked,,,0
NZ275,Powell Hut Track,Wellington,15.4497024,AllTrails,1019.8608,AllTrails,,6.283333333333333,Hard,Out & back,1.0,,,,,,1.0,,1.0,,https://www.alltrails.com/trail/new-zealand/wellington/powell-hut-track,All five fields sourced from retrieved AllTrails listing text (indexed content); replaced,legacy tags; not reverified after route replacements,not checked,,,0
NZ276,Queen Elizabeth Park from Paekakariki Railway Station,Wellington,10.460736,AllTrails,62.7888,AllTrails,,2.05,Moderate,Loop,,,,,,,,,,,https://www.alltrails.com/trail/new-zealand/wellington/queen-elizabeth-park-from-paekakariki-railway-station,All five fields sourced from retrieved AllTrails listing text (indexed content); replaced,legacy tags; not reverified after route replacements,not checked,,,0
NZ277,Mclean Falls Walk,Southland,1.609344,AllTrails,70.7136,AllTrails,,0.5333333333333333,Moderate,Out & back,1.0,Dense rainforest; shaded,0.0,0.0,1.0,0.0,1.0,0.0,1.0,Forest track to multi-tiered waterfall,https://www.alltrails.com/trail/new-zealand/southland/mclean-falls-walk,All five fields sourced from retrieved AllTrails listing text (indexed content); renamed,legacy tags; not reverified after route replacements,not checked,,,0
NZ278,Purakaunui Falls Track,Otago,0.6437376000000001,AllTrails,16.764,AllTrails,,0.16666666666666666,Easy,Out & back,1.0,Podocarp/beech forest; shaded,0.0,0.0,1.0,0.0,1.0,0.0,0.0,Easy forest walk to iconic waterfall,https://www.alltrails.com/trail/new-zealand/otago/purakaunui-falls-track,All five fields sourced from retrieved AllTrails listing text (indexed content); renamed,legacy tags; not reverified after route replacements,not checked,,,0
NZ279,Masterton Reserve Walk,Wellington,4.345228800000001,AllTrails,96.9264,AllTrails,,1–1.5,Easy,Loop,,,,1.0,,,,,1.0,,https://www.alltrails.com/trail/new-zealand/wellington/masterton-reserve-walk,All five fields sourced from retrieved AllTrails listing text (indexed content); replaced,legacy tags; not reverified after route replacements,not checked,,,0
NZ280,Cathedral Caves Walk,Southland,2.5749504000000005,AllTrails,102.7176,AllTrails,,0.8166666666666667,Moderate,Out & back,1.0,Coastal forest and beach,0.0,0.0,0.0,1.0,0.0,0.0,1.0,Tidal beach route to large sea caves,https://www.alltrails.com/trail/new-zealand/southland/cathedral-caves-walk,All five fields sourced from retrieved AllTrails listing text (indexed content); retained,legacy tags; not reverified after route replacements,not checked,,,0
NZ281,Waiohine - Cone Hut - Tutuwai Hut,Wellington,15.932505600000002,AllTrails,986.9424,AllTrails,,6.266666666666667,Hard,Out & back,,,,,,,,,,,https://www.alltrails.com/trail/new-zealand/wellington/waiohine-cone-hut-tutuwai-hut-loop,All five fields sourced from retrieved AllTrails listing text (indexed content); replaced,legacy tags; not reverified after route replacements,not checked,,,0
NZ282,Korokoro Dam via Korokoro Stream Track,Wellington,8.368588800000001,AllTrails,165.8112,AllTrails,,2.05,Moderate,Out & back,,,,,,,,,,,https://www.alltrails.com/trail/new-zealand/wellington/korokoro-dam-via-korokoro-stream-track,All five fields sourced from retrieved AllTrails listing text (indexed content); replaced,legacy tags; not reverified after route replacements,not checked,,,0
NZ283,Queen Elizabeth Park from Raumati South,Wellington,3.7014912,AllTrails,21.945600000000002,AllTrails,,0.7166666666666667,Easy,Loop,,,,,,,,,,,https://www.alltrails.com/trail/new-zealand/wellington/queen-elizabeth-park-from-raumati-south,All five fields sourced from retrieved AllTrails listing text (indexed content); replaced,legacy tags; not reverified after route replacements,not checked,,,0
NZ284,Battle Hill Forest Park Loop,Wellington,3.5405568000000005,AllTrails,175.86960000000002,AllTrails,,1.2333333333333334,Moderate,Loop,,,,,,,,,,,https://www.alltrails.com/trail/new-zealand/wellington/battle-hill-forest-park-loop,All five fields sourced from retrieved AllTrails listing text (indexed content); replaced,legacy tags; not reverified after route replacements,not checked,,,0
NZ285,Belmont Trig via Otanga Tramping Track,Wellington,8.851392,AllTrails,454.76160000000004,AllTrails,,3.15,Hard,Out & back,,,,,,,,,,,https://www.alltrails.com/trail/new-zealand/wellington/belmont-trig-via-otanga-tramping-track,All five fields sourced from retrieved AllTrails listing text (indexed content); replaced,legacy tags; not reverified after route replacements,not checked,,,0
NZ286,Belmont Trig Loop,Wellington,9.173260800000001,AllTrails,512.9784000000001,AllTrails,,3.4166666666666665,Moderate,Loop,1.0,,,,1.0,,1.0,,1.0,,https://www.alltrails.com/trail/new-zealand/wellington/belmont-trig-loop,All five fields sourced from retrieved AllTrails listing text (indexed content); replaced,legacy tags; not reverified after route replacements,not checked,,,0
NZ287,Watercare Coastal Walkway,Auckland,16.576243200000004,AllTrails,92.964,AllTrails,,3.2333333333333334,Easy,Out & back,,,,,,,,,1.0,,https://www.alltrails.com/trail/new-zealand/auckland/watercare-coastal-walkway,All five fields sourced from retrieved AllTrails listing text (indexed content); replaced,legacy tags; not reverified after route replacements,not checked,,,0
NZ288,Ackers Point Track,Southland,7.081113600000001,AllTrails,147.828,AllTrails,,1.7666666666666666,Easy,Out & back,1.0,Coastal bush; mixed shade,0.0,0.0,0.0,1.0,0.0,0.0,1.0,Coastal headland track to lighthouse,https://www.alltrails.com/trail/new-zealand/southland/ackers-point-track,All five fields sourced from retrieved AllTrails listing text (indexed content); retained,legacy tags; not reverified after route replacements,not checked,,,0
NZ289,Ti Point Coastal Walkway,Auckland,3.7014912,AllTrails,56.997600000000006,AllTrails,,0.85,Moderate,Out & back,,,,,,,,,,,https://www.alltrails.com/trail/new-zealand/auckland/ti-point-coastal-walkway,All five fields sourced from retrieved AllTrails listing text (indexed content); replaced,legacy tags; not reverified after route replacements,not checked,,,0
NZ290,Orakei Waterfront Path,Auckland,5.4717696,AllTrails,50.9016,AllTrails,,1.1333333333333333,Easy,Out & back,,,,,,,,,,,https://www.alltrails.com/trail/new-zealand/auckland/orakei-waterfront-path,All five fields sourced from retrieved AllTrails listing text (indexed content); replaced,legacy tags; not reverified after route replacements,not checked,,,0
NZ291,Okiato to Russell Walkway,Northland,10.1388672,AllTrails,263.9568,AllTrails,,2.7,Moderate,Point to point,1.0,,,,,,,,,,https://www.alltrails.com/trail/new-zealand/northland/okiato-to-russell-walkway,All five fields sourced from retrieved AllTrails listing text (indexed content); replaced,legacy tags; not reverified after route replacements,not checked,,,0
NZ292,Whangaruru North Head - Southern Loop,Northland,4.184294400000001,AllTrails,207.8736,AllTrails,,1.45,Moderate,Loop,,,,,,,,,,,https://www.alltrails.com/trail/new-zealand/northland/whangaruru-north-head-southern-loop,All five fields sourced from retrieved AllTrails listing text (indexed content); replaced,legacy tags; not reverified after route replacements,not checked,,,0
NZ293,Whangaruru North Head - Full Loop,Northland,6.5983104,AllTrails,315.7728,AllTrails,,2.2666666666666666,Moderate,Loop,1.0,,,,,,,,1.0,,https://www.alltrails.com/trail/new-zealand/northland/whangaruru-north-head-full-loop,All five fields sourced from retrieved AllTrails listing text (indexed content); replaced,legacy tags; not reverified after route replacements,not checked,,,0
NZ294,Heaphy Track - Brown Hut to Perry Saddle Hut,Nelson-Tasman,16.576243200000004,AllTrails,1073.8104,AllTrails,915.0,5.35,Hard,Point to point,1.0,Beech forest then alpine saddle,1.0,0.0,0.0,0.0,1.0,0.0,1.0,Steady Great Walk climb to Perry Saddle,https://www.alltrails.com/trail/new-zealand/nelson-tasman/heaphy-track-brown-hut-to-perry-saddle-hut,All five fields sourced from retrieved AllTrails listing text (indexed content); renamed,legacy tags; not reverified after route replacements,not checked,,,0
NZ295,Sir Stanley Whitehead Loop,Nelson-Tasman,4.02336,AllTrails,156.972,AllTrails,,1.2666666666666666,Moderate,Loop,,,,,,,,,,,https://www.alltrails.com/trail/new-zealand/nelson-tasman/sir-stanley-whitehead-loop,All five fields sourced from retrieved AllTrails listing text (indexed content); replaced,legacy tags; not reverified after route replacements,not checked,,,0
NZ296,Saint Arnaud Loop Walk,Nelson-Tasman,6.9201792,AllTrails,132.8928,AllTrails,,1.6666666666666665,Moderate,Loop,1.0,,,1.0,,,,,1.0,,https://www.alltrails.com/trail/new-zealand/nelson-tasman/saint-arnaud-loop-walk,All five fields sourced from retrieved AllTrails listing text (indexed content); replaced,legacy tags; not reverified after route replacements,not checked,,,0
NZ297,Franz Josef Glacier Walk including Sentinel Rock,West Coast,1.7702784000000003,AllTrails,45.72,AllTrails,,0.4666666666666667,Easy,Out & back,,,,,,,,,,,https://www.alltrails.com/trail/new-zealand/west-coast/franz-josef-glacier-walk-including-sentinel-rock,All five fields sourced from retrieved AllTrails listing text (indexed content); replaced,legacy tags; not reverified after route replacements,not checked,,,0
NZ298,Kowhai Bush Walk,West Coast,0.804672,AllTrails,5.7912,AllTrails,,0.16666666666666666,Easy,Loop,,,,,,,,,,,https://www.alltrails.com/trail/new-zealand/west-coast/kowhai-bush-walk,All five fields sourced from retrieved AllTrails listing text (indexed content); replaced,legacy tags; not reverified after route replacements,not checked,,,0
NZ299,Eastern Beaches Track,Auckland,5.149900800000001,AllTrails,108.81360000000001,AllTrails,,1.2833333333333332,Easy,Loop,,,,,,,,,1.0,,https://www.alltrails.com/trail/new-zealand/auckland/eastern-beaches-track,All five fields sourced from retrieved AllTrails listing text (indexed content); replaced,legacy tags; not reverified after route replacements,not checked,,,0
NZ300,Sabine Hut to D'Urville Hut,Nelson-Tasman,15.771571200000002,AllTrails,333.75600000000003,AllTrails,,3.9333333333333336,Moderate,Out & back,1.0,,,1.0,,,1.0,,,,https://www.alltrails.com/trail/new-zealand/nelson-tasman/sabine-hut-to-d-urville-hut,All five fields sourced from retrieved AllTrails listing text (indexed content); replaced,legacy tags; not reverified after route replacements,not checked,,,0
NZ301,Bushline Hut via Paddy's Track,Nelson-Tasman,7.885785600000001,AllTrails,579.7296,AllTrails,,3.4,Hard,Out & back,,,,,,,,,,,https://www.alltrails.com/trail/new-zealand/nelson-tasman/bushline-hut-via-paddy-s-track,All five fields sourced from retrieved AllTrails listing text (indexed content); replaced,legacy tags; not reverified after route replacements,not checked,,,0
NZ302,Lakehead Hut to Coldwater Hut via River Crossing,Nelson-Tasman,2.0921472000000003,AllTrails,52.7304,AllTrails,,0.5666666666666667,Moderate,Point to point,,,,,,,,,,,https://www.alltrails.com/trail/new-zealand/nelson-tasman/lakehead-hut-to-coldwater-hut-via-river-crossing,All five fields sourced from retrieved AllTrails listing text (indexed content); replaced,legacy tags; not reverified after route replacements,not checked,,,0
NZ303,Cobb Valley Track to Fenella Hut,Nelson-Tasman,12.713817600000002,AllTrails,468.7824,AllTrails,,3.4166666666666665,Moderate,Point to point,1.0,Beech forest and open alpine valley,1.0,0.0,0.0,0.0,1.0,0.0,1.0,Long Cobb Valley tramp to Fenella Hut,https://www.alltrails.com/trail/new-zealand/nelson-tasman/cobb-valley-track-to-fenella-hut,All five fields sourced from retrieved AllTrails listing text (indexed content); retained,legacy tags; not reverified after route replacements,not checked,,,0
NZ304,Black Valley Walk,Nelson-Tasman,1.609344,AllTrails,40.8432,AllTrails,,0.4166666666666667,Easy,Out & back,,,,,,,,,,,https://www.alltrails.com/trail/new-zealand/nelson-tasman/black-valley-walk-jun-20-07-52-am,All five fields sourced from retrieved AllTrails listing text (indexed content); replaced,legacy tags; not reverified after route replacements,not checked,,,0
NZ305,Dun Mountain Loop Track,Nelson-Tasman,13.518489600000002,AllTrails,740.9688,AllTrails,,4.966666666666667,Hard,Loop,1.0,,,,,,,,1.0,,https://www.alltrails.com/trail/new-zealand/nelson-tasman/dun-mountain-loop-track,All five fields sourced from retrieved AllTrails listing text (indexed content); replaced,legacy tags; not reverified after route replacements,not checked,,,0
NZ306,Te Paki Coastal Track,Northland,47.3147136,AllTrails,1393.8504,AllTrails,,13.216666666666667,Hard,Point to point,,No shade (AllTrails tag),,,,,1.0,,1.0,,https://www.alltrails.com/trail/new-zealand/northland/te-paki-coastal-track,All five fields sourced from retrieved AllTrails listing text (indexed content); replaced,legacy tags; not reverified after route replacements,not checked,,,0
NZ307,Kina Beach Circuit,Nelson-Tasman,6.9201792,AllTrails,133.8072,AllTrails,,1.6833333333333333,Easy,Loop,,,,,,,,,,,https://www.alltrails.com/trail/new-zealand/nelson-tasman/kina-beach-circuit,All five fields sourced from retrieved AllTrails listing text (indexed content); replaced,legacy tags; not reverified after route replacements,not checked,,,0
NZ308,Whispering Falls Track,Nelson-Tasman,7.7248512,AllTrails,202.9968,AllTrails,,2.066666666666667,Moderate,Out & back,1.0,,,,1.0,,1.0,,1.0,,https://www.alltrails.com/trail/new-zealand/nelson-tasman/whispering-falls-track,All five fields sourced from retrieved AllTrails listing text (indexed content); replaced; listing marked closed,legacy tags; not reverified after route replacements,previously marked closed,,,0
NZ309,Leslie-Karamea Track (Thor Hut to Trevor Carter Hut),Nelson-Tasman,9.3341952,AllTrails,298.704,AllTrails,,2.5666666666666664,Moderate,Point to point,1.0,,,1.0,,,1.0,,,,https://www.alltrails.com/trail/new-zealand/nelson-tasman/leslie-karamea-track-thor-hut-to-trevor-carter-hut,All five fields sourced from retrieved AllTrails listing text (indexed content); replaced,legacy tags; not reverified after route replacements,not checked,,,0
NZ310,Hawkes Lookout Walk,Nelson-Tasman,0.804672,AllTrails,17.9832,AllTrails,,0.21666666666666667,Easy,Out & back,,,,,,,,,,,https://www.alltrails.com/trail/new-zealand/nelson-tasman/hawkes-lookout-walk,All five fields sourced from retrieved AllTrails listing text (indexed content); replaced,legacy tags; not reverified after route replacements,not checked,,,0
NZ311,The Old Ghost Road: Lyell Campsite to Lyell Saddle Hut,Nelson-Tasman,16.576243200000004,AllTrails,1095.756,AllTrails,,5.383333333333334,Hard,Point to point,,,,,,,,,,,https://www.alltrails.com/trail/new-zealand/nelson-tasman/the-old-ghost-road-lyell-campsite-to-lyell-saddle-hut,All five fields sourced from retrieved AllTrails listing text (indexed content); replaced,legacy tags; not reverified after route replacements,not checked,,,0
NZ312,Kohaihai Lookout Track,Nelson-Tasman,1.609344,AllTrails,143.8656,AllTrails,,0.7833333333333333,Moderate,Out & back,,,,,,,,,,,https://www.alltrails.com/trail/new-zealand/nelson-tasman/kohaihai-lookout-track,All five fields sourced from retrieved AllTrails listing text (indexed content); replaced,legacy tags; not reverified after route replacements,not checked,,,0
NZ313,Potholes Walk,Nelson-Tasman,2.414016,AllTrails,66.7512,AllTrails,,0.6666666666666666,Easy,Loop,1.0,,,,,,1.0,,,,https://www.alltrails.com/trail/new-zealand/nelson-tasman/potholes-walk,All five fields sourced from retrieved AllTrails listing text (indexed content); replaced,legacy tags; not reverified after route replacements,not checked,,,0
NZ314,Dun Mountain Trail,Nelson-Tasman,37.3367808,AllTrails,1477.9752,AllTrails,,12–13,Hard,Loop,,,,,,,,,,,https://www.alltrails.com/trail/new-zealand/nelson-tasman/dun-mountain-trail,All five fields sourced from retrieved AllTrails listing text (indexed content); replaced,legacy tags; not reverified after route replacements,not checked,,,0
NZ315,Botanical and Puriri Track via Tanekaha Falls,Northland,7.2420480000000005,AllTrails,294.7416,AllTrails,,2.3,Moderate,Loop,,,,,,,,,,,https://www.alltrails.com/trail/new-zealand/northland/botanical-and-puriri-track-via-tanekaha-falls,All five fields sourced from retrieved AllTrails listing text (indexed content); replaced,legacy tags; not reverified after route replacements,not checked,,,0
NZ316,Charlies Rock Walkway,Northland,1.1265408,AllTrails,7.9248,AllTrails,,0.23333333333333334,Easy,Out & back,,,,,,,,,,,https://www.alltrails.com/trail/new-zealand/northland/charlies-rock-walkway,All five fields sourced from retrieved AllTrails listing text (indexed content); replaced,legacy tags; not reverified after route replacements,not checked,,,0
NZ317,Trounson Kauri Walk,Northland,1.9312128,AllTrails,53.949600000000004,AllTrails,,0.5166666666666667,Easy,Loop,,,,,,,,,,,https://www.alltrails.com/trail/new-zealand/northland/trounson-kauri-walk,All five fields sourced from retrieved AllTrails listing text (indexed content); replaced,legacy tags; not reverified after route replacements,not checked,,,0
NZ318,Mangemangeroa Shelly Park Beach Path,Auckland,5.793638400000001,AllTrails,140.8176,AllTrails,,1.5333333333333332,Moderate,Out & back,,,,,,,,,,,https://www.alltrails.com/trail/new-zealand/auckland/mangemangeroa-shelly-park-beach-path,All five fields sourced from retrieved AllTrails listing text (indexed content); replaced,legacy tags; not reverified after route replacements,not checked,,,0
NZ319,Hilltop View Loop Track,Marlborough,5.3108352,AllTrails,235.9152,AllTrails,,1.7666666666666666,Moderate,Loop,,,,,,,,,,,https://www.alltrails.com/trail/new-zealand/marlborough/hilltop-view-loop-track,All five fields sourced from retrieved AllTrails listing text (indexed content); replaced,legacy tags; not reverified after route replacements,not checked,,,0
NZ320,The Link Pathway: Picton to Anakiwa,Marlborough,22.0480128,AllTrails,540.7152,AllTrails,,5.816666666666666,Hard,Point to point,,,,,,,,,,,https://www.alltrails.com/trail/new-zealand/marlborough/the-link-pathway-picton-to-anakiwa,All five fields sourced from retrieved AllTrails listing text (indexed content); replaced,legacy tags; not reverified after route replacements,not checked,,,0
NZ321,Lake Chalice Hut Track,Marlborough,4.828032,AllTrails,412.6992,AllTrails,,2.3,Hard,Out & back,,,,,,,,,,,https://www.alltrails.com/trail/new-zealand/marlborough/lake-chalice-hut-track,All five fields sourced from retrieved AllTrails listing text (indexed content); replaced,legacy tags; not reverified after route replacements,not checked,,,0
NZ322,Tirohanga Track,Marlborough,6.1155072,AllTrails,427.9392,AllTrails,,2.5666666666666664,Hard,Out & back,1.0,Native bush; shaded lower slopes,1.0,0.0,0.0,1.0,0.0,0.0,1.0,Steep Picton hill loop to harbour viewpoint,https://www.alltrails.com/trail/new-zealand/marlborough/tirohanga-track,All five fields sourced from retrieved AllTrails listing text (indexed content); retained,legacy tags; not reverified after route replacements,not checked,,,0
NZ323,Picton to Waikawa Track,Marlborough,7.563916800000001,AllTrails,150.876,AllTrails,,1.85,Moderate,Out & back,,,,,,,,,,,https://www.alltrails.com/trail/new-zealand/marlborough/picton-to-waikawa-track,All five fields sourced from retrieved AllTrails listing text (indexed content); replaced,legacy tags; not reverified after route replacements,not checked,,,0
NZ324,Lake Chalice Loop Track,Marlborough,10.782604800000001,AllTrails,567.8424,AllTrails,,3.8833333333333333,Moderate,Loop,1.0,,,1.0,,,,,1.0,,https://www.alltrails.com/trail/new-zealand/marlborough/lake-chalice-loop-track,All five fields sourced from retrieved AllTrails listing text (indexed content); replaced,legacy tags; not reverified after route replacements,not checked,,,0
NZ325,Mount Robertson Loop Track,Marlborough,10.782604800000001,AllTrails,710.7936000000001,AllTrails,,4.383333333333334,Hard,Loop,1.0,,,,,,,,1.0,,https://www.alltrails.com/trail/new-zealand/marlborough/mount-robertson-loop-track,All five fields sourced from retrieved AllTrails listing text (indexed content); replaced,legacy tags; not reverified after route replacements,not checked,,,0
NZ326,Lower and Upper Bobs Bay Track Loop,Marlborough,3.3796224000000006,AllTrails,89.91600000000001,AllTrails,,0.9166666666666666,Easy,Loop,,,,,,,,,1.0,,https://www.alltrails.com/trail/new-zealand/marlborough/lower-and-upper-bobs-bay-track-loop,All five fields sourced from retrieved AllTrails listing text (indexed content); replaced,legacy tags; not reverified after route replacements,not checked,,,0
NZ327,Fosters Hut via Wakamarino Track,Marlborough,15.4497024,AllTrails,668.7312000000001,AllTrails,,5.05,Hard,Out & back,1.0,,,,,,,,1.0,,https://www.alltrails.com/trail/new-zealand/marlborough/fosters-hut-via-wakamarino-track,All five fields sourced from retrieved AllTrails listing text (indexed content); replaced,legacy tags; not reverified after route replacements,not checked,,,0
NZ328,Marfells Beach Campsite to The Pier,Marlborough,5.3108352,AllTrails,87.78240000000001,AllTrails,,1.25,Easy,Loop,,,,,,,,,1.0,,https://www.alltrails.com/trail/new-zealand/marlborough/marfells-beach-campsite-to-the-pier,All five fields sourced from retrieved AllTrails listing text (indexed content); replaced,legacy tags; not reverified after route replacements,not checked,,,0
NZ329,Queen Charlotte Track: Endeavour Inlet to Camp Bay,Marlborough,10.6216704,AllTrails,315.7728,AllTrails,,2.966666666666667,Moderate,Point to point,1.0,Coastal forest; substantial shade,1.0,0.0,0.0,1.0,0.0,0.0,1.0,Undulating coastal QCT section,https://www.alltrails.com/trail/new-zealand/marlborough/queen-charlotte-track-endeavour-inlet-to-camp-bay,All five fields sourced from retrieved AllTrails listing text (indexed content); retained,legacy tags; not reverified after route replacements,not checked,,,0
NZ330,Pelorus Bridge Circle Loop Track,Marlborough,2.2530816,AllTrails,56.997600000000006,AllTrails,,0.6,Easy,Loop,1.0,,,,,,1.0,,1.0,,https://www.alltrails.com/trail/new-zealand/marlborough/pelorus-bridge-circle-loop-track,All five fields sourced from retrieved AllTrails listing text (indexed content); replaced,legacy tags; not reverified after route replacements,not checked,,,0
NZ331,Bay of Many Coves Costal Walk,Marlborough,6.1155072,AllTrails,287.7312,AllTrails,,2.0833333333333335,Moderate,Out & back,,,,,,,,,,,https://www.alltrails.com/trail/new-zealand/marlborough/bay-of-many-coves-costal-walk,All five fields sourced from retrieved AllTrails listing text (indexed content); replaced,legacy tags; not reverified after route replacements,not checked,,,0
NZ332,Waitawheta Hut Loop Track,Waikato,24.4620288,AllTrails,1152.7536,AllTrails,,8.333333333333334,Hard,Loop,,,,,,,,,,,https://www.alltrails.com/trail/new-zealand/waikato/waitawheta-hut-loop-track,All five fields sourced from retrieved AllTrails listing text (indexed content); replaced,legacy tags; not reverified after route replacements,not checked,,,0
NZ333,Piripiri Cave Walk,Waikato,0.32186880000000007,AllTrails,9.7536,AllTrails,,0.11666666666666667,Easy,Out & back,,,,,,,,,,,https://www.alltrails.com/trail/new-zealand/waikato/piripiri-cave-walk,All five fields sourced from retrieved AllTrails listing text (indexed content); replaced,legacy tags; not reverified after route replacements,not checked,,,0
NZ334,Waikawau Tunnel Beach Walk,Waikato,0.32186880000000007,AllTrails,12.8016,AllTrails,,0.08333333333333333,Moderate,Out & back,,,,,,,,,,,https://www.alltrails.com/trail/new-zealand/waikato/waikawau-tunnel-beach-walk,All five fields sourced from retrieved AllTrails listing text (indexed content); replaced,legacy tags; not reverified after route replacements,not checked,,,0
NZ335,Marokopa Falls Walk,Waikato,0.804672,AllTrails,24.9936,AllTrails,,0.23333333333333334,Easy,Out & back,,,,,,,,,,,https://www.alltrails.com/trail/new-zealand/waikato/marokopa-falls-walk,All five fields sourced from retrieved AllTrails listing text (indexed content); replaced,legacy tags; not reverified after route replacements,not checked,,,0
NZ336,Haruru Falls Walk,Northland,0.16093440000000003,AllTrails,2.7432000000000003,AllTrails,,0.03333333333333333,Easy,Out & back,,,,,,,,,,,https://www.alltrails.com/trail/new-zealand/northland/haruru-falls-walk,All five fields sourced from retrieved AllTrails listing text (indexed content); replaced,legacy tags; not reverified after route replacements,not checked,,,0
NZ337,Waikato River Trails: Karapiro Section,Waikato,11.4263424,AllTrails,622.7064,AllTrails,,4–4.5,Moderate,Point to point,,,,,,,,,,,https://www.alltrails.com/trail/new-zealand/waikato/waikato-river-trails-karapiro-section,All five fields sourced from retrieved AllTrails listing text (indexed content); replaced,legacy tags; not reverified after route replacements,not checked,,,0
NZ338,Black Hill Loop Track,Waikato,4.184294400000001,AllTrails,229.81920000000002,AllTrails,,1.55,Moderate,Loop,1.0,,,,,,1.0,,1.0,,https://www.alltrails.com/trail/new-zealand/waikato/black-hill-loop-track,All five fields sourced from retrieved AllTrails listing text (indexed content); replaced,legacy tags; not reverified after route replacements,not checked,,,0
NZ339,Ruakuri Lookout Walk,Waikato,0.9656064,AllTrails,36.8808,AllTrails,,0.2833333333333333,Moderate,Out & back,1.0,,,,,,,,1.0,,https://www.alltrails.com/trail/new-zealand/waikato/ruakuri-lookout-walk,All five fields sourced from retrieved AllTrails listing text (indexed content); replaced,legacy tags; not reverified after route replacements,not checked,,,0
NZ340,Marokopa Loop Walk,Waikato,2.0921472000000003,AllTrails,32.9184,AllTrails,,0.48333333333333334,Easy,Loop,,,,,,,1.0,,,,https://www.alltrails.com/trail/new-zealand/waikato/marokopa-loop-walk,All five fields sourced from retrieved AllTrails listing text (indexed content); replaced,legacy tags; not reverified after route replacements,not checked,,,0
NZ341,Dickey Flat to Karangahake Loop,Waikato,9.173260800000001,AllTrails,763.8288,AllTrails,,4.266666666666667,Hard,Loop,1.0,,,,1.0,,1.0,,1.0,,https://www.alltrails.com/trail/new-zealand/waikato/dickey-flat-to-karangahake-loop,All five fields sourced from retrieved AllTrails listing text (indexed content); replaced,legacy tags; not reverified after route replacements,not checked,,,0
NZ342,Withey's Loop Track,Auckland,7.7248512,AllTrails,319.7352,AllTrails,,2.4833333333333334,Moderate,Loop,,,,,,,,,,,https://www.alltrails.com/trail/new-zealand/auckland/withey-s-loop-track,All five fields sourced from retrieved AllTrails listing text (indexed content); replaced,legacy tags; not reverified after route replacements,not checked,,,0
NZ343,Pokeno Waterfalls Walk,Waikato,0.804672,AllTrails,9.7536,AllTrails,,0.16666666666666666,Easy,Out & back,,,,,1.0,,,,1.0,,https://www.alltrails.com/trail/new-zealand/waikato/pokeno-waterfalls-walk,All five fields sourced from retrieved AllTrails listing text (indexed content); replaced,legacy tags; not reverified after route replacements,not checked,,,0
NZ344,Mount Putauaki Track,Bay of Plenty,7.081113600000001,AllTrails,541.9344,AllTrails,,3.15,Hard,Out & back,,,,,,,,,,,https://www.alltrails.com/trail/new-zealand/bay-of-plenty/mount-putauaki-track--2,All five fields sourced from retrieved AllTrails listing text (indexed content); replaced,legacy tags; not reverified after route replacements,not checked,,,0
NZ345,Wahine Rock via North South Track and Te Rereatukahia Hut,Bay of Plenty,16.898112,AllTrails,990.9048,AllTrails,,6.45,Hard,Out & back,,,,,,,,,,,https://www.alltrails.com/trail/new-zealand/bay-of-plenty/north-south-track-loop,All five fields sourced from retrieved AllTrails listing text (indexed content); replaced,legacy tags; not reverified after route replacements,not checked,,,0
NZ346,Karangahake Mountain Track Loop,Waikato,9.0123264,AllTrails,549.8592,AllTrails,,3.5166666666666666,Hard,Loop,1.0,,,,,,1.0,,1.0,,https://www.alltrails.com/trail/new-zealand/waikato/karangahake-mountain-track-loop,All five fields sourced from retrieved AllTrails listing text (indexed content); replaced,legacy tags; not reverified after route replacements,not checked,,,0
NZ347,Dry Creek Waterfall Track,Wellington,2.414016,AllTrails,76.8096,AllTrails,,0.6833333333333333,Easy,Out & back,,,,,,,,,,,https://www.alltrails.com/trail/new-zealand/wellington/dry-creek-waterfall-track,All five fields sourced from retrieved AllTrails listing text (indexed content); replaced,legacy tags; not reverified after route replacements,not checked,,,0
NZ348,Te Rereatukahia Hut from Wharawhara Road,Bay of Plenty,10.9435392,AllTrails,691.8960000000001,AllTrails,,4.35,Hard,Out & back,,,,,,,,,,,https://www.alltrails.com/trail/new-zealand/bay-of-plenty/te-rereatukahia-hut-from-wharawhara-road,All five fields sourced from retrieved AllTrails listing text (indexed content); replaced,legacy tags; not reverified after route replacements,not checked,,,0
NZ349,Lake Tekapo Peninsula Walkway,Canterbury,5.3108352,AllTrails,121.92,AllTrails,,1.3666666666666667,Easy,Loop,,No shade (AllTrails tag),,1.0,,,,,1.0,,https://www.alltrails.com/trail/new-zealand/canterbury/lake-tekapo-peninsula-walkway,All five fields sourced from retrieved AllTrails listing text (indexed content); replaced,legacy tags; not reverified after route replacements,not checked,,,0
NZ350,St James Homestead to Cow Stream Hot Pools and Scotties Hut,Canterbury,16.576243200000004,AllTrails,228.90480000000002,AllTrails,,4.016666666666667,Moderate,Point to point,,,,,,,,,,,https://www.alltrails.com/trail/new-zealand/canterbury/st-james-homestead-to-cow-stream-hot-pools-and-scotties-hut,All five fields sourced from retrieved AllTrails listing text (indexed content); replaced,legacy tags; not reverified after route replacements,not checked,,,0
NZ351,Boundary Creek Hut from Hakatere Heron Road,Canterbury,12.874752,AllTrails,395.9352,AllTrails,,3.216666666666667,Moderate,Point to point,,,,,,,1.0,,1.0,,https://www.alltrails.com/trail/new-zealand/canterbury/boundary-creek-hut-from-hakatere-heron-road,All five fields sourced from retrieved AllTrails listing text (indexed content); replaced,legacy tags; not reverified after route replacements,not checked,,,0
NZ352,Podocarp Loop Track,Canterbury,6.437376,AllTrails,319.7352,AllTrails,,2.25,Moderate,Loop,,,,,,,,,,,https://www.alltrails.com/trail/new-zealand/canterbury/podocarp-loop-track,All five fields sourced from retrieved AllTrails listing text (indexed content); replaced,legacy tags; not reverified after route replacements,not checked,,,0
NZ353,Woodland Walk and Conical Hill Loop,Canterbury,4.345228800000001,AllTrails,169.77360000000002,AllTrails,,1.3666666666666667,Easy,Loop,,,,,,,,,,,https://www.alltrails.com/trail/new-zealand/canterbury/woodland-walk-and-conical-hill-loop,All five fields sourced from retrieved AllTrails listing text (indexed content); replaced,legacy tags; not reverified after route replacements,not checked,,,0
NZ354,Dog Stream Reserve Walk,Canterbury,2.8968192000000004,AllTrails,34.7472,AllTrails,,0.6333333333333333,Easy,Loop,1.0,,,,,,1.0,,,,https://www.alltrails.com/trail/new-zealand/canterbury/dog-stream-reserve-walk,All five fields sourced from retrieved AllTrails listing text (indexed content); replaced,legacy tags; not reverified after route replacements,not checked,,,0
NZ355,Karamu Walkway North,Waikato,6.437376,AllTrails,233.78160000000003,AllTrails,,1.9333333333333333,Moderate,Out & back,,,,,,,,,,,https://www.alltrails.com/trail/new-zealand/waikato/karamu-walkway-north,All five fields sourced from retrieved AllTrails listing text (indexed content); replaced,legacy tags; not reverified after route replacements,not checked,,,0
NZ356,Hakarimata Walkway,Waikato,12.391948800000002,AllTrails,858.9264000000001,AllTrails,,5.183333333333334,Hard,Point to point,,,,,,,,,,,https://www.alltrails.com/trail/new-zealand/waikato/hakarimata-walkway--2,All five fields sourced from retrieved AllTrails listing text (indexed content); replaced,legacy tags; not reverified after route replacements,not checked,,,0
NZ357,Karamu Walkway South,Waikato,7.885785600000001,AllTrails,194.7672,AllTrails,,2.3666666666666667,Moderate,Point to point,1.0,,,,,,,,1.0,,https://www.alltrails.com/trail/new-zealand/waikato/karamu-walkway-south,All five fields sourced from retrieved AllTrails listing text (indexed content); replaced,legacy tags; not reverified after route replacements,not checked,,,0
NZ358,Palmers Track,Auckland,6.759244800000001,AllTrails,425.8056,AllTrails,,2.6833333333333336,Hard,Out & back,1.0,,,,,,,,1.0,,https://www.alltrails.com/trail/new-zealand/auckland/palmers-track,All five fields sourced from retrieved AllTrails listing text (indexed content); replaced,legacy tags; not reverified after route replacements,not checked,,,0
NZ359,Sentinel Rock Walk,West Coast,0.804672,AllTrails,23.7744,AllTrails,,0.21666666666666667,Easy,Out & back,1.0,Rainforest; partial shade,1.0,0.0,0.0,0.0,1.0,1.0,1.0,Short glacier-valley lookout walk,https://www.alltrails.com/trail/new-zealand/west-coast/sentinel-rock-walk,All five fields sourced from retrieved AllTrails listing text (indexed content); retained,legacy tags; not reverified after route replacements,not checked,,,0
NZ360,The Great New Zealand River Ride: Ngaruawhia- Karapiro,Waikato,64.5346944,AllTrails,1380.7440000000001,AllTrails,,16.066666666666666,Hard,Point to point,,,,,,,,,,,https://www.alltrails.com/trail/new-zealand/waikato/the-great-new-zealand-river-ride-ngaruawhia-karapiro,All five fields sourced from retrieved AllTrails listing text (indexed content); replaced,legacy tags; not reverified after route replacements,not checked,,,0
NZ361,Minnehaha Walk,West Coast,0.9656064,AllTrails,13.716000000000001,AllTrails,,0.21666666666666667,Easy,Loop,1.0,Dense rainforest; shaded,0.0,0.0,0.0,0.0,1.0,0.0,0.0,Easy night-friendly rainforest loop near Fox Glacier,https://www.alltrails.com/trail/new-zealand/west-coast/minnehaha-walk,All five fields sourced from retrieved AllTrails listing text (indexed content); retained,legacy tags; not reverified after route replacements,not checked,,,0
NZ362,Ruakuri Tunnels Walk,Waikato,1.1265408,AllTrails,34.7472,AllTrails,,0.31666666666666665,Moderate,Loop,,,,,,,,,,,https://www.alltrails.com/trail/new-zealand/waikato/ruakuri-tunnels-walk,All five fields sourced from retrieved AllTrails listing text (indexed content); replaced,legacy tags; not reverified after route replacements,not checked,,,0
NZ363,Whatipu Gibbons Loop Track,Auckland,17.2199808,AllTrails,503.8344,AllTrails,,4.783333333333333,Hard,Loop,1.0,,,,,,,,1.0,,https://www.alltrails.com/trail/new-zealand/auckland/whatipu-gibbons-loop-track,All five fields sourced from retrieved AllTrails listing text (indexed content); replaced,legacy tags; not reverified after route replacements,not checked,,,0
NZ364,Hauraki Rail Trail: Thames to Paeroa,Waikato,30.738470400000004,AllTrails,195.9864,AllTrails,,6.1,Moderate,Point to point,,,,,,,,,,,https://www.alltrails.com/trail/new-zealand/waikato/hauraki-rail-trail-thames-to-paeroa,All five fields sourced from retrieved AllTrails listing text (indexed content); replaced,legacy tags; not reverified after route replacements,not checked,,,0
NZ365,Tiritiri Matangi Perimeter Loop,Auckland,7.563916800000001,AllTrails,240.792,AllTrails,,2.1666666666666665,Moderate,Loop,,,,,,,,,,,https://www.alltrails.com/trail/new-zealand/auckland/tiritiri-matangi-perimeter-loop,All five fields sourced from retrieved AllTrails listing text (indexed content); replaced,legacy tags; not reverified after route replacements,not checked,,,0
NZ366,Fantail Falls Walk,West Coast,0.32186880000000007,AllTrails,7.9248,AllTrails,,0.08333333333333333,Easy,Out & back,1.0,Beech forest; shaded,0.0,0.0,1.0,0.0,1.0,0.0,0.0,Very short forest walk to waterfall,https://www.alltrails.com/trail/new-zealand/west-coast/fantail-falls-walk,All five fields sourced from retrieved AllTrails listing text (indexed content); retained,legacy tags; not reverified after route replacements,not checked,,,0
NZ367,Rapaura Watergardens Walk,Waikato,1.9312128,AllTrails,48.768,AllTrails,,0.5,Moderate,Out & back,,,,,,,,,,,https://www.alltrails.com/trail/new-zealand/waikato/rapaura-watergardens-walk,All five fields sourced from retrieved AllTrails listing text (indexed content); replaced,legacy tags; not reverified after route replacements,not checked,,,0
NZ368,Link Road to The Centre of North Island Walk,Waikato,7.081113600000001,AllTrails,362.71200000000005,AllTrails,,2.533333333333333,Moderate,Out & back,1.0,,,,,,,,,,https://www.alltrails.com/trail/new-zealand/waikato/link-road-to-the-centre-of-north-island-walk,All five fields sourced from retrieved AllTrails listing text (indexed content); replaced,legacy tags; not reverified after route replacements,not checked,,,0
NZ369,Karangahake Gorge Loop,Waikato,14.6450304,AllTrails,794.9184,AllTrails,,5.35,Hard,Loop,1.0,,,,1.0,,1.0,,1.0,,https://www.alltrails.com/trail/new-zealand/waikato/karangahake-gorge-loop,All five fields sourced from retrieved AllTrails listing text (indexed content); replaced,legacy tags; not reverified after route replacements,not checked,,,0
NZ370,Smoothwater Bay Track,West Coast,7.885785600000001,AllTrails,144.78,AllTrails,,1.8666666666666667,Moderate,Out & back,1.0,Coastal rainforest; shaded,0.0,0.0,0.0,1.0,1.0,0.0,1.0,Remote forest/coastal route to Smoothwater Bay,https://www.alltrails.com/trail/new-zealand/west-coast/smoothwater-bay-track,All five fields sourced from retrieved AllTrails listing text (indexed content); retained,legacy tags; not reverified after route replacements,not checked,,,0
NZ371,Gums Loop Track,Wellington,3.0577536,AllTrails,42.976800000000004,AllTrails,,0.6833333333333333,Easy,Loop,,,,,,,,,,,https://www.alltrails.com/trail/new-zealand/wellington/gums-loop-track,All five fields sourced from retrieved AllTrails listing text (indexed content); replaced,legacy tags; not reverified after route replacements,not checked,,,0
NZ372,Tairua Waterfront Walk,Waikato,4.02336,AllTrails,23.7744,AllTrails,,0.7833333333333333,Easy,Out & back,,,,,,,,,1.0,,https://www.alltrails.com/trail/new-zealand/waikato/tairua-waterfront-walk,All five fields sourced from retrieved AllTrails listing text (indexed content); replaced,legacy tags; not reverified after route replacements,not checked,,,0
NZ373,Pauanui Trail,Waikato,9.0123264,AllTrails,375.8184,AllTrails,,2.9,Moderate,Out & back,,,,,,,,,,,https://www.alltrails.com/trail/new-zealand/waikato/pauanui-trail,All five fields sourced from retrieved AllTrails listing text (indexed content); replaced,legacy tags; not reverified after route replacements,not checked,,,0
NZ374,Historic Waihohonu Hut Track,Waikato,12.713817600000002,AllTrails,211.836,AllTrails,,2.966666666666667,Moderate,Out & back,,,,,,,,,,,https://www.alltrails.com/trail/new-zealand/waikato/historic-waihohonu-hut-track,All five fields sourced from retrieved AllTrails listing text (indexed content); replaced,legacy tags; not reverified after route replacements,not checked,,,0
NZ375,Waihohunu Track,Waikato,5.632704,AllTrails,153.924,AllTrails,,1.3166666666666667,Moderate,Point to point,,,,,,,1.0,,1.0,,https://www.alltrails.com/trail/new-zealand/waikato/waihohunu-track,All five fields sourced from retrieved AllTrails listing text (indexed content); replaced,legacy tags; not reverified after route replacements,not checked,,,0
NZ376,Rainbow Falls from SH10,Northland,6.437376,AllTrails,139.9032,AllTrails,,1.6166666666666667,Moderate,Out & back,,,,,,,,,,,https://www.alltrails.com/trail/new-zealand/northland/rainbow-falls-from-sh10,All five fields sourced from retrieved AllTrails listing text (indexed content); replaced,legacy tags; not reverified after route replacements,not checked,,,0
NZ377,Tahuna Coastal Walk,Northland,3.218688,AllTrails,61.8744,AllTrails,,0.7833333333333333,Moderate,Loop,,,,,,,,,1.0,,https://www.alltrails.com/trail/new-zealand/northland/tahuna-coastal-walk,All five fields sourced from retrieved AllTrails listing text (indexed content); replaced,legacy tags; not reverified after route replacements,not checked,,,0
NZ378,Bayleys Beach Walk,Northland,4.988966400000001,AllTrails,60.96,AllTrails,,1.0833333333333333,Moderate,Out & back,,,,,,,,,,,https://www.alltrails.com/trail/new-zealand/northland/bayleys-beach-walk,All five fields sourced from retrieved AllTrails listing text (indexed content); replaced,legacy tags; not reverified after route replacements,not checked,,,0
NZ379,Abbey Caves Walk,Northland,1.609344,AllTrails,67.9704,AllTrails,,0.55,Moderate,Loop,,,,,,,,,,,https://www.alltrails.com/trail/new-zealand/northland/abbey-caves-walk,All five fields sourced from retrieved AllTrails listing text (indexed content); replaced,legacy tags; not reverified after route replacements,not checked,,,0
NZ380,Hatea River Walk,Northland,3.8624256,AllTrails,60.96,AllTrails,,0.8833333333333333,Easy,Out & back,1.0,,,,,,,,,,https://www.alltrails.com/trail/new-zealand/northland/hatea-river-walk,All five fields sourced from retrieved AllTrails listing text (indexed content); replaced,legacy tags; not reverified after route replacements,not checked,,,0
NZ381,Opua Kauri Walk,Northland,0.804672,AllTrails,23.7744,AllTrails,,0.21666666666666667,Easy,Out & back,,,,,,,,,,,https://www.alltrails.com/trail/new-zealand/northland/opua-kauri-walk,All five fields sourced from retrieved AllTrails listing text (indexed content); replaced,legacy tags; not reverified after route replacements,not checked,,,0
NZ382,Mangawhai Cliffs Walkway Loop (Low Tide Only),Northland,8.2076544,AllTrails,202.9968,AllTrails,,2.15,Moderate,Loop,,,,,,,,,1.0,,https://www.alltrails.com/trail/new-zealand/northland/mangawhai-cliffs-walkway-loop-low-tide-only,All five fields sourced from retrieved AllTrails listing text (indexed content); replaced,legacy tags; not reverified after route replacements,not checked,,,0
NZ383,Rerekapa Falls from Mangapapa Road,Manawatū-Whanganui,5.793638400000001,AllTrails,186.8424,AllTrails,,1.6666666666666665,Moderate,Out & back,,,,,,,,,,,https://www.alltrails.com/trail/new-zealand/manawatu-wanganui/rerekapa-falls-from-mangapapa-road,All five fields sourced from retrieved AllTrails listing text (indexed content); replaced,legacy tags; not reverified after route replacements,not checked,,,0
NZ384,Hapauwhenua Viaducts from Marshalls Road Carpark,Manawatū-Whanganui,7.2420480000000005,AllTrails,240.792,AllTrails,,2.1166666666666667,Moderate,Out & back,1.0,,,,,,1.0,,1.0,,https://www.alltrails.com/trail/new-zealand/manawatu-wanganui/hapauwhenua-viaducts-from-marshalls-road-carpark,All five fields sourced from retrieved AllTrails listing text (indexed content); replaced,legacy tags; not reverified after route replacements,not checked,,,0
NZ385,Cape Brett Track,Northland,30.255667200000005,AllTrails,1790.7,AllTrails,345.0,11.583333333333334,Hard,Out & back,1.0,Coastal forest and exposed ridges,1.0,0.0,0.0,1.0,0.0,0.0,1.0,Demanding coastal ridge track to Cape Brett lighthouse,https://www.alltrails.com/trail/new-zealand/northland/cape-brett-track,All five fields sourced from retrieved AllTrails listing text (indexed content); retained,legacy tags; not reverified after route replacements,not checked,,,0
NZ386,Kaiparoro Track,Manawatū-Whanganui,6.9201792,AllTrails,629.7168,AllTrails,,3.4166666666666665,Hard,Out & back,,,,,,,,,,,https://www.alltrails.com/trail/new-zealand/manawatu-wanganui/kaiparoro-track,All five fields sourced from retrieved AllTrails listing text (indexed content); replaced,legacy tags; not reverified after route replacements,not checked,,,0
NZ387,Tāhekerua (Sharplin Falls Track),Canterbury,2.414016,AllTrails,97.8408,AllTrails,,0.75,Moderate,Out & back,1.0,,,,,,1.0,,,,https://www.alltrails.com/trail/new-zealand/canterbury/sharplin-falls-track,All five fields sourced from retrieved AllTrails listing text (indexed content); replaced,legacy tags; not reverified after route replacements,not checked,,,0
NZ388,Bason Botanical Gardens Walk,Manawatū-Whanganui,2.5749504000000005,AllTrails,51.816,AllTrails,,0.6333333333333333,Easy,Loop,1.0,,,1.0,,,,,1.0,,https://www.alltrails.com/trail/new-zealand/manawatu-wanganui/bason-botanical-gardens-walk,All five fields sourced from retrieved AllTrails listing text (indexed content); replaced,legacy tags; not reverified after route replacements,not checked,,,0
NZ389,Ian McKean Pinetum Walk,Manawatū-Whanganui,3.5405568000000005,AllTrails,171.90720000000002,AllTrails,,1.2333333333333334,Moderate,Out & back,,,,,,,,,,,https://www.alltrails.com/trail/new-zealand/manawatu-wanganui/ian-mckean-pinetum-walk,All five fields sourced from retrieved AllTrails listing text (indexed content); replaced,legacy tags; not reverified after route replacements,not checked,,,0
NZ390,Te Matua Ngahere Walk,Northland,2.414016,AllTrails,50.9016,AllTrails,,0.6,Easy,Out & back,1.0,Kauri forest; shaded,0.0,0.0,0.0,0.0,0.0,0.0,0.0,Forest path to massive ancient kauri,https://www.alltrails.com/trail/new-zealand/northland/te-matua-ngahere-walk,All five fields sourced from retrieved AllTrails listing text (indexed content); retained,legacy tags; not reverified after route replacements,not checked,,,0
NZ391,Lake Rotokura Track,Manawatū-Whanganui,3.218688,AllTrails,103.9368,AllTrails,,0.9166666666666666,Easy,Loop,1.0,,,1.0,,,,,1.0,,https://www.alltrails.com/trail/new-zealand/manawatu-wanganui/lake-rotokur-track,All five fields sourced from retrieved AllTrails listing text (indexed content); replaced,legacy tags; not reverified after route replacements,not checked,,,0
NZ392,Lake Tennyson Campsite Walk,Canterbury,2.0921472000000003,AllTrails,23.7744,AllTrails,,0.45,Easy,Out & back,,,,,,,,,,,https://www.alltrails.com/trail/new-zealand/canterbury/lake-tennyson-campsite-walk,All five fields sourced from retrieved AllTrails listing text (indexed content); replaced,legacy tags; not reverified after route replacements,not checked,,,0
NZ393,Kahuterawa Loop,Manawatū-Whanganui,1.609344,AllTrails,52.7304,AllTrails,,0.48333333333333334,Easy,Loop,,,,,,,,,,,https://www.alltrails.com/trail/new-zealand/manawatu-wanganui/kahuterawa-loop,All five fields sourced from retrieved AllTrails listing text (indexed content); replaced,legacy tags; not reverified after route replacements,not checked,,,0
NZ394,Kaikoura Peninsula Loop,Canterbury,12.713817600000002,AllTrails,238.9632,AllTrails,,3.066666666666667,Moderate,Loop,,,,,,,,,1.0,,https://www.alltrails.com/trail/new-zealand/canterbury/kaikoura-peninsula-loop,All five fields sourced from retrieved AllTrails listing text (indexed content); replaced,legacy tags; not reverified after route replacements,not checked,,,0
NZ395,Whatipu Beach Track,Auckland,1.1265408,AllTrails,5.7912,AllTrails,,0.21666666666666667,Easy,Out & back,,,,,,,,,1.0,,https://www.alltrails.com/trail/new-zealand/auckland/whatipu-beach-track,All five fields sourced from retrieved AllTrails listing text (indexed content); replaced,legacy tags; not reverified after route replacements,not checked,,,0
NZ396,Omanawa Falls Track,Bay of Plenty,1.9312128,AllTrails,121.92,AllTrails,,0.7666666666666667,Moderate,Out & back,,,,,,,,,,,https://www.alltrails.com/trail/new-zealand/bay-of-plenty/omanawa-falls-track,All five fields sourced from retrieved AllTrails listing text (indexed content); replaced,legacy tags; not reverified after route replacements,not checked,,,0
NZ397,Buck Rock Track and Low Level Track Circular,Waikato,6.1155072,AllTrails,392.8872,AllTrails,,2.45,Hard,Loop,,,,,,,,,,,https://www.alltrails.com/trail/new-zealand/waikato/buck-rock-track-and-low-level-track-circular,All five fields sourced from retrieved AllTrails listing text (indexed content); replaced,legacy tags; not reverified after route replacements,not checked,,,0
NZ398,Morrinsville River Walk,Waikato,2.2530816,AllTrails,24.9936,AllTrails,,0.48333333333333334,Easy,Out & back,,,,,,,,,,,https://www.alltrails.com/trail/new-zealand/waikato/morrinsville-river-walk,All five fields sourced from retrieved AllTrails listing text (indexed content); replaced,legacy tags; not reverified after route replacements,not checked,,,0
NZ399,Hekerua Bay to Palm Beach Loop,Auckland,6.759244800000001,AllTrails,217.93200000000002,AllTrails,,1.9666666666666668,Moderate,Loop,,,,,,,,,1.0,,https://www.alltrails.com/trail/new-zealand/auckland/hekerua-bay-to-palm-beach-loop,All five fields sourced from retrieved AllTrails listing text (indexed content); replaced,legacy tags; not reverified after route replacements,not checked,,,0
NZ400,Wairoa Cossey Track,Auckland,12.5528832,AllTrails,518.7696000000001,AllTrails,,4.183333333333334,Moderate,Point to point,1.0,,,1.0,1.0,,1.0,,1.0,,https://www.alltrails.com/trail/new-zealand/auckland/wairoa-cossey-track,All five fields sourced from retrieved AllTrails listing text (indexed content); replaced,legacy tags; not reverified after route replacements,not checked,,,0
NZ401,Manukau Heads Lighthouse,Auckland,0.4828032,AllTrails,5.7912,AllTrails,,0.1,Easy,Out & back,,,,,,,,,,,https://www.alltrails.com/trail/new-zealand/auckland/manukau-heads-lighthouse,All five fields sourced from retrieved AllTrails listing text (indexed content); replaced,legacy tags; not reverified after route replacements,not checked,,,0
NZ402,Marlborough Park Loop,Auckland,0.4828032,AllTrails,10.972800000000001,AllTrails,,0.11666666666666667,Easy,Loop,,,,,,,,,,,https://www.alltrails.com/trail/new-zealand/auckland/marlborough-park-loop,All five fields sourced from retrieved AllTrails listing text (indexed content); replaced,legacy tags; not reverified after route replacements,not checked,,,0
NZ403,Cossey Gorge Track,Auckland,5.793638400000001,AllTrails,295.9608,AllTrails,,2.033333333333333,Moderate,Out & back,,,,,,,,,,,https://www.alltrails.com/trail/new-zealand/auckland/cossey-gorge-track,All five fields sourced from retrieved AllTrails listing text (indexed content); replaced,legacy tags; not reverified after route replacements,not checked,,,0
NZ404,Onehunga Bay Reserve Loop,Auckland,3.3796224000000006,AllTrails,41.757600000000004,AllTrails,,0.7333333333333333,Easy,Loop,,,,,,,,,,,https://www.alltrails.com/trail/new-zealand/auckland/onehunga-bay-reserve-loop,All five fields sourced from retrieved AllTrails listing text (indexed content); replaced,legacy tags; not reverified after route replacements,not checked,,,0
NZ405,Shakespear Heritage and Tiritiri Tracks Loop,Auckland,7.885785600000001,AllTrails,239.8776,AllTrails,,2.216666666666667,Moderate,Loop,1.0,,,,1.0,,,,1.0,,https://www.alltrails.com/trail/new-zealand/auckland/shakespear-heritage-and-tiritiri-track,All five fields sourced from retrieved AllTrails listing text (indexed content); replaced,legacy tags; not reverified after route replacements,not checked,,,0
NZ406,Matheson Bay Bush Walk,Auckland,1.2874752000000003,AllTrails,30.7848,AllTrails,,0.36666666666666664,Easy,Out & back,,,,,,,,,,,https://www.alltrails.com/trail/new-zealand/auckland/matheson-bay-bush-walk,All five fields sourced from retrieved AllTrails listing text (indexed content); replaced,legacy tags; not reverified after route replacements,not checked,,,0
NZ407,Manukau Sports Bowl Loop,Auckland,1.2874752000000003,AllTrails,22.86,AllTrails,,0.31666666666666665,Easy,Loop,,,,,,,,,,,https://www.alltrails.com/trail/new-zealand/auckland/manukau-sports-bowl-loop,All five fields sourced from retrieved AllTrails listing text (indexed content); replaced,legacy tags; not reverified after route replacements,not checked,,,0
NZ408,Oruarangi Road Reserve and Otuataua Stonefields Loop,Auckland,4.02336,AllTrails,27.736800000000002,AllTrails,,0.8,Easy,Loop,,,,,,,,,,,https://www.alltrails.com/trail/new-zealand/auckland/oruarangi-road-reserve-and-otuataua-stonefields-loop,All five fields sourced from retrieved AllTrails listing text (indexed content); replaced,legacy tags; not reverified after route replacements,not checked,,,0
NZ409,Hunua Falls Trail,Auckland,0.804672,AllTrails,24.9936,AllTrails,,0.21666666666666667,Moderate,Out & back,1.0,Native bush; shaded,0.0,0.0,1.0,0.0,1.0,0.0,0.0,Short bush loop to waterfall,https://www.alltrails.com/trail/new-zealand/auckland/hunua-falls-trail,All five fields sourced from retrieved AllTrails listing text (indexed content); renamed,legacy tags; not reverified after route replacements,not checked,,,0
NZ410,Waikowhai Steps and Beach Loop,Auckland,5.632704,AllTrails,120.7008,AllTrails,,1.4166666666666667,Moderate,Loop,,,,,,,,,,,https://www.alltrails.com/trail/new-zealand/auckland/waikowhai-steps-and-beach-loop,All five fields sourced from retrieved AllTrails listing text (indexed content); replaced,legacy tags; not reverified after route replacements,not checked,,,0
NZ411,Rocky Bay’s Te Whau Loop,Auckland,11.104473600000002,AllTrails,277.9776,AllTrails,,2.9166666666666665,Moderate,Loop,,,,,,,,,,,https://www.alltrails.com/trail/new-zealand/auckland/rocky-bay-s-te-whau-loop,All five fields sourced from retrieved AllTrails listing text (indexed content); replaced,legacy tags; not reverified after route replacements,not checked,,,0
NZ412,Churchill Park Walk,Auckland,2.5749504000000005,AllTrails,39.9288,AllTrails,,0.5833333333333334,Easy,Loop,,,,,,,,,,,https://www.alltrails.com/trail/new-zealand/auckland/churchill-park-walk,All five fields sourced from retrieved AllTrails listing text (indexed content); replaced,legacy tags; not reverified after route replacements,not checked,,,0
NZ413,Orum Road to Cossey and Massey Track Loop,Auckland,17.8637184,AllTrails,718.7184000000001,AllTrails,,5.65,Hard,Loop,,,,,,,,,,,https://www.alltrails.com/trail/new-zealand/auckland/orum-road-to-cossey-and-massey-track-loop,All five fields sourced from retrieved AllTrails listing text (indexed content); replaced; listing marked closed,legacy tags; not reverified after route replacements,previously marked closed,,,0
NZ414,Spragg Bush Walk,Auckland,5.4717696,AllTrails,131.9784,AllTrails,,1.4166666666666667,Easy,Out & back,1.0,,,,,,,,,,https://www.alltrails.com/trail/new-zealand/auckland/spragg-bush-walk,All five fields sourced from retrieved AllTrails listing text (indexed content); replaced,legacy tags; not reverified after route replacements,not checked,,,0
NZ415,Clendon Path,Auckland,5.632704,AllTrails,46.9392,AllTrails,,1.15,Easy,Out & back,,,,,,,,,,,https://www.alltrails.com/trail/new-zealand/auckland/clendon-path,All five fields sourced from retrieved AllTrails listing text (indexed content); replaced,legacy tags; not reverified after route replacements,not checked,,,0
NZ416,Whatipu to Pararaha Valley,Auckland,13.0356864,AllTrails,689.7624000000001,AllTrails,,4.716666666666667,Hard,Out & back,,,,,,,,,,,https://www.alltrails.com/trail/new-zealand/auckland/whatipu-to-pararaha-valley,All five fields sourced from retrieved AllTrails listing text (indexed content); replaced,legacy tags; not reverified after route replacements,not checked,,,0
NZ417,Muriwai Beach and Gannet Colony Loop,Auckland,10.460736,AllTrails,218.84640000000002,AllTrails,,2.6,Moderate,Loop,,,,,,,,,,,https://www.alltrails.com/trail/new-zealand/auckland/muriwai-beach-and-gannet-colony-loop,All five fields sourced from retrieved AllTrails listing text (indexed content); replaced,legacy tags; not reverified after route replacements,not checked,,,0
NZ418,Clevedon Scenic Reserve Track and Thorps Quarry,Auckland,3.3796224000000006,AllTrails,213.9696,AllTrails,,1.35,Moderate,Loop,1.0,,,,,,,,1.0,,https://www.alltrails.com/trail/new-zealand/auckland/clevedon-scenic-reserve-track-and-thorps-quarry,All five fields sourced from retrieved AllTrails listing text (indexed content); replaced,legacy tags; not reverified after route replacements,not checked,,,0
NZ419,The Path of Land and Sea: Orakei to Glenn Innes Pathway,Auckland,4.988966400000001,AllTrails,69.7992,AllTrails,,1.1,Easy,Point to point,,,,,,,,,,,https://www.alltrails.com/trail/new-zealand/auckland/the-path-of-land-and-sea-orakei-to-glenn-innes-pathway,All five fields sourced from retrieved AllTrails listing text (indexed content); replaced,legacy tags; not reverified after route replacements,not checked,,,0
NZ420,Mount Donald McLean Track,Auckland,4.6670976,AllTrails,164.8968,AllTrails,,1.4166666666666667,Moderate,Out & back,1.0,Bush and open summit,1.0,0.0,0.0,1.0,0.0,0.0,1.0,Short climb to panoramic Waitākere lookout,https://www.alltrails.com/trail/new-zealand/auckland/mount-donald-mclean-track,All five fields sourced from retrieved AllTrails listing text (indexed content); renamed,legacy tags; not reverified after route replacements,not checked,,,0
NZ421,Owharoa Falls from Karangahake via Old Rail Tunnel,Waikato,9.656064,AllTrails,671.7792000000001,AllTrails,,4.05,Hard,Out & back,,,,,,,,,,,https://www.alltrails.com/trail/new-zealand/waikato/owharoa-falls-from-karangahake-via-old-rail-tunnel,All five fields sourced from retrieved AllTrails listing text (indexed content); replaced,legacy tags; not reverified after route replacements,not checked,,,0
NZ422,Mangaiti Gully Loop Walk from St James Drive,Waikato,3.8624256,AllTrails,45.72,AllTrails,,0.8333333333333334,Easy,Loop,,,,,,,,,,,https://www.alltrails.com/trail/new-zealand/waikato/mangaiti-gully-loop-walk-from-st-james-drive,All five fields sourced from retrieved AllTrails listing text (indexed content); replaced,legacy tags; not reverified after route replacements,not checked,,,0
NZ423,Kaimanawa Forest Loop Walk,Waikato,1.1265408,AllTrails,32.9184,AllTrails,,0.3,Easy,Loop,1.0,,,,,,,,,,https://www.alltrails.com/trail/new-zealand/waikato/kaimanawa-forest-loop-walk,All five fields sourced from retrieved AllTrails listing text (indexed content); replaced,legacy tags; not reverified after route replacements,not checked,,,0
NZ424,Pirongia Summit via Bell Track,Waikato,36.8539776,AllTrails,1380.7440000000001,AllTrails,,11.316666666666666,Hard,Out & back,,,,,,,,,,,https://www.alltrails.com/trail/new-zealand/waikato/pirongia-summit-via-bell-track,All five fields sourced from retrieved AllTrails listing text (indexed content); replaced,legacy tags; not reverified after route replacements,not checked,,,0
NZ425,Te Iringa Track to Tiki Tiki Stream,Waikato,18.346521600000003,AllTrails,940.9176,AllTrails,,6.516666666666667,Hard,Out & back,1.0,,,,,,,,1.0,,https://www.alltrails.com/trail/new-zealand/waikato/te-iringa-track-to-tiki-tiki-stream,All five fields sourced from retrieved AllTrails listing text (indexed content); replaced,legacy tags; not reverified after route replacements,not checked,,,0
NZ426,Onemana Coast Walk,Waikato,2.2530816,AllTrails,151.7904,AllTrails,,0.9166666666666666,Moderate,Out & back,,,,,,,,,,,https://www.alltrails.com/trail/new-zealand/waikato/onemana-coast-walk,All five fields sourced from retrieved AllTrails listing text (indexed content); replaced,legacy tags; not reverified after route replacements,not checked,,,0
NZ427,Tuahu Track,Bay of Plenty,11.7482112,AllTrails,501.7008,AllTrails,,4.016666666666667,Hard,Point to point,1.0,Native forest and exposed ridge,1.0,0.0,0.0,0.0,1.0,0.0,1.0,Historic Kaimai crossing route,https://www.alltrails.com/trail/new-zealand/bay-of-plenty/tuahu-track,All five fields sourced from retrieved AllTrails listing text (indexed content); retained,legacy tags; not reverified after route replacements,not checked,,,0
NZ428,Tarawera Outlet to Tarawera Roadend via Tarawera Falls,Bay of Plenty,5.149900800000001,AllTrails,102.7176,AllTrails,,1.5166666666666666,Moderate,Point to point,1.0,,,1.0,1.0,,1.0,,1.0,,https://www.alltrails.com/trail/new-zealand/bay-of-plenty/tarawera-outlet-to-tarawera-roadend-via-tarawera-falls,All five fields sourced from retrieved AllTrails listing text (indexed content); replaced,legacy tags; not reverified after route replacements,not checked,,,0
NZ429,Lake Puketirini Walk,Waikato,3.5405568000000005,AllTrails,22.86,AllTrails,,0.7,Easy,Loop,,,,,,,,,,,https://www.alltrails.com/trail/new-zealand/waikato/lake-puketirini-walk,All five fields sourced from retrieved AllTrails listing text (indexed content); replaced,legacy tags; not reverified after route replacements,not checked,,,0
NZ430,Te Awa Track: Hooker Rd to Velodrome,Waikato,7.4029824,AllTrails,226.77120000000002,AllTrails,,2.1166666666666667,Moderate,Point to point,,,,,,,,,,,https://www.alltrails.com/trail/new-zealand/waikato/te-awa-track-hooker-rd-to-velodrome,All five fields sourced from retrieved AllTrails listing text (indexed content); replaced,legacy tags; not reverified after route replacements,not checked,,,0
NZ431,Northern Tarawera Track,Bay of Plenty,24.4620288,AllTrails,630.936,AllTrails,,6.5,Hard,Out & back,1.0,,,1.0,1.0,,1.0,,1.0,,https://www.alltrails.com/trail/new-zealand/bay-of-plenty/northern-tarawera-track,All five fields sourced from retrieved AllTrails listing text (indexed content); replaced,legacy tags; not reverified after route replacements,not checked,,,0
NZ432,Tarawera Trail to Hot Water Beach,Bay of Plenty,13.518489600000002,AllTrails,478.8408,AllTrails,,4.2,Moderate,Point to point,,,,,,,,,,,https://www.alltrails.com/trail/new-zealand/bay-of-plenty/tarawera-trail-to-hot-water-beach,All five fields sourced from retrieved AllTrails listing text (indexed content); replaced,legacy tags; not reverified after route replacements,not checked,,,0
NZ433,Lake Okaro Walkway,Bay of Plenty,2.414016,AllTrails,59.7408,AllTrails,,0.65,Easy,Loop,,,,1.0,,,,,1.0,,https://www.alltrails.com/trail/new-zealand/bay-of-plenty/lake-okaro-walkway,All five fields sourced from retrieved AllTrails listing text (indexed content); replaced,legacy tags; not reverified after route replacements,not checked,,,0
NZ434,Hell's Gate Geothermal Walk,Bay of Plenty,2.2530816,AllTrails,40.8432,AllTrails,,0.55,Easy,Loop,,,,,,,,,,,https://www.alltrails.com/trail/new-zealand/bay-of-plenty/hell-s-gate-geothermal-walk,All five fields sourced from retrieved AllTrails listing text (indexed content); replaced,legacy tags; not reverified after route replacements,not checked,,,0
NZ435,Burma Road Track,Bay of Plenty,4.6670976,AllTrails,134.7216,AllTrails,,1.3,Easy,Out & back,1.0,,,,,,1.0,,,,https://www.alltrails.com/trail/new-zealand/bay-of-plenty/burma-road-track,All five fields sourced from retrieved AllTrails listing text (indexed content); replaced,legacy tags; not reverified after route replacements,not checked,,,0
NZ436,Tikitapu and Rotokakahi Lake Loops,Bay of Plenty,14.323161600000002,AllTrails,510.8448,AllTrails,,4.3,Moderate,Loop,1.0,,,1.0,,,,,,,https://www.alltrails.com/trail/new-zealand/bay-of-plenty/tikitapu-and-rotokakahi-lake-loops,All five fields sourced from retrieved AllTrails listing text (indexed content); replaced,legacy tags; not reverified after route replacements,not checked,,,0
NZ437,McLaren Lakeside Walkway,Bay of Plenty,4.988966400000001,AllTrails,87.78240000000001,AllTrails,,1.1833333333333333,Easy,Out & back,,,,,,,,,,,https://www.alltrails.com/trail/new-zealand/bay-of-plenty/mclaren-lakeside-walkway,All five fields sourced from retrieved AllTrails listing text (indexed content); replaced,legacy tags; not reverified after route replacements,not checked,,,0
NZ438,Lake Okareka Campsite to The Rock,Bay of Plenty,1.1265408,AllTrails,24.9936,AllTrails,,0.2833333333333333,Easy,Out & back,1.0,,,,,,,,1.0,,https://www.alltrails.com/trail/new-zealand/bay-of-plenty/lake-okareka-campsite-to-the-rock,All five fields sourced from retrieved AllTrails listing text (indexed content); replaced,legacy tags; not reverified after route replacements,not checked,,,0
NZ439,Table Mountain Track (Lake Tūtira),Hawke's Bay,6.2764416,AllTrails,378.8664,AllTrails,,2.4333333333333336,Hard,Out & back,,,,,,,,,,,https://www.alltrails.com/trail/new-zealand/hawke-s-bay/table-mountain-track-lake-tutira,All five fields sourced from retrieved AllTrails listing text (indexed content); replaced,legacy tags; not reverified after route replacements,not checked,,,0
NZ440,Whirinaki Waterfall Loop Track,Bay of Plenty,10.460736,AllTrails,277.9776,AllTrails,,2.8166666666666664,Moderate,Loop,1.0,Ancient podocarp forest; shaded,0.0,0.0,1.0,0.0,1.0,0.0,1.0,Forest loop past waterfall and river,https://www.alltrails.com/trail/new-zealand/bay-of-plenty/whirinaki-waterfall-loop-track,All five fields sourced from retrieved AllTrails listing text (indexed content); retained,legacy tags; not reverified after route replacements,not checked,,,0
NZ441,Mahia Peninsula Scenic Reserve Track,Hawke's Bay,4.345228800000001,AllTrails,187.7568,AllTrails,,1.4166666666666667,Hard,Loop,1.0,,,,,,1.0,,,,https://www.alltrails.com/trail/new-zealand/hawke-s-bay/mahia-peninsula-scenic-reserve-track,All five fields sourced from retrieved AllTrails listing text (indexed content); replaced,legacy tags; not reverified after route replacements,not checked,,,0
NZ442,Te Mata Trust Park Giant Circuit,Hawke's Bay,4.988966400000001,AllTrails,314.8584,AllTrails,,1.9833333333333334,Moderate,Loop,,,,,,,,,,,https://www.alltrails.com/trail/new-zealand/hawke-s-bay/te-mata-trust-park-giant-circuit,All five fields sourced from retrieved AllTrails listing text (indexed content); replaced,legacy tags; not reverified after route replacements,not checked,,,0
NZ443,Waikari River Mouth Loop,Hawke's Bay,5.3108352,AllTrails,189.8904,AllTrails,,1.5833333333333335,Easy,Loop,,,,,,,,,1.0,,https://www.alltrails.com/trail/new-zealand/hawke-s-bay/waikare-river-mouth-loop,All five fields sourced from retrieved AllTrails listing text (indexed content); replaced,legacy tags; not reverified after route replacements,not checked,,,0
NZ444,Otatara Pa Loop,Hawke's Bay,1.9312128,AllTrails,100.8888,AllTrails,,0.6833333333333333,Moderate,Loop,,,,,,,,,,,https://www.alltrails.com/trail/new-zealand/hawke-s-bay/otatara-pa-loop,All five fields sourced from retrieved AllTrails listing text (indexed content); replaced,legacy tags; not reverified after route replacements,not checked,,,0
NZ445,Mangatoa Track to Leitch Hut,Waikato,7.563916800000001,AllTrails,459.94320000000005,AllTrails,,3.066666666666667,Moderate,Point to point,1.0,,,,,,1.0,,1.0,,https://www.alltrails.com/trail/new-zealand/waikato/mangatoa-track-to-leitch-hut,All five fields sourced from retrieved AllTrails listing text (indexed content); replaced,legacy tags; not reverified after route replacements,not checked,,,0
NZ446,Lake Rotokauri Walk,Waikato,3.7014912,AllTrails,25.908,AllTrails,,0.75,Easy,Out & back,1.0,,,1.0,,,,,1.0,,https://www.alltrails.com/trail/new-zealand/waikato/lake-rotokauri-walk,All five fields sourced from retrieved AllTrails listing text (indexed content); replaced,legacy tags; not reverified after route replacements,not checked,,,0
NZ447,Oamaru Hut to Cascade Hut via Kaipo Track,Waikato,18.6683904,AllTrails,665.988,AllTrails,,5.35,Hard,Point to point,,,,,,,,,,,https://www.alltrails.com/trail/new-zealand/waikato/oamaru-hut-to-cascade-hut-via-kaipo-track,All five fields sourced from retrieved AllTrails listing text (indexed content); replaced,legacy tags; not reverified after route replacements,not checked,,,0
NZ448,Waihohonu Hut to Ohinepango Springs,Waikato,2.414016,AllTrails,59.7408,AllTrails,,0.6333333333333333,Easy,Out & back,,,,,,,,,,,https://www.alltrails.com/trail/new-zealand/manawatu-wanganui/waihohonu-hut-to-ohinepango-springs,All five fields sourced from retrieved AllTrails listing text (indexed content); replaced,legacy tags; not reverified after route replacements,not checked,,,0
NZ449,Centre of the North Island Walk,Waikato,0.4828032,AllTrails,8.8392,AllTrails,,0.11666666666666667,Easy,Out & back,1.0,Native forest; shaded,0.0,0.0,0.0,0.0,0.0,0.0,0.0,Short walk to geographic centre marker,https://www.alltrails.com/trail/new-zealand/waikato/centre-of-the-north-island-walk,All five fields sourced from retrieved AllTrails listing text (indexed content); renamed,legacy tags; not reverified after route replacements,not checked,,,0
NZ450,Mount Titiraupenga Track,Waikato,6.5983104,AllTrails,392.8872,AllTrails,1042.0,2.533333333333333,Moderate,Out & back,1.0,Forest then rocky exposed summit,1.0,0.0,0.0,0.0,0.0,0.0,1.0,Steep rough climb to prominent volcanic summit,https://www.alltrails.com/trail/new-zealand/waikato/mount-titiraupenga-track,All five fields sourced from retrieved AllTrails listing text (indexed content); retained,legacy tags; not reverified after route replacements,not checked,,,0
NZ451,Castlecliff Beach Loop Walk,Manawatū-Whanganui,2.8968192000000004,AllTrails,16.764,AllTrails,,0.5666666666666667,Easy,Loop,,,,,,,,,1.0,,https://www.alltrails.com/trail/new-zealand/manawatu-wanganui/castlecliff-beach-loop-walk,All five fields sourced from retrieved AllTrails listing text (indexed content); replaced,legacy tags; not reverified after route replacements,not checked,,,0
NZ452,Hylton Park Loop,Manawatū-Whanganui,2.7358848,AllTrails,77.724,AllTrails,,0.75,Easy,Loop,,,,,,,,,,,https://www.alltrails.com/trail/new-zealand/manawatu-wanganui/hylton-park-loop,All five fields sourced from retrieved AllTrails listing text (indexed content); replaced,legacy tags; not reverified after route replacements,not checked,,,0
NZ453,Bushy Park Walk,Manawatū-Whanganui,4.184294400000001,AllTrails,97.8408,AllTrails,,1.0666666666666667,Easy,Loop,1.0,,,1.0,,,,,1.0,,https://www.alltrails.com/trail/new-zealand/manawatu-wanganui/bushy-park-walk,All five fields sourced from retrieved AllTrails listing text (indexed content); replaced,legacy tags; not reverified after route replacements,not checked,,,0
NZ454,Mount Holdsworth from Powell Hut,Wellington,3.3796224000000006,AllTrails,257.86080000000004,AllTrails,,1.4833333333333334,Moderate,Out & back,,,,,,,,,,,https://www.alltrails.com/trail/new-zealand/wellington/mount-holdsworth-from-powell-hut,All five fields sourced from retrieved AllTrails listing text (indexed content); replaced,legacy tags; not reverified after route replacements,not checked,,,0
NZ455,Rapaki Walk,Wellington,4.02336,AllTrails,108.81360000000001,AllTrails,,1.1,Easy,Loop,,,,,,,,,1.0,,https://www.alltrails.com/trail/new-zealand/wellington/rapaki-walk,All five fields sourced from retrieved AllTrails listing text (indexed content); replaced,legacy tags; not reverified after route replacements,not checked,,,0
NZ456,Picnic Rock Lookout from Castle Hill Village via Hogs Back Tracke,Canterbury,12.07008,AllTrails,450.79920000000004,AllTrails,,3.6833333333333336,Moderate,Out & back,1.0,,,,,,1.0,,1.0,,https://www.alltrails.com/trail/new-zealand/canterbury/picnic-rock-lookout-from-castle-hill-village-via-hogs-back-tracke,All five fields sourced from retrieved AllTrails listing text (indexed content); replaced,legacy tags; not reverified after route replacements,not checked,,,0
NZ457,Kaitoke Ridge Track,Wellington,8.2076544,AllTrails,393.8016,AllTrails,,2.8166666666666664,Moderate,Out & back,,,,,,,,,,,https://www.alltrails.com/trail/new-zealand/wellington/kaitoke-ridge-track,All five fields sourced from retrieved AllTrails listing text (indexed content); replaced,legacy tags; not reverified after route replacements,not checked,,,0
NZ458,Colonial Knob from Ohariu Valley Road,Wellington,6.5983104,AllTrails,274.9296,AllTrails,,2.1166666666666667,Moderate,Out & back,1.0,,,,,,,,1.0,,https://www.alltrails.com/trail/new-zealand/wellington/colonial-knob-from-ohariu-valley-road,All five fields sourced from retrieved AllTrails listing text (indexed content); replaced,legacy tags; not reverified after route replacements,not checked,,,0
NZ459,Colonial Knob Scenic Reserve,Wellington,3.5405568000000005,AllTrails,255.7272,AllTrails,,1.5166666666666666,Moderate,Loop,1.0,,,,,,,,1.0,,https://www.alltrails.com/trail/new-zealand/wellington/colonial-knob-scenic-reserve,All five fields sourced from retrieved AllTrails listing text (indexed content); replaced,legacy tags; not reverified after route replacements,not checked,,,0
NZ460,Pukeatua Track to Parawai Lodge,Wellington,15.288768000000001,AllTrails,826.9224,AllTrails,,5.633333333333333,Hard,Point to point,,,,,,,,,,,https://www.alltrails.com/trail/new-zealand/wellington/pukeatua-track-to-parawai-lodge,All five fields sourced from retrieved AllTrails listing text (indexed content); replaced,legacy tags; not reverified after route replacements,not checked,,,0
NZ461,Barry Hadfield Nikau Reserve Lookout,Wellington,1.1265408,AllTrails,100.8888,AllTrails,,0.55,Moderate,Out & back,1.0,,,,,,,,1.0,,https://www.alltrails.com/trail/new-zealand/wellington/barry-hadfield-nikau-reserve-lookout,All five fields sourced from retrieved AllTrails listing text (indexed content); replaced,legacy tags; not reverified after route replacements,not checked,,,0
NZ462,Akaroa Head Scenic Reserve Walk,Canterbury,0.9656064,AllTrails,43.891200000000005,AllTrails,,0.3,Moderate,Out & back,,,,,,,,,,,https://www.alltrails.com/trail/new-zealand/canterbury/akaroa-head-scenic-reserve-walk,All five fields sourced from retrieved AllTrails listing text (indexed content); replaced,legacy tags; not reverified after route replacements,not checked,,,0
NZ463,Kaikoura Peninsula Loop via South Bay,Canterbury,10.1388672,AllTrails,177.69840000000002,AllTrails,,2.4,Moderate,Loop,,,,,,,,,1.0,,https://www.alltrails.com/trail/new-zealand/canterbury/kaikoura-peninsula-loop-via-south-bay,All five fields sourced from retrieved AllTrails listing text (indexed content); replaced,legacy tags; not reverified after route replacements,not checked,,,0
NZ464,Mount Somers Track to Woolshed Creek Hut via Pinnacles Hut,Canterbury,10.9435392,AllTrails,849.7824,AllTrails,,4.3,Hard,Point to point,,,,,,,1.0,,1.0,,https://www.alltrails.com/trail/new-zealand/canterbury/mount-somers-track-to-woolshed-creek-hut-via-pinnacles-hut,All five fields sourced from retrieved AllTrails listing text (indexed content); replaced,legacy tags; not reverified after route replacements,not checked,,,0
NZ465,Woolshed Creek Car Park to Sharplin Falls Car Park,Canterbury,12.391948800000002,AllTrails,891.8448000000001,AllTrails,,5.433333333333334,Hard,Point to point,1.0,,,,,,1.0,,1.0,,https://www.alltrails.com/trail/new-zealand/canterbury/woolshed-creek-car-park-to-sharplin-falls-car-park,All five fields sourced from retrieved AllTrails listing text (indexed content); replaced,legacy tags; not reverified after route replacements,not checked,,,0
NZ466,Woolshed Creek Hut to Water Caves,Canterbury,2.7358848,AllTrails,100.8888,AllTrails,,0.8333333333333334,Moderate,Out & back,,No shade (AllTrails tag),,,,,1.0,,1.0,,https://www.alltrails.com/trail/new-zealand/canterbury/woolshed-creek-hut-to-water-caves,All five fields sourced from retrieved AllTrails listing text (indexed content); replaced,legacy tags; not reverified after route replacements,not checked,,,0
NZ467,Enchanted Forest Walk,Canterbury,1.7702784000000003,AllTrails,20.7264,AllTrails,,0.38333333333333336,Easy,Out & back,,,,,,,,,,,https://www.alltrails.com/trail/new-zealand/canterbury/enchanted-forest-walk,All five fields sourced from retrieved AllTrails listing text (indexed content); replaced,legacy tags; not reverified after route replacements,not checked,,,0
NZ468,Benmore Peninsula Loop,Canterbury,4.02336,AllTrails,186.8424,AllTrails,,1.35,Moderate,Loop,,,,,,,,,,,https://www.alltrails.com/trail/new-zealand/canterbury/benmore-peninsula-loop,All five fields sourced from retrieved AllTrails listing text (indexed content); replaced,legacy tags; not reverified after route replacements,not checked,,,0
NZ469,Tongariro River Trail,Waikato,13.8403584,AllTrails,269.748,AllTrails,,3.3833333333333333,Moderate,Loop,1.0,,,,,,1.0,,1.0,,https://www.alltrails.com/trail/new-zealand/waikato/tongariro-river-trail,All five fields sourced from retrieved AllTrails listing text (indexed content); replaced,legacy tags; not reverified after route replacements,not checked,,,0
NZ470,Huka Falls to Aratiatia Rapids,Waikato,15.288768000000001,AllTrails,289.8648,AllTrails,,3.7,Moderate,Out & back,1.0,River terraces with scrub/forest,0.0,0.0,1.0,0.0,1.0,0.0,1.0,Waikato River route linking falls and rapids,https://www.alltrails.com/trail/new-zealand/waikato/huka-falls-to-aratiatia-rapids,All five fields sourced from retrieved AllTrails listing text (indexed content); renamed,legacy tags; not reverified after route replacements,not checked,,,0
NZ471,Spa Park to Huka Falls Walk,Waikato,6.759244800000001,AllTrails,174.95520000000002,AllTrails,,1.8,Moderate,Out & back,,,,,,,,,,,https://www.alltrails.com/trail/new-zealand/waikato/spa-park-to-huka-falls-walk,All five fields sourced from retrieved AllTrails listing text (indexed content); replaced,legacy tags; not reverified after route replacements,not checked,,,0
NZ472,Aratiatia Walkway,Waikato,22.6917504,AllTrails,407.8224,AllTrails,,5.4,Moderate,Out & back,1.0,,,1.0,1.0,,1.0,,1.0,,https://www.alltrails.com/trail/new-zealand/waikato/aratiatia-walkway,All five fields sourced from retrieved AllTrails listing text (indexed content); replaced,legacy tags; not reverified after route replacements,not checked,,,0
NZ473,Aratiatia Rapids Lookout Walk,Waikato,1.609344,AllTrails,68.8848,AllTrails,,0.55,Moderate,Out & back,1.0,,,1.0,,,1.0,,1.0,,https://www.alltrails.com/trail/new-zealand/waikato/aratiatia-rapids-lookout-walk,All five fields sourced from retrieved AllTrails listing text (indexed content); replaced,legacy tags; not reverified after route replacements,not checked,,,0
NZ474,Whakaipo-Kinloch Track,Waikato,23.013619200000004,AllTrails,650.748,AllTrails,,6.316666666666666,Hard,Out & back,1.0,,,1.0,,,,,1.0,,https://www.alltrails.com/trail/new-zealand/waikato/whakaipo-kinloch-track,All five fields sourced from retrieved AllTrails listing text (indexed content); replaced,legacy tags; not reverified after route replacements,not checked,,,0
NZ475,Orakei Korako Geyser Field,Waikato,1.9312128,AllTrails,52.7304,AllTrails,,0.5166666666666667,Easy,Loop,,No shade (AllTrails tag),,,,,1.0,,1.0,,https://www.alltrails.com/trail/new-zealand/waikato/orakei-korako-geyser-field,All five fields sourced from retrieved AllTrails listing text (indexed content); replaced,legacy tags; not reverified after route replacements,not checked,,,0
NZ476,Shakespeare Cliff Loop Track,Waikato,2.7358848,AllTrails,98.7552,AllTrails,,0.8333333333333334,Moderate,Loop,,,,,,,,,,,https://www.alltrails.com/trail/new-zealand/waikato/shakespeare-cliff-loop-track,All five fields sourced from retrieved AllTrails listing text (indexed content); replaced,legacy tags; not reverified after route replacements,not checked,,,0
NZ477,Peacockes Reserve Esplanade Track,Waikato,1.1265408,AllTrails,23.7744,AllTrails,,0.26666666666666666,Easy,Loop,,,,,,,,,,,https://www.alltrails.com/trail/new-zealand/waikato/peacockes-reserve-walk,All five fields sourced from retrieved AllTrails listing text (indexed content); replaced,legacy tags; not reverified after route replacements,not checked,,,0
NZ478,Taupo to Five Mile Bay,Waikato,8.690457600000002,AllTrails,130.7592,AllTrails,,2.0166666666666666,Moderate,Point to point,,,,,,,,,,,https://www.alltrails.com/trail/new-zealand/waikato/taupo-to-five-mile-bay,All five fields sourced from retrieved AllTrails listing text (indexed content); replaced,legacy tags; not reverified after route replacements,not checked,,,0
NZ479,Jim Higgins Memorial Walkway,Waikato,2.5749504000000005,AllTrails,13.716000000000001,AllTrails,,0.5,Easy,Loop,,,,,,,,,,,https://www.alltrails.com/trail/new-zealand/waikato/jim-higgins-memorial-walkway,All five fields sourced from retrieved AllTrails listing text (indexed content); replaced,legacy tags; not reverified after route replacements,not checked,,,0
NZ480,Kaituna Valley Scenic Reserve Walk,Canterbury,0.6437376000000001,AllTrails,3.9624,AllTrails,,0.13333333333333333,Easy,Loop,1.0,,,,,,,,,,https://www.alltrails.com/trail/new-zealand/canterbury/kaituna-valley-scenic-reserve-walk,All five fields sourced from retrieved AllTrails listing text (indexed content); replaced,legacy tags; not reverified after route replacements,not checked,,,0
NZ481,Pukeiti Summit Track,Taranaki,4.828032,AllTrails,223.72320000000002,AllTrails,,1.65,Moderate,Out & back,,,,,,,,,,,https://www.alltrails.com/trail/new-zealand/taranaki/pukeiti-summit-track,All five fields sourced from retrieved AllTrails listing text (indexed content); replaced,legacy tags; not reverified after route replacements,not checked,,,0
NZ482,Curtis Falls Track,Taranaki,4.5061632,AllTrails,286.8168,AllTrails,,1.8,Moderate,Out & back,1.0,Dense montane forest; shaded,1.0,0.0,1.0,0.0,1.0,0.0,1.0,Rough forest route to waterfall,https://www.alltrails.com/trail/new-zealand/taranaki/curtis-falls-track,All five fields sourced from retrieved AllTrails listing text (indexed content); retained,legacy tags; not reverified after route replacements,not checked,,,0
NZ483,Wilkies Pools and Dawsons Falls Loop,Manawatū-Whanganui,3.8624256,AllTrails,224.94240000000002,AllTrails,,1.4833333333333334,Moderate,Loop,1.0,Goblin forest; shaded,1.0,0.0,1.0,0.0,1.0,0.0,1.0,Forest loop linking waterfall and lava-rock pools,https://www.alltrails.com/trail/new-zealand/manawatu-wanganui/mount-taranaki-loop-via-wilkies-pools-and-dawsons-falls,All five fields sourced from retrieved AllTrails listing text (indexed content); renamed,legacy tags; not reverified after route replacements,not checked,,,0
NZ484,Ōpunakē Loop Trail,Taranaki,9.173260800000001,AllTrails,79.8576,AllTrails,,1.9,Easy,Loop,,,,,,,,,,,https://www.alltrails.com/trail/new-zealand/taranaki/opunake-loop-trail,All five fields sourced from retrieved AllTrails listing text (indexed content); replaced,legacy tags; not reverified after route replacements,not checked,,,0
NZ485,Stratford Plateau Lookout Walk,Taranaki,0.32186880000000007,AllTrails,5.7912,AllTrails,,0.06666666666666667,Easy,Out & back,,,,,,,,,1.0,,https://www.alltrails.com/trail/new-zealand/taranaki/stratford-plateau-lookout-walk,All five fields sourced from retrieved AllTrails listing text (indexed content); replaced,legacy tags; not reverified after route replacements,not checked,,,0
NZ486,Barrett Lagoon Loop Track,Taranaki,1.9312128,AllTrails,44.805600000000005,AllTrails,,0.5,Easy,Loop,,,,,,,,,,,https://www.alltrails.com/trail/new-zealand/taranaki/barrett-lagoon-loop-track,All five fields sourced from retrieved AllTrails listing text (indexed content); replaced,legacy tags; not reverified after route replacements,not checked,,,0
NZ487,Veronica Loop Track,Taranaki,3.5405568000000005,AllTrails,230.73360000000002,AllTrails,,1.4333333333333333,Moderate,Loop,1.0,Montane forest; shaded,1.0,0.0,0.0,0.0,1.0,0.0,1.0,Forest loop near North Egmont,https://www.alltrails.com/trail/new-zealand/taranaki/veronica-loop-track,All five fields sourced from retrieved AllTrails listing text (indexed content); retained,legacy tags; not reverified after route replacements,not checked,,,0
NZ488,Three Sisters Lookout Track,Taranaki,0.32186880000000007,AllTrails,8.8392,AllTrails,,0.1,Easy,Out & back,,,,,,,,,,,https://www.alltrails.com/trail/new-zealand/taranaki/three-sisters-lookout-track,All five fields sourced from retrieved AllTrails listing text (indexed content); replaced,legacy tags; not reverified after route replacements,not checked,,,0
NZ489,Herekawe Walkway,Taranaki,3.218688,AllTrails,42.976800000000004,AllTrails,,0.7166666666666667,Easy,Out & back,,,,,,,,,,,https://www.alltrails.com/trail/new-zealand/taranaki/herekawe-walkway,All five fields sourced from retrieved AllTrails listing text (indexed content); replaced,legacy tags; not reverified after route replacements,not checked,,,0
NZ490,Cavendish Bluffs Loop Track,Canterbury,4.6670976,AllTrails,317.9064,AllTrails,,1.9333333333333333,Moderate,Loop,,,,,,,,,,,https://www.alltrails.com/trail/new-zealand/canterbury/cavendish-bluffs-loop-track,All five fields sourced from retrieved AllTrails listing text (indexed content); replaced,legacy tags; not reverified after route replacements,not checked,,,0
NZ491,Kennedy's Bush Track to Mount Ada,Canterbury,8.851392,AllTrails,420.9288,AllTrails,,3.0166666666666666,Moderate,Out & back,,,,,,,,,,,https://www.alltrails.com/trail/new-zealand/canterbury/kennedy-s-bush-track-to-mount-ada,All five fields sourced from retrieved AllTrails listing text (indexed content); replaced,legacy tags; not reverified after route replacements,not checked,,,0
NZ492,Onawe Pa Track,Canterbury,2.8968192000000004,AllTrails,88.69680000000001,AllTrails,,0.8166666666666667,Moderate,Out & back,,,,,,,,,,,https://www.alltrails.com/trail/new-zealand/canterbury/onawe-pa-track,All five fields sourced from retrieved AllTrails listing text (indexed content); replaced,legacy tags; not reverified after route replacements,not checked,,,0
NZ493,Pegasus Lake Walk,Canterbury,3.5405568000000005,AllTrails,48.768,AllTrails,,0.7833333333333333,Easy,Loop,,,,1.0,,,,,,,https://www.alltrails.com/trail/new-zealand/canterbury/pegasus-lake-walk,All five fields sourced from retrieved AllTrails listing text (indexed content); replaced,legacy tags; not reverified after route replacements,not checked,,,0
NZ494,Harry Ell Walkway,Canterbury,4.5061632,AllTrails,120.7008,AllTrails,,1.2333333333333334,Easy,Out & back,,,,,,,,,,,https://www.alltrails.com/trail/new-zealand/canterbury/harry-ell-walkway,All five fields sourced from retrieved AllTrails listing text (indexed content); replaced,legacy tags; not reverified after route replacements,not checked,,,0
NZ495,Boundary Creek Hut from Lake Clearwater,Canterbury,17.0590464,AllTrails,698.9064000000001,AllTrails,,5.1,Hard,Point to point,1.0,,,1.0,,,,,,,https://www.alltrails.com/trail/new-zealand/canterbury/boundary-creek-hut-from-lake-clearwater,All five fields sourced from retrieved AllTrails listing text (indexed content); replaced,legacy tags; not reverified after route replacements,not checked,,,0
NZ496,Ryton Track to Lake Catherine,Canterbury,10.9435392,AllTrails,275.844,AllTrails,,2.8833333333333333,Hard,Out & back,,,,,,,,,,,https://www.alltrails.com/trail/new-zealand/canterbury/ryton-track-to-lake-catherine,All five fields sourced from retrieved AllTrails listing text (indexed content); replaced,legacy tags; not reverified after route replacements,not checked,,,0
NZ497,Lyttleton to Christchurch Gondola via Bridle Track,Canterbury,5.793638400000001,AllTrails,426.72,AllTrails,,2.533333333333333,Hard,Out & back,,,,,,,,,,,https://www.alltrails.com/trail/new-zealand/canterbury/lyttleton-to-christchurch-gondola-via-bridle-track,All five fields sourced from retrieved AllTrails listing text (indexed content); replaced,legacy tags; not reverified after route replacements,not checked,,,0
NZ498,Huntsbury Track,Canterbury,4.345228800000001,AllTrails,185.928,AllTrails,,1.4166666666666667,Moderate,Out & back,1.0,,,,,,,,1.0,,https://www.alltrails.com/trail/new-zealand/auckland/huntsbury-track,All five fields sourced from retrieved AllTrails listing text (indexed content); replaced,legacy tags; not reverified after route replacements,not checked,,,0
NZ499,Christchurch 360 Trail: Sugarloaf Hills,Canterbury,18.0246528,AllTrails,992.7336,AllTrails,,5.916666666666667,Hard,Point to point,,,,,,,,,,,https://www.alltrails.com/trail/new-zealand/canterbury/christchurch-360-trail-sugarloaf-hills,All five fields sourced from retrieved AllTrails listing text (indexed content); replaced,legacy tags; not reverified after route replacements,not checked,,,0
NZ500,Centennial Park Loop,Canterbury,0.804672,AllTrails,15.8496,AllTrails,,0.5–1,Easy,Loop,,,,,,,,,,,https://www.alltrails.com/trail/new-zealand/canterbury/centennial-park-loop,All five fields sourced from retrieved AllTrails listing text (indexed content); replaced,legacy tags; not reverified after route replacements,not checked,,,0
