observation_id,hike_id,source_route_key,condition_source_url,observation_date,actual_trip_date,raw_review_text,overall_good,bugs,mud,snow,ice,scenic_positive,crowded,trail_quality_good,evidence_quote,date_verified,manually_reviewed,reviewer_notes
OBS000001,NZ002,NZ002,https://www.alltrails.com/trail/new-zealand/otago/arrow-river-bridges-trail,2024-02-22,,,1.0,,,,,,,,,,0,
OBS000002,NZ002,NZ002,https://www.alltrails.com/trail/new-zealand/otago/arrow-river-bridges-trail,2024-12-30,,,1.0,,,,,,,,,,0,
OBS000003,NZ002,NZ002,https://www.alltrails.com/trail/new-zealand/otago/arrow-river-bridges-trail,2025-01-15,,,1.0,,,,,,,,,,0,
OBS000004,NZ002,NZ002,https://www.alltrails.com/trail/new-zealand/otago/arrow-river-bridges-trail,2025-02-05,,,1.0,,,,,,,,,,0,
OBS000005,NZ002,NZ002,https://www.alltrails.com/trail/new-zealand/otago/arrow-river-bridges-trail,2025-02-14,,,1.0,,,,,,,,,,0,
OBS000006,NZ002,NZ002,https://www.alltrails.com/trail/new-zealand/otago/arrow-river-bridges-trail,2025-02-19,,,1.0,,,,,,,,,,0,
OBS000007,NZ002,NZ002,https://www.alltrails.com/trail/new-zealand/otago/arrow-river-bridges-trail,2025-03-08,,,1.0,,,,,,,,,,0,
OBS000008,NZ002,NZ002,https://www.alltrails.com/trail/new-zealand/otago/arrow-river-bridges-trail,2025-03-09,,,1.0,,,,,,,,,,0,
OBS000009,NZ002,NZ002,https://www.alltrails.com/trail/new-zealand/otago/arrow-river-bridges-trail,2025-05-04,,,1.0,,,,,,,,,,0,
OBS000010,NZ002,NZ002,https://www.alltrails.com/trail/new-zealand/otago/arrow-river-bridges-trail,2025-05-16,,,1.0,,,,,,,,,,0,
OBS000011,NZ002,NZ002,https://www.alltrails.com/trail/new-zealand/otago/arrow-river-bridges-trail,2025-06-03,,,1.0,,,,,,,,,,0,
OBS000012,NZ002,NZ002,https://www.alltrails.com/trail/new-zealand/otago/arrow-river-bridges-trail,2025-06-08,,,1.0,,,,,,,,,,0,
OBS000013,NZ003,NZ003,https://www.alltrails.com/trail/new-zealand/waikato/wairere-falls-track,2025-05-05,,,1.0,,,,,,,,,,0,
OBS000014,NZ003,NZ003,https://www.alltrails.com/trail/new-zealand/waikato/wairere-falls-track,2025-05-11,,,,,1.0,,,,,,,,0,
OBS000015,NZ003,NZ003,https://www.alltrails.com/trail/new-zealand/waikato/wairere-falls-track,2025-05-25,,,1.0,,1.0,,,,,,,,0,
OBS000016,NZ003,NZ003,https://www.alltrails.com/trail/new-zealand/waikato/wairere-falls-track,2025-06-12,,,,,1.0,,,,,,,,0,
OBS000017,NZ004,NZ004,https://www.alltrails.com/trail/new-zealand/otago/new-chum-loop,2025-02-19,,,1.0,,,,,,,,,,0,
OBS000018,NZ004,NZ004,https://www.alltrails.com/trail/new-zealand/otago/new-chum-loop,2025-03-10,,,1.0,,,,,,,,,,0,
OBS000019,NZ004,NZ004,https://www.alltrails.com/trail/new-zealand/otago/new-chum-loop,2025-03-12,,,1.0,,,,,,,,,,0,
OBS000020,NZ004,NZ004,https://www.alltrails.com/trail/new-zealand/otago/new-chum-loop,2025-03-14,,,1.0,,,,,,,,,,0,
OBS000021,NZ004,NZ004,https://www.alltrails.com/trail/new-zealand/otago/new-chum-loop,2025-03-15,,,0.0,,,,,,,,,,0,
OBS000022,NZ004,NZ004,https://www.alltrails.com/trail/new-zealand/otago/new-chum-loop,2025-03-23,,,1.0,,,,,,,,,,0,
OBS000023,NZ004,NZ004,https://www.alltrails.com/trail/new-zealand/otago/new-chum-loop,2025-04-04,,,1.0,,1.0,,,,,,,,0,
OBS000024,NZ004,NZ004,https://www.alltrails.com/trail/new-zealand/otago/new-chum-loop,2025-04-06,,,1.0,,,,,,,,,,0,
OBS000025,NZ006,NZ006,https://www.alltrails.com/trail/new-zealand/waikato/te-whare-okioki-hut-from-te-tuhi-road,2025-06-14,,,,,1.0,,,,,,,,0,
OBS000026,NZ007,NZ007,https://www.alltrails.com/trail/new-zealand/otago/rock-peak-track,2024-07-08,,,1.0,,,,,,,,,,0,
OBS000027,NZ007,NZ007,https://www.alltrails.com/trail/new-zealand/otago/rock-peak-track,2024-09-16,,,,,,1.0,,,,,,,0,
OBS000028,NZ007,NZ007,https://www.alltrails.com/trail/new-zealand/otago/rock-peak-track,2024-10-20,,,1.0,,,,,,,,,,0,
OBS000029,NZ007,NZ007,https://www.alltrails.com/trail/new-zealand/otago/rock-peak-track,2024-11-10,,,1.0,,,,,,,,,,0,
OBS000030,NZ007,NZ007,https://www.alltrails.com/trail/new-zealand/otago/rock-peak-track,2025-01-10,,,1.0,,,,,,,,,,0,
OBS000031,NZ007,NZ007,https://www.alltrails.com/trail/new-zealand/otago/rock-peak-track,2025-05-10,,,1.0,,,,,,,,,,0,
OBS000032,NZ007,NZ007,https://www.alltrails.com/trail/new-zealand/otago/rock-peak-track,2025-05-11,,,1.0,,,,,,,,,,0,
OBS000033,NZ007,NZ007,https://www.alltrails.com/trail/new-zealand/otago/rock-peak-track,2025-07-19,,,1.0,,,,,,,,,,0,
OBS000034,NZ007,NZ007,https://www.alltrails.com/trail/new-zealand/otago/rock-peak-track,2025-08-10,,,1.0,,,,,,,,,,0,
OBS000035,NZ007,NZ007,https://www.alltrails.com/trail/new-zealand/otago/rock-peak-track,2025-08-11,,,1.0,,,,,,,,,,0,
OBS000036,NZ007,NZ007,https://www.alltrails.com/trail/new-zealand/otago/rock-peak-track,2026-01-03,,,1.0,,,,,,,,,,0,
OBS000037,NZ007,NZ007,https://www.alltrails.com/trail/new-zealand/otago/rock-peak-track,2026-01-29,,,1.0,,,,,,,,,,0,
OBS000038,NZ007,NZ007,https://www.alltrails.com/trail/new-zealand/otago/rock-peak-track,2026-02-06,,,1.0,,,,,,,,,,0,
OBS000039,NZ007,NZ007,https://www.alltrails.com/trail/new-zealand/otago/rock-peak-track,2026-04-18,,,,,1.0,,,,,,,,0,
OBS000040,NZ009,NZ009,https://www.alltrails.com/trail/new-zealand/northland/dukes-nose-via-wairaku-stream-track,2025-04-13,,,,1.0,1.0,,,,,,,,0,
OBS000041,NZ009,NZ009,https://www.alltrails.com/trail/new-zealand/northland/dukes-nose-via-wairaku-stream-track,2025-05-09,,,,,1.0,,,,,,,,0,
OBS000042,NZ009,NZ009,https://www.alltrails.com/trail/new-zealand/northland/dukes-nose-via-wairaku-stream-track,2025-05-16,,,0.0,,,,,,,,,,0,
OBS000043,NZ009,NZ009,https://www.alltrails.com/trail/new-zealand/northland/dukes-nose-via-wairaku-stream-track,2025-05-23,,,,,1.0,,,,,,,,0,
OBS000044,NZ009,NZ009,https://www.alltrails.com/trail/new-zealand/northland/dukes-nose-via-wairaku-stream-track,2025-05-30,,,,,1.0,,,,,,,,0,
OBS000045,NZ009,NZ009,https://www.alltrails.com/trail/new-zealand/northland/dukes-nose-via-wairaku-stream-track,2025-05-31,,,,,1.0,,,,,,,,0,
OBS000046,NZ009,NZ009,https://www.alltrails.com/trail/new-zealand/northland/dukes-nose-via-wairaku-stream-track,2025-06-09,,,,,1.0,,,,,,,,0,
OBS000047,NZ009,NZ009,https://www.alltrails.com/trail/new-zealand/northland/dukes-nose-via-wairaku-stream-track,2025-06-15,,,1.0,,,,,,,,,,0,
OBS000048,NZ010,NZ010,https://www.alltrails.com/trail/new-zealand/otago/moke-lake-loop-track,2025-04-29,,,1.0,,,,,,,,,,0,
OBS000049,NZ010,NZ010,https://www.alltrails.com/trail/new-zealand/otago/moke-lake-loop-track,2025-05-23,,,,,,,1.0,,,,,,0,
OBS000050,NZ010,NZ010,https://www.alltrails.com/trail/new-zealand/otago/moke-lake-loop-track,2025-05-23,,,1.0,,,,,,,,,,0,
OBS000051,NZ011,NZ011,https://www.alltrails.com/trail/new-zealand/otago/moonlight-track-from-arthurs-point,2025-01-04,,,1.0,,,,,,,,,,0,
OBS000052,NZ011,NZ011,https://www.alltrails.com/trail/new-zealand/otago/moonlight-track-from-arthurs-point,2025-01-11,,,1.0,,,,,,,,,,0,
OBS000053,NZ011,NZ011,https://www.alltrails.com/trail/new-zealand/otago/moonlight-track-from-arthurs-point,2025-01-11,,,1.0,,,,,,,,,,0,
OBS000054,NZ011,NZ011,https://www.alltrails.com/trail/new-zealand/otago/moonlight-track-from-arthurs-point,2025-01-25,,,1.0,,,,,,,,,,0,
OBS000055,NZ011,NZ011,https://www.alltrails.com/trail/new-zealand/otago/moonlight-track-from-arthurs-point,2025-01-30,,,1.0,,,,,,,,,,0,
OBS000056,NZ011,NZ011,https://www.alltrails.com/trail/new-zealand/otago/moonlight-track-from-arthurs-point,2025-04-05,,,,,1.0,,,,,,,,0,
OBS000057,NZ011,NZ011,https://www.alltrails.com/trail/new-zealand/otago/moonlight-track-from-arthurs-point,2025-04-12,,,1.0,,,,,,,,,,0,
OBS000058,NZ011,NZ011,https://www.alltrails.com/trail/new-zealand/otago/moonlight-track-from-arthurs-point,2025-04-18,,,1.0,,,,,,,,,,0,
OBS000059,NZ011,NZ011,https://www.alltrails.com/trail/new-zealand/otago/moonlight-track-from-arthurs-point,2025-06-05,,,,,1.0,,,,,,,,0,
OBS000060,NZ011,NZ011,https://www.alltrails.com/trail/new-zealand/otago/moonlight-track-from-arthurs-point,2025-06-16,,,1.0,,,,,,,,,,0,
OBS000061,NZ012,NZ012,https://www.alltrails.com/trail/new-zealand/southland/milford-track,2025-02-04,,,1.0,,,,,,,,,,0,
OBS000062,NZ012,NZ012,https://www.alltrails.com/trail/new-zealand/southland/milford-track,2025-02-08,,,1.0,,,,,,,,,,0,
OBS000063,NZ012,NZ012,https://www.alltrails.com/trail/new-zealand/southland/milford-track,2025-02-15,,,1.0,1.0,1.0,,,,,,,,0,
OBS000064,NZ012,NZ012,https://www.alltrails.com/trail/new-zealand/southland/milford-track,2025-02-19,,,1.0,1.0,,,,,,,,,0,
OBS000065,NZ012,NZ012,https://www.alltrails.com/trail/new-zealand/southland/milford-track,2025-04-02,,,1.0,,,,,,,,,,0,
OBS000066,NZ012,NZ012,https://www.alltrails.com/trail/new-zealand/southland/milford-track,2025-04-03,,,1.0,,,,,,,,,,0,
OBS000067,NZ012,NZ012,https://www.alltrails.com/trail/new-zealand/southland/milford-track,2025-04-07,,,1.0,1.0,1.0,,,,,,,,0,
OBS000068,NZ012,NZ012,https://www.alltrails.com/trail/new-zealand/southland/milford-track,2025-04-11,,,1.0,,,,,,,,,,0,
OBS000069,NZ013,NZ013,https://www.alltrails.com/trail/new-zealand/canterbury/casey-saddle-binser-saddle-loop,2025-04-17,,,,1.0,1.0,,,,,,,,0,
OBS000070,NZ014,NZ014,https://www.alltrails.com/trail/new-zealand/west-coast/lake-daniell-track,2024-07-11,,,1.0,1.0,,,1.0,,,,,,0,
OBS000071,NZ014,NZ014,https://www.alltrails.com/trail/new-zealand/west-coast/lake-daniell-track,2024-07-24,,,1.0,,,,,,,,,,0,
OBS000072,NZ014,NZ014,https://www.alltrails.com/trail/new-zealand/west-coast/lake-daniell-track,2024-08-09,,,1.0,,,,,,,,,,0,
OBS000073,NZ014,NZ014,https://www.alltrails.com/trail/new-zealand/west-coast/lake-daniell-track,2024-08-24,,,1.0,,1.0,,,,,,,,0,
OBS000074,NZ014,NZ014,https://www.alltrails.com/trail/new-zealand/west-coast/lake-daniell-track,2024-10-05,,,,,1.0,,,,,,,,0,
OBS000075,NZ014,NZ014,https://www.alltrails.com/trail/new-zealand/west-coast/lake-daniell-track,2024-10-09,,,1.0,,1.0,,,,,,,,0,
OBS000076,NZ014,NZ014,https://www.alltrails.com/trail/new-zealand/west-coast/lake-daniell-track,2024-10-19,,,1.0,,,,,,,,,,0,
OBS000077,NZ014,NZ014,https://www.alltrails.com/trail/new-zealand/west-coast/lake-daniell-track,2024-11-12,,,1.0,,,,,,,,,,0,
OBS000078,NZ014,NZ014,https://www.alltrails.com/trail/new-zealand/west-coast/lake-daniell-track,2025-04-14,,,,1.0,1.0,,,,,,,,0,
OBS000079,NZ014,NZ014,https://www.alltrails.com/trail/new-zealand/west-coast/lake-daniell-track,2025-04-17,,,1.0,,,,,,,,,,0,
OBS000080,NZ014,NZ014,https://www.alltrails.com/trail/new-zealand/west-coast/lake-daniell-track,2025-05-20,,,,,1.0,,,,,,,,0,
OBS000081,NZ014,NZ014,https://www.alltrails.com/trail/new-zealand/west-coast/lake-daniell-track,2025-05-27,,,1.0,,1.0,,,,,,,,0,
OBS000082,NZ014,NZ014,https://www.alltrails.com/trail/new-zealand/west-coast/lake-daniell-track,2025-07-08,,,1.0,,,,,,,,,,0,
OBS000083,NZ015,NZ015,https://www.alltrails.com/trail/new-zealand/canterbury/thirteen-mile-bush-track-to-benmore-hut,2023-12-08,,,,,1.0,,,,,,,,0,
OBS000084,NZ015,NZ015,https://www.alltrails.com/trail/new-zealand/canterbury/thirteen-mile-bush-track-to-benmore-hut,2024-02-11,,,,,1.0,,,,,,,,0,
OBS000085,NZ015,NZ015,https://www.alltrails.com/trail/new-zealand/canterbury/thirteen-mile-bush-track-to-benmore-hut,2024-10-04,,,,,1.0,,,,,,,,0,
OBS000086,NZ015,NZ015,https://www.alltrails.com/trail/new-zealand/canterbury/thirteen-mile-bush-track-to-benmore-hut,2025-02-08,,,,1.0,,,,,,,,,0,
OBS000087,NZ015,NZ015,https://www.alltrails.com/trail/new-zealand/canterbury/thirteen-mile-bush-track-to-benmore-hut,2025-02-27,,,,1.0,1.0,,,,,,,,0,
OBS000088,NZ016,NZ016,https://www.alltrails.com/trail/new-zealand/canterbury/taylors-mistake-to-black-rock-point,2024-08-29,,,1.0,,,,,,,,,,0,
OBS000089,NZ016,NZ016,https://www.alltrails.com/trail/new-zealand/canterbury/taylors-mistake-to-black-rock-point,2025-01-26,,,,,1.0,,,,,,,,0,
OBS000090,NZ017,NZ017,https://www.alltrails.com/trail/new-zealand/canterbury/tiromoana-bush-walk,2023-08-11,,,1.0,,,,,,,,,,0,
OBS000091,NZ017,NZ017,https://www.alltrails.com/trail/new-zealand/canterbury/tiromoana-bush-walk,2023-11-20,,,1.0,,,,,,,,,,0,
OBS000092,NZ017,NZ017,https://www.alltrails.com/trail/new-zealand/canterbury/tiromoana-bush-walk,2024-05-09,,,1.0,,,,,,,,,,0,
OBS000093,NZ017,NZ017,https://www.alltrails.com/trail/new-zealand/canterbury/tiromoana-bush-walk,2024-07-04,,,1.0,,,,,,,,,,0,
OBS000094,NZ017,NZ017,https://www.alltrails.com/trail/new-zealand/canterbury/tiromoana-bush-walk,2024-07-20,,,1.0,,,,,,,,,,0,
OBS000095,NZ017,NZ017,https://www.alltrails.com/trail/new-zealand/canterbury/tiromoana-bush-walk,2024-10-08,,,1.0,,,,,,,,,,0,
OBS000096,NZ017,NZ017,https://www.alltrails.com/trail/new-zealand/canterbury/tiromoana-bush-walk,2025-02-07,,,1.0,,,,,,,,,,0,
OBS000097,NZ017,NZ017,https://www.alltrails.com/trail/new-zealand/canterbury/tiromoana-bush-walk,2025-03-15,,,1.0,0.0,,,,,,,,,0,
OBS000098,NZ017,NZ017,https://www.alltrails.com/trail/new-zealand/canterbury/tiromoana-bush-walk,2025-05-11,,,1.0,,,,,,,,,,0,
OBS000099,NZ018,NZ018,https://www.alltrails.com/trail/new-zealand/canterbury/bottle-lake-forest-blue-track,2024-11-28,,,1.0,,,,,,,,,,0,
OBS000100,NZ018,NZ018,https://www.alltrails.com/trail/new-zealand/canterbury/bottle-lake-forest-blue-track,2025-02-18,,,1.0,,,,,,,,,,0,
OBS000101,NZ018,NZ018,https://www.alltrails.com/trail/new-zealand/canterbury/bottle-lake-forest-blue-track,2025-03-28,,,1.0,,,,,,,,,,0,
OBS000102,NZ018,NZ018,https://www.alltrails.com/trail/new-zealand/canterbury/bottle-lake-forest-blue-track,2025-03-31,,,1.0,,,,,,,,,,0,
OBS000103,NZ018,NZ018,https://www.alltrails.com/trail/new-zealand/canterbury/bottle-lake-forest-blue-track,2025-05-10,,,0.0,,,,,,,,,,0,
OBS000104,NZ018,NZ018,https://www.alltrails.com/trail/new-zealand/canterbury/bottle-lake-forest-blue-track,2025-06-01,,,1.0,,,,,,,,,,0,
OBS000105,NZ019,NZ019,https://www.alltrails.com/trail/new-zealand/waikato/dalys-clearing-hut-from-te-aroha,2023-05-31,,,0.0,,,,,,,,,,0,
OBS000106,NZ019,NZ019,https://www.alltrails.com/trail/new-zealand/waikato/dalys-clearing-hut-from-te-aroha,2024-07-26,,,,,1.0,,,,,,,,0,
OBS000107,NZ021,NZ021,https://www.alltrails.com/trail/new-zealand/canterbury/sealy-tarns-track,2025-05-24,,,1.0,,,,,,,,,,0,
OBS000108,NZ022,NZ022,https://www.alltrails.com/trail/new-zealand/manawatu-wanganui/manawatu-gorge-track-from-manawatu-gorge-road-end,2025-02-19,,,1.0,,,,,,,,,,0,
OBS000109,NZ022,NZ022,https://www.alltrails.com/trail/new-zealand/manawatu-wanganui/manawatu-gorge-track-from-manawatu-gorge-road-end,2025-03-28,,,1.0,,,,,,,,,,0,
OBS000110,NZ023,NZ023,https://www.alltrails.com/trail/new-zealand/manawatu-wanganui/whakapapaiti-valley-loop,2021-11-26,,,1.0,,,,,,,,,,0,
OBS000111,NZ023,NZ023,https://www.alltrails.com/trail/new-zealand/manawatu-wanganui/whakapapaiti-valley-loop,2022-08-17,,,1.0,,1.0,0.0,1.0,,,,,,0,
OBS000112,NZ023,NZ023,https://www.alltrails.com/trail/new-zealand/manawatu-wanganui/whakapapaiti-valley-loop,2023-01-05,,,,,1.0,,,,,,,,0,
OBS000113,NZ023,NZ023,https://www.alltrails.com/trail/new-zealand/manawatu-wanganui/whakapapaiti-valley-loop,2023-04-30,,,1.0,,,,,,,,,,0,
OBS000114,NZ023,NZ023,https://www.alltrails.com/trail/new-zealand/manawatu-wanganui/whakapapaiti-valley-loop,2024-02-07,,,,,1.0,,,,,,,,0,
OBS000115,NZ023,NZ023,https://www.alltrails.com/trail/new-zealand/manawatu-wanganui/whakapapaiti-valley-loop,2024-12-16,,,1.0,,,,,,,,,,0,
OBS000116,NZ023,NZ023,https://www.alltrails.com/trail/new-zealand/manawatu-wanganui/whakapapaiti-valley-loop,2024-12-18,,,,1.0,,,,,,,,,0,
OBS000117,NZ023,NZ023,https://www.alltrails.com/trail/new-zealand/manawatu-wanganui/whakapapaiti-valley-loop,2025-01-12,,,1.0,,,,,,,,,,0,
OBS000118,NZ023,NZ023,https://www.alltrails.com/trail/new-zealand/manawatu-wanganui/whakapapaiti-valley-loop,2025-01-13,,,1.0,,,,,,,,,,0,
OBS000119,NZ023,NZ023,https://www.alltrails.com/trail/new-zealand/manawatu-wanganui/whakapapaiti-valley-loop,2025-03-24,,,,,1.0,,,,,,,,0,
OBS000120,NZ023,NZ023,https://www.alltrails.com/trail/new-zealand/manawatu-wanganui/whakapapaiti-valley-loop,2025-03-29,,,1.0,,,,,,,,,,0,
OBS000121,NZ023,NZ023,https://www.alltrails.com/trail/new-zealand/manawatu-wanganui/whakapapaiti-valley-loop,2025-04-02,,,,,1.0,,,,,,,,0,
OBS000122,NZ023,NZ023,https://www.alltrails.com/trail/new-zealand/manawatu-wanganui/whakapapaiti-valley-loop,2025-06-20,,,1.0,,,,,,,,,,0,
OBS000123,NZ026,NZ026,https://www.alltrails.com/trail/new-zealand/west-coast/the-old-ghost-road,2022-06-23,,,1.0,,,,,,,,,,0,
OBS000124,NZ026,NZ026,https://www.alltrails.com/trail/new-zealand/west-coast/the-old-ghost-road,2022-12-08,,,1.0,1.0,,,,,,,,,0,
OBS000125,NZ026,NZ026,https://www.alltrails.com/trail/new-zealand/west-coast/the-old-ghost-road,2025-01-23,,,1.0,,,,,,,,,,0,
OBS000126,NZ026,NZ026,https://www.alltrails.com/trail/new-zealand/west-coast/the-old-ghost-road,2025-03-11,,,1.0,,,,,,,,,,0,
OBS000127,NZ026,NZ026,https://www.alltrails.com/trail/new-zealand/west-coast/the-old-ghost-road,2025-04-06,,,1.0,,,,,,,,,,0,
OBS000128,NZ027,NZ027,https://www.alltrails.com/trail/new-zealand/northland/te-wairere-waterfall-walk,2022-02-01,,,1.0,,,,,,,,,,0,
OBS000129,NZ027,NZ027,https://www.alltrails.com/trail/new-zealand/northland/te-wairere-waterfall-walk,2024-10-17,,,1.0,,,,,,,,,,0,
OBS000130,NZ027,NZ027,https://www.alltrails.com/trail/new-zealand/northland/te-wairere-waterfall-walk,2024-10-31,,,1.0,,,,,,,,,,0,
OBS000131,NZ027,NZ027,https://www.alltrails.com/trail/new-zealand/northland/te-wairere-waterfall-walk,2024-11-10,,,1.0,,,,,,,,,,0,
OBS000132,NZ027,NZ027,https://www.alltrails.com/trail/new-zealand/northland/te-wairere-waterfall-walk,2024-11-23,,,1.0,,,,,,,,,,0,
OBS000133,NZ027,NZ027,https://www.alltrails.com/trail/new-zealand/northland/te-wairere-waterfall-walk,2025-01-06,,,1.0,,,,,,,,,,0,
OBS000134,NZ027,NZ027,https://www.alltrails.com/trail/new-zealand/northland/te-wairere-waterfall-walk,2025-08-10,,,1.0,,,,,,,,,,0,
OBS000135,NZ027,NZ027,https://www.alltrails.com/trail/new-zealand/northland/te-wairere-waterfall-walk,2025-08-24,,,1.0,,1.0,,,,,,,,0,
OBS000136,NZ027,NZ027,https://www.alltrails.com/trail/new-zealand/northland/te-wairere-waterfall-walk,2025-10-25,,,1.0,,,,,,,,,,0,
OBS000137,NZ027,NZ027,https://www.alltrails.com/trail/new-zealand/northland/te-wairere-waterfall-walk,2026-01-27,,,1.0,,,,,,,,,,0,
OBS000138,NZ027,NZ027,https://www.alltrails.com/trail/new-zealand/northland/te-wairere-waterfall-walk,2026-03-20,,,1.0,,,,,,,,,,0,
OBS000139,NZ028,NZ028,https://www.alltrails.com/trail/new-zealand/otago/butterfield-wetland-track,2023-04-13,,,1.0,,,,,,,,,,0,
OBS000140,NZ028,NZ028,https://www.alltrails.com/trail/new-zealand/otago/butterfield-wetland-track,2023-05-05,,,1.0,,,,,,,,,,0,
OBS000141,NZ028,NZ028,https://www.alltrails.com/trail/new-zealand/otago/butterfield-wetland-track,2024-08-10,,,1.0,,,,,,,,,,0,
OBS000142,NZ028,NZ028,https://www.alltrails.com/trail/new-zealand/otago/butterfield-wetland-track,2024-11-23,,,1.0,,,,,,,,,,0,
OBS000143,NZ028,NZ028,https://www.alltrails.com/trail/new-zealand/otago/butterfield-wetland-track,2024-12-28,,,1.0,,,,,,,,,,0,
OBS000144,NZ028,NZ028,https://www.alltrails.com/trail/new-zealand/otago/butterfield-wetland-track,2025-01-05,,,1.0,,,,,,,,,,0,
OBS000145,NZ028,NZ028,https://www.alltrails.com/trail/new-zealand/otago/butterfield-wetland-track,2025-03-12,,,1.0,,,,,,,,,,0,
OBS000146,NZ028,NZ028,https://www.alltrails.com/trail/new-zealand/otago/butterfield-wetland-track,2025-03-15,,,1.0,,,,,,,,,,0,
OBS000147,NZ029,NZ029,https://www.alltrails.com/trail/new-zealand/otago/coronet-peak-to-arrowtown-via-brow-peak,2022-04-12,,,1.0,,,,,,,,,,0,
OBS000148,NZ029,NZ029,https://www.alltrails.com/trail/new-zealand/otago/coronet-peak-to-arrowtown-via-brow-peak,2022-10-14,,,1.0,,,1.0,,,,,,,0,
OBS000149,NZ029,NZ029,https://www.alltrails.com/trail/new-zealand/otago/coronet-peak-to-arrowtown-via-brow-peak,2023-01-29,,,1.0,,,,,,,,,,0,
OBS000150,NZ029,NZ029,https://www.alltrails.com/trail/new-zealand/otago/coronet-peak-to-arrowtown-via-brow-peak,2024-04-21,,,1.0,,,,,,,,,,0,
OBS000151,NZ029,NZ029,https://www.alltrails.com/trail/new-zealand/otago/coronet-peak-to-arrowtown-via-brow-peak,2024-12-15,,,1.0,,,,,,,,,,0,
OBS000152,NZ029,NZ029,https://www.alltrails.com/trail/new-zealand/otago/coronet-peak-to-arrowtown-via-brow-peak,2025-03-28,,,1.0,,,,,,,,,,0,
OBS000153,NZ030,NZ030,https://www.alltrails.com/trail/new-zealand/otago/arrow-river-trail-via-millennium-walkway,2025-01-06,,,1.0,,,,,,,,,,0,
OBS000154,NZ030,NZ030,https://www.alltrails.com/trail/new-zealand/otago/arrow-river-trail-via-millennium-walkway,2025-03-02,,,1.0,,,,,,,,,,0,
OBS000155,NZ030,NZ030,https://www.alltrails.com/trail/new-zealand/otago/arrow-river-trail-via-millennium-walkway,2025-03-02,,,1.0,,,,,,,,,,0,
OBS000156,NZ030,NZ030,https://www.alltrails.com/trail/new-zealand/otago/arrow-river-trail-via-millennium-walkway,2025-03-02,,,1.0,,,,,,,,,,0,
OBS000157,NZ030,NZ030,https://www.alltrails.com/trail/new-zealand/otago/arrow-river-trail-via-millennium-walkway,2025-04-29,,,1.0,,,,,,,,,,0,
OBS000158,NZ030,NZ030,https://www.alltrails.com/trail/new-zealand/otago/arrow-river-trail-via-millennium-walkway,2025-05-02,,,1.0,,,,,,,,,,0,
OBS000159,NZ030,NZ030,https://www.alltrails.com/trail/new-zealand/otago/arrow-river-trail-via-millennium-walkway,2025-06-14,,,1.0,,,,,,,,,,0,
OBS000160,NZ031,NZ031,https://www.alltrails.com/trail/new-zealand/canterbury/tasman-lake-track,2025-02-18,,,1.0,,,,,,,,,,0,
OBS000161,NZ031,NZ031,https://www.alltrails.com/trail/new-zealand/canterbury/tasman-lake-track,2025-02-20,,,1.0,,,,,,,,,,0,
OBS000162,NZ031,NZ031,https://www.alltrails.com/trail/new-zealand/canterbury/tasman-lake-track,2025-02-25,,,1.0,,,,,,,,,,0,
OBS000163,NZ031,NZ031,https://www.alltrails.com/trail/new-zealand/canterbury/tasman-lake-track,2025-02-27,,,1.0,,,,,,,,,,0,
OBS000164,NZ031,NZ031,https://www.alltrails.com/trail/new-zealand/canterbury/tasman-lake-track,2025-03-01,,,1.0,,,,,,,,,,0,
OBS000165,NZ031,NZ031,https://www.alltrails.com/trail/new-zealand/canterbury/tasman-lake-track,2025-03-04,,,1.0,,,,,,,,,,0,
OBS000166,NZ031,NZ031,https://www.alltrails.com/trail/new-zealand/canterbury/tasman-lake-track,2025-03-05,,,1.0,1.0,,,,,,,,,0,
OBS000167,NZ031,NZ031,https://www.alltrails.com/trail/new-zealand/canterbury/tasman-lake-track,2025-03-09,,,1.0,,,,,,,,,,0,
OBS000168,NZ031,NZ031,https://www.alltrails.com/trail/new-zealand/canterbury/tasman-lake-track,2025-03-25,,,1.0,,,,,,,,,,0,
OBS000169,NZ031,NZ031,https://www.alltrails.com/trail/new-zealand/canterbury/tasman-lake-track,2025-04-18,,,1.0,,,,,,,,,,0,
OBS000170,NZ031,NZ031,https://www.alltrails.com/trail/new-zealand/canterbury/tasman-lake-track,2025-04-22,,,1.0,,,,,,,,,,0,
OBS000171,NZ031,NZ031,https://www.alltrails.com/trail/new-zealand/canterbury/tasman-lake-track,2025-05-22,,,1.0,,,,,,,,,,0,
OBS000172,NZ031,NZ031,https://www.alltrails.com/trail/new-zealand/canterbury/tasman-lake-track,2025-06-05,,,,,,1.0,1.0,,,,,,0,
OBS000173,NZ032,NZ032,https://www.alltrails.com/trail/new-zealand/canterbury/arthur-s-pass-walking-track,2025-01-03,,,1.0,,0.0,,,,,,,,0,
OBS000174,NZ032,NZ032,https://www.alltrails.com/trail/new-zealand/canterbury/arthur-s-pass-walking-track,2025-01-06,,,1.0,,,,,,,,,,0,
OBS000175,NZ032,NZ032,https://www.alltrails.com/trail/new-zealand/canterbury/arthur-s-pass-walking-track,2025-01-31,,,1.0,,,,,,,,,,0,
OBS000176,NZ032,NZ032,https://www.alltrails.com/trail/new-zealand/canterbury/arthur-s-pass-walking-track,2025-02-28,,,1.0,,,,,,,,,,0,
OBS000177,NZ032,NZ032,https://www.alltrails.com/trail/new-zealand/canterbury/arthur-s-pass-walking-track,2025-05-09,,,1.0,,,,,,,,,,0,
OBS000178,NZ032,NZ032,https://www.alltrails.com/trail/new-zealand/canterbury/arthur-s-pass-walking-track,2025-06-08,,,1.0,,,1.0,1.0,,,,,,0,
OBS000179,NZ033,NZ033,https://www.alltrails.com/trail/new-zealand/canterbury/hooker-hut-track,2024-11-30,,,1.0,,,,,,,,,,0,
OBS000180,NZ033,NZ033,https://www.alltrails.com/trail/new-zealand/canterbury/hooker-hut-track,2024-12-05,,,1.0,,,,,,,,,,0,
OBS000181,NZ033,NZ033,https://www.alltrails.com/trail/new-zealand/canterbury/hooker-hut-track,2024-12-27,,,1.0,,,,,,,,,,0,
OBS000182,NZ033,NZ033,https://www.alltrails.com/trail/new-zealand/canterbury/hooker-hut-track,2025-01-04,,,1.0,,,,,,,,,,0,
OBS000183,NZ033,NZ033,https://www.alltrails.com/trail/new-zealand/canterbury/hooker-hut-track,2025-01-08,,,1.0,1.0,,,,,,,,,0,
OBS000184,NZ033,NZ033,https://www.alltrails.com/trail/new-zealand/canterbury/hooker-hut-track,2025-02-10,,,1.0,,,,,,,,,,0,
OBS000185,NZ033,NZ033,https://www.alltrails.com/trail/new-zealand/canterbury/hooker-hut-track,2025-02-15,,,1.0,,,,,,,,,,0,
OBS000186,NZ033,NZ033,https://www.alltrails.com/trail/new-zealand/canterbury/hooker-hut-track,2025-02-18,,,1.0,,,,,,,,,,0,
OBS000187,NZ033,NZ033,https://www.alltrails.com/trail/new-zealand/canterbury/hooker-hut-track,2025-02-27,,,1.0,,,,,,,,,,0,
OBS000188,NZ033,NZ033,https://www.alltrails.com/trail/new-zealand/canterbury/hooker-hut-track,2025-03-04,,,1.0,0.0,1.0,,,,,,,,0,
OBS000189,NZ033,NZ033,https://www.alltrails.com/trail/new-zealand/canterbury/hooker-hut-track,2025-03-19,,,1.0,0.0,,,,,,,,,0,
OBS000190,NZ033,NZ033,https://www.alltrails.com/trail/new-zealand/canterbury/hooker-hut-track,2025-05-20,,,1.0,,,,,,,,,,0,
OBS000191,NZ034,NZ034,https://www.alltrails.com/trail/new-zealand/nelson-tasman/abel-tasman-coast-track-marahau-to-anchorage,2025-03-21,,,1.0,,,,,,,,,,0,
OBS000192,NZ034,NZ034,https://www.alltrails.com/trail/new-zealand/nelson-tasman/abel-tasman-coast-track-marahau-to-anchorage,2025-03-24,,,1.0,,,,,,,,,,0,
OBS000193,NZ034,NZ034,https://www.alltrails.com/trail/new-zealand/nelson-tasman/abel-tasman-coast-track-marahau-to-anchorage,2025-05-16,,,1.0,,,,,,,,,,0,
OBS000194,NZ035,NZ035,https://www.alltrails.com/trail/new-zealand/nelson-tasman/brightwater-loop-track,2024-06-02,,,1.0,,,,,,,,,,0,
OBS000195,NZ035,NZ035,https://www.alltrails.com/trail/new-zealand/nelson-tasman/brightwater-loop-track,2024-09-29,,,1.0,,,,,,,,,,0,
OBS000196,NZ035,NZ035,https://www.alltrails.com/trail/new-zealand/nelson-tasman/brightwater-loop-track,2025-02-01,,,1.0,,,,,,,,,,0,
OBS000197,NZ035,NZ035,https://www.alltrails.com/trail/new-zealand/nelson-tasman/brightwater-loop-track,2025-05-22,,,1.0,,,,,,,,,,0,
OBS000198,NZ036,NZ036,https://www.alltrails.com/trail/new-zealand/nelson-tasman/anchorage-to-marahau-via-abel-tasman-coast-track-north-to-south,2025-02-10,,,1.0,,,,,,,,,,0,
OBS000199,NZ036,NZ036,https://www.alltrails.com/trail/new-zealand/nelson-tasman/anchorage-to-marahau-via-abel-tasman-coast-track-north-to-south,2025-02-12,,,1.0,,,,,,,,,,0,
OBS000200,NZ036,NZ036,https://www.alltrails.com/trail/new-zealand/nelson-tasman/anchorage-to-marahau-via-abel-tasman-coast-track-north-to-south,2025-02-14,,,1.0,,,,,,,,,,0,
OBS000201,NZ036,NZ036,https://www.alltrails.com/trail/new-zealand/nelson-tasman/anchorage-to-marahau-via-abel-tasman-coast-track-north-to-south,2025-02-15,,,1.0,,,,,,,,,,0,
OBS000202,NZ036,NZ036,https://www.alltrails.com/trail/new-zealand/nelson-tasman/anchorage-to-marahau-via-abel-tasman-coast-track-north-to-south,2025-02-15,,,1.0,,,,,,,,,,0,
OBS000203,NZ036,NZ036,https://www.alltrails.com/trail/new-zealand/nelson-tasman/anchorage-to-marahau-via-abel-tasman-coast-track-north-to-south,2025-02-16,,,1.0,0.0,,,,,,,,,0,
OBS000204,NZ036,NZ036,https://www.alltrails.com/trail/new-zealand/nelson-tasman/anchorage-to-marahau-via-abel-tasman-coast-track-north-to-south,2025-02-27,,,1.0,,,,,,,,,,0,
OBS000205,NZ036,NZ036,https://www.alltrails.com/trail/new-zealand/nelson-tasman/anchorage-to-marahau-via-abel-tasman-coast-track-north-to-south,2025-03-14,,,1.0,,,,,,,,,,0,
OBS000206,NZ036,NZ036,https://www.alltrails.com/trail/new-zealand/nelson-tasman/anchorage-to-marahau-via-abel-tasman-coast-track-north-to-south,2025-03-14,,,1.0,,,,,,,,,,0,
OBS000207,NZ036,NZ036,https://www.alltrails.com/trail/new-zealand/nelson-tasman/anchorage-to-marahau-via-abel-tasman-coast-track-north-to-south,2025-04-29,,,1.0,,,,,,,,,,0,
OBS000208,NZ036,NZ036,https://www.alltrails.com/trail/new-zealand/nelson-tasman/anchorage-to-marahau-via-abel-tasman-coast-track-north-to-south,2025-04-29,,,1.0,,1.0,,,,,,,,0,
OBS000209,NZ036,NZ036,https://www.alltrails.com/trail/new-zealand/nelson-tasman/anchorage-to-marahau-via-abel-tasman-coast-track-north-to-south,2025-05-04,,,1.0,,,,,,,,,,0,
OBS000210,NZ036,NZ036,https://www.alltrails.com/trail/new-zealand/nelson-tasman/anchorage-to-marahau-via-abel-tasman-coast-track-north-to-south,2025-05-21,,,1.0,,,,,,,,,,0,
OBS000211,NZ037,NZ037,https://www.alltrails.com/trail/new-zealand/taranaki/pouakai-hut-to-pouakai-tarns,2023-11-01,,,1.0,,,,,,,,,,0,
OBS000212,NZ037,NZ037,https://www.alltrails.com/trail/new-zealand/taranaki/pouakai-hut-to-pouakai-tarns,2024-07-13,,,1.0,,,,,,,,,,0,
OBS000213,NZ037,NZ037,https://www.alltrails.com/trail/new-zealand/taranaki/pouakai-hut-to-pouakai-tarns,2024-08-05,,,1.0,,,,,,,,,,0,
OBS000214,NZ037,NZ037,https://www.alltrails.com/trail/new-zealand/taranaki/pouakai-hut-to-pouakai-tarns,2025-02-23,,,1.0,,,,,,,,,,0,
OBS000215,NZ039,NZ039,https://www.alltrails.com/trail/new-zealand/nelson-tasman/split-apple-beach-track,2021-03-28,,,,,1.0,,,,,,,,0,
OBS000216,NZ039,NZ039,https://www.alltrails.com/trail/new-zealand/nelson-tasman/split-apple-beach-track,2025-03-06,,,1.0,,,,,,,,,,0,
OBS000217,NZ039,NZ039,https://www.alltrails.com/trail/new-zealand/nelson-tasman/split-apple-beach-track,2025-03-30,,,1.0,,,,,,,,,,0,
OBS000218,NZ039,NZ039,https://www.alltrails.com/trail/new-zealand/nelson-tasman/split-apple-beach-track,2025-05-24,,,1.0,,,,,,,,,,0,
OBS000219,NZ040,NZ040,https://www.alltrails.com/trail/new-zealand/taranaki/kaiauai-track-to-henry-peak,2023-07-29,,,1.0,,1.0,1.0,1.0,,,,,,0,
OBS000220,NZ040,NZ040,https://www.alltrails.com/trail/new-zealand/taranaki/kaiauai-track-to-henry-peak,2024-11-24,,,1.0,,,,,,,,,,0,
OBS000221,NZ040,NZ040,https://www.alltrails.com/trail/new-zealand/taranaki/kaiauai-track-to-henry-peak,2025-01-15,,,1.0,1.0,1.0,,,,,,,,0,
OBS000222,NZ040,NZ040,https://www.alltrails.com/trail/new-zealand/taranaki/kaiauai-track-to-henry-peak,2025-01-28,,,1.0,,,,,,,,,,0,
OBS000223,NZ040,NZ040,https://www.alltrails.com/trail/new-zealand/taranaki/kaiauai-track-to-henry-peak,2025-02-12,,,1.0,,,,,,,,,,0,
OBS000224,NZ040,NZ040,https://www.alltrails.com/trail/new-zealand/taranaki/kaiauai-track-to-henry-peak,2025-04-12,,,1.0,,,,,,,,,,0,
OBS000225,NZ041,NZ041,https://www.alltrails.com/trail/new-zealand/nelson-tasman/wainui-bay-taupo-point-walk,2021-10-09,,,1.0,,,,,,,,,,0,
OBS000226,NZ041,NZ041,https://www.alltrails.com/trail/new-zealand/nelson-tasman/wainui-bay-taupo-point-walk,2024-12-26,,,1.0,,,,,,,,,,0,
OBS000227,NZ042,NZ042,https://www.alltrails.com/trail/new-zealand/waikato/coromandel-walkway-fletcher-bay-to-poley-bay,2025-03-24,,,1.0,,,,,,,,,,0,
OBS000228,NZ044,NZ044,https://www.alltrails.com/trail/new-zealand/nelson-tasman/abel-tasman-coast-track-anchorage-to-bark-bay,2024-12-04,,,1.0,1.0,,,,,,,,,0,
OBS000229,NZ044,NZ044,https://www.alltrails.com/trail/new-zealand/nelson-tasman/abel-tasman-coast-track-anchorage-to-bark-bay,2024-12-05,,,1.0,,,,,,,,,,0,
OBS000230,NZ044,NZ044,https://www.alltrails.com/trail/new-zealand/nelson-tasman/abel-tasman-coast-track-anchorage-to-bark-bay,2025-02-01,,,1.0,,,,,,,,,,0,
OBS000231,NZ044,NZ044,https://www.alltrails.com/trail/new-zealand/nelson-tasman/abel-tasman-coast-track-anchorage-to-bark-bay,2025-02-01,,,1.0,,,,,,,,,,0,
OBS000232,NZ044,NZ044,https://www.alltrails.com/trail/new-zealand/nelson-tasman/abel-tasman-coast-track-anchorage-to-bark-bay,2025-03-23,,,1.0,,,,,,,,,,0,
OBS000233,NZ044,NZ044,https://www.alltrails.com/trail/new-zealand/nelson-tasman/abel-tasman-coast-track-anchorage-to-bark-bay,2025-03-25,,,1.0,,,,,,,,,,0,
OBS000234,NZ044,NZ044,https://www.alltrails.com/trail/new-zealand/nelson-tasman/abel-tasman-coast-track-anchorage-to-bark-bay,2025-04-23,,,1.0,,,,,,,,,,0,
OBS000235,NZ046,NZ046,https://www.alltrails.com/trail/new-zealand/canterbury/tasman-lake-and-river-walk,2025-05-24,,,1.0,,,,,,,,,,0,
OBS000236,NZ049,NZ049,https://www.alltrails.com/trail/new-zealand/auckland/beveridge-to-arataki-path,2023-02-05,,,1.0,,,,,,,,,,0,
OBS000237,NZ049,NZ049,https://www.alltrails.com/trail/new-zealand/auckland/beveridge-to-arataki-path,2023-07-02,,,1.0,,,,,,,,,,0,
OBS000238,NZ049,NZ049,https://www.alltrails.com/trail/new-zealand/auckland/beveridge-to-arataki-path,2024-06-06,,,1.0,,,,,,,,,,0,
OBS000239,NZ049,NZ049,https://www.alltrails.com/trail/new-zealand/auckland/beveridge-to-arataki-path,2024-08-10,,,1.0,,,,,,,,,,0,
OBS000240,NZ049,NZ049,https://www.alltrails.com/trail/new-zealand/auckland/beveridge-to-arataki-path,2024-08-18,,,1.0,,1.0,,,,,,,,0,
OBS000241,NZ049,NZ049,https://www.alltrails.com/trail/new-zealand/auckland/beveridge-to-arataki-path,2024-09-24,,,1.0,,,,,,,,,,0,
OBS000242,NZ049,NZ049,https://www.alltrails.com/trail/new-zealand/auckland/beveridge-to-arataki-path,2025-05-15,,,1.0,,,,,,,,,,0,
OBS000243,NZ049,NZ049,https://www.alltrails.com/trail/new-zealand/auckland/beveridge-to-arataki-path,2025-05-23,,,1.0,,,,,,,,,,0,
OBS000244,NZ050,NZ050,https://www.alltrails.com/trail/new-zealand/auckland/kitekite-falls-path,2025-06-20,,,1.0,,,,,,,,,,0,
OBS000245,NZ051,NZ051,https://www.alltrails.com/trail/new-zealand/auckland/suspension-bridge-loop,2024-10-28,,,1.0,,,,,,,,,,0,
OBS000246,NZ051,NZ051,https://www.alltrails.com/trail/new-zealand/auckland/suspension-bridge-loop,2024-11-01,,,1.0,,,,,,,,,,0,
OBS000247,NZ051,NZ051,https://www.alltrails.com/trail/new-zealand/auckland/suspension-bridge-loop,2025-02-05,,,1.0,,,,,,,,,,0,
OBS000248,NZ051,NZ051,https://www.alltrails.com/trail/new-zealand/auckland/suspension-bridge-loop,2025-05-04,,,1.0,,,,,,,,,,0,
OBS000249,NZ052,NZ052,https://www.alltrails.com/trail/new-zealand/otago/glendhu-bay-track,2024-08-30,,,1.0,,,,,,,,,,0,
OBS000250,NZ052,NZ052,https://www.alltrails.com/trail/new-zealand/otago/glendhu-bay-track,2024-10-27,,,1.0,,,,,,,,,,0,
OBS000251,NZ052,NZ052,https://www.alltrails.com/trail/new-zealand/otago/glendhu-bay-track,2024-10-31,,,1.0,,,,,,,,,,0,
OBS000252,NZ052,NZ052,https://www.alltrails.com/trail/new-zealand/otago/glendhu-bay-track,2024-11-20,,,1.0,,,,,,,,,,0,
OBS000253,NZ052,NZ052,https://www.alltrails.com/trail/new-zealand/otago/glendhu-bay-track,2025-03-10,,,1.0,,,,,,,,,,0,
OBS000254,NZ052,NZ052,https://www.alltrails.com/trail/new-zealand/otago/glendhu-bay-track,2025-03-18,,,1.0,0.0,,,,,,,,,0,
OBS000255,NZ052,NZ052,https://www.alltrails.com/trail/new-zealand/otago/glendhu-bay-track,2025-03-24,,,1.0,,,,,,,,,,0,
OBS000256,NZ052,NZ052,https://www.alltrails.com/trail/new-zealand/otago/glendhu-bay-track,2025-04-11,,,1.0,,,,,,,,,,0,
OBS000257,NZ052,NZ052,https://www.alltrails.com/trail/new-zealand/otago/glendhu-bay-track,2025-04-18,,,1.0,,,,,,,,,,0,
OBS000258,NZ053,NZ053,https://www.alltrails.com/trail/new-zealand/canterbury/trig-m-via-coach-stream,2021-04-18,,,1.0,,,,,,,,,,0,
OBS000259,NZ054,NZ054,https://www.alltrails.com/trail/new-zealand/otago/skyline-loop-track-to-ben-lomond-paragliding-launch-site,2025-01-31,,,1.0,,,,,,,,,,0,
OBS000260,NZ055,NZ055,https://www.alltrails.com/trail/new-zealand/otago/conroys-gully-walk,2022-04-03,,,1.0,,,,,,,,,,0,
OBS000261,NZ055,NZ055,https://www.alltrails.com/trail/new-zealand/otago/conroys-gully-walk,2023-09-03,,,1.0,,,,,,,,,,0,
OBS000262,NZ055,NZ055,https://www.alltrails.com/trail/new-zealand/otago/conroys-gully-walk,2025-03-14,,,1.0,,,,,,,,,,0,
OBS000263,NZ055,NZ055,https://www.alltrails.com/trail/new-zealand/otago/conroys-gully-walk,2025-05-14,,,,0.0,,,,,,,,,0,
OBS000264,NZ055,NZ055,https://www.alltrails.com/trail/new-zealand/otago/conroys-gully-walk,2025-06-08,,,1.0,,,,,,,,,,0,
OBS000265,NZ056,NZ056,https://www.alltrails.com/trail/new-zealand/otago/taieri-millenium-track,2022-06-14,,,1.0,,1.0,,,,,,,,0,
OBS000266,NZ056,NZ056,https://www.alltrails.com/trail/new-zealand/otago/taieri-millenium-track,2025-05-27,,,1.0,,,,,,,,,,0,
OBS000267,NZ057,NZ057,https://www.alltrails.com/trail/new-zealand/southland/kepler-track-carpark-to-rainbow-reach-via-kepler-track,2023-05-01,,,1.0,,,,,,,,,,0,
OBS000268,NZ057,NZ057,https://www.alltrails.com/trail/new-zealand/southland/kepler-track-carpark-to-rainbow-reach-via-kepler-track,2024-01-08,,,1.0,,1.0,,,,,,,,0,
OBS000269,NZ057,NZ057,https://www.alltrails.com/trail/new-zealand/southland/kepler-track-carpark-to-rainbow-reach-via-kepler-track,2024-02-19,,,1.0,,,,,,,,,,0,
OBS000270,NZ057,NZ057,https://www.alltrails.com/trail/new-zealand/southland/kepler-track-carpark-to-rainbow-reach-via-kepler-track,2024-12-31,,,1.0,,,,,,,,,,0,
OBS000271,NZ057,NZ057,https://www.alltrails.com/trail/new-zealand/southland/kepler-track-carpark-to-rainbow-reach-via-kepler-track,2025-02-25,,,,,1.0,,,,,,,,0,
OBS000272,NZ057,NZ057,https://www.alltrails.com/trail/new-zealand/southland/kepler-track-carpark-to-rainbow-reach-via-kepler-track,2025-03-26,,,1.0,,,,,,,,,,0,
OBS000273,NZ057,NZ057,https://www.alltrails.com/trail/new-zealand/southland/kepler-track-carpark-to-rainbow-reach-via-kepler-track,2025-05-28,,,1.0,,,,,,,,,,0,
OBS000274,NZ060,NZ060,https://www.alltrails.com/trail/new-zealand/southland/lake-hauroko-lookout-track,2020-08-27,,,,,1.0,,,,,,,,0,
OBS000275,NZ060,NZ060,https://www.alltrails.com/trail/new-zealand/southland/lake-hauroko-lookout-track,2021-08-26,,,1.0,,1.0,,,,,,,,0,
OBS000276,NZ060,NZ060,https://www.alltrails.com/trail/new-zealand/southland/lake-hauroko-lookout-track,2022-10-13,,,1.0,,,,,,,,,,0,
OBS000277,NZ060,NZ060,https://www.alltrails.com/trail/new-zealand/southland/lake-hauroko-lookout-track,2023-01-29,,,,1.0,,,,,,,,,0,
OBS000278,NZ060,NZ060,https://www.alltrails.com/trail/new-zealand/southland/lake-hauroko-lookout-track,2023-04-16,,,1.0,,,,,,,,,,0,
OBS000279,NZ060,NZ060,https://www.alltrails.com/trail/new-zealand/southland/lake-hauroko-lookout-track,2023-11-22,,,,1.0,1.0,,,,,,,,0,
OBS000280,NZ060,NZ060,https://www.alltrails.com/trail/new-zealand/southland/lake-hauroko-lookout-track,2024-01-06,,,1.0,,,,,,,,,,0,
OBS000281,NZ060,NZ060,https://www.alltrails.com/trail/new-zealand/southland/lake-hauroko-lookout-track,2024-11-13,,,1.0,,,,,,,,,,0,
OBS000282,NZ060,NZ060,https://www.alltrails.com/trail/new-zealand/southland/lake-hauroko-lookout-track,2025-03-19,,,1.0,,,,,,,,,,0,
OBS000283,NZ061,NZ061,https://www.alltrails.com/trail/new-zealand/southland/kepler-track-kepler-track-carpark-to-brod-bay-campsite,2024-12-24,,,1.0,1.0,1.0,,,,,,,,0,
OBS000284,NZ061,NZ061,https://www.alltrails.com/trail/new-zealand/southland/kepler-track-kepler-track-carpark-to-brod-bay-campsite,2025-01-02,,,1.0,,,,,,,,,,0,
OBS000285,NZ061,NZ061,https://www.alltrails.com/trail/new-zealand/southland/kepler-track-kepler-track-carpark-to-brod-bay-campsite,2025-01-05,,,1.0,,,,,,,,,,0,
OBS000286,NZ061,NZ061,https://www.alltrails.com/trail/new-zealand/southland/kepler-track-kepler-track-carpark-to-brod-bay-campsite,2025-05-27,,,1.0,,,,,,,,,,0,
OBS000287,NZ062,NZ062,https://www.alltrails.com/trail/new-zealand/southland/derek-turnbull-track,2025-01-09,,,1.0,,,,,,,,,,0,
OBS000288,NZ062,NZ062,https://www.alltrails.com/trail/new-zealand/southland/derek-turnbull-track,2025-01-25,,,1.0,,,,,,,,,,0,
OBS000289,NZ062,NZ062,https://www.alltrails.com/trail/new-zealand/southland/derek-turnbull-track,2025-02-06,,,1.0,,,,,,,,,,0,
OBS000290,NZ062,NZ062,https://www.alltrails.com/trail/new-zealand/southland/derek-turnbull-track,2025-02-18,,,1.0,,,,,,,,,,0,
OBS000291,NZ062,NZ062,https://www.alltrails.com/trail/new-zealand/southland/derek-turnbull-track,2025-04-10,,,1.0,,,,,,,,,,0,
OBS000292,NZ063,NZ063,https://www.alltrails.com/trail/new-zealand/southland/fuchsia-and-raroa-walk,2025-01-15,,,1.0,,,,,,,,,,0,
OBS000293,NZ063,NZ063,https://www.alltrails.com/trail/new-zealand/southland/fuchsia-and-raroa-walk,2025-01-28,,,1.0,,,,,,,,,,0,
OBS000294,NZ064,NZ064,https://www.alltrails.com/trail/new-zealand/southland/hamilton-park-loop,2024-07-10,,,1.0,,,,,,,,,,0,
OBS000295,NZ064,NZ064,https://www.alltrails.com/trail/new-zealand/southland/hamilton-park-loop,2025-06-15,,,1.0,,,,,,,,,,0,
OBS000296,NZ065,NZ065,https://www.alltrails.com/trail/new-zealand/southland/longwood-forest-loop-track,2022-04-28,,,,,1.0,,,,,,,,0,
OBS000297,NZ065,NZ065,https://www.alltrails.com/trail/new-zealand/southland/longwood-forest-loop-track,2022-10-03,,,1.0,,,,,,,,,,0,
OBS000298,NZ066,NZ066,https://www.alltrails.com/trail/new-zealand/southland/otatara-scenic-reserve-loop,2021-11-12,,,1.0,,,,,,,,,,0,
OBS000299,NZ066,NZ066,https://www.alltrails.com/trail/new-zealand/southland/otatara-scenic-reserve-loop,2023-12-18,,,1.0,,,,,,,,,,0,
OBS000300,NZ066,NZ066,https://www.alltrails.com/trail/new-zealand/southland/otatara-scenic-reserve-loop,2025-03-07,,,1.0,,,,,,,,,,0,
OBS000301,NZ066,NZ066,https://www.alltrails.com/trail/new-zealand/southland/otatara-scenic-reserve-loop,2025-04-30,,,1.0,,,,,,,,,,0,
OBS000302,NZ066,NZ066,https://www.alltrails.com/trail/new-zealand/southland/otatara-scenic-reserve-loop,2025-05-18,,,1.0,,,,,,,,,,0,
OBS000303,NZ067,NZ067,https://www.alltrails.com/trail/new-zealand/southland/kilmock-track,2021-03-10,,,1.0,,,,,,,,,,0,
OBS000304,NZ067,NZ067,https://www.alltrails.com/trail/new-zealand/southland/kilmock-track,2023-12-01,,,1.0,,,,,,,,,,0,
OBS000305,NZ067,NZ067,https://www.alltrails.com/trail/new-zealand/southland/kilmock-track,2024-10-26,,,1.0,,,,,,,,,,0,
OBS000306,NZ067,NZ067,https://www.alltrails.com/trail/new-zealand/southland/kilmock-track,2025-05-01,,,1.0,,,,,,,,,,0,
OBS000307,NZ069,NZ069,https://www.alltrails.com/trail/new-zealand/southland/omaui-walkway,2023-02-19,,,1.0,,,,,,,,,,0,
OBS000308,NZ069,NZ069,https://www.alltrails.com/trail/new-zealand/southland/omaui-walkway,2024-10-18,,,1.0,,,,,,,,,,0,
OBS000309,NZ069,NZ069,https://www.alltrails.com/trail/new-zealand/southland/omaui-walkway,2025-01-05,,,1.0,,,,,,,,,,0,
OBS000310,NZ069,NZ069,https://www.alltrails.com/trail/new-zealand/southland/omaui-walkway,2025-01-21,,,1.0,,,,,,,,,,0,
OBS000311,NZ070,NZ070,https://www.alltrails.com/trail/new-zealand/southland/lake-monowai-peninsula-lookout-track,2024-07-20,,,1.0,,,,,,,,,,0,
OBS000312,NZ070,NZ070,https://www.alltrails.com/trail/new-zealand/southland/lake-monowai-peninsula-lookout-track,2025-04-05,,,1.0,1.0,,,,,,,,,0,
OBS000313,NZ070,NZ070,https://www.alltrails.com/trail/new-zealand/southland/lake-monowai-peninsula-lookout-track,2025-04-11,,,1.0,,,,,,,,,,0,
OBS000314,NZ070,NZ070,https://www.alltrails.com/trail/new-zealand/southland/lake-monowai-peninsula-lookout-track,2025-04-21,,,1.0,,,,,,,,,,0,
OBS000315,NZ070,NZ070,https://www.alltrails.com/trail/new-zealand/southland/lake-monowai-peninsula-lookout-track,2025-06-16,,,1.0,,,,,,,,,,0,
OBS000316,NZ071,NZ071,https://www.alltrails.com/trail/new-zealand/southland/hump-ridge-track,2023-04-22,,,1.0,,1.0,,,,,,,,0,
OBS000317,NZ071,NZ071,https://www.alltrails.com/trail/new-zealand/southland/hump-ridge-track,2023-10-24,,,,,1.0,,,,,,,,0,
OBS000318,NZ071,NZ071,https://www.alltrails.com/trail/new-zealand/southland/hump-ridge-track,2025-02-26,,,1.0,,,,,,,,,,0,
OBS000319,NZ071,NZ071,https://www.alltrails.com/trail/new-zealand/southland/hump-ridge-track,2025-02-26,,,1.0,,,,,,,,,,0,
OBS000320,NZ071,NZ071,https://www.alltrails.com/trail/new-zealand/southland/hump-ridge-track,2025-02-27,,,1.0,,,,,,,,,,0,
OBS000321,NZ071,NZ071,https://www.alltrails.com/trail/new-zealand/southland/hump-ridge-track,2025-02-27,,,1.0,0.0,1.0,,,,,,,,0,
OBS000322,NZ071,NZ071,https://www.alltrails.com/trail/new-zealand/southland/hump-ridge-track,2025-03-07,,,1.0,,,,,,,,,,0,
OBS000323,NZ071,NZ071,https://www.alltrails.com/trail/new-zealand/southland/hump-ridge-track,2025-03-29,,,1.0,,,,,,,,,,0,
OBS000324,NZ071,NZ071,https://www.alltrails.com/trail/new-zealand/southland/hump-ridge-track,2025-04-01,,,,1.0,1.0,,,,,,,,0,
OBS000325,NZ071,NZ071,https://www.alltrails.com/trail/new-zealand/southland/hump-ridge-track,2025-04-07,,,1.0,,,,,,,,,,0,
OBS000326,NZ073,NZ073,https://www.alltrails.com/trail/new-zealand/bay-of-plenty/kohi-point-walkway,2024-06-29,,,1.0,,,,,,,,,,0,
OBS000327,NZ073,NZ073,https://www.alltrails.com/trail/new-zealand/bay-of-plenty/kohi-point-walkway,2024-08-16,,,1.0,,,,,,,,,,0,
OBS000328,NZ073,NZ073,https://www.alltrails.com/trail/new-zealand/bay-of-plenty/kohi-point-walkway,2025-01-23,,,1.0,,,,,,,,,,0,
OBS000329,NZ073,NZ073,https://www.alltrails.com/trail/new-zealand/bay-of-plenty/kohi-point-walkway,2025-02-06,,,1.0,0.0,,,,,,,,,0,
OBS000330,NZ073,NZ073,https://www.alltrails.com/trail/new-zealand/bay-of-plenty/kohi-point-walkway,2025-02-10,,,1.0,,,,,,,,,,0,
OBS000331,NZ073,NZ073,https://www.alltrails.com/trail/new-zealand/bay-of-plenty/kohi-point-walkway,2025-05-22,,,1.0,,,,,,,,,,0,
OBS000332,NZ075,NZ075,https://www.alltrails.com/trail/new-zealand/canterbury/hinewai-falls-loop,2021-01-01,,,1.0,,,,,,,,,,0,
OBS000333,NZ075,NZ075,https://www.alltrails.com/trail/new-zealand/canterbury/hinewai-falls-loop,2021-02-10,,,1.0,1.0,,,,,,,,,0,
OBS000334,NZ075,NZ075,https://www.alltrails.com/trail/new-zealand/canterbury/hinewai-falls-loop,2021-10-09,,,1.0,,,,,,,,,,0,
OBS000335,NZ075,NZ075,https://www.alltrails.com/trail/new-zealand/canterbury/hinewai-falls-loop,2024-08-06,,,1.0,,,,,,,,,,0,
OBS000336,NZ075,NZ075,https://www.alltrails.com/trail/new-zealand/canterbury/hinewai-falls-loop,2024-08-24,,,1.0,,1.0,,,,,,,,0,
OBS000337,NZ075,NZ075,https://www.alltrails.com/trail/new-zealand/canterbury/hinewai-falls-loop,2024-11-08,,,1.0,,,,,,,,,,0,
OBS000338,NZ075,NZ075,https://www.alltrails.com/trail/new-zealand/canterbury/hinewai-falls-loop,2024-12-17,,,1.0,0.0,,,,,,,,,0,
OBS000339,NZ075,NZ075,https://www.alltrails.com/trail/new-zealand/canterbury/hinewai-falls-loop,2025-01-21,,,1.0,0.0,,,,,,,,,0,
OBS000340,NZ075,NZ075,https://www.alltrails.com/trail/new-zealand/canterbury/hinewai-falls-loop,2025-01-24,,,1.0,,,,,,,,,,0,
OBS000341,NZ075,NZ075,https://www.alltrails.com/trail/new-zealand/canterbury/hinewai-falls-loop,2025-01-26,,,1.0,,,,,,,,,,0,
OBS000342,NZ075,NZ075,https://www.alltrails.com/trail/new-zealand/canterbury/hinewai-falls-loop,2025-04-06,,,,,1.0,,,,,,,,0,
OBS000343,NZ075,NZ075,https://www.alltrails.com/trail/new-zealand/canterbury/hinewai-falls-loop,2025-04-12,,,1.0,,1.0,,,,,,,,0,
OBS000344,NZ075,NZ075,https://www.alltrails.com/trail/new-zealand/canterbury/hinewai-falls-loop,2025-04-14,,,1.0,,,,,,,,,,0,
OBS000345,NZ076,NZ076,https://www.alltrails.com/trail/new-zealand/west-coast/otira-valley-track,2025-01-23,,,1.0,,,,,,,,,,0,
OBS000346,NZ076,NZ076,https://www.alltrails.com/trail/new-zealand/west-coast/otira-valley-track,2025-01-24,,,,0.0,,,,,,,,,0,
OBS000347,NZ076,NZ076,https://www.alltrails.com/trail/new-zealand/west-coast/otira-valley-track,2025-02-04,,,1.0,,,,,,,,,,0,
OBS000348,NZ076,NZ076,https://www.alltrails.com/trail/new-zealand/west-coast/otira-valley-track,2025-05-22,,,1.0,0.0,,,,,,,,,0,
OBS000349,NZ077,NZ077,https://www.alltrails.com/trail/new-zealand/canterbury/ashley-gorge-loop-waterfall-track,2024-04-07,,,1.0,,1.0,,,,,,,,0,
OBS000350,NZ077,NZ077,https://www.alltrails.com/trail/new-zealand/canterbury/ashley-gorge-loop-waterfall-track,2024-06-03,,,0.0,,,,,,,,,,0,
OBS000351,NZ077,NZ077,https://www.alltrails.com/trail/new-zealand/canterbury/ashley-gorge-loop-waterfall-track,2024-07-25,,,1.0,,,,,,,,,,0,
OBS000352,NZ077,NZ077,https://www.alltrails.com/trail/new-zealand/canterbury/ashley-gorge-loop-waterfall-track,2024-09-13,,,1.0,,,,,,,,,,0,
OBS000353,NZ077,NZ077,https://www.alltrails.com/trail/new-zealand/canterbury/ashley-gorge-loop-waterfall-track,2024-09-22,,,1.0,,,,,,,,,,0,
OBS000354,NZ077,NZ077,https://www.alltrails.com/trail/new-zealand/canterbury/ashley-gorge-loop-waterfall-track,2025-01-12,,,1.0,1.0,1.0,,,,,,,,0,
OBS000355,NZ077,NZ077,https://www.alltrails.com/trail/new-zealand/canterbury/ashley-gorge-loop-waterfall-track,2025-02-27,,,1.0,,,,,,,,,,0,
OBS000356,NZ077,NZ077,https://www.alltrails.com/trail/new-zealand/canterbury/ashley-gorge-loop-waterfall-track,2025-03-14,,,1.0,,,,,,,,,,0,
OBS000357,NZ077,NZ077,https://www.alltrails.com/trail/new-zealand/canterbury/ashley-gorge-loop-waterfall-track,2025-04-03,,,1.0,,,,,,,,,,0,
OBS000358,NZ077,NZ077,https://www.alltrails.com/trail/new-zealand/canterbury/ashley-gorge-loop-waterfall-track,2025-04-07,,,1.0,,,,,,,,,,0,
OBS000359,NZ077,NZ077,https://www.alltrails.com/trail/new-zealand/canterbury/ashley-gorge-loop-waterfall-track,2025-04-26,,,1.0,,,,,,,,,,0,
OBS000360,NZ078,NZ078,https://www.alltrails.com/trail/new-zealand/canterbury/awaroa-godley-head-loop-track,2025-04-04,,,1.0,,,,,,,,,,0,
OBS000361,NZ078,NZ078,https://www.alltrails.com/trail/new-zealand/canterbury/awaroa-godley-head-loop-track,2025-04-15,,,1.0,,,,,,,,,,0,
OBS000362,NZ078,NZ078,https://www.alltrails.com/trail/new-zealand/canterbury/awaroa-godley-head-loop-track,2025-04-21,,,1.0,0.0,,,,,,,,,0,
OBS000363,NZ078,NZ078,https://www.alltrails.com/trail/new-zealand/canterbury/awaroa-godley-head-loop-track,2025-04-21,,,1.0,,,,,,,,,,0,
OBS000364,NZ078,NZ078,https://www.alltrails.com/trail/new-zealand/canterbury/awaroa-godley-head-loop-track,2025-05-31,,,1.0,,,,,,,,,,0,
OBS000365,NZ078,NZ078,https://www.alltrails.com/trail/new-zealand/canterbury/awaroa-godley-head-loop-track,2025-06-04,,,1.0,,,,,,,,,,0,
OBS000366,NZ078,NZ078,https://www.alltrails.com/trail/new-zealand/canterbury/awaroa-godley-head-loop-track,2025-06-17,,,1.0,,,,,,,,,,0,
OBS000367,NZ078,NZ078,https://www.alltrails.com/trail/new-zealand/canterbury/awaroa-godley-head-loop-track,2025-06-19,,,1.0,,,,,,,,,,0,
OBS000368,NZ079,NZ079,https://www.alltrails.com/trail/new-zealand/canterbury/godley-head-out-and-back-from-taylors-mistake,2025-05-26,,,1.0,,,,,,,,,,0,
OBS000369,NZ080,NZ080,https://www.alltrails.com/trail/new-zealand/canterbury/tasman-glacier-view-track,2025-03-04,,,1.0,,,,,,,,,,0,
OBS000370,NZ080,NZ080,https://www.alltrails.com/trail/new-zealand/canterbury/tasman-glacier-view-track,2025-03-06,,,1.0,,,,,,,,,,0,
OBS000371,NZ080,NZ080,https://www.alltrails.com/trail/new-zealand/canterbury/tasman-glacier-view-track,2025-03-10,,,1.0,,,,,,,,,,0,
OBS000372,NZ080,NZ080,https://www.alltrails.com/trail/new-zealand/canterbury/tasman-glacier-view-track,2025-03-25,,,,1.0,,,,,,,,,0,
OBS000373,NZ080,NZ080,https://www.alltrails.com/trail/new-zealand/canterbury/tasman-glacier-view-track,2025-03-25,,,1.0,,,,,,,,,,0,
OBS000374,NZ080,NZ080,https://www.alltrails.com/trail/new-zealand/canterbury/tasman-glacier-view-track,2025-04-01,,,1.0,,,,,,,,,,0,
OBS000375,NZ080,NZ080,https://www.alltrails.com/trail/new-zealand/canterbury/tasman-glacier-view-track,2025-05-22,,,,,1.0,,,,,,,,0,
OBS000376,NZ081,NZ081,https://www.alltrails.com/trail/new-zealand/canterbury/sumner-beach-walk,2024-01-31,,,1.0,,,,,,,,,,0,
OBS000377,NZ081,NZ081,https://www.alltrails.com/trail/new-zealand/canterbury/sumner-beach-walk,2024-09-22,,,1.0,,,,,,,,,,0,
OBS000378,NZ081,NZ081,https://www.alltrails.com/trail/new-zealand/canterbury/sumner-beach-walk,2025-05-11,,,1.0,,,,,,,,,,0,
OBS000379,NZ082,NZ082,https://www.alltrails.com/trail/new-zealand/canterbury/godley-head-walkway-to-tunnel-track,2020-09-04,,,1.0,,,,,,,,,,0,
OBS000380,NZ083,NZ083,https://www.alltrails.com/trail/new-zealand/canterbury/mount-herbert-te-ahu-patiki-via-kaituna-valley-packhorse-hut-track,2021-04-29,,,1.0,,,,,,,,,,0,
OBS000381,NZ083,NZ083,https://www.alltrails.com/trail/new-zealand/canterbury/mount-herbert-te-ahu-patiki-via-kaituna-valley-packhorse-hut-track,2024-02-23,,,1.0,,1.0,,,,,,,,0,
OBS000382,NZ084,NZ084,https://www.alltrails.com/trail/new-zealand/canterbury/halfway-te-ara-trail-circle,2022-09-02,,,1.0,,,,,,,,,,0,
OBS000383,NZ084,NZ084,https://www.alltrails.com/trail/new-zealand/canterbury/halfway-te-ara-trail-circle,2022-10-01,,,1.0,,,,,,,,,,0,
OBS000384,NZ084,NZ084,https://www.alltrails.com/trail/new-zealand/canterbury/halfway-te-ara-trail-circle,2024-12-06,,,1.0,0.0,,,,,,,,,0,
OBS000385,NZ084,NZ084,https://www.alltrails.com/trail/new-zealand/canterbury/halfway-te-ara-trail-circle,2024-12-14,,,1.0,,,,,,,,,,0,
OBS000386,NZ084,NZ084,https://www.alltrails.com/trail/new-zealand/canterbury/halfway-te-ara-trail-circle,2025-01-30,,,1.0,,,,,,,,,,0,
OBS000387,NZ084,NZ084,https://www.alltrails.com/trail/new-zealand/canterbury/halfway-te-ara-trail-circle,2025-05-31,,,1.0,,,,,,,,,,0,
OBS000388,NZ084,NZ084,https://www.alltrails.com/trail/new-zealand/canterbury/halfway-te-ara-trail-circle,2026-01-28,,,1.0,,,,,,,,,,0,
OBS000389,NZ084,NZ084,https://www.alltrails.com/trail/new-zealand/canterbury/halfway-te-ara-trail-circle,2026-02-06,,,1.0,,,,,,,,,,0,
OBS000390,NZ085,NZ085,https://www.alltrails.com/trail/new-zealand/canterbury/packhorse-hut-via-mount-herbert-walkway,2024-06-07,,,1.0,,,,,,,,,,0,
OBS000391,NZ085,NZ085,https://www.alltrails.com/trail/new-zealand/canterbury/packhorse-hut-via-mount-herbert-walkway,2024-11-02,,,0.0,,,,,,,,,,0,
OBS000392,NZ085,NZ085,https://www.alltrails.com/trail/new-zealand/canterbury/packhorse-hut-via-mount-herbert-walkway,2025-02-22,,,,1.0,1.0,,,,,,,,0,
OBS000393,NZ085,NZ085,https://www.alltrails.com/trail/new-zealand/canterbury/packhorse-hut-via-mount-herbert-walkway,2025-03-15,,,1.0,,1.0,,,,,,,,0,
OBS000394,NZ085,NZ085,https://www.alltrails.com/trail/new-zealand/canterbury/packhorse-hut-via-mount-herbert-walkway,2025-04-09,,,1.0,,,,,,,,,,0,
OBS000395,NZ085,NZ085,https://www.alltrails.com/trail/new-zealand/canterbury/packhorse-hut-via-mount-herbert-walkway,2025-05-16,,,1.0,,,,,,,,,,0,
OBS000396,NZ085,NZ085,https://www.alltrails.com/trail/new-zealand/canterbury/packhorse-hut-via-mount-herbert-walkway,2025-05-16,,,,,1.0,,,,,,,,0,
OBS000397,NZ085,NZ085,https://www.alltrails.com/trail/new-zealand/canterbury/packhorse-hut-via-mount-herbert-walkway,2025-06-01,,,1.0,,,,,,,,,,0,
OBS000398,NZ086,NZ086,https://www.alltrails.com/trail/new-zealand/wellington/mount-victoria-loop,2025-02-05,,,1.0,,,,,,,,,,0,
OBS000399,NZ086,NZ086,https://www.alltrails.com/trail/new-zealand/wellington/mount-victoria-loop,2025-04-02,,,1.0,,,,,,,,,,0,
OBS000400,NZ086,NZ086,https://www.alltrails.com/trail/new-zealand/wellington/mount-victoria-loop,2025-05-07,,,1.0,,,,,,,,,,0,
OBS000401,NZ087,NZ087,https://www.alltrails.com/trail/new-zealand/wellington/matairangi-mount-victoria-loop,2025-05-12,,,1.0,,,,,,,,,,0,
OBS000402,NZ088,NZ088,https://www.alltrails.com/trail/new-zealand/wellington/wind-turbine-te-kopahou-red-rocks-loop,2023-11-24,,,1.0,,0.0,,,,,,,,0,
OBS000403,NZ088,NZ088,https://www.alltrails.com/trail/new-zealand/wellington/wind-turbine-te-kopahou-red-rocks-loop,2025-03-28,,,1.0,,,,,,,,,,0,
OBS000404,NZ088,NZ088,https://www.alltrails.com/trail/new-zealand/wellington/wind-turbine-te-kopahou-red-rocks-loop,2025-04-10,,,1.0,,,,,,,,,,0,
OBS000405,NZ089,NZ089,https://www.alltrails.com/trail/new-zealand/wellington/queen-elizabeth-park-coastal-loop,2023-01-02,,,1.0,,,,,,,,,,0,
OBS000406,NZ089,NZ089,https://www.alltrails.com/trail/new-zealand/wellington/queen-elizabeth-park-coastal-loop,2024-06-21,,,1.0,,,,,,,,,,0,
OBS000407,NZ089,NZ089,https://www.alltrails.com/trail/new-zealand/wellington/queen-elizabeth-park-coastal-loop,2024-12-19,,,1.0,,,,,,,,,,0,
OBS000408,NZ089,NZ089,https://www.alltrails.com/trail/new-zealand/wellington/queen-elizabeth-park-coastal-loop,2024-12-27,,,1.0,,,,,,,,,,0,
OBS000409,NZ089,NZ089,https://www.alltrails.com/trail/new-zealand/wellington/queen-elizabeth-park-coastal-loop,2024-12-30,,,,,1.0,,,,,,,,0,
OBS000410,NZ089,NZ089,https://www.alltrails.com/trail/new-zealand/wellington/queen-elizabeth-park-coastal-loop,2025-04-23,,,1.0,,,,,,,,,,0,
OBS000411,NZ089,NZ089,https://www.alltrails.com/trail/new-zealand/wellington/queen-elizabeth-park-coastal-loop,2025-04-26,,,1.0,,,,,,,,,,0,
OBS000412,NZ090,NZ090,https://www.alltrails.com/trail/new-zealand/wellington/old-farm-te-ara-o-whareroa-loop,2025-04-24,,,1.0,,,,,,,,,,0,
OBS000413,NZ090,NZ090,https://www.alltrails.com/trail/new-zealand/wellington/old-farm-te-ara-o-whareroa-loop,2025-04-24,,,1.0,,,,,,,,,,0,
OBS000414,NZ090,NZ090,https://www.alltrails.com/trail/new-zealand/wellington/old-farm-te-ara-o-whareroa-loop,2025-06-08,,,1.0,,,,,,,,,,0,
OBS000415,NZ091,NZ091,https://www.alltrails.com/trail/new-zealand/wellington/te-ahumairangi-northern-walkway-and-ridgeline-loop,2023-05-28,,,,,1.0,,,,,,,,0,
OBS000416,NZ091,NZ091,https://www.alltrails.com/trail/new-zealand/wellington/te-ahumairangi-northern-walkway-and-ridgeline-loop,2024-02-10,,,1.0,,,,,,,,,,0,
OBS000417,NZ091,NZ091,https://www.alltrails.com/trail/new-zealand/wellington/te-ahumairangi-northern-walkway-and-ridgeline-loop,2024-07-06,,,,,1.0,,,,,,,,0,
OBS000418,NZ091,NZ091,https://www.alltrails.com/trail/new-zealand/wellington/te-ahumairangi-northern-walkway-and-ridgeline-loop,2024-07-25,,,1.0,,,,,,,,,,0,
OBS000419,NZ091,NZ091,https://www.alltrails.com/trail/new-zealand/wellington/te-ahumairangi-northern-walkway-and-ridgeline-loop,2024-08-14,,,1.0,,,,,,,,,,0,
OBS000420,NZ091,NZ091,https://www.alltrails.com/trail/new-zealand/wellington/te-ahumairangi-northern-walkway-and-ridgeline-loop,2024-12-13,,,1.0,,,,,,,,,,0,
OBS000421,NZ091,NZ091,https://www.alltrails.com/trail/new-zealand/wellington/te-ahumairangi-northern-walkway-and-ridgeline-loop,2025-02-15,,,1.0,,,,,,,,,,0,
OBS000422,NZ091,NZ091,https://www.alltrails.com/trail/new-zealand/wellington/te-ahumairangi-northern-walkway-and-ridgeline-loop,2025-02-24,,,1.0,,,,,,,,,,0,
OBS000423,NZ091,NZ091,https://www.alltrails.com/trail/new-zealand/wellington/te-ahumairangi-northern-walkway-and-ridgeline-loop,2025-03-14,,,1.0,,,,,,,,,,0,
OBS000424,NZ091,NZ091,https://www.alltrails.com/trail/new-zealand/wellington/te-ahumairangi-northern-walkway-and-ridgeline-loop,2025-05-28,,,1.0,,,,,,,,,,0,
OBS000425,NZ091,NZ091,https://www.alltrails.com/trail/new-zealand/wellington/te-ahumairangi-northern-walkway-and-ridgeline-loop,2025-06-02,,,1.0,,,,,,,,,,0,
OBS000426,NZ092,NZ092,https://www.alltrails.com/trail/new-zealand/wellington/thorndon-to-wadestown-over-te-ahumairangi-hill,2024-09-05,,,1.0,,,,,,,,,,0,
OBS000427,NZ092,NZ092,https://www.alltrails.com/trail/new-zealand/wellington/thorndon-to-wadestown-over-te-ahumairangi-hill,2024-09-09,,,1.0,,,,,,,,,,0,
OBS000428,NZ092,NZ092,https://www.alltrails.com/trail/new-zealand/wellington/thorndon-to-wadestown-over-te-ahumairangi-hill,2024-11-18,,,1.0,,,,,,,,,,0,
OBS000429,NZ092,NZ092,https://www.alltrails.com/trail/new-zealand/wellington/thorndon-to-wadestown-over-te-ahumairangi-hill,2025-01-06,,,1.0,,,,,,,,,,0,
OBS000430,NZ093,NZ093,https://www.alltrails.com/trail/new-zealand/wellington/skyline-track-makara-road-to-johnsonville,2024-06-27,,,1.0,,,,,,,,,,0,
OBS000431,NZ093,NZ093,https://www.alltrails.com/trail/new-zealand/wellington/skyline-track-makara-road-to-johnsonville,2024-08-06,,,1.0,,,,,,,,,,0,
OBS000432,NZ093,NZ093,https://www.alltrails.com/trail/new-zealand/wellington/skyline-track-makara-road-to-johnsonville,2024-08-16,,,1.0,,,,,,,,,,0,
OBS000433,NZ093,NZ093,https://www.alltrails.com/trail/new-zealand/wellington/skyline-track-makara-road-to-johnsonville,2024-09-27,,,1.0,,,,,,,,,,0,
OBS000434,NZ093,NZ093,https://www.alltrails.com/trail/new-zealand/wellington/skyline-track-makara-road-to-johnsonville,2024-10-23,,,1.0,,,,,,,,,,0,
OBS000435,NZ093,NZ093,https://www.alltrails.com/trail/new-zealand/wellington/skyline-track-makara-road-to-johnsonville,2025-02-02,,,0.0,,,,,,,,,,0,
OBS000436,NZ093,NZ093,https://www.alltrails.com/trail/new-zealand/wellington/skyline-track-makara-road-to-johnsonville,2025-03-01,,,1.0,,,,,,,,,,0,
OBS000437,NZ093,NZ093,https://www.alltrails.com/trail/new-zealand/wellington/skyline-track-makara-road-to-johnsonville,2025-04-02,,,1.0,,,,,,,,,,0,
OBS000438,NZ093,NZ093,https://www.alltrails.com/trail/new-zealand/wellington/skyline-track-makara-road-to-johnsonville,2025-05-17,,,1.0,,,,,,,,,,0,
OBS000439,NZ094,NZ094,https://www.alltrails.com/trail/new-zealand/wellington/colonial-knob-loop-from-ohariu-valley,2023-10-23,,,1.0,,,,,,,,,,0,
OBS000440,NZ094,NZ094,https://www.alltrails.com/trail/new-zealand/wellington/colonial-knob-loop-from-ohariu-valley,2025-02-16,,,1.0,,,,,,,,,,0,
OBS000441,NZ095,NZ095,https://www.alltrails.com/trail/new-zealand/wellington/korokoro-dam-loop,2025-05-09,,,1.0,,,,,,,,,,0,
OBS000442,NZ096,NZ096,https://www.alltrails.com/trail/new-zealand/wellington/totara-flats-hut-track,2022-01-04,,,1.0,,,,,,,,,,0,
OBS000443,NZ096,NZ096,https://www.alltrails.com/trail/new-zealand/wellington/totara-flats-hut-track,2022-10-17,,,1.0,,1.0,,,,,,,,0,
OBS000444,NZ096,NZ096,https://www.alltrails.com/trail/new-zealand/wellington/totara-flats-hut-track,2023-08-12,,,,,1.0,,,,,,,,0,
OBS000445,NZ096,NZ096,https://www.alltrails.com/trail/new-zealand/wellington/totara-flats-hut-track,2024-03-31,,,,,1.0,,,,,,,,0,
OBS000446,NZ096,NZ096,https://www.alltrails.com/trail/new-zealand/wellington/totara-flats-hut-track,2024-10-11,,,1.0,,,,,,,,,,0,
OBS000447,NZ096,NZ096,https://www.alltrails.com/trail/new-zealand/wellington/totara-flats-hut-track,2025-02-08,,,,,1.0,,,,,,,,0,
OBS000448,NZ096,NZ096,https://www.alltrails.com/trail/new-zealand/wellington/totara-flats-hut-track,2025-02-09,,,1.0,,,,,,,,,,0,
OBS000449,NZ096,NZ096,https://www.alltrails.com/trail/new-zealand/wellington/totara-flats-hut-track,2025-04-19,,,1.0,,,,,,,,,,0,
OBS000450,NZ096,NZ096,https://www.alltrails.com/trail/new-zealand/wellington/totara-flats-hut-track,2025-04-23,,,,,1.0,,,,,,,,0,
OBS000451,NZ097,NZ097,https://www.alltrails.com/trail/new-zealand/auckland/kohukohunui-from-upper-mangatawhiri-campground,2025-03-09,,,,,1.0,,,,,,,,0,
OBS000452,NZ097,NZ097,https://www.alltrails.com/trail/new-zealand/auckland/kohukohunui-from-upper-mangatawhiri-campground,2025-03-30,,,1.0,,,,,,,,,,0,
OBS000453,NZ097,NZ097,https://www.alltrails.com/trail/new-zealand/auckland/kohukohunui-from-upper-mangatawhiri-campground,2025-12-13,,,1.0,,,,,,,,,,0,
OBS000454,NZ097,NZ097,https://www.alltrails.com/trail/new-zealand/auckland/kohukohunui-from-upper-mangatawhiri-campground,2026-04-10,,,,,1.0,,,,,,,,0,
OBS000455,NZ098,NZ098,https://www.alltrails.com/trail/new-zealand/auckland/slip-pipeline-and-beveridge-track-loop,2025-06-13,,,1.0,,,,,,,,,,0,
OBS000456,NZ099,NZ099,https://www.alltrails.com/trail/new-zealand/auckland/te-araroa-auckland-coast-to-coast-walkway,2023-07-14,,,1.0,,,,,,,,,,0,
OBS000457,NZ099,NZ099,https://www.alltrails.com/trail/new-zealand/auckland/te-araroa-auckland-coast-to-coast-walkway,2025-01-31,,,1.0,,1.0,,,,,,,,0,
OBS000458,NZ099,NZ099,https://www.alltrails.com/trail/new-zealand/auckland/te-araroa-auckland-coast-to-coast-walkway,2025-04-04,,,1.0,,,,,,,,,,0,
OBS000459,NZ100,NZ100,https://www.alltrails.com/trail/new-zealand/auckland/henderson-loop-path,2022-10-23,,,1.0,,,,,,,,,,0,
OBS000460,NZ100,NZ100,https://www.alltrails.com/trail/new-zealand/auckland/henderson-loop-path,2024-05-22,,,1.0,,,,,,,,,,0,
OBS000461,NZ100,NZ100,https://www.alltrails.com/trail/new-zealand/auckland/henderson-loop-path,2024-06-30,,,1.0,,,,,,,,,,0,
OBS000462,NZ100,NZ100,https://www.alltrails.com/trail/new-zealand/auckland/henderson-loop-path,2024-10-25,,,1.0,,,,,,,,,,0,
OBS000463,NZ100,NZ100,https://www.alltrails.com/trail/new-zealand/auckland/henderson-loop-path,2025-03-15,,,1.0,,,,,,,,,,0,
OBS000464,NZ100,NZ100,https://www.alltrails.com/trail/new-zealand/auckland/henderson-loop-path,2025-04-20,,,1.0,,,,,,,,,,0,
OBS000465,NZ100,NZ100,https://www.alltrails.com/trail/new-zealand/auckland/henderson-loop-path,2025-05-27,,,1.0,,,,,,,,,,0,
OBS000466,NZ101,NZ101,https://www.alltrails.com/trail/new-zealand/northland/kerikeri-river-track,2025-04-19,,,1.0,,,,,,,,,,0,
OBS000467,NZ101,NZ101,https://www.alltrails.com/trail/new-zealand/northland/kerikeri-river-track,2025-05-05,,,1.0,,,,,,,,,,0,
OBS000468,NZ102,NZ102,https://www.alltrails.com/trail/new-zealand/northland/wairakau-stream-track-to-lane-cove-hut,2023-12-27,,,,,1.0,,,,,,,,0,
OBS000469,NZ102,NZ102,https://www.alltrails.com/trail/new-zealand/northland/wairakau-stream-track-to-lane-cove-hut,2024-01-26,,,,,1.0,,,,,,,,0,
OBS000470,NZ102,NZ102,https://www.alltrails.com/trail/new-zealand/northland/wairakau-stream-track-to-lane-cove-hut,2024-08-12,,,1.0,,,,,,,,,,0,
OBS000471,NZ102,NZ102,https://www.alltrails.com/trail/new-zealand/northland/wairakau-stream-track-to-lane-cove-hut,2024-09-06,,,0.0,,,,,,,,,,0,
OBS000472,NZ102,NZ102,https://www.alltrails.com/trail/new-zealand/northland/wairakau-stream-track-to-lane-cove-hut,2024-09-30,,,,,1.0,,,,,,,,0,
OBS000473,NZ102,NZ102,https://www.alltrails.com/trail/new-zealand/northland/wairakau-stream-track-to-lane-cove-hut,2024-12-03,,,1.0,,,,,,,,,,0,
OBS000474,NZ102,NZ102,https://www.alltrails.com/trail/new-zealand/northland/wairakau-stream-track-to-lane-cove-hut,2025-02-02,,,1.0,,1.0,,,,,,,,0,
OBS000475,NZ102,NZ102,https://www.alltrails.com/trail/new-zealand/northland/wairakau-stream-track-to-lane-cove-hut,2025-05-10,,,,,1.0,,,,,,,,0,
OBS000476,NZ102,NZ102,https://www.alltrails.com/trail/new-zealand/northland/wairakau-stream-track-to-lane-cove-hut,2025-06-02,,,1.0,,,,,,,,,,0,
OBS000477,NZ103,NZ103,https://www.alltrails.com/trail/new-zealand/northland/mangonui-to-taumarumaru-scenic-reserve,2021-03-01,,,1.0,,,,,,,,,,0,
OBS000478,NZ103,NZ103,https://www.alltrails.com/trail/new-zealand/northland/mangonui-to-taumarumaru-scenic-reserve,2021-05-02,,,1.0,,,,,,,,,,0,
OBS000479,NZ103,NZ103,https://www.alltrails.com/trail/new-zealand/northland/mangonui-to-taumarumaru-scenic-reserve,2022-01-29,,,1.0,,,,,,,,,,0,
OBS000480,NZ103,NZ103,https://www.alltrails.com/trail/new-zealand/northland/mangonui-to-taumarumaru-scenic-reserve,2022-02-24,,,1.0,,,,,,,,,,0,
OBS000481,NZ103,NZ103,https://www.alltrails.com/trail/new-zealand/northland/mangonui-to-taumarumaru-scenic-reserve,2022-05-13,,,1.0,,,,,,,,,,0,
OBS000482,NZ103,NZ103,https://www.alltrails.com/trail/new-zealand/northland/mangonui-to-taumarumaru-scenic-reserve,2022-11-07,,,1.0,,,,,,,,,,0,
OBS000483,NZ103,NZ103,https://www.alltrails.com/trail/new-zealand/northland/mangonui-to-taumarumaru-scenic-reserve,2024-12-30,,,1.0,,,,,,,,,,0,
OBS000484,NZ103,NZ103,https://www.alltrails.com/trail/new-zealand/northland/mangonui-to-taumarumaru-scenic-reserve,2025-01-21,,,1.0,,,,,,,,,,0,
OBS000485,NZ104,NZ104,https://www.alltrails.com/trail/new-zealand/northland/mount-parihaka-via-hokianga-track,2022-02-19,,,1.0,,,,,,,,,,0,
OBS000486,NZ104,NZ104,https://www.alltrails.com/trail/new-zealand/northland/mount-parihaka-via-hokianga-track,2022-11-13,,,1.0,,,,,,,,,,0,
OBS000487,NZ104,NZ104,https://www.alltrails.com/trail/new-zealand/northland/mount-parihaka-via-hokianga-track,2024-02-01,,,1.0,,,,,,,,,,0,
OBS000488,NZ104,NZ104,https://www.alltrails.com/trail/new-zealand/northland/mount-parihaka-via-hokianga-track,2024-06-16,,,1.0,,,,,,,,,,0,
OBS000489,NZ104,NZ104,https://www.alltrails.com/trail/new-zealand/northland/mount-parihaka-via-hokianga-track,2024-09-13,,,1.0,,,,,,,,,,0,
OBS000490,NZ104,NZ104,https://www.alltrails.com/trail/new-zealand/northland/mount-parihaka-via-hokianga-track,2024-09-27,,,1.0,,,,,,,,,,0,
OBS000491,NZ104,NZ104,https://www.alltrails.com/trail/new-zealand/northland/mount-parihaka-via-hokianga-track,2024-11-08,,,1.0,,,,,,,,,,0,
OBS000492,NZ104,NZ104,https://www.alltrails.com/trail/new-zealand/northland/mount-parihaka-via-hokianga-track,2024-11-21,,,1.0,,,,,,,,,,0,
OBS000493,NZ104,NZ104,https://www.alltrails.com/trail/new-zealand/northland/mount-parihaka-via-hokianga-track,2025-01-24,,,,0.0,,,,,,,,,0,
OBS000494,NZ104,NZ104,https://www.alltrails.com/trail/new-zealand/northland/mount-parihaka-via-hokianga-track,2025-06-03,,,1.0,,,,,,,,,,0,
OBS000495,NZ105,NZ105,https://www.alltrails.com/trail/new-zealand/northland/whangarei-heads-loop,2025-01-04,,,1.0,,,,,,,,,,0,
OBS000496,NZ105,NZ105,https://www.alltrails.com/trail/new-zealand/northland/whangarei-heads-loop,2025-02-06,,,1.0,,,,,,,,,,0,
OBS000497,NZ108,NZ108,https://www.alltrails.com/trail/new-zealand/auckland/dome-forest-carpark-to-top-of-the-dome-viewpoint,2024-06-21,,,1.0,,,,,,,,,,0,
OBS000498,NZ110,NZ110,https://www.alltrails.com/trail/new-zealand/bay-of-plenty/mount-ngongotaha-track,2024-11-18,,,1.0,,,,,,,,,,0,
OBS000499,NZ110,NZ110,https://www.alltrails.com/trail/new-zealand/bay-of-plenty/mount-ngongotaha-track,2025-04-05,,,1.0,,,,,,,,,,0,
OBS000500,NZ110,NZ110,https://www.alltrails.com/trail/new-zealand/bay-of-plenty/mount-ngongotaha-track,2025-06-14,,,1.0,,,,,,,,,,0,
OBS000501,NZ111,NZ111,https://www.alltrails.com/trail/new-zealand/waikato/blue-spring-from-leslie-road-trailhead-via-te-waihou-walkway,2025-05-07,,,1.0,,,,,,,,,,0,
OBS000502,NZ111,NZ111,https://www.alltrails.com/trail/new-zealand/waikato/blue-spring-from-leslie-road-trailhead-via-te-waihou-walkway,2025-06-05,,,1.0,,,,,,,,,,0,
OBS000503,NZ113,NZ113,https://www.alltrails.com/trail/new-zealand/bay-of-plenty/moturiki-island,2024-06-29,,,1.0,,,,,,,,,,0,
OBS000504,NZ114,NZ114,https://www.alltrails.com/trail/new-zealand/bay-of-plenty/waihi-beach-trig-forest-loop,2024-04-20,,,1.0,,,,,,,,,,0,
OBS000505,NZ114,NZ114,https://www.alltrails.com/trail/new-zealand/bay-of-plenty/waihi-beach-trig-forest-loop,2024-11-16,,,1.0,,,,,,,,,,0,
OBS000506,NZ114,NZ114,https://www.alltrails.com/trail/new-zealand/bay-of-plenty/waihi-beach-trig-forest-loop,2024-12-30,,,1.0,,,,,,,,,,0,
OBS000507,NZ114,NZ114,https://www.alltrails.com/trail/new-zealand/bay-of-plenty/waihi-beach-trig-forest-loop,2025-01-26,,,1.0,,,,,,,,,,0,
OBS000508,NZ114,NZ114,https://www.alltrails.com/trail/new-zealand/bay-of-plenty/waihi-beach-trig-forest-loop,2025-05-03,,,1.0,,,,,,,,,,0,
OBS000509,NZ115,NZ115,https://www.alltrails.com/trail/new-zealand/otago/around-blue-lake-track,2022-01-08,,,1.0,,,,,,,,,,0,
OBS000510,NZ115,NZ115,https://www.alltrails.com/trail/new-zealand/otago/around-blue-lake-track,2022-10-03,,,1.0,,,,,,,,,,0,
OBS000511,NZ115,NZ115,https://www.alltrails.com/trail/new-zealand/otago/around-blue-lake-track,2023-01-13,,,1.0,,,,,,,,,,0,
OBS000512,NZ115,NZ115,https://www.alltrails.com/trail/new-zealand/otago/around-blue-lake-track,2023-04-08,,,1.0,,,,,,,,,,0,
OBS000513,NZ115,NZ115,https://www.alltrails.com/trail/new-zealand/otago/around-blue-lake-track,2023-08-08,,,,,1.0,,,,,,,,0,
OBS000514,NZ115,NZ115,https://www.alltrails.com/trail/new-zealand/otago/around-blue-lake-track,2024-01-01,,,1.0,,,,,,,,,,0,
OBS000515,NZ115,NZ115,https://www.alltrails.com/trail/new-zealand/otago/around-blue-lake-track,2024-11-22,,,1.0,,,,,,,,,,0,
OBS000516,NZ115,NZ115,https://www.alltrails.com/trail/new-zealand/otago/around-blue-lake-track,2024-12-03,,,1.0,,,,,,,,,,0,
OBS000517,NZ115,NZ115,https://www.alltrails.com/trail/new-zealand/otago/around-blue-lake-track,2024-12-22,,,1.0,,,,,,,,,,0,
OBS000518,NZ115,NZ115,https://www.alltrails.com/trail/new-zealand/otago/around-blue-lake-track,2024-12-28,,,1.0,,,,,,,,,,0,
OBS000519,NZ115,NZ115,https://www.alltrails.com/trail/new-zealand/otago/around-blue-lake-track,2025-01-19,,,1.0,,,,,,,,,,0,
OBS000520,NZ115,NZ115,https://www.alltrails.com/trail/new-zealand/otago/around-blue-lake-track,2025-08-22,,,0.0,,,,,,,,,,0,
OBS000521,NZ115,NZ115,https://www.alltrails.com/trail/new-zealand/otago/around-blue-lake-track,2025-09-03,,,,1.0,1.0,,1.0,,,,,,0,
OBS000522,NZ115,NZ115,https://www.alltrails.com/trail/new-zealand/otago/around-blue-lake-track,2025-12-31,,,,1.0,,,,,,,,,0,
OBS000523,NZ116,NZ116,https://www.alltrails.com/trail/new-zealand/southland/te-kere-haka-track,2025-01-16,,,1.0,,,,,,,,,,0,
OBS000524,NZ116,NZ116,https://www.alltrails.com/trail/new-zealand/southland/te-kere-haka-track,2025-03-04,,,,,1.0,,,,,,,,0,
OBS000525,NZ116,NZ116,https://www.alltrails.com/trail/new-zealand/southland/te-kere-haka-track,2025-05-10,,,,,1.0,,,,,,,,0,
OBS000526,NZ117,NZ117,https://www.alltrails.com/trail/new-zealand/otago/picnic-point-via-bobs-cove-track,2024-11-22,,,1.0,,,,,,,,,,0,
OBS000527,NZ117,NZ117,https://www.alltrails.com/trail/new-zealand/otago/picnic-point-via-bobs-cove-track,2025-01-09,,,1.0,,,,,,,,,,0,
OBS000528,NZ117,NZ117,https://www.alltrails.com/trail/new-zealand/otago/picnic-point-via-bobs-cove-track,2025-01-17,,,1.0,,,,,,,,,,0,
OBS000529,NZ117,NZ117,https://www.alltrails.com/trail/new-zealand/otago/picnic-point-via-bobs-cove-track,2025-01-28,,,1.0,1.0,,,,,,,,,0,
OBS000530,NZ117,NZ117,https://www.alltrails.com/trail/new-zealand/otago/picnic-point-via-bobs-cove-track,2025-02-04,,,1.0,,,,,,,,,,0,
OBS000531,NZ117,NZ117,https://www.alltrails.com/trail/new-zealand/otago/picnic-point-via-bobs-cove-track,2025-03-06,,,,0.0,,,,,,,,,0,
OBS000532,NZ117,NZ117,https://www.alltrails.com/trail/new-zealand/otago/picnic-point-via-bobs-cove-track,2025-03-20,,,1.0,,,,,,,,,,0,
OBS000533,NZ117,NZ117,https://www.alltrails.com/trail/new-zealand/otago/picnic-point-via-bobs-cove-track,2025-04-29,,,1.0,,,,,,,,,,0,
OBS000534,NZ117,NZ117,https://www.alltrails.com/trail/new-zealand/otago/picnic-point-via-bobs-cove-track,2025-05-24,,,1.0,0.0,,,,,,,,,0,
OBS000535,NZ117,NZ117,https://www.alltrails.com/trail/new-zealand/otago/picnic-point-via-bobs-cove-track,2025-05-26,,,1.0,,,,,,,,,,0,
OBS000536,NZ118,NZ118,https://www.alltrails.com/trail/new-zealand/otago/devils-creek-track,2022-12-03,,,1.0,,,,,,,,,,0,
OBS000537,NZ119,NZ119,https://www.alltrails.com/trail/new-zealand/auckland/goldies-bush-and-mokoroa-falls-loop,2020-01-18,,,,,1.0,,,,,,,,0,
OBS000538,NZ119,NZ119,https://www.alltrails.com/trail/new-zealand/auckland/goldies-bush-and-mokoroa-falls-loop,2020-07-25,,,,,1.0,,,,,,,,0,
OBS000539,NZ119,NZ119,https://www.alltrails.com/trail/new-zealand/auckland/goldies-bush-and-mokoroa-falls-loop,2020-08-09,,,1.0,,1.0,,1.0,,,,,,0,
OBS000540,NZ119,NZ119,https://www.alltrails.com/trail/new-zealand/auckland/goldies-bush-and-mokoroa-falls-loop,2020-10-13,,,1.0,,,,,,,,,,0,
OBS000541,NZ119,NZ119,https://www.alltrails.com/trail/new-zealand/auckland/goldies-bush-and-mokoroa-falls-loop,2020-10-24,,,1.0,,1.0,,,,,,,,0,
OBS000542,NZ119,NZ119,https://www.alltrails.com/trail/new-zealand/auckland/goldies-bush-and-mokoroa-falls-loop,2020-11-02,,,,,1.0,,,,,,,,0,
OBS000543,NZ119,NZ119,https://www.alltrails.com/trail/new-zealand/auckland/goldies-bush-and-mokoroa-falls-loop,2020-11-30,,,1.0,,,,,,,,,,0,
OBS000544,NZ121,NZ121,https://www.alltrails.com/trail/new-zealand/canterbury/conical-hill-loop-trail,2024-11-05,,,1.0,,,,,,,,,,0,
OBS000545,NZ121,NZ121,https://www.alltrails.com/trail/new-zealand/canterbury/conical-hill-loop-trail,2024-11-07,,,1.0,0.0,,,,,,,,,0,
OBS000546,NZ121,NZ121,https://www.alltrails.com/trail/new-zealand/canterbury/conical-hill-loop-trail,2024-11-16,,,1.0,,,,,,,,,,0,
OBS000547,NZ121,NZ121,https://www.alltrails.com/trail/new-zealand/canterbury/conical-hill-loop-trail,2024-12-21,,,1.0,,,,,,,,,,0,
OBS000548,NZ121,NZ121,https://www.alltrails.com/trail/new-zealand/canterbury/conical-hill-loop-trail,2025-01-01,,,1.0,,,,,,,,,,0,
OBS000549,NZ121,NZ121,https://www.alltrails.com/trail/new-zealand/canterbury/conical-hill-loop-trail,2025-02-12,,,1.0,,,,,,,,,,0,
OBS000550,NZ121,NZ121,https://www.alltrails.com/trail/new-zealand/canterbury/conical-hill-loop-trail,2025-02-25,,,1.0,,,,,,,,,,0,
OBS000551,NZ121,NZ121,https://www.alltrails.com/trail/new-zealand/canterbury/conical-hill-loop-trail,2025-03-19,,,1.0,,,,,,,,,,0,
OBS000552,NZ121,NZ121,https://www.alltrails.com/trail/new-zealand/canterbury/conical-hill-loop-trail,2025-03-29,,,1.0,,,,,,,,,,0,
OBS000553,NZ121,NZ121,https://www.alltrails.com/trail/new-zealand/canterbury/conical-hill-loop-trail,2025-04-05,,,1.0,,,,,,,,,,0,
OBS000554,NZ121,NZ121,https://www.alltrails.com/trail/new-zealand/canterbury/conical-hill-loop-trail,2025-06-01,,,1.0,,,,,,,,,,0,
OBS000555,NZ122,NZ122,https://www.alltrails.com/trail/new-zealand/canterbury/south-temple-valley-track,2021-01-06,,,,1.0,,,,,,,,,0,
OBS000556,NZ124,NZ124,https://www.alltrails.com/trail/new-zealand/nelson-tasman/travers-sabine-circuit-sabine-hut-to-speargrass-hut,2023-03-12,,,,1.0,,,,,,,,,0,
OBS000557,NZ125,NZ125,https://www.alltrails.com/trail/new-zealand/tasman/cable-bay-walkway,2025-01-15,,,1.0,,,,,,,,,,0,
OBS000558,NZ125,NZ125,https://www.alltrails.com/trail/new-zealand/tasman/cable-bay-walkway,2025-01-30,,,,1.0,,,,,,,,,0,
OBS000559,NZ125,NZ125,https://www.alltrails.com/trail/new-zealand/tasman/cable-bay-walkway,2025-02-21,,,1.0,0.0,,,,,,,,,0,
OBS000560,NZ125,NZ125,https://www.alltrails.com/trail/new-zealand/tasman/cable-bay-walkway,2025-02-25,,,1.0,,,,,,,,,,0,
OBS000561,NZ125,NZ125,https://www.alltrails.com/trail/new-zealand/tasman/cable-bay-walkway,2025-04-08,,,1.0,,,,,,,,,,0,
OBS000562,NZ125,NZ125,https://www.alltrails.com/trail/new-zealand/tasman/cable-bay-walkway,2025-04-10,,,1.0,,1.0,,,,,,,,0,
OBS000563,NZ125,NZ125,https://www.alltrails.com/trail/new-zealand/tasman/cable-bay-walkway,2025-05-10,,,,,1.0,,,,,,,,0,
OBS000564,NZ125,NZ125,https://www.alltrails.com/trail/new-zealand/tasman/cable-bay-walkway,2025-06-06,,,1.0,,,,,,,,,,0,
OBS000565,NZ126,NZ126,https://www.alltrails.com/trail/new-zealand/waikato/hakarimata-summit-track,2025-03-05,,,1.0,,,,,,,,,,0,
OBS000566,NZ126,NZ126,https://www.alltrails.com/trail/new-zealand/waikato/hakarimata-summit-track,2025-03-16,,,1.0,,,,,,,,,,0,
OBS000567,NZ126,NZ126,https://www.alltrails.com/trail/new-zealand/waikato/hakarimata-summit-track,2025-04-04,,,1.0,,,,,,,,,,0,
OBS000568,NZ127,NZ127,https://www.alltrails.com/trail/new-zealand/waikato/square-kauri-tree-walk,2022-11-27,,,1.0,,,,,,,,,,0,
OBS000569,NZ127,NZ127,https://www.alltrails.com/trail/new-zealand/waikato/square-kauri-tree-walk,2023-04-04,,,1.0,,,,,,,,,,0,
OBS000570,NZ127,NZ127,https://www.alltrails.com/trail/new-zealand/waikato/square-kauri-tree-walk,2023-09-16,,,1.0,,,,,,,,,,0,
OBS000571,NZ127,NZ127,https://www.alltrails.com/trail/new-zealand/waikato/square-kauri-tree-walk,2024-03-13,,,1.0,,,,,,,,,,0,
OBS000572,NZ127,NZ127,https://www.alltrails.com/trail/new-zealand/waikato/square-kauri-tree-walk,2025-03-18,,,1.0,,,,,,,,,,0,
OBS000573,NZ127,NZ127,https://www.alltrails.com/trail/new-zealand/waikato/square-kauri-tree-walk,2025-03-27,,,1.0,,,,,,,,,,0,
OBS000574,NZ129,NZ129,https://www.alltrails.com/trail/new-zealand/waikato/whitianga-coast-track,2024-06-24,,,1.0,,,,,,,,,,0,
OBS000575,NZ129,NZ129,https://www.alltrails.com/trail/new-zealand/waikato/whitianga-coast-track,2024-12-25,,,1.0,,,,,,,,,,0,
OBS000576,NZ129,NZ129,https://www.alltrails.com/trail/new-zealand/waikato/whitianga-coast-track,2024-12-27,,,1.0,,,,,,,,,,0,
OBS000577,NZ129,NZ129,https://www.alltrails.com/trail/new-zealand/waikato/whitianga-coast-track,2025-03-12,,,1.0,,,,,,,,,,0,
OBS000578,NZ129,NZ129,https://www.alltrails.com/trail/new-zealand/waikato/whitianga-coast-track,2025-03-15,,,1.0,0.0,,,,,,,,,0,
OBS000579,NZ130,NZ130,https://www.alltrails.com/trail/new-zealand/waikato/waiau-kauri-grove-track,2022-01-01,,,1.0,,,,,,,,,,0,
OBS000580,NZ130,NZ130,https://www.alltrails.com/trail/new-zealand/waikato/waiau-kauri-grove-track,2022-08-13,,,1.0,,,,,,,,,,0,
OBS000581,NZ130,NZ130,https://www.alltrails.com/trail/new-zealand/waikato/waiau-kauri-grove-track,2023-04-04,,,1.0,,,,,,,,,,0,
OBS000582,NZ130,NZ130,https://www.alltrails.com/trail/new-zealand/waikato/waiau-kauri-grove-track,2023-04-11,,,1.0,,,,,,,,,,0,
OBS000583,NZ130,NZ130,https://www.alltrails.com/trail/new-zealand/waikato/waiau-kauri-grove-track,2024-11-13,,,1.0,,1.0,,,,,,,,0,
OBS000584,NZ130,NZ130,https://www.alltrails.com/trail/new-zealand/waikato/waiau-kauri-grove-track,2025-01-16,,,1.0,,,,,,,,,,0,
OBS000585,NZ130,NZ130,https://www.alltrails.com/trail/new-zealand/waikato/waiau-kauri-grove-track,2025-01-16,,,1.0,,,,,,,,,,0,
OBS000586,NZ130,NZ130,https://www.alltrails.com/trail/new-zealand/waikato/waiau-kauri-grove-track,2025-02-21,,,1.0,,,,,,,,,,0,
OBS000587,NZ130,NZ130,https://www.alltrails.com/trail/new-zealand/waikato/waiau-kauri-grove-track,2025-03-09,,,1.0,,,,,,,,,,0,
OBS000588,NZ130,NZ130,https://www.alltrails.com/trail/new-zealand/waikato/waiau-kauri-grove-track,2025-03-25,,,1.0,,,,,,,,,,0,
OBS000589,NZ130,NZ130,https://www.alltrails.com/trail/new-zealand/waikato/waiau-kauri-grove-track,2025-04-02,,,1.0,,,,,,,,,,0,
OBS000590,NZ130,NZ130,https://www.alltrails.com/trail/new-zealand/waikato/waiau-kauri-grove-track,2025-04-21,,,1.0,,,,,,,,,,0,
OBS000591,NZ130,NZ130,https://www.alltrails.com/trail/new-zealand/waikato/waiau-kauri-grove-track,2025-04-26,,,1.0,,,,,,,,,,0,
OBS000592,NZ130,NZ130,https://www.alltrails.com/trail/new-zealand/waikato/waiau-kauri-grove-track,2025-11-27,,,1.0,,,,,,,,,,0,
OBS000593,NZ130,NZ130,https://www.alltrails.com/trail/new-zealand/waikato/waiau-kauri-grove-track,2026-01-29,,,1.0,,,,,,,,,,0,
OBS000594,NZ130,NZ130,https://www.alltrails.com/trail/new-zealand/waikato/waiau-kauri-grove-track,2026-03-02,,,1.0,,,,,,,,,,0,
OBS000595,NZ130,NZ130,https://www.alltrails.com/trail/new-zealand/waikato/waiau-kauri-grove-track,2026-03-18,,,1.0,,,,,,,,,,0,
OBS000596,NZ133,NZ133,https://www.alltrails.com/trail/new-zealand/auckland/wairoa-dam-lookout-loop,2024-03-23,,,1.0,,,,,,,,,,0,
OBS000597,NZ133,NZ133,https://www.alltrails.com/trail/new-zealand/auckland/wairoa-dam-lookout-loop,2024-04-12,,,1.0,,,,,,,,,,0,
OBS000598,NZ133,NZ133,https://www.alltrails.com/trail/new-zealand/auckland/wairoa-dam-lookout-loop,2024-05-17,,,1.0,,,,,,,,,,0,
OBS000599,NZ133,NZ133,https://www.alltrails.com/trail/new-zealand/auckland/wairoa-dam-lookout-loop,2024-06-18,,,,,0.0,,,,,,,,0,
OBS000600,NZ133,NZ133,https://www.alltrails.com/trail/new-zealand/auckland/wairoa-dam-lookout-loop,2024-11-22,,,1.0,,,,,,,,,,0,
OBS000601,NZ133,NZ133,https://www.alltrails.com/trail/new-zealand/auckland/wairoa-dam-lookout-loop,2025-01-01,,,1.0,,,,,,,,,,0,
OBS000602,NZ133,NZ133,https://www.alltrails.com/trail/new-zealand/auckland/wairoa-dam-lookout-loop,2025-01-12,,,1.0,,,,,,,,,,0,
OBS000603,NZ133,NZ133,https://www.alltrails.com/trail/new-zealand/auckland/wairoa-dam-lookout-loop,2025-04-20,,,1.0,,,,,,,,,,0,
OBS000604,NZ134,NZ134,https://www.alltrails.com/trail/new-zealand/otago/pipeline-loop-track,2023-01-03,,,1.0,,1.0,,,,,,,,0,
OBS000605,NZ134,NZ134,https://www.alltrails.com/trail/new-zealand/otago/pipeline-loop-track,2024-07-07,,,,,1.0,,,,,,,,0,
OBS000606,NZ134,NZ134,https://www.alltrails.com/trail/new-zealand/otago/pipeline-loop-track,2024-10-10,,,1.0,,,,,,,,,,0,
OBS000607,NZ134,NZ134,https://www.alltrails.com/trail/new-zealand/otago/pipeline-loop-track,2025-04-20,,,,1.0,1.0,,,,,,,,0,
OBS000608,NZ135,NZ135,https://www.alltrails.com/trail/new-zealand/otago/45-parallel-track,2022-01-29,,,1.0,,,,,,,,,,0,
OBS000609,NZ135,NZ135,https://www.alltrails.com/trail/new-zealand/otago/45-parallel-track,2022-03-10,,,1.0,,,,,,,,,,0,
OBS000610,NZ135,NZ135,https://www.alltrails.com/trail/new-zealand/otago/45-parallel-track,2022-12-24,,,1.0,,,,,,,,,,0,
OBS000611,NZ135,NZ135,https://www.alltrails.com/trail/new-zealand/otago/45-parallel-track,2024-10-06,,,1.0,,,,,,,,,,0,
OBS000612,NZ135,NZ135,https://www.alltrails.com/trail/new-zealand/otago/45-parallel-track,2024-11-24,,,1.0,,,,,,,,,,0,
OBS000613,NZ135,NZ135,https://www.alltrails.com/trail/new-zealand/otago/45-parallel-track,2024-12-06,,,1.0,,,,,,,,,,0,
OBS000614,NZ135,NZ135,https://www.alltrails.com/trail/new-zealand/otago/45-parallel-track,2025-03-06,,,1.0,,,,,,,,,,0,
OBS000615,NZ135,NZ135,https://www.alltrails.com/trail/new-zealand/otago/45-parallel-track,2025-10-26,,,1.0,,,,,,,,,,0,
OBS000616,NZ135,NZ135,https://www.alltrails.com/trail/new-zealand/otago/45-parallel-track,2025-10-27,,,1.0,,,,,,,,,,0,
OBS000617,NZ135,NZ135,https://www.alltrails.com/trail/new-zealand/otago/45-parallel-track,2025-12-04,,,1.0,,,,,,,,,,0,
OBS000618,NZ135,NZ135,https://www.alltrails.com/trail/new-zealand/otago/45-parallel-track,2025-12-20,,,1.0,,,,,,,,,,0,
OBS000619,NZ135,NZ135,https://www.alltrails.com/trail/new-zealand/otago/45-parallel-track,2026-01-16,,,1.0,,,,,,,,,,0,
OBS000620,NZ135,NZ135,https://www.alltrails.com/trail/new-zealand/otago/45-parallel-track,2026-01-21,,,1.0,0.0,,,,,,,,,0,
OBS000621,NZ136,NZ136,https://www.alltrails.com/trail/new-zealand/otago/bennetts-bluff-view-point-walk,2024-01-02,,,1.0,,,,,,,,,,0,
OBS000622,NZ136,NZ136,https://www.alltrails.com/trail/new-zealand/otago/bennetts-bluff-view-point-walk,2024-05-19,,,1.0,,,,,,,,,,0,
OBS000623,NZ136,NZ136,https://www.alltrails.com/trail/new-zealand/otago/bennetts-bluff-view-point-walk,2024-06-20,,,1.0,,,,,,,,,,0,
OBS000624,NZ136,NZ136,https://www.alltrails.com/trail/new-zealand/otago/bennetts-bluff-view-point-walk,2024-12-28,,,1.0,,,,,,,,,,0,
OBS000625,NZ136,NZ136,https://www.alltrails.com/trail/new-zealand/otago/bennetts-bluff-view-point-walk,2025-04-20,,,1.0,,,,,,,,,,0,
OBS000626,NZ136,NZ136,https://www.alltrails.com/trail/new-zealand/otago/bennetts-bluff-view-point-walk,2025-05-12,,,1.0,,,,,,,,,,0,
OBS000627,NZ138,NZ138,https://www.alltrails.com/trail/new-zealand/canterbury/amberley-beach-walk,2024-08-26,,,1.0,,,,,,,,,,0,
OBS000628,NZ138,NZ138,https://www.alltrails.com/trail/new-zealand/canterbury/amberley-beach-walk,2025-03-16,,,0.0,,,,,,,,,,0,
OBS000629,NZ139,NZ139,https://www.alltrails.com/trail/new-zealand/waikato/rotopounamu-track,2023-07-29,,,1.0,,,,1.0,,,,,,0,
OBS000630,NZ139,NZ139,https://www.alltrails.com/trail/new-zealand/waikato/rotopounamu-track,2024-01-03,,,1.0,,,,,,,,,,0,
OBS000631,NZ139,NZ139,https://www.alltrails.com/trail/new-zealand/waikato/rotopounamu-track,2024-09-21,,,1.0,,1.0,,,,,,,,0,
OBS000632,NZ139,NZ139,https://www.alltrails.com/trail/new-zealand/waikato/rotopounamu-track,2024-11-07,,,1.0,,,,,,,,,,0,
OBS000633,NZ139,NZ139,https://www.alltrails.com/trail/new-zealand/waikato/rotopounamu-track,2025-04-23,,,1.0,,,,,,,,,,0,
OBS000634,NZ139,NZ139,https://www.alltrails.com/trail/new-zealand/waikato/rotopounamu-track,2025-04-29,,,1.0,,,,,,,,,,0,
OBS000635,NZ140,NZ140,https://www.alltrails.com/trail/new-zealand/manawatu-wanganui/silica-rapids-loop-walk,2024-10-20,,,1.0,,,,,,,,,,0,
OBS000636,NZ140,NZ140,https://www.alltrails.com/trail/new-zealand/manawatu-wanganui/silica-rapids-loop-walk,2024-11-11,,,1.0,,,,,,,,,,0,
OBS000637,NZ140,NZ140,https://www.alltrails.com/trail/new-zealand/manawatu-wanganui/silica-rapids-loop-walk,2024-11-12,,,1.0,,,,,,,,,,0,
OBS000638,NZ140,NZ140,https://www.alltrails.com/trail/new-zealand/manawatu-wanganui/silica-rapids-loop-walk,2024-11-16,,,1.0,,,,,,,,,,0,
OBS000639,NZ140,NZ140,https://www.alltrails.com/trail/new-zealand/manawatu-wanganui/silica-rapids-loop-walk,2024-11-20,,,1.0,,,,,,,,,,0,
OBS000640,NZ140,NZ140,https://www.alltrails.com/trail/new-zealand/manawatu-wanganui/silica-rapids-loop-walk,2025-01-29,,,1.0,,1.0,,,,,,,,0,
OBS000641,NZ140,NZ140,https://www.alltrails.com/trail/new-zealand/manawatu-wanganui/silica-rapids-loop-walk,2025-01-31,,,1.0,1.0,,,,,,,,,0,
OBS000642,NZ140,NZ140,https://www.alltrails.com/trail/new-zealand/manawatu-wanganui/silica-rapids-loop-walk,2025-02-01,,,1.0,,,,,,,,,,0,
OBS000643,NZ140,NZ140,https://www.alltrails.com/trail/new-zealand/manawatu-wanganui/silica-rapids-loop-walk,2025-02-09,,,1.0,,,,,,,,,,0,
OBS000644,NZ140,NZ140,https://www.alltrails.com/trail/new-zealand/manawatu-wanganui/silica-rapids-loop-walk,2025-03-29,,,1.0,,,,,,,,,,0,
OBS000645,NZ140,NZ140,https://www.alltrails.com/trail/new-zealand/manawatu-wanganui/silica-rapids-loop-walk,2025-03-30,,,1.0,,,,,,,,,,0,
OBS000646,NZ140,NZ140,https://www.alltrails.com/trail/new-zealand/manawatu-wanganui/silica-rapids-loop-walk,2025-04-05,,,1.0,,,,,,,,,,0,
OBS000647,NZ140,NZ140,https://www.alltrails.com/trail/new-zealand/manawatu-wanganui/silica-rapids-loop-walk,2025-04-17,,,1.0,,1.0,,,,,,,,0,
OBS000648,NZ140,NZ140,https://www.alltrails.com/trail/new-zealand/manawatu-wanganui/silica-rapids-loop-walk,2025-04-22,,,1.0,,,,,,,,,,0,
OBS000649,NZ140,NZ140,https://www.alltrails.com/trail/new-zealand/manawatu-wanganui/silica-rapids-loop-walk,2025-06-11,,,1.0,,1.0,,,,,,,,0,
OBS000650,NZ140,NZ140,https://www.alltrails.com/trail/new-zealand/manawatu-wanganui/silica-rapids-loop-walk,2025-06-14,,,1.0,,,,,,,,,,0,
OBS000651,NZ142,NZ142,https://www.alltrails.com/trail/new-zealand/nelson-tasman/matiri-valley-track-mcconchies-hut-to-hurricane-hut,2025-01-04,,,0.0,,,,,,,,,,0,
OBS000652,NZ144,NZ144,https://www.alltrails.com/trail/new-zealand/nelson-tasman/mount-robert-circuit,2025-01-12,,,1.0,,,,,,,,,,0,
OBS000653,NZ144,NZ144,https://www.alltrails.com/trail/new-zealand/nelson-tasman/mount-robert-circuit,2025-01-21,,,1.0,,,,,,,,,,0,
OBS000654,NZ144,NZ144,https://www.alltrails.com/trail/new-zealand/nelson-tasman/mount-robert-circuit,2025-02-21,,,1.0,,,,,,,,,,0,
OBS000655,NZ144,NZ144,https://www.alltrails.com/trail/new-zealand/nelson-tasman/mount-robert-circuit,2025-02-23,,,1.0,,,,,,,,,,0,
OBS000656,NZ144,NZ144,https://www.alltrails.com/trail/new-zealand/nelson-tasman/mount-robert-circuit,2025-03-01,,,1.0,,,,,,,,,,0,
OBS000657,NZ144,NZ144,https://www.alltrails.com/trail/new-zealand/nelson-tasman/mount-robert-circuit,2025-04-05,,,1.0,,,,,,,,,,0,
OBS000658,NZ144,NZ144,https://www.alltrails.com/trail/new-zealand/nelson-tasman/mount-robert-circuit,2025-04-16,,,1.0,,,,,,,,,,0,
OBS000659,NZ144,NZ144,https://www.alltrails.com/trail/new-zealand/nelson-tasman/mount-robert-circuit,2025-04-26,,,1.0,,,,,,,,,,0,
OBS000660,NZ144,NZ144,https://www.alltrails.com/trail/new-zealand/nelson-tasman/mount-robert-circuit,2025-05-03,,,1.0,,,,,,,,,,0,
OBS000661,NZ144,NZ144,https://www.alltrails.com/trail/new-zealand/nelson-tasman/mount-robert-circuit,2025-05-19,,,1.0,,,,,,,,,,0,
OBS000662,NZ145,NZ145,https://www.alltrails.com/trail/new-zealand/nelson-tasman/cable-bay-walkway-to-sentinel-lookout,2024-07-12,,,1.0,,,,,,,,,,0,
OBS000663,NZ145,NZ145,https://www.alltrails.com/trail/new-zealand/nelson-tasman/cable-bay-walkway-to-sentinel-lookout,2024-10-19,,,1.0,,,,,,,,,,0,
OBS000664,NZ145,NZ145,https://www.alltrails.com/trail/new-zealand/nelson-tasman/cable-bay-walkway-to-sentinel-lookout,2024-12-18,,,1.0,,,,,,,,,,0,
OBS000665,NZ145,NZ145,https://www.alltrails.com/trail/new-zealand/nelson-tasman/cable-bay-walkway-to-sentinel-lookout,2025-01-12,,,1.0,,,,,,,,,,0,
OBS000666,NZ145,NZ145,https://www.alltrails.com/trail/new-zealand/nelson-tasman/cable-bay-walkway-to-sentinel-lookout,2025-01-19,,,1.0,,,,,,,,,,0,
OBS000667,NZ145,NZ145,https://www.alltrails.com/trail/new-zealand/nelson-tasman/cable-bay-walkway-to-sentinel-lookout,2025-02-18,,,1.0,,,,,,,,,,0,
OBS000668,NZ145,NZ145,https://www.alltrails.com/trail/new-zealand/nelson-tasman/cable-bay-walkway-to-sentinel-lookout,2025-03-07,,,1.0,,,,,,,,,,0,
OBS000669,NZ145,NZ145,https://www.alltrails.com/trail/new-zealand/nelson-tasman/cable-bay-walkway-to-sentinel-lookout,2025-04-17,,,1.0,,,,,,,,,,0,
OBS000670,NZ145,NZ145,https://www.alltrails.com/trail/new-zealand/nelson-tasman/cable-bay-walkway-to-sentinel-lookout,2025-04-22,,,1.0,,,,,,,,,,0,
OBS000671,NZ146,NZ146,https://www.alltrails.com/trail/new-zealand/nelson-tasman/sir-stanley-whitehead-walkway,2024-10-29,,,1.0,,,,,,,,,,0,
OBS000672,NZ146,NZ146,https://www.alltrails.com/trail/new-zealand/nelson-tasman/sir-stanley-whitehead-walkway,2025-01-09,,,1.0,,,,,,,,,,0,
OBS000673,NZ148,NZ148,https://www.alltrails.com/trail/new-zealand/nelson-tasman/tahunanui-beach-walk,2024-10-08,,,1.0,,,,,,,,,,0,
OBS000674,NZ148,NZ148,https://www.alltrails.com/trail/new-zealand/nelson-tasman/tahunanui-beach-walk,2024-11-14,,,0.0,,,,,,,,,,0,
OBS000675,NZ150,NZ150,https://www.alltrails.com/trail/new-zealand/marlborough/nydia-campsite-via-nydia-track,2025-01-05,,,1.0,,,,,,,,,,0,
OBS000676,NZ150,NZ150,https://www.alltrails.com/trail/new-zealand/marlborough/nydia-campsite-via-nydia-track,2025-02-23,,,1.0,,,,,,,,,,0,
OBS000677,NZ150,NZ150,https://www.alltrails.com/trail/new-zealand/marlborough/nydia-campsite-via-nydia-track,2025-03-15,,,1.0,,,,,,,,,,0,
OBS000678,NZ151,NZ151,https://www.alltrails.com/trail/new-zealand/marlborough/queen-charlotte-track-ship-cove-to-resolution-bay,2025-03-03,,,1.0,,,,,,,,,,0,
OBS000679,NZ151,NZ151,https://www.alltrails.com/trail/new-zealand/marlborough/queen-charlotte-track-ship-cove-to-resolution-bay,2025-03-09,,,1.0,,,,,,,,,,0,
OBS000680,NZ151,NZ151,https://www.alltrails.com/trail/new-zealand/marlborough/queen-charlotte-track-ship-cove-to-resolution-bay,2025-03-15,,,1.0,,,,,,,,,,0,
OBS000681,NZ151,NZ151,https://www.alltrails.com/trail/new-zealand/marlborough/queen-charlotte-track-ship-cove-to-resolution-bay,2025-04-17,,,1.0,,,,,,,,,,0,
OBS000682,NZ152,NZ152,https://www.alltrails.com/trail/new-zealand/marlborough/ship-cove-to-furneaux-lodge-via-queen-charlotte-track,2024-12-17,,,1.0,,,,,,,,,,0,
OBS000683,NZ152,NZ152,https://www.alltrails.com/trail/new-zealand/marlborough/ship-cove-to-furneaux-lodge-via-queen-charlotte-track,2024-12-25,,,1.0,,,,,,,,,,0,
OBS000684,NZ152,NZ152,https://www.alltrails.com/trail/new-zealand/marlborough/ship-cove-to-furneaux-lodge-via-queen-charlotte-track,2024-12-26,,,1.0,,,,,,,,,,0,
OBS000685,NZ152,NZ152,https://www.alltrails.com/trail/new-zealand/marlborough/ship-cove-to-furneaux-lodge-via-queen-charlotte-track,2025-01-03,,,1.0,,,,,,,,,,0,
OBS000686,NZ152,NZ152,https://www.alltrails.com/trail/new-zealand/marlborough/ship-cove-to-furneaux-lodge-via-queen-charlotte-track,2025-01-05,,,1.0,,,,,,,,,,0,
OBS000687,NZ152,NZ152,https://www.alltrails.com/trail/new-zealand/marlborough/ship-cove-to-furneaux-lodge-via-queen-charlotte-track,2025-01-06,,,1.0,,,,,,,,,,0,
OBS000688,NZ152,NZ152,https://www.alltrails.com/trail/new-zealand/marlborough/ship-cove-to-furneaux-lodge-via-queen-charlotte-track,2025-01-19,,,1.0,,,,,,,,,,0,
OBS000689,NZ152,NZ152,https://www.alltrails.com/trail/new-zealand/marlborough/ship-cove-to-furneaux-lodge-via-queen-charlotte-track,2025-01-25,,,1.0,,,,,,,,,,0,
OBS000690,NZ152,NZ152,https://www.alltrails.com/trail/new-zealand/marlborough/ship-cove-to-furneaux-lodge-via-queen-charlotte-track,2025-01-27,,,1.0,,,,,,,,,,0,
OBS000691,NZ152,NZ152,https://www.alltrails.com/trail/new-zealand/marlborough/ship-cove-to-furneaux-lodge-via-queen-charlotte-track,2025-01-30,,,1.0,,,,,,,,,,0,
OBS000692,NZ152,NZ152,https://www.alltrails.com/trail/new-zealand/marlborough/ship-cove-to-furneaux-lodge-via-queen-charlotte-track,2025-02-14,,,1.0,,,,,,,,,,0,
OBS000693,NZ152,NZ152,https://www.alltrails.com/trail/new-zealand/marlborough/ship-cove-to-furneaux-lodge-via-queen-charlotte-track,2025-02-23,,,1.0,,,,,,,,,,0,
OBS000694,NZ152,NZ152,https://www.alltrails.com/trail/new-zealand/marlborough/ship-cove-to-furneaux-lodge-via-queen-charlotte-track,2025-02-25,,,1.0,,,,,,,,,,0,
OBS000695,NZ152,NZ152,https://www.alltrails.com/trail/new-zealand/marlborough/ship-cove-to-furneaux-lodge-via-queen-charlotte-track,2025-03-02,,,1.0,,,,,,,,,,0,
OBS000696,NZ152,NZ152,https://www.alltrails.com/trail/new-zealand/marlborough/ship-cove-to-furneaux-lodge-via-queen-charlotte-track,2025-03-06,,,1.0,,,,,,,,,,0,
OBS000697,NZ152,NZ152,https://www.alltrails.com/trail/new-zealand/marlborough/ship-cove-to-furneaux-lodge-via-queen-charlotte-track,2025-03-24,,,1.0,,,,,,,,,,0,
OBS000698,NZ152,NZ152,https://www.alltrails.com/trail/new-zealand/marlborough/ship-cove-to-furneaux-lodge-via-queen-charlotte-track,2025-04-16,,,1.0,,,,,,,,,,0,
OBS000699,NZ152,NZ152,https://www.alltrails.com/trail/new-zealand/marlborough/ship-cove-to-furneaux-lodge-via-queen-charlotte-track,2025-05-01,,,1.0,,1.0,,,,,,,,0,
OBS000700,NZ153,NZ153,https://www.alltrails.com/trail/new-zealand/west-coast/lake-matheson-jetty-lookout-walk,2023-05-15,,,1.0,,,,,,,,,,0,
OBS000701,NZ153,NZ153,https://www.alltrails.com/trail/new-zealand/west-coast/lake-matheson-jetty-lookout-walk,2023-11-17,,,1.0,,,,,,,,,,0,
OBS000702,NZ153,NZ153,https://www.alltrails.com/trail/new-zealand/west-coast/lake-matheson-jetty-lookout-walk,2023-11-29,,,1.0,,,,,,,,,,0,
OBS000703,NZ153,NZ153,https://www.alltrails.com/trail/new-zealand/west-coast/lake-matheson-jetty-lookout-walk,2024-09-29,,,1.0,,,,,,,,,,0,
OBS000704,NZ153,NZ153,https://www.alltrails.com/trail/new-zealand/west-coast/lake-matheson-jetty-lookout-walk,2024-11-07,,,1.0,,,,,,,,,,0,
OBS000705,NZ153,NZ153,https://www.alltrails.com/trail/new-zealand/west-coast/lake-matheson-jetty-lookout-walk,2025-01-04,,,,0.0,,,,,,,,,0,
OBS000706,NZ153,NZ153,https://www.alltrails.com/trail/new-zealand/west-coast/lake-matheson-jetty-lookout-walk,2025-02-02,,,1.0,,,,,,,,,,0,
OBS000707,NZ153,NZ153,https://www.alltrails.com/trail/new-zealand/west-coast/lake-matheson-jetty-lookout-walk,2025-02-12,,,1.0,,,,,,,,,,0,
OBS000708,NZ153,NZ153,https://www.alltrails.com/trail/new-zealand/west-coast/lake-matheson-jetty-lookout-walk,2025-04-22,,,1.0,,,,,,,,,,0,
OBS000709,NZ153,NZ153,https://www.alltrails.com/trail/new-zealand/west-coast/lake-matheson-jetty-lookout-walk,2025-05-13,,,1.0,,,,,,,,,,0,
OBS000710,NZ154,NZ154,https://www.alltrails.com/trail/new-zealand/west-coast/peter-s-pool-walk,2025-03-12,,,1.0,,,,,,,,,,0,
OBS000711,NZ154,NZ154,https://www.alltrails.com/trail/new-zealand/west-coast/peter-s-pool-walk,2025-04-21,,,1.0,,,,,,,,,,0,
OBS000712,NZ154,NZ154,https://www.alltrails.com/trail/new-zealand/west-coast/peter-s-pool-walk,2025-06-02,,,1.0,,,,,,,,,,0,
OBS000713,NZ155,NZ155,https://www.alltrails.com/trail/new-zealand/west-coast/hokitika-gorge-walk,2025-03-20,,,1.0,,,,,,,,,,0,
OBS000714,NZ155,NZ155,https://www.alltrails.com/trail/new-zealand/west-coast/hokitika-gorge-walk,2025-03-21,,,1.0,,,,,,,,,,0,
OBS000715,NZ155,NZ155,https://www.alltrails.com/trail/new-zealand/west-coast/hokitika-gorge-walk,2025-03-22,,,1.0,,,,,,,,,,0,
OBS000716,NZ155,NZ155,https://www.alltrails.com/trail/new-zealand/west-coast/hokitika-gorge-walk,2025-03-22,,,1.0,1.0,,,,,,,,,0,
OBS000717,NZ155,NZ155,https://www.alltrails.com/trail/new-zealand/west-coast/hokitika-gorge-walk,2025-03-24,,,1.0,,,,,,,,,,0,
OBS000718,NZ155,NZ155,https://www.alltrails.com/trail/new-zealand/west-coast/hokitika-gorge-walk,2025-03-25,,,1.0,,,,,,,,,,0,
OBS000719,NZ155,NZ155,https://www.alltrails.com/trail/new-zealand/west-coast/hokitika-gorge-walk,2025-03-29,,,1.0,,,,,,,,,,0,
OBS000720,NZ155,NZ155,https://www.alltrails.com/trail/new-zealand/west-coast/hokitika-gorge-walk,2025-03-31,,,1.0,,,,,,,,,,0,
OBS000721,NZ155,NZ155,https://www.alltrails.com/trail/new-zealand/west-coast/hokitika-gorge-walk,2025-03-31,,,1.0,,,,,,,,,,0,
OBS000722,NZ155,NZ155,https://www.alltrails.com/trail/new-zealand/west-coast/hokitika-gorge-walk,2025-04-01,,,1.0,,,,,,,,,,0,
OBS000723,NZ155,NZ155,https://www.alltrails.com/trail/new-zealand/west-coast/hokitika-gorge-walk,2025-04-07,,,1.0,,,,,,,,,,0,
OBS000724,NZ155,NZ155,https://www.alltrails.com/trail/new-zealand/west-coast/hokitika-gorge-walk,2025-04-10,,,1.0,,,,,,,,,,0,
OBS000725,NZ155,NZ155,https://www.alltrails.com/trail/new-zealand/west-coast/hokitika-gorge-walk,2025-04-13,,,1.0,,,,,,,,,,0,
OBS000726,NZ155,NZ155,https://www.alltrails.com/trail/new-zealand/west-coast/hokitika-gorge-walk,2025-04-17,,,1.0,,,,,,,,,,0,
OBS000727,NZ155,NZ155,https://www.alltrails.com/trail/new-zealand/west-coast/hokitika-gorge-walk,2025-04-20,,,1.0,,,,,,,,,,0,
OBS000728,NZ155,NZ155,https://www.alltrails.com/trail/new-zealand/west-coast/hokitika-gorge-walk,2025-04-20,,,1.0,,,,,,,,,,0,
OBS000729,NZ155,NZ155,https://www.alltrails.com/trail/new-zealand/west-coast/hokitika-gorge-walk,2025-05-02,,,1.0,1.0,1.0,,,,,,,,0,
OBS000730,NZ155,NZ155,https://www.alltrails.com/trail/new-zealand/west-coast/hokitika-gorge-walk,2025-05-21,,,1.0,,,,,,,,,,0,
OBS000731,NZ155,NZ155,https://www.alltrails.com/trail/new-zealand/west-coast/hokitika-gorge-walk,2025-06-02,,,1.0,,,,,,,,,,0,
OBS000732,NZ155,NZ155,https://www.alltrails.com/trail/new-zealand/west-coast/hokitika-gorge-walk,2025-06-08,,,1.0,1.0,1.0,,,,,,,,0,
OBS000733,NZ156,NZ156,https://www.alltrails.com/trail/new-zealand/west-coast/sentinel-rock-trail,2024-03-20,,,1.0,,,,,,,,,,0,
OBS000734,NZ156,NZ156,https://www.alltrails.com/trail/new-zealand/west-coast/sentinel-rock-trail,2024-07-03,,,1.0,,,,,,,,,,0,
OBS000735,NZ156,NZ156,https://www.alltrails.com/trail/new-zealand/west-coast/sentinel-rock-trail,2024-10-21,,,1.0,,,,,,,,,,0,
OBS000736,NZ156,NZ156,https://www.alltrails.com/trail/new-zealand/west-coast/sentinel-rock-trail,2024-11-18,,,1.0,,,,,,,,,,0,
OBS000737,NZ156,NZ156,https://www.alltrails.com/trail/new-zealand/west-coast/sentinel-rock-trail,2024-12-16,,,1.0,,,,,,,,,,0,
OBS000738,NZ156,NZ156,https://www.alltrails.com/trail/new-zealand/west-coast/sentinel-rock-trail,2024-12-20,,,,1.0,,,,,,,,,0,
OBS000739,NZ156,NZ156,https://www.alltrails.com/trail/new-zealand/west-coast/sentinel-rock-trail,2024-12-21,,,1.0,,,,,,,,,,0,
OBS000740,NZ156,NZ156,https://www.alltrails.com/trail/new-zealand/west-coast/sentinel-rock-trail,2025-02-24,,,1.0,,,,,,,,,,0,
OBS000741,NZ156,NZ156,https://www.alltrails.com/trail/new-zealand/west-coast/sentinel-rock-trail,2025-03-22,,,1.0,,,,,,,,,,0,
OBS000742,NZ156,NZ156,https://www.alltrails.com/trail/new-zealand/west-coast/sentinel-rock-trail,2025-06-13,,,1.0,,,,,,,,,,0,
OBS000743,NZ157,NZ157,https://www.alltrails.com/trail/new-zealand/west-coast/terrace-walk,2022-08-19,,,1.0,,,,,,,,,,0,
OBS000744,NZ157,NZ157,https://www.alltrails.com/trail/new-zealand/west-coast/terrace-walk,2024-02-04,,,1.0,,,,,,,,,,0,
OBS000745,NZ157,NZ157,https://www.alltrails.com/trail/new-zealand/west-coast/terrace-walk,2024-09-10,,,1.0,,,,,,,,,,0,
OBS000746,NZ157,NZ157,https://www.alltrails.com/trail/new-zealand/west-coast/terrace-walk,2024-09-11,,,1.0,,,,,,,,,,0,
OBS000747,NZ157,NZ157,https://www.alltrails.com/trail/new-zealand/west-coast/terrace-walk,2025-01-04,,,1.0,,,,,,,,,,0,
OBS000748,NZ157,NZ157,https://www.alltrails.com/trail/new-zealand/west-coast/terrace-walk,2025-03-12,,,1.0,0.0,,,,,,,,,0,
OBS000749,NZ157,NZ157,https://www.alltrails.com/trail/new-zealand/west-coast/terrace-walk,2025-03-13,,,1.0,0.0,,,,,,,,,0,
OBS000750,NZ157,NZ157,https://www.alltrails.com/trail/new-zealand/west-coast/terrace-walk,2025-03-25,,,1.0,,,,,,,,,,0,
OBS000751,NZ157,NZ157,https://www.alltrails.com/trail/new-zealand/west-coast/terrace-walk,2025-05-23,,,1.0,,,,,,,,,,0,
OBS000752,NZ161,NZ161,https://www.alltrails.com/trail/new-zealand/west-coast/punakaiki-loop,2024-11-27,,,1.0,1.0,1.0,,,,,,,,0,
OBS000753,NZ161,NZ161,https://www.alltrails.com/trail/new-zealand/west-coast/punakaiki-loop,2024-12-30,,,1.0,,,,,,,,,,0,
OBS000754,NZ161,NZ161,https://www.alltrails.com/trail/new-zealand/west-coast/punakaiki-loop,2025-01-17,,,1.0,,,,,,,,,,0,
OBS000755,NZ161,NZ161,https://www.alltrails.com/trail/new-zealand/west-coast/punakaiki-loop,2025-01-17,,,1.0,,,,,,,,,,0,
OBS000756,NZ161,NZ161,https://www.alltrails.com/trail/new-zealand/west-coast/punakaiki-loop,2025-02-05,,,,1.0,1.0,,,,,,,,0,
OBS000757,NZ161,NZ161,https://www.alltrails.com/trail/new-zealand/west-coast/punakaiki-loop,2025-02-25,,,1.0,,,,,,,,,,0,
OBS000758,NZ161,NZ161,https://www.alltrails.com/trail/new-zealand/west-coast/punakaiki-loop,2025-03-25,,,,,1.0,,,,,,,,0,
OBS000759,NZ162,NZ162,https://www.alltrails.com/trail/new-zealand/west-coast/wharekai-te-kou-walk,2023-12-18,,,1.0,,,,,,,,,,0,
OBS000760,NZ162,NZ162,https://www.alltrails.com/trail/new-zealand/west-coast/wharekai-te-kou-walk,2024-11-18,,,1.0,,,,,,,,,,0,
OBS000761,NZ162,NZ162,https://www.alltrails.com/trail/new-zealand/west-coast/wharekai-te-kou-walk,2025-01-02,,,1.0,,,,,,,,,,0,
OBS000762,NZ162,NZ162,https://www.alltrails.com/trail/new-zealand/west-coast/wharekai-te-kou-walk,2025-02-03,,,1.0,,,,,,,,,,0,
OBS000763,NZ162,NZ162,https://www.alltrails.com/trail/new-zealand/west-coast/wharekai-te-kou-walk,2025-03-02,,,1.0,,,,,,,,,,0,
OBS000764,NZ162,NZ162,https://www.alltrails.com/trail/new-zealand/west-coast/wharekai-te-kou-walk,2025-04-15,,,1.0,,,,,,,,,,0,
OBS000765,NZ162,NZ162,https://www.alltrails.com/trail/new-zealand/west-coast/wharekai-te-kou-walk,2025-04-18,,,1.0,,,,,,,,,,0,
OBS000766,NZ162,NZ162,https://www.alltrails.com/trail/new-zealand/west-coast/wharekai-te-kou-walk,2025-04-23,,,1.0,1.0,,,,,,,,,0,
OBS000767,NZ162,NZ162,https://www.alltrails.com/trail/new-zealand/west-coast/wharekai-te-kou-walk,2025-06-02,,,1.0,,,,,,,,,,0,
OBS000768,NZ163,NZ163,https://www.alltrails.com/trail/new-zealand/west-coast/punakaiki-pancake-rocks-and-blowholes-loop,2025-02-23,,,1.0,,,,,,,,,,0,
OBS000769,NZ163,NZ163,https://www.alltrails.com/trail/new-zealand/west-coast/punakaiki-pancake-rocks-and-blowholes-loop,2025-02-24,,,1.0,,,,,,,,,,0,
OBS000770,NZ163,NZ163,https://www.alltrails.com/trail/new-zealand/west-coast/punakaiki-pancake-rocks-and-blowholes-loop,2025-02-25,,,1.0,,,,,,,,,,0,
OBS000771,NZ163,NZ163,https://www.alltrails.com/trail/new-zealand/west-coast/punakaiki-pancake-rocks-and-blowholes-loop,2025-02-27,,,1.0,,,,,,,,,,0,
OBS000772,NZ163,NZ163,https://www.alltrails.com/trail/new-zealand/west-coast/punakaiki-pancake-rocks-and-blowholes-loop,2025-03-13,,,1.0,,,,,,,,,,0,
OBS000773,NZ163,NZ163,https://www.alltrails.com/trail/new-zealand/west-coast/punakaiki-pancake-rocks-and-blowholes-loop,2025-03-14,,,1.0,,,,,,,,,,0,
OBS000774,NZ163,NZ163,https://www.alltrails.com/trail/new-zealand/west-coast/punakaiki-pancake-rocks-and-blowholes-loop,2025-03-22,,,1.0,,,,,,,,,,0,
OBS000775,NZ163,NZ163,https://www.alltrails.com/trail/new-zealand/west-coast/punakaiki-pancake-rocks-and-blowholes-loop,2025-03-26,,,1.0,,,,,,,,,,0,
OBS000776,NZ163,NZ163,https://www.alltrails.com/trail/new-zealand/west-coast/punakaiki-pancake-rocks-and-blowholes-loop,2025-03-27,,,1.0,,,,,,,,,,0,
OBS000777,NZ163,NZ163,https://www.alltrails.com/trail/new-zealand/west-coast/punakaiki-pancake-rocks-and-blowholes-loop,2025-04-21,,,1.0,,,,,,,,,,0,
OBS000778,NZ163,NZ163,https://www.alltrails.com/trail/new-zealand/west-coast/punakaiki-pancake-rocks-and-blowholes-loop,2025-04-23,,,1.0,0.0,,,,,,,,,0,
OBS000779,NZ163,NZ163,https://www.alltrails.com/trail/new-zealand/west-coast/punakaiki-pancake-rocks-and-blowholes-loop,2025-05-24,,,1.0,,,,,,,,,,0,
OBS000780,NZ163,NZ163,https://www.alltrails.com/trail/new-zealand/west-coast/punakaiki-pancake-rocks-and-blowholes-loop,2025-05-26,,,1.0,,,,,,,,,,0,
OBS000781,NZ165,NZ165,https://www.alltrails.com/trail/new-zealand/west-coast/copland-track-to-architect-creek-hut,2025-03-07,,,1.0,,,,,,,,,,0,
OBS000782,NZ165,NZ165,https://www.alltrails.com/trail/new-zealand/west-coast/copland-track-to-architect-creek-hut,2025-04-23,,,1.0,,,,,,,,,,0,
OBS000783,NZ166,NZ166,https://www.alltrails.com/trail/new-zealand/otago/lake-howden-via-routeburn-track,2025-04-15,,,1.0,,,,,,,,,,0,
OBS000784,NZ166,NZ166,https://www.alltrails.com/trail/new-zealand/otago/lake-howden-via-routeburn-track,2025-04-29,,,1.0,,,,,,,,,,0,
OBS000785,NZ167,NZ167,https://www.alltrails.com/trail/new-zealand/otago/hawea-river-track,2024-08-22,,,1.0,,,,,,,,,,0,
OBS000786,NZ167,NZ167,https://www.alltrails.com/trail/new-zealand/otago/hawea-river-track,2025-03-15,,,1.0,,,,,,,,,,0,
OBS000787,NZ167,NZ167,https://www.alltrails.com/trail/new-zealand/otago/hawea-river-track,2025-06-04,,,1.0,,,,,,,,,,0,
OBS000788,NZ168,NZ168,https://www.alltrails.com/trail/new-zealand/otago/the-outlet-track,2024-08-01,,,1.0,,,,,,,,,,0,
OBS000789,NZ168,NZ168,https://www.alltrails.com/trail/new-zealand/otago/the-outlet-track,2024-08-13,,,1.0,,,,,,,,,,0,
OBS000790,NZ168,NZ168,https://www.alltrails.com/trail/new-zealand/otago/the-outlet-track,2024-11-22,,,1.0,,,,,,,,,,0,
OBS000791,NZ168,NZ168,https://www.alltrails.com/trail/new-zealand/otago/the-outlet-track,2025-01-20,,,1.0,,,,,,,,,,0,
OBS000792,NZ168,NZ168,https://www.alltrails.com/trail/new-zealand/otago/the-outlet-track,2025-01-24,,,1.0,,,,,,,,,,0,
OBS000793,NZ168,NZ168,https://www.alltrails.com/trail/new-zealand/otago/the-outlet-track,2025-01-25,,,1.0,,,,,,,,,,0,
OBS000794,NZ168,NZ168,https://www.alltrails.com/trail/new-zealand/otago/the-outlet-track,2025-01-28,,,1.0,,,,,,,,,,0,
OBS000795,NZ168,NZ168,https://www.alltrails.com/trail/new-zealand/otago/the-outlet-track,2025-02-03,,,1.0,,,,,,,,,,0,
OBS000796,NZ168,NZ168,https://www.alltrails.com/trail/new-zealand/otago/the-outlet-track,2025-03-05,,,1.0,,,,,,,,,,0,
OBS000797,NZ168,NZ168,https://www.alltrails.com/trail/new-zealand/otago/the-outlet-track,2025-03-08,,,1.0,,,,,,,,,,0,
OBS000798,NZ169,NZ169,https://www.alltrails.com/trail/new-zealand/otago/mount-iron-from-wanaka-luggate-highway-carpark,2024-07-03,,,1.0,,,,,,,,,,0,
OBS000799,NZ169,NZ169,https://www.alltrails.com/trail/new-zealand/otago/mount-iron-from-wanaka-luggate-highway-carpark,2024-09-18,,,1.0,,,,,,,,,,0,
OBS000800,NZ169,NZ169,https://www.alltrails.com/trail/new-zealand/otago/mount-iron-from-wanaka-luggate-highway-carpark,2024-09-26,,,1.0,,,,,,,,,,0,
OBS000801,NZ169,NZ169,https://www.alltrails.com/trail/new-zealand/otago/mount-iron-from-wanaka-luggate-highway-carpark,2024-12-02,,,1.0,,,,,,,,,,0,
OBS000802,NZ169,NZ169,https://www.alltrails.com/trail/new-zealand/otago/mount-iron-from-wanaka-luggate-highway-carpark,2025-01-23,,,1.0,,,,,,,,,,0,
OBS000803,NZ169,NZ169,https://www.alltrails.com/trail/new-zealand/otago/mount-iron-from-wanaka-luggate-highway-carpark,2025-01-27,,,,0.0,,,,,,,,,0,
OBS000804,NZ169,NZ169,https://www.alltrails.com/trail/new-zealand/otago/mount-iron-from-wanaka-luggate-highway-carpark,2025-02-02,,,1.0,,,,,,,,,,0,
OBS000805,NZ169,NZ169,https://www.alltrails.com/trail/new-zealand/otago/mount-iron-from-wanaka-luggate-highway-carpark,2025-03-02,,,1.0,,,,,,,,,,0,
OBS000806,NZ169,NZ169,https://www.alltrails.com/trail/new-zealand/otago/mount-iron-from-wanaka-luggate-highway-carpark,2025-04-21,,,1.0,,,,,,,,,,0,
OBS000807,NZ170,NZ170,https://www.alltrails.com/trail/new-zealand/otago/mount-iron-from-hidden-hills,2024-01-05,,,1.0,,,,,,,,,,0,
OBS000808,NZ171,NZ171,https://www.alltrails.com/trail/new-zealand/otago/mount-judah-track,2024-10-06,,,,,1.0,1.0,,,,,,,0,
OBS000809,NZ171,NZ171,https://www.alltrails.com/trail/new-zealand/otago/mount-judah-track,2024-11-24,,,1.0,,,,,,,,,,0,
OBS000810,NZ171,NZ171,https://www.alltrails.com/trail/new-zealand/otago/mount-judah-track,2024-12-11,,,1.0,,,,,,,,,,0,
OBS000811,NZ171,NZ171,https://www.alltrails.com/trail/new-zealand/otago/mount-judah-track,2024-12-27,,,1.0,,,,,,,,,,0,
OBS000812,NZ171,NZ171,https://www.alltrails.com/trail/new-zealand/otago/mount-judah-track,2024-12-29,,,1.0,,,,,,,,,,0,
OBS000813,NZ171,NZ171,https://www.alltrails.com/trail/new-zealand/otago/mount-judah-track,2025-01-02,,,1.0,,,,,,,,,,0,
OBS000814,NZ171,NZ171,https://www.alltrails.com/trail/new-zealand/otago/mount-judah-track,2025-01-06,,,1.0,,,,,,,,,,0,
OBS000815,NZ171,NZ171,https://www.alltrails.com/trail/new-zealand/otago/mount-judah-track,2025-01-07,,,1.0,,1.0,,,,,,,,0,
OBS000816,NZ171,NZ171,https://www.alltrails.com/trail/new-zealand/otago/mount-judah-track,2025-01-09,,,1.0,,,,,,,,,,0,
OBS000817,NZ171,NZ171,https://www.alltrails.com/trail/new-zealand/otago/mount-judah-track,2025-01-10,,,,,1.0,,,,,,,,0,
OBS000818,NZ171,NZ171,https://www.alltrails.com/trail/new-zealand/otago/mount-judah-track,2025-01-11,,,1.0,,,,,,,,,,0,
OBS000819,NZ171,NZ171,https://www.alltrails.com/trail/new-zealand/otago/mount-judah-track,2025-01-23,,,1.0,,,,,,,,,,0,
OBS000820,NZ171,NZ171,https://www.alltrails.com/trail/new-zealand/otago/mount-judah-track,2025-02-24,,,1.0,,,,,,,,,,0,
OBS000821,NZ171,NZ171,https://www.alltrails.com/trail/new-zealand/otago/mount-judah-track,2025-03-01,,,1.0,,,,,,,,,,0,
OBS000822,NZ171,NZ171,https://www.alltrails.com/trail/new-zealand/otago/mount-judah-track,2025-03-01,,,1.0,,,,,,,,,,0,
OBS000823,NZ171,NZ171,https://www.alltrails.com/trail/new-zealand/otago/mount-judah-track,2025-03-27,,,1.0,,,,,,,,,,0,
OBS000824,NZ171,NZ171,https://www.alltrails.com/trail/new-zealand/otago/mount-judah-track,2025-04-20,,,1.0,,,,,,,,,,0,
OBS000825,NZ171,NZ171,https://www.alltrails.com/trail/new-zealand/otago/mount-judah-track,2025-05-25,,,1.0,,,,,,,,,,0,
OBS000826,NZ171,NZ171,https://www.alltrails.com/trail/new-zealand/otago/mount-judah-track,2025-06-14,,,1.0,,,,,,,,,,0,
OBS000827,NZ172,NZ172,https://www.alltrails.com/trail/new-zealand/otago/luggate-creek-track,2023-12-12,,,1.0,,,,,,,,,,0,
OBS000828,NZ172,NZ172,https://www.alltrails.com/trail/new-zealand/otago/luggate-creek-track,2024-03-03,,,1.0,,,,,,,,,,0,
OBS000829,NZ172,NZ172,https://www.alltrails.com/trail/new-zealand/otago/luggate-creek-track,2024-09-10,,,1.0,,,,,,,,,,0,
OBS000830,NZ172,NZ172,https://www.alltrails.com/trail/new-zealand/otago/luggate-creek-track,2025-01-15,,,1.0,,,,,,,,,,0,
OBS000831,NZ173,NZ173,https://www.alltrails.com/trail/new-zealand/southland/lake-gunn-nature-walk,2024-11-17,,,1.0,,,,,,,,,,0,
OBS000832,NZ173,NZ173,https://www.alltrails.com/trail/new-zealand/southland/lake-gunn-nature-walk,2024-12-28,,,1.0,,,,,,,,,,0,
OBS000833,NZ173,NZ173,https://www.alltrails.com/trail/new-zealand/southland/lake-gunn-nature-walk,2025-05-13,,,1.0,1.0,1.0,,,,,,,,0,
OBS000834,NZ173,NZ173,https://www.alltrails.com/trail/new-zealand/southland/lake-gunn-nature-walk,2025-05-26,,,1.0,,,,,,,,,,0,
OBS000835,NZ175,NZ175,https://www.alltrails.com/trail/new-zealand/canterbury/prebbleton-nature-park-walk,2022-11-21,,,1.0,,,,,,,,,,0,
OBS000836,NZ175,NZ175,https://www.alltrails.com/trail/new-zealand/canterbury/prebbleton-nature-park-walk,2025-09-23,,,1.0,,,,,,,,,,0,
OBS000837,NZ176,NZ176,https://www.alltrails.com/trail/new-zealand/auckland/arataki-nature-trail,2020-10-25,,,1.0,,,,,,,,,,0,
OBS000838,NZ176,NZ176,https://www.alltrails.com/trail/new-zealand/auckland/arataki-nature-trail,2020-12-26,,,1.0,,,,,,,,,,0,
OBS000839,NZ176,NZ176,https://www.alltrails.com/trail/new-zealand/auckland/arataki-nature-trail,2021-02-23,,,1.0,,,,,,,,,,0,
OBS000840,NZ176,NZ176,https://www.alltrails.com/trail/new-zealand/auckland/arataki-nature-trail,2021-09-09,,,1.0,,,,,,,,,,0,
OBS000841,NZ176,NZ176,https://www.alltrails.com/trail/new-zealand/auckland/arataki-nature-trail,2024-04-26,,,1.0,,,,,,,,,,0,
OBS000842,NZ176,NZ176,https://www.alltrails.com/trail/new-zealand/auckland/arataki-nature-trail,2024-08-03,,,1.0,,,,,,,,,,0,
OBS000843,NZ176,NZ176,https://www.alltrails.com/trail/new-zealand/auckland/arataki-nature-trail,2025-01-28,,,1.0,,,,,,,,,,0,
OBS000844,NZ176,NZ176,https://www.alltrails.com/trail/new-zealand/auckland/arataki-nature-trail,2025-02-02,,,1.0,,,,,,,,,,0,
OBS000845,NZ177,NZ177,https://www.alltrails.com/trail/new-zealand/auckland/kitekite-falls-via-winston-track,2022-06-19,,,1.0,,,,,,,,,,0,
OBS000846,NZ177,NZ177,https://www.alltrails.com/trail/new-zealand/auckland/kitekite-falls-via-winston-track,2025-01-12,,,1.0,,,,,,,,,,0,
OBS000847,NZ177,NZ177,https://www.alltrails.com/trail/new-zealand/auckland/kitekite-falls-via-winston-track,2025-01-18,,,1.0,,,,,,,,,,0,
OBS000848,NZ178,NZ178,https://www.alltrails.com/trail/new-zealand/auckland/exhibition-drive-pipeline-road-slip-beveridge-tracks-loop,2023-09-16,,,1.0,,,,,,,,,,0,
OBS000849,NZ179,NZ179,https://www.alltrails.com/trail/new-zealand/auckland/karekare-falls-walk,2024-04-08,,,1.0,,,,,,,,,,0,
OBS000850,NZ179,NZ179,https://www.alltrails.com/trail/new-zealand/auckland/karekare-falls-walk,2024-07-09,,,1.0,,,,,,,,,,0,
OBS000851,NZ179,NZ179,https://www.alltrails.com/trail/new-zealand/auckland/karekare-falls-walk,2025-03-12,,,1.0,,,,,,,,,,0,
OBS000852,NZ179,NZ179,https://www.alltrails.com/trail/new-zealand/auckland/karekare-falls-walk,2025-04-26,,,1.0,,,,,,,,,,0,
OBS000853,NZ181,NZ181,https://www.alltrails.com/trail/new-zealand/waikato/karangahake-windows-walk,2024-11-08,,,1.0,,,,,,,,,,0,
OBS000854,NZ181,NZ181,https://www.alltrails.com/trail/new-zealand/waikato/karangahake-windows-walk,2024-11-09,,,,0.0,,,,,,,,,0,
OBS000855,NZ181,NZ181,https://www.alltrails.com/trail/new-zealand/waikato/karangahake-windows-walk,2024-12-11,,,1.0,1.0,,,,,,,,,0,
OBS000856,NZ181,NZ181,https://www.alltrails.com/trail/new-zealand/waikato/karangahake-windows-walk,2024-12-16,,,1.0,,,,,,,,,,0,
OBS000857,NZ181,NZ181,https://www.alltrails.com/trail/new-zealand/waikato/karangahake-windows-walk,2024-12-27,,,1.0,,,,,,,,,,0,
OBS000858,NZ181,NZ181,https://www.alltrails.com/trail/new-zealand/waikato/karangahake-windows-walk,2025-02-03,,,1.0,,,,,,,,,,0,
OBS000859,NZ181,NZ181,https://www.alltrails.com/trail/new-zealand/waikato/karangahake-windows-walk,2025-02-12,,,1.0,,,,,,,,,,0,
OBS000860,NZ181,NZ181,https://www.alltrails.com/trail/new-zealand/waikato/karangahake-windows-walk,2025-02-15,,,1.0,,,,,,,,,,0,
OBS000861,NZ181,NZ181,https://www.alltrails.com/trail/new-zealand/waikato/karangahake-windows-walk,2025-02-20,,,1.0,,,,,,,,,,0,
OBS000862,NZ181,NZ181,https://www.alltrails.com/trail/new-zealand/waikato/karangahake-windows-walk,2025-03-01,,,1.0,0.0,,,,,,,,,0,
OBS000863,NZ181,NZ181,https://www.alltrails.com/trail/new-zealand/waikato/karangahake-windows-walk,2025-03-30,,,1.0,,,,,,,,,,0,
OBS000864,NZ181,NZ181,https://www.alltrails.com/trail/new-zealand/waikato/karangahake-windows-walk,2025-05-10,,,,0.0,,,,,,,,,0,
OBS000865,NZ181,NZ181,https://www.alltrails.com/trail/new-zealand/waikato/karangahake-windows-walk,2025-05-20,,,,0.0,,,,,,,,,0,
OBS000866,NZ182,NZ182,https://www.alltrails.com/trail/new-zealand/waikato/long-bay-kauri-walk,2024-10-08,,,1.0,,,,,,,,,,0,
OBS000867,NZ182,NZ182,https://www.alltrails.com/trail/new-zealand/waikato/long-bay-kauri-walk,2024-10-16,,,1.0,,,,,,,,,,0,
OBS000868,NZ182,NZ182,https://www.alltrails.com/trail/new-zealand/waikato/long-bay-kauri-walk,2024-10-29,,,1.0,,,,,,,,,,0,
OBS000869,NZ182,NZ182,https://www.alltrails.com/trail/new-zealand/waikato/long-bay-kauri-walk,2024-11-09,,,1.0,,,,,,,,,,0,
OBS000870,NZ182,NZ182,https://www.alltrails.com/trail/new-zealand/waikato/long-bay-kauri-walk,2025-03-23,,,1.0,0.0,,,,,,,,,0,
OBS000871,NZ182,NZ182,https://www.alltrails.com/trail/new-zealand/waikato/long-bay-kauri-walk,2025-03-24,,,1.0,0.0,,,,,,,,,0,
OBS000872,NZ182,NZ182,https://www.alltrails.com/trail/new-zealand/waikato/long-bay-kauri-walk,2025-03-24,,,1.0,,,,,,,,,,0,
OBS000873,NZ182,NZ182,https://www.alltrails.com/trail/new-zealand/waikato/long-bay-kauri-walk,2025-03-30,,,1.0,,,,,,,,,,0,
OBS000874,NZ182,NZ182,https://www.alltrails.com/trail/new-zealand/waikato/long-bay-kauri-walk,2025-04-01,,,1.0,,,,,,,,,,0,
OBS000875,NZ182,NZ182,https://www.alltrails.com/trail/new-zealand/waikato/long-bay-kauri-walk,2025-04-20,,,1.0,,,,,,,,,,0,
OBS000876,NZ184,NZ184,https://www.alltrails.com/trail/new-zealand/waikato/low-level-loop,2025-06-08,,,1.0,,,,,,,,,,0,
OBS000877,NZ185,NZ185,https://www.alltrails.com/trail/new-zealand/waikato/waiomu-kauri-grove-walk,2024-01-13,,,1.0,,,,,,,,,,0,
OBS000878,NZ185,NZ185,https://www.alltrails.com/trail/new-zealand/waikato/waiomu-kauri-grove-walk,2024-06-03,,,1.0,,,,,,,,,,0,
OBS000879,NZ185,NZ185,https://www.alltrails.com/trail/new-zealand/waikato/waiomu-kauri-grove-walk,2024-07-09,,,,,0.0,,,,,,,,0,
OBS000880,NZ185,NZ185,https://www.alltrails.com/trail/new-zealand/waikato/waiomu-kauri-grove-walk,2024-08-13,,,1.0,,,,,,,,,,0,
OBS000881,NZ185,NZ185,https://www.alltrails.com/trail/new-zealand/waikato/waiomu-kauri-grove-walk,2024-10-12,,,1.0,,,,,,,,,,0,
OBS000882,NZ185,NZ185,https://www.alltrails.com/trail/new-zealand/waikato/waiomu-kauri-grove-walk,2024-10-26,,,1.0,,,,,,,,,,0,
OBS000883,NZ185,NZ185,https://www.alltrails.com/trail/new-zealand/waikato/waiomu-kauri-grove-walk,2024-10-29,,,1.0,,,,,,,,,,0,
OBS000884,NZ185,NZ185,https://www.alltrails.com/trail/new-zealand/waikato/waiomu-kauri-grove-walk,2024-11-11,,,1.0,,,,,,,,,,0,
OBS000885,NZ185,NZ185,https://www.alltrails.com/trail/new-zealand/waikato/waiomu-kauri-grove-walk,2024-12-01,,,1.0,,,,,,,,,,0,
OBS000886,NZ185,NZ185,https://www.alltrails.com/trail/new-zealand/waikato/waiomu-kauri-grove-walk,2025-01-04,,,1.0,,,,,,,,,,0,
OBS000887,NZ185,NZ185,https://www.alltrails.com/trail/new-zealand/waikato/waiomu-kauri-grove-walk,2025-02-02,,,1.0,0.0,,,,,,,,,0,
OBS000888,NZ185,NZ185,https://www.alltrails.com/trail/new-zealand/waikato/waiomu-kauri-grove-walk,2025-02-13,,,1.0,,,,,,,,,,0,
OBS000889,NZ185,NZ185,https://www.alltrails.com/trail/new-zealand/waikato/waiomu-kauri-grove-walk,2025-03-14,,,1.0,,,,,,,,,,0,
OBS000890,NZ185,NZ185,https://www.alltrails.com/trail/new-zealand/waikato/waiomu-kauri-grove-walk,2025-03-21,,,1.0,,,,,,,,,,0,
OBS000891,NZ185,NZ185,https://www.alltrails.com/trail/new-zealand/waikato/waiomu-kauri-grove-walk,2025-03-23,,,1.0,,,,,,,,,,0,
OBS000892,NZ185,NZ185,https://www.alltrails.com/trail/new-zealand/waikato/waiomu-kauri-grove-walk,2025-03-27,,,1.0,,,,,,,,,,0,
OBS000893,NZ185,NZ185,https://www.alltrails.com/trail/new-zealand/waikato/waiomu-kauri-grove-walk,2025-05-02,,,1.0,,1.0,,,,,,,,0,
OBS000894,NZ188,NZ188,https://www.alltrails.com/trail/new-zealand/bay-of-plenty/kopurererua-valley-reserve-loop,2024-08-03,,,1.0,,,,,,,,,,0,
OBS000895,NZ188,NZ188,https://www.alltrails.com/trail/new-zealand/bay-of-plenty/kopurererua-valley-reserve-loop,2024-09-20,,,1.0,,,,,,,,,,0,
OBS000896,NZ188,NZ188,https://www.alltrails.com/trail/new-zealand/bay-of-plenty/kopurererua-valley-reserve-loop,2024-12-19,,,1.0,1.0,,,,,,,,,0,
OBS000897,NZ189,NZ189,https://www.alltrails.com/trail/new-zealand/bay-of-plenty/aongatete-long-loop-and-waterhole-track,2023-10-17,,,1.0,,,,,,,,,,0,
OBS000898,NZ189,NZ189,https://www.alltrails.com/trail/new-zealand/bay-of-plenty/aongatete-long-loop-and-waterhole-track,2024-06-07,,,1.0,,,,,,,,,,0,
OBS000899,NZ189,NZ189,https://www.alltrails.com/trail/new-zealand/bay-of-plenty/aongatete-long-loop-and-waterhole-track,2024-09-05,,,1.0,,,,,,,,,,0,
OBS000900,NZ189,NZ189,https://www.alltrails.com/trail/new-zealand/bay-of-plenty/aongatete-long-loop-and-waterhole-track,2024-10-19,,,1.0,,,,,,,,,,0,
OBS000901,NZ189,NZ189,https://www.alltrails.com/trail/new-zealand/bay-of-plenty/aongatete-long-loop-and-waterhole-track,2024-11-02,,,1.0,,,,,,,,,,0,
OBS000902,NZ189,NZ189,https://www.alltrails.com/trail/new-zealand/bay-of-plenty/aongatete-long-loop-and-waterhole-track,2025-02-07,,,1.0,,,,,,,,,,0,
OBS000903,NZ189,NZ189,https://www.alltrails.com/trail/new-zealand/bay-of-plenty/aongatete-long-loop-and-waterhole-track,2025-04-11,,,1.0,,,,,,,,,,0,
OBS000904,NZ191,NZ191,https://www.alltrails.com/trail/new-zealand/hawke-s-bay/lake-waikaremoana-onepoto-to-panekire-hut,2024-10-31,,,1.0,0.0,,,,,,,,,0,
OBS000905,NZ191,NZ191,https://www.alltrails.com/trail/new-zealand/hawke-s-bay/lake-waikaremoana-onepoto-to-panekire-hut,2024-12-15,,,1.0,,,,,,,,,,0,
OBS000906,NZ191,NZ191,https://www.alltrails.com/trail/new-zealand/hawke-s-bay/lake-waikaremoana-onepoto-to-panekire-hut,2025-01-02,,,1.0,,,,,,,,,,0,
OBS000907,NZ191,NZ191,https://www.alltrails.com/trail/new-zealand/hawke-s-bay/lake-waikaremoana-onepoto-to-panekire-hut,2025-01-31,,,1.0,,,,,,,,,,0,
OBS000908,NZ191,NZ191,https://www.alltrails.com/trail/new-zealand/hawke-s-bay/lake-waikaremoana-onepoto-to-panekire-hut,2025-02-07,,,,,1.0,,,,,,,,0,
OBS000909,NZ191,NZ191,https://www.alltrails.com/trail/new-zealand/hawke-s-bay/lake-waikaremoana-onepoto-to-panekire-hut,2025-03-07,,,1.0,,,,,,,,,,0,
OBS000910,NZ191,NZ191,https://www.alltrails.com/trail/new-zealand/hawke-s-bay/lake-waikaremoana-onepoto-to-panekire-hut,2025-03-26,,,,,1.0,,,,,,,,0,
OBS000911,NZ191,NZ191,https://www.alltrails.com/trail/new-zealand/hawke-s-bay/lake-waikaremoana-onepoto-to-panekire-hut,2025-04-24,,,1.0,0.0,1.0,,,,,,,,0,
OBS000912,NZ191,NZ191,https://www.alltrails.com/trail/new-zealand/hawke-s-bay/lake-waikaremoana-onepoto-to-panekire-hut,2025-05-29,,,1.0,,,,,,,,,,0,
OBS000913,NZ194,NZ194,https://www.alltrails.com/trail/new-zealand/hawke-s-bay/lake-waikaremoana-marauiti-hut-to-hopuruahine-landing,2022-11-30,,,,1.0,1.0,,,,,,,,0,
OBS000914,NZ194,NZ194,https://www.alltrails.com/trail/new-zealand/hawke-s-bay/lake-waikaremoana-marauiti-hut-to-hopuruahine-landing,2024-10-28,,,1.0,,,,,,,,,,0,
OBS000915,NZ194,NZ194,https://www.alltrails.com/trail/new-zealand/hawke-s-bay/lake-waikaremoana-marauiti-hut-to-hopuruahine-landing,2025-03-08,,,1.0,,1.0,,,,,,,,0,
OBS000916,NZ195,NZ195,https://www.alltrails.com/trail/new-zealand/hawke-s-bay/ahuriri-estuary-walking-track,2023-07-18,,,1.0,,,,,,,,,,0,
OBS000917,NZ195,NZ195,https://www.alltrails.com/trail/new-zealand/hawke-s-bay/ahuriri-estuary-walking-track,2024-12-09,,,1.0,,,,,,,,,,0,
OBS000918,NZ195,NZ195,https://www.alltrails.com/trail/new-zealand/hawke-s-bay/ahuriri-estuary-walking-track,2025-01-10,,,1.0,,,,,,,,,,0,
OBS000919,NZ195,NZ195,https://www.alltrails.com/trail/new-zealand/hawke-s-bay/ahuriri-estuary-walking-track,2025-01-24,,,1.0,,,,,,,,,,0,
OBS000920,NZ195,NZ195,https://www.alltrails.com/trail/new-zealand/hawke-s-bay/ahuriri-estuary-walking-track,2025-01-28,,,1.0,,,,,,,,,,0,
OBS000921,NZ196,NZ196,https://www.alltrails.com/trail/new-zealand/hawke-s-bay/kaweka-forest-studholm-saddle-hut,2020-07-10,,,,,,1.0,,,,,,,0,
OBS000922,NZ196,NZ196,https://www.alltrails.com/trail/new-zealand/hawke-s-bay/kaweka-forest-studholm-saddle-hut,2022-11-23,,,1.0,,,,,,,,,,0,
OBS000923,NZ197,NZ197,https://www.alltrails.com/trail/new-zealand/manawatu-wanganui/pahiatua-track,2024-09-18,,,,,1.0,,,,,,,,0,
OBS000924,NZ198,NZ198,https://www.alltrails.com/trail/new-zealand/manawatu-wanganui/round-the-mountain-track-whakapapaiti-hut-to-whakapapa-village,2024-05-30,,,,,,1.0,,,,,,,0,
OBS000925,NZ198,NZ198,https://www.alltrails.com/trail/new-zealand/manawatu-wanganui/round-the-mountain-track-whakapapaiti-hut-to-whakapapa-village,2024-09-27,,,,,1.0,,,,,,,,0,
OBS000926,NZ199,NZ199,https://www.alltrails.com/trail/new-zealand/manawatu-wanganui/ohakune-lakes-reserve-loop,2024-09-24,,,1.0,,,,,,,,,,0,
OBS000927,NZ199,NZ199,https://www.alltrails.com/trail/new-zealand/manawatu-wanganui/ohakune-lakes-reserve-loop,2025-01-14,,,1.0,,,,,,,,,,0,
OBS000928,NZ199,NZ199,https://www.alltrails.com/trail/new-zealand/manawatu-wanganui/ohakune-lakes-reserve-loop,2025-01-18,,,1.0,,,,,,,,,,0,
OBS000929,NZ199,NZ199,https://www.alltrails.com/trail/new-zealand/manawatu-wanganui/ohakune-lakes-reserve-loop,2025-06-17,,,1.0,,,,,,,,,,0,
OBS000930,NZ200,NZ200,https://www.alltrails.com/trail/new-zealand/manawatu-wanganui/upokongaro-bridge-and-whanganui-river-walk,2024-10-12,,,1.0,,,,,,,,,,0,
OBS000931,NZ200,NZ200,https://www.alltrails.com/trail/new-zealand/manawatu-wanganui/upokongaro-bridge-and-whanganui-river-walk,2025-02-06,,,1.0,,,,,,,,,,0,
OBS000932,NZ202,NZ202,https://www.alltrails.com/trail/new-zealand/wellington/atiwhakatu-hut-track,2021-05-08,,,1.0,,,,,,,,,,0,
OBS000933,NZ202,NZ202,https://www.alltrails.com/trail/new-zealand/wellington/atiwhakatu-hut-track,2023-01-05,,,1.0,,1.0,,,,,,,,0,
OBS000934,NZ202,NZ202,https://www.alltrails.com/trail/new-zealand/wellington/atiwhakatu-hut-track,2023-01-17,,,1.0,,,,,,,,,,0,
OBS000935,NZ202,NZ202,https://www.alltrails.com/trail/new-zealand/wellington/atiwhakatu-hut-track,2023-08-26,,,1.0,,,,,,,,,,0,
OBS000936,NZ202,NZ202,https://www.alltrails.com/trail/new-zealand/wellington/atiwhakatu-hut-track,2024-03-18,,,1.0,,1.0,,,,,,,,0,
OBS000937,NZ202,NZ202,https://www.alltrails.com/trail/new-zealand/wellington/atiwhakatu-hut-track,2025-01-12,,,1.0,,1.0,,,,,,,,0,
OBS000938,NZ202,NZ202,https://www.alltrails.com/trail/new-zealand/wellington/atiwhakatu-hut-track,2025-01-25,,,1.0,,,,,,,,,,0,
OBS000939,NZ202,NZ202,https://www.alltrails.com/trail/new-zealand/wellington/atiwhakatu-hut-track,2025-02-05,,,1.0,,,,,,,,,,0,
OBS000940,NZ202,NZ202,https://www.alltrails.com/trail/new-zealand/wellington/atiwhakatu-hut-track,2025-05-07,,,1.0,,,,,,,,,,0,
OBS000941,NZ203,NZ203,https://www.alltrails.com/trail/new-zealand/canterbury/south-bay-track,2021-03-09,,,1.0,,,,,,,,,,0,
OBS000942,NZ203,NZ203,https://www.alltrails.com/trail/new-zealand/canterbury/south-bay-track,2023-03-11,,,1.0,,,,,,,,,,0,
OBS000943,NZ203,NZ203,https://www.alltrails.com/trail/new-zealand/canterbury/south-bay-track,2025-01-10,,,1.0,,,,,,,,,,0,
OBS000944,NZ203,NZ203,https://www.alltrails.com/trail/new-zealand/canterbury/south-bay-track,2025-01-22,,,1.0,,,,,,,,,,0,
OBS000945,NZ204,NZ204,https://www.alltrails.com/trail/new-zealand/wellington/cattle-ridge-track,2022-09-24,,,1.0,,,,,,,,,,0,
OBS000946,NZ204,NZ204,https://www.alltrails.com/trail/new-zealand/wellington/cattle-ridge-track,2024-12-31,,,1.0,,,,,,,,,,0,
OBS000947,NZ205,NZ205,https://www.alltrails.com/trail/new-zealand/wellington/colonial-knob-walk,2022-03-22,,,1.0,,,,,,,,,,0,
OBS000948,NZ205,NZ205,https://www.alltrails.com/trail/new-zealand/wellington/colonial-knob-walk,2022-06-05,,,1.0,,,,,,,,,,0,
OBS000949,NZ205,NZ205,https://www.alltrails.com/trail/new-zealand/wellington/colonial-knob-walk,2022-06-16,,,,,1.0,,,,,,,,0,
OBS000950,NZ205,NZ205,https://www.alltrails.com/trail/new-zealand/wellington/colonial-knob-walk,2022-08-03,,,,,1.0,,,,,,,,0,
OBS000951,NZ205,NZ205,https://www.alltrails.com/trail/new-zealand/wellington/colonial-knob-walk,2023-03-02,,,1.0,,,,,,,,,,0,
OBS000952,NZ205,NZ205,https://www.alltrails.com/trail/new-zealand/wellington/colonial-knob-walk,2024-04-13,,,1.0,,,,,,,,,,0,
OBS000953,NZ205,NZ205,https://www.alltrails.com/trail/new-zealand/wellington/colonial-knob-walk,2024-06-02,,,1.0,,,,,,,,,,0,
OBS000954,NZ205,NZ205,https://www.alltrails.com/trail/new-zealand/wellington/colonial-knob-walk,2024-09-01,,,1.0,,,,,,,,,,0,
OBS000955,NZ205,NZ205,https://www.alltrails.com/trail/new-zealand/wellington/colonial-knob-walk,2024-11-17,,,1.0,,,,,,,,,,0,
OBS000956,NZ205,NZ205,https://www.alltrails.com/trail/new-zealand/wellington/colonial-knob-walk,2024-12-20,,,1.0,0.0,,,,,,,,,0,
OBS000957,NZ205,NZ205,https://www.alltrails.com/trail/new-zealand/wellington/colonial-knob-walk,2025-01-11,,,1.0,,,,,,,,,,0,
OBS000958,NZ205,NZ205,https://www.alltrails.com/trail/new-zealand/wellington/colonial-knob-walk,2025-01-23,,,1.0,,,,,,,,,,0,
OBS000959,NZ205,NZ205,https://www.alltrails.com/trail/new-zealand/wellington/colonial-knob-walk,2025-06-08,,,1.0,,,,,,,,,,0,
OBS000960,NZ206,NZ206,https://www.alltrails.com/trail/new-zealand/wellington/otari-wiltons-bush-circular-walk,2023-04-21,,,1.0,,,,,,,,,,0,
OBS000961,NZ206,NZ206,https://www.alltrails.com/trail/new-zealand/wellington/otari-wiltons-bush-circular-walk,2025-05-17,,,1.0,,,,,,,,,,0,
OBS000962,NZ206,NZ206,https://www.alltrails.com/trail/new-zealand/wellington/otari-wiltons-bush-circular-walk,2025-06-02,,,1.0,,,,,,,,,,0,
OBS000963,NZ207,NZ207,https://www.alltrails.com/trail/new-zealand/canterbury/dog-stream-waterfall-via-waterfall-track,2023-12-23,,,1.0,,,,,,,,,,0,
OBS000964,NZ207,NZ207,https://www.alltrails.com/trail/new-zealand/canterbury/dog-stream-waterfall-via-waterfall-track,2024-04-07,,,1.0,,,,,,,,,,0,
OBS000965,NZ207,NZ207,https://www.alltrails.com/trail/new-zealand/canterbury/dog-stream-waterfall-via-waterfall-track,2024-11-06,,,1.0,,,,,,,,,,0,
OBS000966,NZ207,NZ207,https://www.alltrails.com/trail/new-zealand/canterbury/dog-stream-waterfall-via-waterfall-track,2024-11-14,,,1.0,,,,,,,,,,0,
OBS000967,NZ207,NZ207,https://www.alltrails.com/trail/new-zealand/canterbury/dog-stream-waterfall-via-waterfall-track,2024-12-20,,,1.0,,,,,,,,,,0,
OBS000968,NZ207,NZ207,https://www.alltrails.com/trail/new-zealand/canterbury/dog-stream-waterfall-via-waterfall-track,2024-12-27,,,1.0,0.0,,,,,,,,,0,
OBS000969,NZ207,NZ207,https://www.alltrails.com/trail/new-zealand/canterbury/dog-stream-waterfall-via-waterfall-track,2025-01-30,,,0.0,,,,,,,,,,0,
OBS000970,NZ207,NZ207,https://www.alltrails.com/trail/new-zealand/canterbury/dog-stream-waterfall-via-waterfall-track,2025-02-04,,,1.0,,,,,,,,,,0,
OBS000971,NZ207,NZ207,https://www.alltrails.com/trail/new-zealand/canterbury/dog-stream-waterfall-via-waterfall-track,2025-03-10,,,1.0,,,,,,,,,,0,
OBS000972,NZ207,NZ207,https://www.alltrails.com/trail/new-zealand/canterbury/dog-stream-waterfall-via-waterfall-track,2025-04-26,,,,,1.0,,,,,,,,0,
OBS000973,NZ208,NZ208,https://www.alltrails.com/trail/new-zealand/wellington/whakanui-track,2022-01-06,,,1.0,,,,,,,,,,0,
OBS000974,NZ208,NZ208,https://www.alltrails.com/trail/new-zealand/wellington/whakanui-track,2024-12-27,,,1.0,,,,,,,,,,0,
OBS000975,NZ208,NZ208,https://www.alltrails.com/trail/new-zealand/wellington/whakanui-track,2025-03-08,,,,0.0,,,,,,,,,0,
OBS000976,NZ209,NZ209,https://www.alltrails.com/trail/new-zealand/canterbury/mount-fyffe-summit-via-mt-fyffe-hut,2024-05-07,,,,,,1.0,1.0,,,,,,0,
OBS000977,NZ209,NZ209,https://www.alltrails.com/trail/new-zealand/canterbury/mount-fyffe-summit-via-mt-fyffe-hut,2024-08-05,,,,,,1.0,0.0,,,,,,0,
OBS000978,NZ209,NZ209,https://www.alltrails.com/trail/new-zealand/canterbury/mount-fyffe-summit-via-mt-fyffe-hut,2024-08-29,,,1.0,,,,,,,,,,0,
OBS000979,NZ209,NZ209,https://www.alltrails.com/trail/new-zealand/canterbury/mount-fyffe-summit-via-mt-fyffe-hut,2024-10-18,,,1.0,,,1.0,,,,,,,0,
OBS000980,NZ209,NZ209,https://www.alltrails.com/trail/new-zealand/canterbury/mount-fyffe-summit-via-mt-fyffe-hut,2024-10-19,,,1.0,,,1.0,,,,,,,0,
OBS000981,NZ209,NZ209,https://www.alltrails.com/trail/new-zealand/canterbury/mount-fyffe-summit-via-mt-fyffe-hut,2024-10-26,,,1.0,,,0.0,,,,,,,0,
OBS000982,NZ209,NZ209,https://www.alltrails.com/trail/new-zealand/canterbury/mount-fyffe-summit-via-mt-fyffe-hut,2025-02-22,,,1.0,,,,,,,,,,0,
OBS000983,NZ209,NZ209,https://www.alltrails.com/trail/new-zealand/canterbury/mount-fyffe-summit-via-mt-fyffe-hut,2025-03-26,,,1.0,,,,,,,,,,0,
OBS000984,NZ209,NZ209,https://www.alltrails.com/trail/new-zealand/canterbury/mount-fyffe-summit-via-mt-fyffe-hut,2025-04-21,,,1.0,,,,,,,,,,0,
OBS000985,NZ209,NZ209,https://www.alltrails.com/trail/new-zealand/canterbury/mount-fyffe-summit-via-mt-fyffe-hut,2025-05-24,,,1.0,,,,,,,,,,0,
OBS000986,NZ209,NZ209,https://www.alltrails.com/trail/new-zealand/canterbury/mount-fyffe-summit-via-mt-fyffe-hut,2025-05-24,,,1.0,,,,,,,,,,0,
OBS000987,NZ210,NZ210,https://www.alltrails.com/trail/new-zealand/canterbury/curry-track,2022-11-11,,,1.0,,,,,,,,,,0,
OBS000988,NZ210,NZ210,https://www.alltrails.com/trail/new-zealand/canterbury/curry-track,2024-10-08,,,1.0,,,,,,,,,,0,
OBS000989,NZ210,NZ210,https://www.alltrails.com/trail/new-zealand/canterbury/curry-track,2025-02-01,,,1.0,,,,,,,,,,0,
OBS000990,NZ211,NZ211,https://www.alltrails.com/trail/new-zealand/canterbury/leith-hill-loop-track,2022-06-05,,,,,1.0,,,,,,,,0,
OBS000991,NZ211,NZ211,https://www.alltrails.com/trail/new-zealand/canterbury/leith-hill-loop-track,2022-11-12,,,1.0,,,,,,,,,,0,
OBS000992,NZ211,NZ211,https://www.alltrails.com/trail/new-zealand/canterbury/leith-hill-loop-track,2023-02-18,,,1.0,,,,,,,,,,0,
OBS000993,NZ211,NZ211,https://www.alltrails.com/trail/new-zealand/canterbury/leith-hill-loop-track,2023-09-04,,,1.0,,,,,,,,,,0,
OBS000994,NZ211,NZ211,https://www.alltrails.com/trail/new-zealand/canterbury/leith-hill-loop-track,2025-01-12,,,1.0,,,,,,,,,,0,
OBS000995,NZ211,NZ211,https://www.alltrails.com/trail/new-zealand/canterbury/leith-hill-loop-track,2025-01-18,,,,,1.0,1.0,1.0,,,,,,0,
OBS000996,NZ211,NZ211,https://www.alltrails.com/trail/new-zealand/canterbury/leith-hill-loop-track,2025-04-12,,,1.0,,,,,,,,,,0,
OBS000997,NZ211,NZ211,https://www.alltrails.com/trail/new-zealand/canterbury/leith-hill-loop-track,2025-06-14,,,1.0,,,,,,,,,,0,
OBS000998,NZ212,NZ212,https://www.alltrails.com/trail/new-zealand/canterbury/dusky-trail-to-darts-bush-upper-fraser-stream-junction,2022-10-17,,,,,1.0,,,,,,,,0,
OBS000999,NZ212,NZ212,https://www.alltrails.com/trail/new-zealand/canterbury/dusky-trail-to-darts-bush-upper-fraser-stream-junction,2024-07-12,,,1.0,,,,,,,,,,0,
OBS001000,NZ213,NZ213,https://www.alltrails.com/trail/new-zealand/canterbury/crater-rim-walkway-sign-of-the-kiwi-to-lyttleton-via-stan-helms-trail,2025-03-01,,,1.0,,,,,,,,,,0,
OBS001001,NZ214,NZ214,https://www.alltrails.com/trail/new-zealand/canterbury/mount-hutt-forest-loop-track,2023-01-09,,,1.0,1.0,1.0,,,,,,,,0,
OBS001002,NZ214,NZ214,https://www.alltrails.com/trail/new-zealand/canterbury/mount-hutt-forest-loop-track,2023-05-11,,,1.0,,1.0,,,,,,,,0,
OBS001003,NZ214,NZ214,https://www.alltrails.com/trail/new-zealand/canterbury/mount-hutt-forest-loop-track,2023-09-06,,,1.0,1.0,1.0,,,,,,,,0,
OBS001004,NZ214,NZ214,https://www.alltrails.com/trail/new-zealand/canterbury/mount-hutt-forest-loop-track,2024-10-28,,,,,1.0,,,,,,,,0,
OBS001005,NZ214,NZ214,https://www.alltrails.com/trail/new-zealand/canterbury/mount-hutt-forest-loop-track,2025-02-18,,,,,1.0,,,,,,,,0,
OBS001006,NZ215,NZ215,https://www.alltrails.com/trail/new-zealand/canterbury/bridal-veil-falls-lookout-walk,2022-12-13,,,1.0,,,,,,,,,,0,
OBS001007,NZ215,NZ215,https://www.alltrails.com/trail/new-zealand/canterbury/bridal-veil-falls-lookout-walk,2023-01-01,,,1.0,,,,,,,,,,0,
OBS001008,NZ215,NZ215,https://www.alltrails.com/trail/new-zealand/canterbury/bridal-veil-falls-lookout-walk,2023-10-07,,,1.0,,,,,,,,,,0,
OBS001009,NZ215,NZ215,https://www.alltrails.com/trail/new-zealand/canterbury/bridal-veil-falls-lookout-walk,2024-11-10,,,1.0,0.0,,,,,,,,,0,
OBS001010,NZ215,NZ215,https://www.alltrails.com/trail/new-zealand/canterbury/bridal-veil-falls-lookout-walk,2025-01-24,,,1.0,,,,,,,,,,0,
OBS001011,NZ215,NZ215,https://www.alltrails.com/trail/new-zealand/canterbury/bridal-veil-falls-lookout-walk,2025-01-29,,,1.0,,,,,,,,,,0,
OBS001012,NZ215,NZ215,https://www.alltrails.com/trail/new-zealand/canterbury/bridal-veil-falls-lookout-walk,2025-02-15,,,1.0,,,,,,,,,,0,
OBS001013,NZ215,NZ215,https://www.alltrails.com/trail/new-zealand/canterbury/bridal-veil-falls-lookout-walk,2025-03-30,,,1.0,,,,,,,,,,0,
OBS001014,NZ216,NZ216,https://www.alltrails.com/trail/new-zealand/canterbury/hawdon-shelter-campsite-to-hawdon-hut,2022-12-26,,,1.0,1.0,,,,,,,,,0,
OBS001015,NZ216,NZ216,https://www.alltrails.com/trail/new-zealand/canterbury/hawdon-shelter-campsite-to-hawdon-hut,2023-01-11,,,,1.0,,,,,,,,,0,
OBS001016,NZ216,NZ216,https://www.alltrails.com/trail/new-zealand/canterbury/hawdon-shelter-campsite-to-hawdon-hut,2024-04-06,,,1.0,,,,,,,,,,0,
OBS001017,NZ216,NZ216,https://www.alltrails.com/trail/new-zealand/canterbury/hawdon-shelter-campsite-to-hawdon-hut,2025-04-05,,,1.0,,,,,,,,,,0,
OBS001018,NZ217,NZ217,https://www.alltrails.com/trail/new-zealand/canterbury/cave-stream-loop-track,2024-01-19,,,1.0,,,,,,,,,,0,
OBS001019,NZ217,NZ217,https://www.alltrails.com/trail/new-zealand/canterbury/cave-stream-loop-track,2024-04-21,,,1.0,,,,,,,,,,0,
OBS001020,NZ217,NZ217,https://www.alltrails.com/trail/new-zealand/canterbury/cave-stream-loop-track,2024-05-23,,,1.0,,,,1.0,,,,,,0,
OBS001021,NZ217,NZ217,https://www.alltrails.com/trail/new-zealand/canterbury/cave-stream-loop-track,2024-06-21,,,1.0,,,,,,,,,,0,
OBS001022,NZ217,NZ217,https://www.alltrails.com/trail/new-zealand/canterbury/cave-stream-loop-track,2024-11-06,,,1.0,,,,,,,,,,0,
OBS001023,NZ217,NZ217,https://www.alltrails.com/trail/new-zealand/canterbury/cave-stream-loop-track,2024-11-14,,,1.0,,,,,,,,,,0,
OBS001024,NZ217,NZ217,https://www.alltrails.com/trail/new-zealand/canterbury/cave-stream-loop-track,2024-12-21,,,1.0,,,,,,,,,,0,
OBS001025,NZ217,NZ217,https://www.alltrails.com/trail/new-zealand/canterbury/cave-stream-loop-track,2025-01-01,,,1.0,,,,,,,,,,0,
OBS001026,NZ217,NZ217,https://www.alltrails.com/trail/new-zealand/canterbury/cave-stream-loop-track,2025-03-24,,,1.0,,,,,,,,,,0,
OBS001027,NZ217,NZ217,https://www.alltrails.com/trail/new-zealand/canterbury/cave-stream-loop-track,2025-05-02,,,1.0,,,,,,,,,,0,
OBS001028,NZ218,NZ218,https://www.alltrails.com/trail/new-zealand/canterbury/lees-valley-road-track,2024-07-13,,,1.0,,,,,,,,,,0,
OBS001029,NZ218,NZ218,https://www.alltrails.com/trail/new-zealand/canterbury/lees-valley-road-track,2024-11-22,,,1.0,,,,,,,,,,0,
OBS001030,NZ219,NZ219,https://www.alltrails.com/trail/new-zealand/auckland/mount-vernon-farm-and-valley-track-loop,2025-04-20,,,,,1.0,,,,,,,,0,
OBS001031,NZ219,NZ219,https://www.alltrails.com/trail/new-zealand/auckland/mount-vernon-farm-and-valley-track-loop,2025-04-26,,,1.0,,,,,,,,,,0,
OBS001032,NZ219,NZ219,https://www.alltrails.com/trail/new-zealand/auckland/mount-vernon-farm-and-valley-track-loop,2025-04-27,,,1.0,,,,,,,,,,0,
OBS001033,NZ219,NZ219,https://www.alltrails.com/trail/new-zealand/auckland/mount-vernon-farm-and-valley-track-loop,2025-05-05,,,1.0,,,,,,,,,,0,
OBS001034,NZ219,NZ219,https://www.alltrails.com/trail/new-zealand/auckland/mount-vernon-farm-and-valley-track-loop,2025-05-16,,,1.0,,,,,,,,,,0,
OBS001035,NZ220,NZ220,https://www.alltrails.com/trail/new-zealand/canterbury/mount-somers-track-jig-rd-sharplin-falls,2022-02-10,,,1.0,,,,,,,,,,0,
OBS001036,NZ221,NZ221,https://www.alltrails.com/trail/new-zealand/canterbury/lake-clearwater-circuit-track,2020-07-03,,,,,1.0,,,,,,,,0,
OBS001037,NZ221,NZ221,https://www.alltrails.com/trail/new-zealand/canterbury/lake-clearwater-circuit-track,2020-09-15,,,,,,,1.0,,,,,,0,
OBS001038,NZ221,NZ221,https://www.alltrails.com/trail/new-zealand/canterbury/lake-clearwater-circuit-track,2022-06-25,,,1.0,,,,,,,,,,0,
OBS001039,NZ221,NZ221,https://www.alltrails.com/trail/new-zealand/canterbury/lake-clearwater-circuit-track,2022-09-03,,,1.0,,,,,,,,,,0,
OBS001040,NZ221,NZ221,https://www.alltrails.com/trail/new-zealand/canterbury/lake-clearwater-circuit-track,2022-09-17,,,1.0,,,,,,,,,,0,
OBS001041,NZ221,NZ221,https://www.alltrails.com/trail/new-zealand/canterbury/lake-clearwater-circuit-track,2022-10-10,,,1.0,,,,,,,,,,0,
OBS001042,NZ221,NZ221,https://www.alltrails.com/trail/new-zealand/canterbury/lake-clearwater-circuit-track,2024-07-28,,,1.0,,,,,,,,,,0,
OBS001043,NZ221,NZ221,https://www.alltrails.com/trail/new-zealand/canterbury/lake-clearwater-circuit-track,2024-08-07,,,1.0,,,,,,,,,,0,
OBS001044,NZ221,NZ221,https://www.alltrails.com/trail/new-zealand/canterbury/lake-clearwater-circuit-track,2024-10-14,,,1.0,,,,,,,,,,0,
OBS001045,NZ221,NZ221,https://www.alltrails.com/trail/new-zealand/canterbury/lake-clearwater-circuit-track,2025-01-29,,,1.0,,,,,,,,,,0,
OBS001046,NZ221,NZ221,https://www.alltrails.com/trail/new-zealand/canterbury/lake-clearwater-circuit-track,2025-02-09,,,1.0,,,,,,,,,,0,
OBS001047,NZ221,NZ221,https://www.alltrails.com/trail/new-zealand/canterbury/lake-clearwater-circuit-track,2025-06-21,,,,1.0,,,,,,,,,0,
OBS001048,NZ222,NZ222,https://www.alltrails.com/trail/new-zealand/canterbury/red-tarns-via-governors-bush-track,2023-04-18,,,1.0,,,,,,,,,,0,
OBS001049,NZ222,NZ222,https://www.alltrails.com/trail/new-zealand/canterbury/red-tarns-via-governors-bush-track,2023-09-20,,,1.0,,,,,,,,,,0,
OBS001050,NZ222,NZ222,https://www.alltrails.com/trail/new-zealand/canterbury/red-tarns-via-governors-bush-track,2024-05-11,,,1.0,,,,,,,,,,0,
OBS001051,NZ222,NZ222,https://www.alltrails.com/trail/new-zealand/canterbury/red-tarns-via-governors-bush-track,2024-12-17,,,1.0,,,,,,,,,,0,
OBS001052,NZ222,NZ222,https://www.alltrails.com/trail/new-zealand/canterbury/red-tarns-via-governors-bush-track,2024-12-21,,,1.0,,,,,,,,,,0,
OBS001053,NZ222,NZ222,https://www.alltrails.com/trail/new-zealand/canterbury/red-tarns-via-governors-bush-track,2025-01-05,,,1.0,,,,,,,,,,0,
OBS001054,NZ222,NZ222,https://www.alltrails.com/trail/new-zealand/canterbury/red-tarns-via-governors-bush-track,2025-04-11,,,1.0,,,,,,,,,,0,
OBS001055,NZ222,NZ222,https://www.alltrails.com/trail/new-zealand/canterbury/red-tarns-via-governors-bush-track,2025-04-23,,,1.0,,1.0,,,,,,,,0,
OBS001056,NZ223,NZ223,https://www.alltrails.com/trail/new-zealand/canterbury/mount-barrosa-track,2023-04-10,,,1.0,,1.0,,,,,,,,0,
OBS001057,NZ223,NZ223,https://www.alltrails.com/trail/new-zealand/canterbury/mount-barrosa-track,2023-04-25,,,1.0,,,,,,,,,,0,
OBS001058,NZ223,NZ223,https://www.alltrails.com/trail/new-zealand/canterbury/mount-barrosa-track,2023-06-11,,,1.0,,,,,,,,,,0,
OBS001059,NZ223,NZ223,https://www.alltrails.com/trail/new-zealand/canterbury/mount-barrosa-track,2024-05-04,,,,,1.0,,,,,,,,0,
OBS001060,NZ223,NZ223,https://www.alltrails.com/trail/new-zealand/canterbury/mount-barrosa-track,2024-07-26,,,1.0,,,,,,,,,,0,
OBS001061,NZ223,NZ223,https://www.alltrails.com/trail/new-zealand/canterbury/mount-barrosa-track,2024-07-27,,,1.0,,,,,,,,,,0,
OBS001062,NZ223,NZ223,https://www.alltrails.com/trail/new-zealand/canterbury/mount-barrosa-track,2025-01-20,,,1.0,,,,,,,,,,0,
OBS001063,NZ223,NZ223,https://www.alltrails.com/trail/new-zealand/canterbury/mount-barrosa-track,2025-01-24,,,1.0,,,,,,,,,,0,
OBS001064,NZ223,NZ223,https://www.alltrails.com/trail/new-zealand/canterbury/mount-barrosa-track,2025-02-07,,,1.0,,,,,,,,,,0,
OBS001065,NZ224,NZ224,https://www.alltrails.com/trail/new-zealand/canterbury/poynter-track,2025-01-01,,,1.0,,,,,,,,,,0,
OBS001066,NZ224,NZ224,https://www.alltrails.com/trail/new-zealand/canterbury/poynter-track,2025-01-12,,,1.0,,,,,,,,,,0,
OBS001067,NZ224,NZ224,https://www.alltrails.com/trail/new-zealand/canterbury/poynter-track,2025-01-25,,,1.0,,,,,,,,,,0,
OBS001068,NZ224,NZ224,https://www.alltrails.com/trail/new-zealand/canterbury/poynter-track,2025-04-06,,,1.0,,,,,,,,,,0,
OBS001069,NZ224,NZ224,https://www.alltrails.com/trail/new-zealand/canterbury/poynter-track,2025-04-26,,,1.0,,,,,,,,,,0,
OBS001070,NZ225,NZ225,https://www.alltrails.com/trail/new-zealand/canterbury/roundabout-lake-emma,2022-03-19,,,1.0,,,,,,,,,,0,
OBS001071,NZ225,NZ225,https://www.alltrails.com/trail/new-zealand/canterbury/roundabout-lake-emma,2023-01-29,,,1.0,,1.0,,,,,,,,0,
OBS001072,NZ225,NZ225,https://www.alltrails.com/trail/new-zealand/canterbury/roundabout-lake-emma,2024-03-02,,,1.0,,,,,,,,,,0,
OBS001073,NZ225,NZ225,https://www.alltrails.com/trail/new-zealand/canterbury/roundabout-lake-emma,2024-07-25,,,1.0,,,,,,,,,,0,
OBS001074,NZ225,NZ225,https://www.alltrails.com/trail/new-zealand/canterbury/roundabout-lake-emma,2024-10-28,,,1.0,,,,,,,,,,0,
OBS001075,NZ225,NZ225,https://www.alltrails.com/trail/new-zealand/canterbury/roundabout-lake-emma,2024-12-03,,,,,1.0,,,,,,,,0,
OBS001076,NZ225,NZ225,https://www.alltrails.com/trail/new-zealand/canterbury/roundabout-lake-emma,2025-01-22,,,1.0,,,,,,,,,,0,
OBS001077,NZ225,NZ225,https://www.alltrails.com/trail/new-zealand/canterbury/roundabout-lake-emma,2025-02-08,,,1.0,,,,,,,,,,0,
OBS001078,NZ225,NZ225,https://www.alltrails.com/trail/new-zealand/canterbury/roundabout-lake-emma,2025-04-18,,,1.0,,,,,,,,,,0,
OBS001079,NZ227,NZ227,https://www.alltrails.com/trail/new-zealand/canterbury/stoney-bay-peak-track,2023-07-16,,,1.0,,,,,,,,,,0,
OBS001080,NZ227,NZ227,https://www.alltrails.com/trail/new-zealand/canterbury/stoney-bay-peak-track,2023-07-30,,,1.0,,,,,,,,,,0,
OBS001081,NZ227,NZ227,https://www.alltrails.com/trail/new-zealand/canterbury/stoney-bay-peak-track,2024-03-05,,,1.0,,,,,,,,,,0,
OBS001082,NZ227,NZ227,https://www.alltrails.com/trail/new-zealand/canterbury/stoney-bay-peak-track,2024-04-24,,,1.0,,,,,,,,,,0,
OBS001083,NZ227,NZ227,https://www.alltrails.com/trail/new-zealand/canterbury/stoney-bay-peak-track,2024-08-03,,,1.0,,,,,,,,,,0,
OBS001084,NZ228,NZ228,https://www.alltrails.com/trail/new-zealand/canterbury/the-willows-dog-park-loop,2024-10-19,,,1.0,,,,,,,,,,0,
OBS001085,NZ229,NZ229,https://www.alltrails.com/trail/new-zealand/canterbury/mount-thomas-via-summit-track,2022-02-06,,,,,1.0,,,,,,,,0,
OBS001086,NZ229,NZ229,https://www.alltrails.com/trail/new-zealand/canterbury/mount-thomas-via-summit-track,2022-02-27,,,1.0,,1.0,,,,,,,,0,
OBS001087,NZ229,NZ229,https://www.alltrails.com/trail/new-zealand/canterbury/mount-thomas-via-summit-track,2022-03-24,,,,,1.0,,,,,,,,0,
OBS001088,NZ229,NZ229,https://www.alltrails.com/trail/new-zealand/canterbury/mount-thomas-via-summit-track,2023-01-05,,,1.0,1.0,1.0,,,,,,,,0,
OBS001089,NZ229,NZ229,https://www.alltrails.com/trail/new-zealand/canterbury/mount-thomas-via-summit-track,2023-04-01,,,1.0,,,,,,,,,,0,
OBS001090,NZ229,NZ229,https://www.alltrails.com/trail/new-zealand/canterbury/mount-thomas-via-summit-track,2024-02-05,,,1.0,,,,,,,,,,0,
OBS001091,NZ229,NZ229,https://www.alltrails.com/trail/new-zealand/canterbury/mount-thomas-via-summit-track,2024-08-24,,,1.0,,,,,,,,,,0,
OBS001092,NZ229,NZ229,https://www.alltrails.com/trail/new-zealand/canterbury/mount-thomas-via-summit-track,2024-09-01,,,1.0,,,,,,,,,,0,
OBS001093,NZ229,NZ229,https://www.alltrails.com/trail/new-zealand/canterbury/mount-thomas-via-summit-track,2024-12-01,,,1.0,,,,,,,,,,0,
OBS001094,NZ231,NZ231,https://www.alltrails.com/trail/new-zealand/canterbury/lake-hood-loop-walk,2022-08-18,,,1.0,,,,,,,,,,0,
OBS001095,NZ231,NZ231,https://www.alltrails.com/trail/new-zealand/canterbury/lake-hood-loop-walk,2024-07-03,,,1.0,,,,,,,,,,0,
OBS001096,NZ231,NZ231,https://www.alltrails.com/trail/new-zealand/canterbury/lake-hood-loop-walk,2024-10-27,,,1.0,,,,,,,,,,0,
OBS001097,NZ231,NZ231,https://www.alltrails.com/trail/new-zealand/canterbury/lake-hood-loop-walk,2024-11-17,,,1.0,,,,,,,,,,0,
OBS001098,NZ231,NZ231,https://www.alltrails.com/trail/new-zealand/canterbury/lake-hood-loop-walk,2024-11-30,,,1.0,0.0,,,,,,,,,0,
OBS001099,NZ231,NZ231,https://www.alltrails.com/trail/new-zealand/canterbury/lake-hood-loop-walk,2024-12-09,,,1.0,,,,,,,,,,0,
OBS001100,NZ231,NZ231,https://www.alltrails.com/trail/new-zealand/canterbury/lake-hood-loop-walk,2024-12-21,,,1.0,,,,,,,,,,0,
OBS001101,NZ231,NZ231,https://www.alltrails.com/trail/new-zealand/canterbury/lake-hood-loop-walk,2025-01-01,,,1.0,,,,,,,,,,0,
OBS001102,NZ231,NZ231,https://www.alltrails.com/trail/new-zealand/canterbury/lake-hood-loop-walk,2025-01-15,,,1.0,,,,,,,,,,0,
OBS001103,NZ231,NZ231,https://www.alltrails.com/trail/new-zealand/canterbury/lake-hood-loop-walk,2025-02-11,,,1.0,,,,,,,,,,0,
OBS001104,NZ231,NZ231,https://www.alltrails.com/trail/new-zealand/canterbury/lake-hood-loop-walk,2025-02-24,,,1.0,,,,,,,,,,0,
OBS001105,NZ231,NZ231,https://www.alltrails.com/trail/new-zealand/canterbury/lake-hood-loop-walk,2025-03-08,,,1.0,,,,,,,,,,0,
OBS001106,NZ231,NZ231,https://www.alltrails.com/trail/new-zealand/canterbury/lake-hood-loop-walk,2025-03-28,,,1.0,,,,,,,,,,0,
OBS001107,NZ231,NZ231,https://www.alltrails.com/trail/new-zealand/canterbury/lake-hood-loop-walk,2025-06-08,,,1.0,,,,,,,,,,0,
OBS001108,NZ232,NZ232,https://www.alltrails.com/trail/new-zealand/canterbury/lake-hood-to-ashburton-river-loop,2024-11-10,,,0.0,,,,,,,,,,0,
OBS001109,NZ233,NZ233,https://www.alltrails.com/trail/new-zealand/canterbury/centennial-park-loop-track,2023-05-16,,,1.0,,,,,,,,,,0,
OBS001110,NZ233,NZ233,https://www.alltrails.com/trail/new-zealand/canterbury/centennial-park-loop-track,2024-07-28,,,1.0,,,,,,,,,,0,
OBS001111,NZ233,NZ233,https://www.alltrails.com/trail/new-zealand/canterbury/centennial-park-loop-track,2024-09-21,,,1.0,,,,,,,,,,0,
OBS001112,NZ233,NZ233,https://www.alltrails.com/trail/new-zealand/canterbury/centennial-park-loop-track,2025-02-28,,,1.0,,,,,,,,,,0,
OBS001113,NZ233,NZ233,https://www.alltrails.com/trail/new-zealand/canterbury/centennial-park-loop-track,2025-03-28,,,1.0,,,,,,,,,,0,
OBS001114,NZ233,NZ233,https://www.alltrails.com/trail/new-zealand/canterbury/centennial-park-loop-track,2025-06-20,,,1.0,,,,,,,,,,0,
OBS001115,NZ235,NZ235,https://www.alltrails.com/trail/new-zealand/canterbury/mount-vernon-from-summit-road,2023-01-20,,,1.0,,,,,,,,,,0,
OBS001116,NZ235,NZ235,https://www.alltrails.com/trail/new-zealand/canterbury/mount-vernon-from-summit-road,2024-06-15,,,1.0,,,,,,,,,,0,
OBS001117,NZ235,NZ235,https://www.alltrails.com/trail/new-zealand/canterbury/mount-vernon-from-summit-road,2025-05-25,,,1.0,,,,,,,,,,0,
OBS001118,NZ236,NZ236,https://www.alltrails.com/trail/new-zealand/canterbury/peter-s-lookout-to-lake-pukaki,2022-09-20,,,1.0,,1.0,,,,,,,,0,
OBS001119,NZ236,NZ236,https://www.alltrails.com/trail/new-zealand/canterbury/peter-s-lookout-to-lake-pukaki,2024-12-22,,,1.0,,,,,,,,,,0,
OBS001120,NZ236,NZ236,https://www.alltrails.com/trail/new-zealand/canterbury/peter-s-lookout-to-lake-pukaki,2025-03-04,,,1.0,,,,,,,,,,0,
OBS001121,NZ236,NZ236,https://www.alltrails.com/trail/new-zealand/canterbury/peter-s-lookout-to-lake-pukaki,2025-03-05,,,1.0,,,,,,,,,,0,
OBS001122,NZ236,NZ236,https://www.alltrails.com/trail/new-zealand/canterbury/peter-s-lookout-to-lake-pukaki,2025-03-05,,,1.0,,,,,,,,,,0,
OBS001123,NZ236,NZ236,https://www.alltrails.com/trail/new-zealand/canterbury/peter-s-lookout-to-lake-pukaki,2025-03-08,,,1.0,,,,,,,,,,0,
OBS001124,NZ236,NZ236,https://www.alltrails.com/trail/new-zealand/canterbury/peter-s-lookout-to-lake-pukaki,2025-03-25,,,1.0,,,,,,,,,,0,
OBS001125,NZ236,NZ236,https://www.alltrails.com/trail/new-zealand/canterbury/peter-s-lookout-to-lake-pukaki,2025-04-25,,,1.0,,,,,,,,,,0,
OBS001126,NZ237,NZ237,https://www.alltrails.com/trail/new-zealand/canterbury/mount-somers-track-via-woolshed-creek-hut,2022-05-22,,,1.0,,1.0,,1.0,,,,,,0,
OBS001127,NZ237,NZ237,https://www.alltrails.com/trail/new-zealand/canterbury/mount-somers-track-via-woolshed-creek-hut,2023-01-14,,,1.0,,,,,,,,,,0,
OBS001128,NZ237,NZ237,https://www.alltrails.com/trail/new-zealand/canterbury/mount-somers-track-via-woolshed-creek-hut,2023-02-07,,,1.0,,,,,,,,,,0,
OBS001129,NZ237,NZ237,https://www.alltrails.com/trail/new-zealand/canterbury/mount-somers-track-via-woolshed-creek-hut,2025-04-10,,,1.0,,,,,,,,,,0,
OBS001130,NZ237,NZ237,https://www.alltrails.com/trail/new-zealand/canterbury/mount-somers-track-via-woolshed-creek-hut,2025-06-02,,,1.0,,,,,,,,,,0,
OBS001131,NZ238,NZ238,https://www.alltrails.com/trail/new-zealand/canterbury/mount-isobel-via-mount-isobel-track,2021-01-29,,,1.0,,,,,,,,,,0,
OBS001132,NZ238,NZ238,https://www.alltrails.com/trail/new-zealand/canterbury/mount-isobel-via-mount-isobel-track,2021-04-28,,,1.0,,,,,,,,,,0,
OBS001133,NZ238,NZ238,https://www.alltrails.com/trail/new-zealand/canterbury/mount-isobel-via-mount-isobel-track,2021-09-19,,,,,,1.0,,,,,,,0,
OBS001134,NZ238,NZ238,https://www.alltrails.com/trail/new-zealand/canterbury/mount-isobel-via-mount-isobel-track,2021-11-12,,,1.0,,,,,,,,,,0,
OBS001135,NZ238,NZ238,https://www.alltrails.com/trail/new-zealand/canterbury/mount-isobel-via-mount-isobel-track,2021-12-05,,,1.0,1.0,1.0,,,,,,,,0,
OBS001136,NZ239,NZ239,https://www.alltrails.com/trail/new-zealand/canterbury/st-james-walkway-anne-hut-to-boyle-flat-hut-via-rokeby-hut,2023-08-03,,,1.0,,,,,,,,,,0,
OBS001137,NZ240,NZ240,https://www.alltrails.com/trail/new-zealand/canterbury/washpen-falls-track,2024-12-01,,,1.0,,,,,,,,,,0,
OBS001138,NZ240,NZ240,https://www.alltrails.com/trail/new-zealand/canterbury/washpen-falls-track,2024-12-06,,,1.0,,,,,,,,,,0,
OBS001139,NZ240,NZ240,https://www.alltrails.com/trail/new-zealand/canterbury/washpen-falls-track,2024-12-28,,,1.0,,,,,,,,,,0,
OBS001140,NZ240,NZ240,https://www.alltrails.com/trail/new-zealand/canterbury/washpen-falls-track,2025-01-17,,,1.0,,,,,,,,,,0,
OBS001141,NZ240,NZ240,https://www.alltrails.com/trail/new-zealand/canterbury/washpen-falls-track,2025-02-07,,,1.0,,,,,,,,,,0,
OBS001142,NZ240,NZ240,https://www.alltrails.com/trail/new-zealand/canterbury/washpen-falls-track,2025-02-08,,,1.0,,,,,,,,,,0,
OBS001143,NZ240,NZ240,https://www.alltrails.com/trail/new-zealand/canterbury/washpen-falls-track,2025-02-16,,,1.0,,,,,,,,,,0,
OBS001144,NZ240,NZ240,https://www.alltrails.com/trail/new-zealand/canterbury/washpen-falls-track,2025-03-02,,,1.0,,,,,,,,,,0,
OBS001145,NZ240,NZ240,https://www.alltrails.com/trail/new-zealand/canterbury/washpen-falls-track,2025-04-11,,,1.0,,,,,,,,,,0,
OBS001146,NZ240,NZ240,https://www.alltrails.com/trail/new-zealand/canterbury/washpen-falls-track,2025-04-12,,,1.0,,,,,,,,,,0,
OBS001147,NZ240,NZ240,https://www.alltrails.com/trail/new-zealand/canterbury/washpen-falls-track,2025-04-25,,,1.0,,,,,,,,,,0,
OBS001148,NZ240,NZ240,https://www.alltrails.com/trail/new-zealand/canterbury/washpen-falls-track,2025-04-27,,,1.0,,,,,,,,,,0,
OBS001149,NZ241,NZ241,https://www.alltrails.com/trail/new-zealand/canterbury/mount-oxford-summit-via-view-hill-car-park,2022-01-03,,,1.0,,,,,,,,,,0,
OBS001150,NZ241,NZ241,https://www.alltrails.com/trail/new-zealand/canterbury/mount-oxford-summit-via-view-hill-car-park,2022-04-27,,,1.0,,1.0,,,,,,,,0,
OBS001151,NZ241,NZ241,https://www.alltrails.com/trail/new-zealand/canterbury/mount-oxford-summit-via-view-hill-car-park,2023-01-22,,,,,1.0,,,,,,,,0,
OBS001152,NZ241,NZ241,https://www.alltrails.com/trail/new-zealand/canterbury/mount-oxford-summit-via-view-hill-car-park,2025-05-04,,,,,1.0,1.0,1.0,,,,,,0,
OBS001153,NZ242,NZ242,https://www.alltrails.com/trail/new-zealand/canterbury/bridle-path-walk,2024-02-05,,,1.0,,,,,,,,,,0,
OBS001154,NZ242,NZ242,https://www.alltrails.com/trail/new-zealand/canterbury/bridle-path-walk,2024-11-19,,,1.0,,,,,,,,,,0,
OBS001155,NZ242,NZ242,https://www.alltrails.com/trail/new-zealand/canterbury/bridle-path-walk,2024-12-16,,,1.0,,,,,,,,,,0,
OBS001156,NZ242,NZ242,https://www.alltrails.com/trail/new-zealand/canterbury/bridle-path-walk,2025-02-18,,,1.0,,,,,,,,,,0,
OBS001157,NZ242,NZ242,https://www.alltrails.com/trail/new-zealand/canterbury/bridle-path-walk,2025-05-16,,,1.0,,,,,,,,,,0,
OBS001158,NZ242,NZ242,https://www.alltrails.com/trail/new-zealand/canterbury/bridle-path-walk,2025-05-24,,,1.0,,,,,,,,,,0,
OBS001159,NZ243,NZ243,https://www.alltrails.com/trail/new-zealand/canterbury/rapaki-track,2024-06-03,,,1.0,,,,,,,,,,0,
OBS001160,NZ243,NZ243,https://www.alltrails.com/trail/new-zealand/canterbury/rapaki-track,2024-08-11,,,1.0,,,,,,,,,,0,
OBS001161,NZ243,NZ243,https://www.alltrails.com/trail/new-zealand/canterbury/rapaki-track,2024-08-18,,,1.0,,,,,,,,,,0,
OBS001162,NZ243,NZ243,https://www.alltrails.com/trail/new-zealand/canterbury/rapaki-track,2024-09-07,,,1.0,,,,,,,,,,0,
OBS001163,NZ243,NZ243,https://www.alltrails.com/trail/new-zealand/canterbury/rapaki-track,2024-10-04,,,1.0,,,,,,,,,,0,
OBS001164,NZ243,NZ243,https://www.alltrails.com/trail/new-zealand/canterbury/rapaki-track,2024-10-08,,,1.0,,,,,,,,,,0,
OBS001165,NZ243,NZ243,https://www.alltrails.com/trail/new-zealand/canterbury/rapaki-track,2025-04-19,,,1.0,,,,,,,,,,0,
OBS001166,NZ243,NZ243,https://www.alltrails.com/trail/new-zealand/canterbury/rapaki-track,2025-04-24,,,1.0,,,,,,,,,,0,
OBS001167,NZ243,NZ243,https://www.alltrails.com/trail/new-zealand/canterbury/rapaki-track,2025-05-31,,,1.0,,,,,,,,,,0,
OBS001168,NZ243,NZ243,https://www.alltrails.com/trail/new-zealand/canterbury/rapaki-track,2025-06-13,,,1.0,,,,,,,,,,0,
OBS001169,NZ244,NZ244,https://www.alltrails.com/trail/new-zealand/canterbury/wharfedale-hut-to-view-hill-carpark,2024-02-23,,,,,0.0,,,,,,,,0,
OBS001170,NZ244,NZ244,https://www.alltrails.com/trail/new-zealand/canterbury/wharfedale-hut-to-view-hill-carpark,2025-01-05,,,1.0,,,,,,,,,,0,
OBS001171,NZ245,NZ245,https://www.alltrails.com/trail/new-zealand/canterbury/wharfdale-hut-to-black-hill-hut,2024-12-27,,,1.0,,,,,,,,,,0,
OBS001172,NZ246,NZ246,https://www.alltrails.com/trail/new-zealand/otago/gillespie-pass-circuit,2025-01-06,,,1.0,,,,,,,,,,0,
OBS001173,NZ246,NZ246,https://www.alltrails.com/trail/new-zealand/otago/gillespie-pass-circuit,2025-01-17,,,1.0,,,,,,,,,,0,
OBS001174,NZ246,NZ246,https://www.alltrails.com/trail/new-zealand/otago/gillespie-pass-circuit,2025-02-10,,,,1.0,,,,,,,,,0,
OBS001175,NZ246,NZ246,https://www.alltrails.com/trail/new-zealand/otago/gillespie-pass-circuit,2025-03-01,,,1.0,,1.0,,,,,,,,0,
OBS001176,NZ246,NZ246,https://www.alltrails.com/trail/new-zealand/otago/gillespie-pass-circuit,2025-05-07,,,1.0,,,,,,,,,,0,
OBS001177,NZ247,NZ247,https://www.alltrails.com/trail/new-zealand/otago/mou-waho-island-walk,2022-10-18,,,1.0,,,,,,,,,,0,
OBS001178,NZ247,NZ247,https://www.alltrails.com/trail/new-zealand/otago/mou-waho-island-walk,2022-11-07,,,1.0,,,,,,,,,,0,
OBS001179,NZ247,NZ247,https://www.alltrails.com/trail/new-zealand/otago/mou-waho-island-walk,2022-12-01,,,1.0,,,,,,,,,,0,
OBS001180,NZ247,NZ247,https://www.alltrails.com/trail/new-zealand/otago/mou-waho-island-walk,2023-10-29,,,1.0,,,,,,,,,,0,
OBS001181,NZ247,NZ247,https://www.alltrails.com/trail/new-zealand/otago/mou-waho-island-walk,2024-10-31,,,1.0,,,,,,,,,,0,
OBS001182,NZ247,NZ247,https://www.alltrails.com/trail/new-zealand/otago/mou-waho-island-walk,2025-01-25,,,1.0,0.0,,,,,,,,,0,
OBS001183,NZ247,NZ247,https://www.alltrails.com/trail/new-zealand/otago/mou-waho-island-walk,2025-02-06,,,1.0,,,,,,,,,,0,
OBS001184,NZ247,NZ247,https://www.alltrails.com/trail/new-zealand/otago/mou-waho-island-walk,2025-02-25,,,1.0,,,,,,,,,,0,
OBS001185,NZ247,NZ247,https://www.alltrails.com/trail/new-zealand/otago/mou-waho-island-walk,2025-02-27,,,1.0,,,,,,,,,,0,
OBS001186,NZ247,NZ247,https://www.alltrails.com/trail/new-zealand/otago/mou-waho-island-walk,2025-03-20,,,1.0,,,,,,,,,,0,
OBS001187,NZ247,NZ247,https://www.alltrails.com/trail/new-zealand/otago/mou-waho-island-walk,2025-03-20,,,1.0,,,,,,,,,,0,
OBS001188,NZ247,NZ247,https://www.alltrails.com/trail/new-zealand/otago/mou-waho-island-walk,2025-03-27,,,1.0,,,,,,,,,,0,
OBS001189,NZ247,NZ247,https://www.alltrails.com/trail/new-zealand/otago/mou-waho-island-walk,2025-03-28,,,1.0,,,,,,,,,,0,
OBS001190,NZ247,NZ247,https://www.alltrails.com/trail/new-zealand/otago/mou-waho-island-walk,2025-04-12,,,1.0,,,,,,,,,,0,
OBS001191,NZ247,NZ247,https://www.alltrails.com/trail/new-zealand/otago/mou-waho-island-walk,2025-04-26,,,1.0,,,,,,,,,,0,
OBS001192,NZ247,NZ247,https://www.alltrails.com/trail/new-zealand/otago/mou-waho-island-walk,2025-05-04,,,1.0,,,,,,,,,,0,
OBS001193,NZ248,NZ248,https://www.alltrails.com/trail/new-zealand/otago/glenorchy-lagoon-walkway,2024-07-24,,,1.0,,1.0,,,,,,,,0,
OBS001194,NZ248,NZ248,https://www.alltrails.com/trail/new-zealand/otago/glenorchy-lagoon-walkway,2024-11-04,,,1.0,,,,,,,,,,0,
OBS001195,NZ248,NZ248,https://www.alltrails.com/trail/new-zealand/otago/glenorchy-lagoon-walkway,2024-12-24,,,1.0,,1.0,,,,,,,,0,
OBS001196,NZ248,NZ248,https://www.alltrails.com/trail/new-zealand/otago/glenorchy-lagoon-walkway,2025-01-26,,,1.0,0.0,,,,,,,,,0,
OBS001197,NZ248,NZ248,https://www.alltrails.com/trail/new-zealand/otago/glenorchy-lagoon-walkway,2025-03-29,,,1.0,,,,,,,,,,0,
OBS001198,NZ248,NZ248,https://www.alltrails.com/trail/new-zealand/otago/glenorchy-lagoon-walkway,2025-04-01,,,1.0,,,,,,,,,,0,
OBS001199,NZ248,NZ248,https://www.alltrails.com/trail/new-zealand/otago/glenorchy-lagoon-walkway,2025-04-27,,,1.0,,,,,,,,,,0,
OBS001200,NZ248,NZ248,https://www.alltrails.com/trail/new-zealand/otago/glenorchy-lagoon-walkway,2025-06-12,,,1.0,,,,,,,,,,0,
OBS001201,NZ249,NZ249,https://www.alltrails.com/trail/new-zealand/otago/glenorchy-scheelite-battery-via-mount-judah-track,2024-08-09,,,1.0,,1.0,,,,,,,,0,
OBS001202,NZ249,NZ249,https://www.alltrails.com/trail/new-zealand/otago/glenorchy-scheelite-battery-via-mount-judah-track,2024-12-28,,,1.0,,,,,,,,,,0,
OBS001203,NZ249,NZ249,https://www.alltrails.com/trail/new-zealand/otago/glenorchy-scheelite-battery-via-mount-judah-track,2025-01-03,,,1.0,,,,,,,,,,0,
OBS001204,NZ249,NZ249,https://www.alltrails.com/trail/new-zealand/otago/glenorchy-scheelite-battery-via-mount-judah-track,2025-01-23,,,1.0,,,,,,,,,,0,
OBS001205,NZ249,NZ249,https://www.alltrails.com/trail/new-zealand/otago/glenorchy-scheelite-battery-via-mount-judah-track,2025-01-23,,,1.0,,,,,,,,,,0,
OBS001206,NZ249,NZ249,https://www.alltrails.com/trail/new-zealand/otago/glenorchy-scheelite-battery-via-mount-judah-track,2025-02-10,,,1.0,,,,,,,,,,0,
OBS001207,NZ249,NZ249,https://www.alltrails.com/trail/new-zealand/otago/glenorchy-scheelite-battery-via-mount-judah-track,2025-03-25,,,1.0,,,,,,,,,,0,
OBS001208,NZ249,NZ249,https://www.alltrails.com/trail/new-zealand/otago/glenorchy-scheelite-battery-via-mount-judah-track,2025-04-26,,,1.0,,,,,,,,,,0,
OBS001209,NZ249,NZ249,https://www.alltrails.com/trail/new-zealand/otago/glenorchy-scheelite-battery-via-mount-judah-track,2025-05-09,,,1.0,,,,,,,,,,0,
OBS001210,NZ249,NZ249,https://www.alltrails.com/trail/new-zealand/otago/glenorchy-scheelite-battery-via-mount-judah-track,2025-05-25,,,1.0,,,,,,,,,,0,
OBS001211,NZ250,NZ250,https://www.alltrails.com/trail/new-zealand/otago/cameron-flat-to-junction-flat,2023-10-03,,,,,1.0,,,,,,,,0,
OBS001212,NZ251,NZ251,https://www.alltrails.com/trail/new-zealand/otago/routeburn-shelter-to-routeburn-flats-hut,2025-04-20,,,1.0,,,,,,,,,,0,
OBS001213,NZ251,NZ251,https://www.alltrails.com/trail/new-zealand/otago/routeburn-shelter-to-routeburn-flats-hut,2025-04-24,,,1.0,,,,,,,,,,0,
OBS001214,NZ251,NZ251,https://www.alltrails.com/trail/new-zealand/otago/routeburn-shelter-to-routeburn-flats-hut,2025-04-25,,,1.0,,,,,,,,,,0,
OBS001215,NZ252,NZ252,https://www.alltrails.com/trail/new-zealand/otago/mirror-lakes-walk,2024-09-13,,,1.0,,,,,,,,,,0,
OBS001216,NZ252,NZ252,https://www.alltrails.com/trail/new-zealand/otago/mirror-lakes-walk,2024-11-05,,,1.0,0.0,,,,,,,,,0,
OBS001217,NZ252,NZ252,https://www.alltrails.com/trail/new-zealand/otago/mirror-lakes-walk,2025-03-23,,,1.0,,,,,,,,,,0,
OBS001218,NZ254,NZ254,https://www.alltrails.com/trail/new-zealand/otago/silver-peaks-loop-track,2021-12-26,,,1.0,1.0,,,,,,,,,0,
OBS001219,NZ254,NZ254,https://www.alltrails.com/trail/new-zealand/otago/silver-peaks-loop-track,2022-08-20,,,1.0,,,,,,,,,,0,
OBS001220,NZ254,NZ254,https://www.alltrails.com/trail/new-zealand/otago/silver-peaks-loop-track,2022-10-14,,,1.0,,,,,,,,,,0,
OBS001221,NZ254,NZ254,https://www.alltrails.com/trail/new-zealand/otago/silver-peaks-loop-track,2023-01-21,,,,,1.0,,,,,,,,0,
OBS001222,NZ254,NZ254,https://www.alltrails.com/trail/new-zealand/otago/silver-peaks-loop-track,2023-03-25,,,1.0,,,,,,,,,,0,
OBS001223,NZ254,NZ254,https://www.alltrails.com/trail/new-zealand/otago/silver-peaks-loop-track,2025-01-13,,,1.0,,,,,,,,,,0,
OBS001224,NZ254,NZ254,https://www.alltrails.com/trail/new-zealand/otago/silver-peaks-loop-track,2025-01-31,,,1.0,,,,,,,,,,0,
OBS001225,NZ254,NZ254,https://www.alltrails.com/trail/new-zealand/otago/silver-peaks-loop-track,2025-04-08,,,1.0,,,,,,,,,,0,
OBS001226,NZ254,NZ254,https://www.alltrails.com/trail/new-zealand/otago/silver-peaks-loop-track,2025-04-25,,,1.0,,1.0,,,,,,,,0,
OBS001227,NZ254,NZ254,https://www.alltrails.com/trail/new-zealand/otago/silver-peaks-loop-track,2025-05-25,,,1.0,,,,,,,,,,0,
OBS001228,NZ255,NZ255,https://www.alltrails.com/trail/new-zealand/otago/carricktown-track,2024-08-10,,,1.0,,,,,,,,,,0,
OBS001229,NZ255,NZ255,https://www.alltrails.com/trail/new-zealand/otago/carricktown-track,2024-08-29,,,1.0,,,,,,,,,,0,
OBS001230,NZ256,NZ256,https://www.alltrails.com/trail/new-zealand/otago/tomahawk-lagoon-and-41-peg-track,2021-05-21,,,1.0,,,,,,,,,,0,
OBS001231,NZ256,NZ256,https://www.alltrails.com/trail/new-zealand/otago/tomahawk-lagoon-and-41-peg-track,2024-06-02,,,1.0,,,,,,,,,,0,
OBS001232,NZ256,NZ256,https://www.alltrails.com/trail/new-zealand/otago/tomahawk-lagoon-and-41-peg-track,2024-09-21,,,,,1.0,,,,,,,,0,
OBS001233,NZ256,NZ256,https://www.alltrails.com/trail/new-zealand/otago/tomahawk-lagoon-and-41-peg-track,2024-09-21,,,1.0,,,,,,,,,,0,
OBS001234,NZ256,NZ256,https://www.alltrails.com/trail/new-zealand/otago/tomahawk-lagoon-and-41-peg-track,2024-11-09,,,,,1.0,,,,,,,,0,
OBS001235,NZ257,NZ257,https://www.alltrails.com/trail/new-zealand/otago/warrington-beach-walk,2024-08-24,,,1.0,,,,,,,,,,0,
OBS001236,NZ257,NZ257,https://www.alltrails.com/trail/new-zealand/otago/warrington-beach-walk,2024-12-13,,,1.0,,,,,,,,,,0,
OBS001237,NZ257,NZ257,https://www.alltrails.com/trail/new-zealand/otago/warrington-beach-walk,2025-03-12,,,1.0,,,,,,,,,,0,
OBS001238,NZ258,NZ258,https://www.alltrails.com/trail/new-zealand/otago/allans-beach,2021-05-05,,,1.0,,,,,,,,,,0,
OBS001239,NZ258,NZ258,https://www.alltrails.com/trail/new-zealand/otago/allans-beach,2022-08-04,,,1.0,,,,,,,,,,0,
OBS001240,NZ258,NZ258,https://www.alltrails.com/trail/new-zealand/otago/allans-beach,2023-10-17,,,1.0,,,,,,,,,,0,
OBS001241,NZ258,NZ258,https://www.alltrails.com/trail/new-zealand/otago/allans-beach,2024-05-11,,,1.0,,,,,,,,,,0,
OBS001242,NZ258,NZ258,https://www.alltrails.com/trail/new-zealand/otago/allans-beach,2025-02-16,,,1.0,,,,,,,,,,0,
OBS001243,NZ258,NZ258,https://www.alltrails.com/trail/new-zealand/otago/allans-beach,2025-03-01,,,1.0,,,,,,,,,,0,
OBS001244,NZ259,NZ259,https://www.alltrails.com/trail/new-zealand/otago/bobs-cove-track,2024-11-09,,,1.0,0.0,,,,,,,,,0,
OBS001245,NZ259,NZ259,https://www.alltrails.com/trail/new-zealand/otago/bobs-cove-track,2024-11-20,,,1.0,,,,,,,,,,0,
OBS001246,NZ259,NZ259,https://www.alltrails.com/trail/new-zealand/otago/bobs-cove-track,2024-12-07,,,1.0,,,,,,,,,,0,
OBS001247,NZ259,NZ259,https://www.alltrails.com/trail/new-zealand/otago/bobs-cove-track,2024-12-26,,,1.0,,,,,,,,,,0,
OBS001248,NZ259,NZ259,https://www.alltrails.com/trail/new-zealand/otago/bobs-cove-track,2024-12-30,,,1.0,,,,,,,,,,0,
OBS001249,NZ259,NZ259,https://www.alltrails.com/trail/new-zealand/otago/bobs-cove-track,2025-01-06,,,1.0,,,,,,,,,,0,
OBS001250,NZ259,NZ259,https://www.alltrails.com/trail/new-zealand/otago/bobs-cove-track,2025-01-31,,,1.0,,,,,,,,,,0,
OBS001251,NZ259,NZ259,https://www.alltrails.com/trail/new-zealand/otago/bobs-cove-track,2025-02-07,,,1.0,,,,,,,,,,0,
OBS001252,NZ259,NZ259,https://www.alltrails.com/trail/new-zealand/otago/bobs-cove-track,2025-02-12,,,1.0,0.0,,,,,,,,,0,
OBS001253,NZ259,NZ259,https://www.alltrails.com/trail/new-zealand/otago/bobs-cove-track,2025-02-16,,,1.0,,,,,,,,,,0,
OBS001254,NZ259,NZ259,https://www.alltrails.com/trail/new-zealand/otago/bobs-cove-track,2025-02-17,,,1.0,,,,,,,,,,0,
OBS001255,NZ259,NZ259,https://www.alltrails.com/trail/new-zealand/otago/bobs-cove-track,2025-02-25,,,1.0,,,,,,,,,,0,
OBS001256,NZ259,NZ259,https://www.alltrails.com/trail/new-zealand/otago/bobs-cove-track,2025-02-26,,,1.0,,,,,,,,,,0,
OBS001257,NZ259,NZ259,https://www.alltrails.com/trail/new-zealand/otago/bobs-cove-track,2025-03-09,,,1.0,,,,,,,,,,0,
OBS001258,NZ259,NZ259,https://www.alltrails.com/trail/new-zealand/otago/bobs-cove-track,2025-03-12,,,1.0,,,,,,,,,,0,
OBS001259,NZ259,NZ259,https://www.alltrails.com/trail/new-zealand/otago/bobs-cove-track,2025-03-22,,,1.0,,,,,,,,,,0,
OBS001260,NZ259,NZ259,https://www.alltrails.com/trail/new-zealand/otago/bobs-cove-track,2025-04-02,,,1.0,,,,,,,,,,0,
OBS001261,NZ259,NZ259,https://www.alltrails.com/trail/new-zealand/otago/bobs-cove-track,2025-04-23,,,1.0,0.0,,,,,,,,,0,
OBS001262,NZ259,NZ259,https://www.alltrails.com/trail/new-zealand/otago/bobs-cove-track,2025-04-29,,,1.0,,,,,,,,,,0,
OBS001263,NZ261,NZ261,https://www.alltrails.com/trail/new-zealand/otago/shark-bell-to-second-beach-walk,2023-03-12,,,1.0,,,,,,,,,,0,
OBS001264,NZ261,NZ261,https://www.alltrails.com/trail/new-zealand/otago/shark-bell-to-second-beach-walk,2024-04-22,,,1.0,,,,,,,,,,0,
OBS001265,NZ262,NZ262,https://www.alltrails.com/trail/new-zealand/otago/aspiring-hut-to-pearl-flat,2023-12-21,,,1.0,1.0,,,,,,,,,0,
OBS001266,NZ262,NZ262,https://www.alltrails.com/trail/new-zealand/otago/aspiring-hut-to-pearl-flat,2025-01-20,,,,1.0,,,,,,,,,0,
OBS001267,NZ263,NZ263,https://www.alltrails.com/trail/new-zealand/otago/routeburn-nature-walk,2025-04-04,,,1.0,,,,,,,,,,0,
OBS001268,NZ263,NZ263,https://www.alltrails.com/trail/new-zealand/otago/routeburn-nature-walk,2025-05-22,,,1.0,,,,,,,,,,0,
OBS001269,NZ264,NZ264,https://www.alltrails.com/trail/new-zealand/otago/routeburn-track-routeburn-shelter-to-routeburn-falls-hut,2024-12-26,,,1.0,,,,,,,,,,0,
OBS001270,NZ264,NZ264,https://www.alltrails.com/trail/new-zealand/otago/routeburn-track-routeburn-shelter-to-routeburn-falls-hut,2024-12-29,,,1.0,,,,,,,,,,0,
OBS001271,NZ264,NZ264,https://www.alltrails.com/trail/new-zealand/otago/routeburn-track-routeburn-shelter-to-routeburn-falls-hut,2025-01-03,,,1.0,,,,,,,,,,0,
OBS001272,NZ264,NZ264,https://www.alltrails.com/trail/new-zealand/otago/routeburn-track-routeburn-shelter-to-routeburn-falls-hut,2025-02-16,,,1.0,,,,,,,,,,0,
OBS001273,NZ264,NZ264,https://www.alltrails.com/trail/new-zealand/otago/routeburn-track-routeburn-shelter-to-routeburn-falls-hut,2025-02-18,,,1.0,,,,,,,,,,0,
OBS001274,NZ264,NZ264,https://www.alltrails.com/trail/new-zealand/otago/routeburn-track-routeburn-shelter-to-routeburn-falls-hut,2025-02-25,,,1.0,,,,,,,,,,0,
OBS001275,NZ264,NZ264,https://www.alltrails.com/trail/new-zealand/otago/routeburn-track-routeburn-shelter-to-routeburn-falls-hut,2025-02-26,,,1.0,,,,,,,,,,0,
OBS001276,NZ264,NZ264,https://www.alltrails.com/trail/new-zealand/otago/routeburn-track-routeburn-shelter-to-routeburn-falls-hut,2025-03-11,,,1.0,,,,,,,,,,0,
OBS001277,NZ264,NZ264,https://www.alltrails.com/trail/new-zealand/otago/routeburn-track-routeburn-shelter-to-routeburn-falls-hut,2025-03-16,,,1.0,,,,,,,,,,0,
OBS001278,NZ264,NZ264,https://www.alltrails.com/trail/new-zealand/otago/routeburn-track-routeburn-shelter-to-routeburn-falls-hut,2025-03-20,,,1.0,1.0,,,,,,,,,0,
OBS001279,NZ264,NZ264,https://www.alltrails.com/trail/new-zealand/otago/routeburn-track-routeburn-shelter-to-routeburn-falls-hut,2025-04-05,,,1.0,,,,,,,,,,0,
OBS001280,NZ264,NZ264,https://www.alltrails.com/trail/new-zealand/otago/routeburn-track-routeburn-shelter-to-routeburn-falls-hut,2025-04-17,,,1.0,1.0,,,,,,,,,0,
OBS001281,NZ264,NZ264,https://www.alltrails.com/trail/new-zealand/otago/routeburn-track-routeburn-shelter-to-routeburn-falls-hut,2025-05-19,,,1.0,,,,,,,,,,0,
OBS001282,NZ265,NZ265,https://www.alltrails.com/trail/new-zealand/northland/ruakaka-beach-walk,2024-11-27,,,1.0,,,,,,,,,,0,
OBS001283,NZ265,NZ265,https://www.alltrails.com/trail/new-zealand/northland/ruakaka-beach-walk,2025-01-03,,,1.0,,,,,,,,,,0,
OBS001284,NZ266,NZ266,https://www.alltrails.com/trail/new-zealand/northland/waipu-caves,2025-03-13,,,1.0,,,,,,,,,,0,
OBS001285,NZ267,NZ267,https://www.alltrails.com/trail/new-zealand/northland/taronui-bay-recreation-reserve-track,2025-04-25,,,1.0,,,,,,,,,,0,
OBS001286,NZ268,NZ268,https://www.alltrails.com/trail/new-zealand/waikato/cookson-kauri-walk,2024-07-25,,,1.0,,,,,,,,,,0,
OBS001287,NZ268,NZ268,https://www.alltrails.com/trail/new-zealand/waikato/cookson-kauri-walk,2024-07-26,,,1.0,,,,,,,,,,0,
OBS001288,NZ268,NZ268,https://www.alltrails.com/trail/new-zealand/waikato/cookson-kauri-walk,2024-08-09,,,1.0,,,,,,,,,,0,
OBS001289,NZ268,NZ268,https://www.alltrails.com/trail/new-zealand/waikato/cookson-kauri-walk,2025-02-13,,,1.0,,,,,,,,,,0,
OBS001290,NZ268,NZ268,https://www.alltrails.com/trail/new-zealand/waikato/cookson-kauri-walk,2025-02-20,,,1.0,,,,,,,,,,0,
OBS001291,NZ268,NZ268,https://www.alltrails.com/trail/new-zealand/waikato/cookson-kauri-walk,2025-03-02,,,1.0,,,,,,,,,,0,
OBS001292,NZ268,NZ268,https://www.alltrails.com/trail/new-zealand/waikato/cookson-kauri-walk,2025-03-29,,,1.0,0.0,,,,,,,,,0,
OBS001293,NZ268,NZ268,https://www.alltrails.com/trail/new-zealand/waikato/cookson-kauri-walk,2025-04-06,,,1.0,,,,,,,,,,0,
OBS001294,NZ269,NZ269,https://www.alltrails.com/trail/new-zealand/taranaki/north-egmont-veronica-lookout-track,2024-01-01,,,1.0,,,,,,,,,,0,
OBS001295,NZ269,NZ269,https://www.alltrails.com/trail/new-zealand/taranaki/north-egmont-veronica-lookout-track,2024-07-10,,,,1.0,1.0,,1.0,,,,,,0,
OBS001296,NZ269,NZ269,https://www.alltrails.com/trail/new-zealand/taranaki/north-egmont-veronica-lookout-track,2024-09-29,,,1.0,,,,,,,,,,0,
OBS001297,NZ269,NZ269,https://www.alltrails.com/trail/new-zealand/taranaki/north-egmont-veronica-lookout-track,2024-10-12,,,1.0,,,,,,,,,,0,
OBS001298,NZ269,NZ269,https://www.alltrails.com/trail/new-zealand/taranaki/north-egmont-veronica-lookout-track,2024-11-26,,,1.0,,,,,,,,,,0,
OBS001299,NZ269,NZ269,https://www.alltrails.com/trail/new-zealand/taranaki/north-egmont-veronica-lookout-track,2024-12-30,,,1.0,,,,,,,,,,0,
OBS001300,NZ270,NZ270,https://www.alltrails.com/trail/new-zealand/wellington/wellington-to-lower-hutt-shared-path,2024-07-14,,,0.0,,,,,,,,,,0,
OBS001301,NZ271,NZ271,https://www.alltrails.com/trail/new-zealand/wellington/nairnville-park-loop,2024-09-25,,,1.0,,,,,,,,,,0,
OBS001302,NZ272,NZ272,https://www.alltrails.com/trail/new-zealand/wellington/otari-karori-cemetery-route,2024-01-02,,,1.0,,,,,,,,,,0,
OBS001303,NZ272,NZ272,https://www.alltrails.com/trail/new-zealand/wellington/otari-karori-cemetery-route,2024-06-29,,,1.0,,1.0,,,,,,,,0,
OBS001304,NZ272,NZ272,https://www.alltrails.com/trail/new-zealand/wellington/otari-karori-cemetery-route,2024-11-29,,,1.0,,,,,,,,,,0,
OBS001305,NZ272,NZ272,https://www.alltrails.com/trail/new-zealand/wellington/otari-karori-cemetery-route,2025-01-09,,,1.0,,,,,,,,,,0,
OBS001306,NZ272,NZ272,https://www.alltrails.com/trail/new-zealand/wellington/otari-karori-cemetery-route,2025-01-19,,,1.0,,,,,,,,,,0,
OBS001307,NZ272,NZ272,https://www.alltrails.com/trail/new-zealand/wellington/otari-karori-cemetery-route,2025-01-31,,,1.0,,,,,,,,,,0,
OBS001308,NZ272,NZ272,https://www.alltrails.com/trail/new-zealand/wellington/otari-karori-cemetery-route,2025-02-22,,,1.0,,,,,,,,,,0,
OBS001309,NZ272,NZ272,https://www.alltrails.com/trail/new-zealand/wellington/otari-karori-cemetery-route,2025-05-12,,,1.0,,,,,,,,,,0,
OBS001310,NZ273,NZ273,https://www.alltrails.com/trail/new-zealand/wellington/old-pencarrow-head-lighthouse-track,2023-01-02,,,1.0,,,,,,,,,,0,
OBS001311,NZ273,NZ273,https://www.alltrails.com/trail/new-zealand/wellington/old-pencarrow-head-lighthouse-track,2023-01-10,,,1.0,,,,,,,,,,0,
OBS001312,NZ273,NZ273,https://www.alltrails.com/trail/new-zealand/wellington/old-pencarrow-head-lighthouse-track,2024-07-14,,,1.0,,,,,,,,,,0,
OBS001313,NZ273,NZ273,https://www.alltrails.com/trail/new-zealand/wellington/old-pencarrow-head-lighthouse-track,2024-11-22,,,1.0,,,,,,,,,,0,
OBS001314,NZ273,NZ273,https://www.alltrails.com/trail/new-zealand/wellington/old-pencarrow-head-lighthouse-track,2025-01-23,,,1.0,,,,,,,,,,0,
OBS001315,NZ273,NZ273,https://www.alltrails.com/trail/new-zealand/wellington/old-pencarrow-head-lighthouse-track,2025-05-15,,,1.0,,,,,,,,,,0,
OBS001316,NZ275,NZ275,https://www.alltrails.com/trail/new-zealand/wellington/powell-hut-track,2021-06-06,,,1.0,,,,,,,,,,0,
OBS001317,NZ275,NZ275,https://www.alltrails.com/trail/new-zealand/wellington/powell-hut-track,2023-12-24,,,1.0,,,,,,,,,,0,
OBS001318,NZ275,NZ275,https://www.alltrails.com/trail/new-zealand/wellington/powell-hut-track,2024-06-27,,,1.0,,,,,,,,,,0,
OBS001319,NZ275,NZ275,https://www.alltrails.com/trail/new-zealand/wellington/powell-hut-track,2024-07-01,,,1.0,,,,,,,,,,0,
OBS001320,NZ275,NZ275,https://www.alltrails.com/trail/new-zealand/wellington/powell-hut-track,2024-07-22,,,1.0,,,,,,,,,,0,
OBS001321,NZ275,NZ275,https://www.alltrails.com/trail/new-zealand/wellington/powell-hut-track,2024-10-15,,,1.0,,,,,,,,,,0,
OBS001322,NZ275,NZ275,https://www.alltrails.com/trail/new-zealand/wellington/powell-hut-track,2025-05-02,,,1.0,,,,,,,,,,0,
OBS001323,NZ275,NZ275,https://www.alltrails.com/trail/new-zealand/wellington/powell-hut-track,2025-05-07,,,1.0,,,,,,,,,,0,
OBS001324,NZ275,NZ275,https://www.alltrails.com/trail/new-zealand/wellington/powell-hut-track,2025-06-07,,,1.0,,,,,,,,,,0,
OBS001325,NZ275,NZ275,https://www.alltrails.com/trail/new-zealand/wellington/powell-hut-track,2025-06-08,,,1.0,,,1.0,,,,,,,0,
OBS001326,NZ276,NZ276,https://www.alltrails.com/trail/new-zealand/wellington/queen-elizabeth-park-from-paekakariki-railway-station,2022-02-09,,,1.0,,,,,,,,,,0,
OBS001327,NZ276,NZ276,https://www.alltrails.com/trail/new-zealand/wellington/queen-elizabeth-park-from-paekakariki-railway-station,2024-12-20,,,1.0,,,,,,,,,,0,
OBS001328,NZ277,NZ277,https://www.alltrails.com/trail/new-zealand/southland/mclean-falls-walk,2024-09-10,,,1.0,,,,,,,,,,0,
OBS001329,NZ277,NZ277,https://www.alltrails.com/trail/new-zealand/southland/mclean-falls-walk,2025-02-07,,,1.0,0.0,,,,,,,,,0,
OBS001330,NZ277,NZ277,https://www.alltrails.com/trail/new-zealand/southland/mclean-falls-walk,2025-02-07,,,1.0,1.0,1.0,,,,,,,,0,
OBS001331,NZ277,NZ277,https://www.alltrails.com/trail/new-zealand/southland/mclean-falls-walk,2025-02-13,,,1.0,1.0,1.0,,,,,,,,0,
OBS001332,NZ277,NZ277,https://www.alltrails.com/trail/new-zealand/southland/mclean-falls-walk,2025-02-18,,,1.0,,,,,,,,,,0,
OBS001333,NZ277,NZ277,https://www.alltrails.com/trail/new-zealand/southland/mclean-falls-walk,2025-02-25,,,1.0,,,,,,,,,,0,
OBS001334,NZ277,NZ277,https://www.alltrails.com/trail/new-zealand/southland/mclean-falls-walk,2025-04-19,,,1.0,,,,,,,,,,0,
OBS001335,NZ277,NZ277,https://www.alltrails.com/trail/new-zealand/southland/mclean-falls-walk,2025-05-26,,,1.0,,,,,,,,,,0,
OBS001336,NZ278,NZ278,https://www.alltrails.com/trail/new-zealand/otago/purakaunui-falls-track,2023-01-08,,,,1.0,,,,,,,,,0,
OBS001337,NZ278,NZ278,https://www.alltrails.com/trail/new-zealand/otago/purakaunui-falls-track,2023-03-06,,,1.0,,,,,,,,,,0,
OBS001338,NZ278,NZ278,https://www.alltrails.com/trail/new-zealand/otago/purakaunui-falls-track,2025-04-19,,,1.0,,,,,,,,,,0,
OBS001339,NZ278,NZ278,https://www.alltrails.com/trail/new-zealand/otago/purakaunui-falls-track,2025-04-27,,,1.0,,,,,,,,,,0,
OBS001340,NZ278,NZ278,https://www.alltrails.com/trail/new-zealand/otago/purakaunui-falls-track,2025-05-26,,,1.0,,,,,,,,,,0,
OBS001341,NZ280,NZ280,https://www.alltrails.com/trail/new-zealand/southland/cathedral-caves-walk,2021-12-20,,,1.0,,,,,,,,,,0,
OBS001342,NZ280,NZ280,https://www.alltrails.com/trail/new-zealand/southland/cathedral-caves-walk,2022-03-05,,,1.0,,,,,,,,,,0,
OBS001343,NZ280,NZ280,https://www.alltrails.com/trail/new-zealand/southland/cathedral-caves-walk,2022-03-18,,,1.0,,,,,,,,,,0,
OBS001344,NZ280,NZ280,https://www.alltrails.com/trail/new-zealand/southland/cathedral-caves-walk,2022-03-19,,,1.0,,,,,,,,,,0,
OBS001345,NZ280,NZ280,https://www.alltrails.com/trail/new-zealand/southland/cathedral-caves-walk,2023-03-08,,,1.0,1.0,,,,,,,,,0,
OBS001346,NZ280,NZ280,https://www.alltrails.com/trail/new-zealand/southland/cathedral-caves-walk,2024-03-30,,,1.0,,,,,,,,,,0,
OBS001347,NZ280,NZ280,https://www.alltrails.com/trail/new-zealand/southland/cathedral-caves-walk,2025-02-07,,,1.0,,,,,,,,,,0,
OBS001348,NZ280,NZ280,https://www.alltrails.com/trail/new-zealand/southland/cathedral-caves-walk,2025-02-07,,,1.0,,,,,,,,,,0,
OBS001349,NZ280,NZ280,https://www.alltrails.com/trail/new-zealand/southland/cathedral-caves-walk,2025-02-17,,,1.0,,,,,,,,,,0,
OBS001350,NZ280,NZ280,https://www.alltrails.com/trail/new-zealand/southland/cathedral-caves-walk,2025-02-27,,,1.0,,,,,,,,,,0,
OBS001351,NZ280,NZ280,https://www.alltrails.com/trail/new-zealand/southland/cathedral-caves-walk,2025-03-06,,,1.0,,,,,,,,,,0,
OBS001352,NZ280,NZ280,https://www.alltrails.com/trail/new-zealand/southland/cathedral-caves-walk,2025-04-06,,,1.0,1.0,,,,,,,,,0,
OBS001353,NZ280,NZ280,https://www.alltrails.com/trail/new-zealand/southland/cathedral-caves-walk,2025-04-09,,,1.0,,,,,,,,,,0,
OBS001354,NZ280,NZ280,https://www.alltrails.com/trail/new-zealand/southland/cathedral-caves-walk,2025-04-22,,,1.0,,,,,,,,,,0,
OBS001355,NZ282,NZ282,https://www.alltrails.com/trail/new-zealand/wellington/korokoro-dam-via-korokoro-stream-track,2023-01-25,,,,,1.0,,,,,,,,0,
OBS001356,NZ282,NZ282,https://www.alltrails.com/trail/new-zealand/wellington/korokoro-dam-via-korokoro-stream-track,2024-03-31,,,1.0,,,,,,,,,,0,
OBS001357,NZ282,NZ282,https://www.alltrails.com/trail/new-zealand/wellington/korokoro-dam-via-korokoro-stream-track,2024-05-26,,,1.0,,,,,,,,,,0,
OBS001358,NZ282,NZ282,https://www.alltrails.com/trail/new-zealand/wellington/korokoro-dam-via-korokoro-stream-track,2024-06-26,,,1.0,,,,,,,,,,0,
OBS001359,NZ282,NZ282,https://www.alltrails.com/trail/new-zealand/wellington/korokoro-dam-via-korokoro-stream-track,2024-09-21,,,1.0,,,,,,,,,,0,
OBS001360,NZ282,NZ282,https://www.alltrails.com/trail/new-zealand/wellington/korokoro-dam-via-korokoro-stream-track,2024-10-28,,,1.0,,,,,,,,,,0,
OBS001361,NZ282,NZ282,https://www.alltrails.com/trail/new-zealand/wellington/korokoro-dam-via-korokoro-stream-track,2024-11-01,,,1.0,,,,,,,,,,0,
OBS001362,NZ282,NZ282,https://www.alltrails.com/trail/new-zealand/wellington/korokoro-dam-via-korokoro-stream-track,2024-11-11,,,1.0,,1.0,,,,,,,,0,
OBS001363,NZ282,NZ282,https://www.alltrails.com/trail/new-zealand/wellington/korokoro-dam-via-korokoro-stream-track,2025-01-18,,,1.0,,1.0,,,,,,,,0,
OBS001364,NZ282,NZ282,https://www.alltrails.com/trail/new-zealand/wellington/korokoro-dam-via-korokoro-stream-track,2025-04-04,,,1.0,,1.0,,,,,,,,0,
OBS001365,NZ283,NZ283,https://www.alltrails.com/trail/new-zealand/wellington/queen-elizabeth-park-from-raumati-south,2024-06-22,,,1.0,,,,,,,,,,0,
OBS001366,NZ283,NZ283,https://www.alltrails.com/trail/new-zealand/wellington/queen-elizabeth-park-from-raumati-south,2024-09-24,,,1.0,,,,,,,,,,0,
OBS001367,NZ284,NZ284,https://www.alltrails.com/trail/new-zealand/wellington/battle-hill-forest-park-loop,2024-04-13,,,1.0,,,,,,,,,,0,
OBS001368,NZ284,NZ284,https://www.alltrails.com/trail/new-zealand/wellington/battle-hill-forest-park-loop,2024-11-03,,,1.0,,,,,,,,,,0,
OBS001369,NZ285,NZ285,https://www.alltrails.com/trail/new-zealand/wellington/belmont-trig-via-otanga-tramping-track,2024-06-27,,,1.0,,,,,,,,,,0,
OBS001370,NZ285,NZ285,https://www.alltrails.com/trail/new-zealand/wellington/belmont-trig-via-otanga-tramping-track,2024-06-28,,,1.0,,,,,,,,,,0,
OBS001371,NZ285,NZ285,https://www.alltrails.com/trail/new-zealand/wellington/belmont-trig-via-otanga-tramping-track,2024-11-29,,,1.0,,,,,,,,,,0,
OBS001372,NZ285,NZ285,https://www.alltrails.com/trail/new-zealand/wellington/belmont-trig-via-otanga-tramping-track,2025-01-11,,,1.0,,,,,,,,,,0,
OBS001373,NZ285,NZ285,https://www.alltrails.com/trail/new-zealand/wellington/belmont-trig-via-otanga-tramping-track,2025-06-18,,,1.0,,,,,,,,,,0,
OBS001374,NZ286,NZ286,https://www.alltrails.com/trail/new-zealand/wellington/belmont-trig-loop,2024-09-17,,,,,1.0,,,,,,,,0,
OBS001375,NZ286,NZ286,https://www.alltrails.com/trail/new-zealand/wellington/belmont-trig-loop,2024-10-04,,,1.0,,,,,,,,,,0,
OBS001376,NZ286,NZ286,https://www.alltrails.com/trail/new-zealand/wellington/belmont-trig-loop,2024-10-09,,,1.0,,,,,,,,,,0,
OBS001377,NZ286,NZ286,https://www.alltrails.com/trail/new-zealand/wellington/belmont-trig-loop,2024-12-02,,,1.0,,,,,,,,,,0,
OBS001378,NZ286,NZ286,https://www.alltrails.com/trail/new-zealand/wellington/belmont-trig-loop,2024-12-10,,,1.0,,,,,,,,,,0,
OBS001379,NZ286,NZ286,https://www.alltrails.com/trail/new-zealand/wellington/belmont-trig-loop,2024-12-12,,,1.0,,,,,,,,,,0,
OBS001380,NZ286,NZ286,https://www.alltrails.com/trail/new-zealand/wellington/belmont-trig-loop,2024-12-28,,,,0.0,,,,,,,,,0,
OBS001381,NZ286,NZ286,https://www.alltrails.com/trail/new-zealand/wellington/belmont-trig-loop,2025-01-10,,,1.0,,,,,,,,,,0,
OBS001382,NZ286,NZ286,https://www.alltrails.com/trail/new-zealand/wellington/belmont-trig-loop,2025-04-06,,,1.0,,,,,,,,,,0,
OBS001383,NZ286,NZ286,https://www.alltrails.com/trail/new-zealand/wellington/belmont-trig-loop,2025-04-27,,,1.0,,,,,,,,,,0,
OBS001384,NZ286,NZ286,https://www.alltrails.com/trail/new-zealand/wellington/belmont-trig-loop,2025-05-23,,,1.0,,,,,,,,,,0,
OBS001385,NZ286,NZ286,https://www.alltrails.com/trail/new-zealand/wellington/belmont-trig-loop,2025-05-31,,,1.0,,,,,,,,,,0,
OBS001386,NZ286,NZ286,https://www.alltrails.com/trail/new-zealand/wellington/belmont-trig-loop,2025-06-01,,,1.0,,,,,,,,,,0,
OBS001387,NZ286,NZ286,https://www.alltrails.com/trail/new-zealand/wellington/belmont-trig-loop,2025-06-02,,,1.0,,,,,,,,,,0,
OBS001388,NZ287,NZ287,https://www.alltrails.com/trail/new-zealand/auckland/watercare-coastal-walkway,2025-02-25,,,,1.0,,,,,,,,,0,
OBS001389,NZ288,NZ288,https://www.alltrails.com/trail/new-zealand/southland/ackers-point-track,2024-10-19,,,1.0,,,,,,,,,,0,
OBS001390,NZ288,NZ288,https://www.alltrails.com/trail/new-zealand/southland/ackers-point-track,2024-10-22,,,1.0,,,,,,,,,,0,
OBS001391,NZ288,NZ288,https://www.alltrails.com/trail/new-zealand/southland/ackers-point-track,2024-12-29,,,1.0,1.0,,,,,,,,,0,
OBS001392,NZ288,NZ288,https://www.alltrails.com/trail/new-zealand/southland/ackers-point-track,2025-01-21,,,,0.0,,,,,,,,,0,
OBS001393,NZ288,NZ288,https://www.alltrails.com/trail/new-zealand/southland/ackers-point-track,2025-01-22,,,1.0,1.0,,,,,,,,,0,
OBS001394,NZ288,NZ288,https://www.alltrails.com/trail/new-zealand/southland/ackers-point-track,2025-02-04,,,1.0,,,,,,,,,,0,
OBS001395,NZ288,NZ288,https://www.alltrails.com/trail/new-zealand/southland/ackers-point-track,2025-02-05,,,1.0,,,,,,,,,,0,
OBS001396,NZ288,NZ288,https://www.alltrails.com/trail/new-zealand/southland/ackers-point-track,2025-02-26,,,1.0,,,,,,,,,,0,
OBS001397,NZ288,NZ288,https://www.alltrails.com/trail/new-zealand/southland/ackers-point-track,2025-03-20,,,1.0,,,,,,,,,,0,
OBS001398,NZ288,NZ288,https://www.alltrails.com/trail/new-zealand/southland/ackers-point-track,2025-05-03,,,1.0,,,,,,,,,,0,
OBS001399,NZ288,NZ288,https://www.alltrails.com/trail/new-zealand/southland/ackers-point-track,2025-05-20,,,1.0,,,,,,,,,,0,
OBS001400,NZ288,NZ288,https://www.alltrails.com/trail/new-zealand/southland/ackers-point-track,2025-05-24,,,1.0,,,,,,,,,,0,
OBS001401,NZ288,NZ288,https://www.alltrails.com/trail/new-zealand/southland/ackers-point-track,2025-06-09,,,1.0,,,,,,,,,,0,
OBS001402,NZ289,NZ289,https://www.alltrails.com/trail/new-zealand/auckland/ti-point-coastal-walkway,2023-02-26,,,,,1.0,,,,,,,,0,
OBS001403,NZ289,NZ289,https://www.alltrails.com/trail/new-zealand/auckland/ti-point-coastal-walkway,2023-03-04,,,1.0,,,,,,,,,,0,
OBS001404,NZ290,NZ290,https://www.alltrails.com/trail/new-zealand/auckland/orakei-waterfront-path,2020-04-07,,,1.0,,,,,,,,,,0,
OBS001405,NZ290,NZ290,https://www.alltrails.com/trail/new-zealand/auckland/orakei-waterfront-path,2021-02-01,,,1.0,,,,,,,,,,0,
OBS001406,NZ290,NZ290,https://www.alltrails.com/trail/new-zealand/auckland/orakei-waterfront-path,2025-02-24,,,1.0,,,,,,,,,,0,
OBS001407,NZ290,NZ290,https://www.alltrails.com/trail/new-zealand/auckland/orakei-waterfront-path,2025-04-10,,,1.0,,,,,,,,,,0,
OBS001408,NZ290,NZ290,https://www.alltrails.com/trail/new-zealand/auckland/orakei-waterfront-path,2025-06-01,,,1.0,,,,,,,,,,0,
OBS001409,NZ291,NZ291,https://www.alltrails.com/trail/new-zealand/northland/okiato-to-russell-walkway,2024-11-14,,,0.0,,,,,,,,,,0,
OBS001410,NZ291,NZ291,https://www.alltrails.com/trail/new-zealand/northland/okiato-to-russell-walkway,2024-12-28,,,1.0,,,,,,,,,,0,
OBS001411,NZ291,NZ291,https://www.alltrails.com/trail/new-zealand/northland/okiato-to-russell-walkway,2024-12-29,,,1.0,,,,,,,,,,0,
OBS001412,NZ291,NZ291,https://www.alltrails.com/trail/new-zealand/northland/okiato-to-russell-walkway,2025-01-12,,,1.0,,,,,,,,,,0,
OBS001413,NZ291,NZ291,https://www.alltrails.com/trail/new-zealand/northland/okiato-to-russell-walkway,2025-01-15,,,1.0,,,,,,,,,,0,
OBS001414,NZ292,NZ292,https://www.alltrails.com/trail/new-zealand/northland/whangaruru-north-head-southern-loop,2025-01-07,,,1.0,,,,,,,,,,0,
OBS001415,NZ292,NZ292,https://www.alltrails.com/trail/new-zealand/northland/whangaruru-north-head-southern-loop,2025-01-11,,,1.0,0.0,,,,,,,,,0,
OBS001416,NZ292,NZ292,https://www.alltrails.com/trail/new-zealand/northland/whangaruru-north-head-southern-loop,2025-04-09,,,1.0,,,,,,,,,,0,
OBS001417,NZ293,NZ293,https://www.alltrails.com/trail/new-zealand/northland/whangaruru-north-head-full-loop,2025-02-18,,,1.0,,,,,,,,,,0,
OBS001418,NZ293,NZ293,https://www.alltrails.com/trail/new-zealand/northland/whangaruru-north-head-full-loop,2025-03-20,,,1.0,,,,,,,,,,0,
OBS001419,NZ294,NZ294,https://www.alltrails.com/trail/new-zealand/nelson-tasman/heaphy-track-brown-hut-to-perry-saddle-hut,2020-01-23,,,,1.0,,,,,,,,,0,
OBS001420,NZ294,NZ294,https://www.alltrails.com/trail/new-zealand/nelson-tasman/heaphy-track-brown-hut-to-perry-saddle-hut,2020-01-25,,,,1.0,,,,,,,,,0,
OBS001421,NZ294,NZ294,https://www.alltrails.com/trail/new-zealand/nelson-tasman/heaphy-track-brown-hut-to-perry-saddle-hut,2023-02-21,,,1.0,,,,,,,,,,0,
OBS001422,NZ294,NZ294,https://www.alltrails.com/trail/new-zealand/nelson-tasman/heaphy-track-brown-hut-to-perry-saddle-hut,2024-09-28,,,1.0,,,,,,,,,,0,
OBS001423,NZ294,NZ294,https://www.alltrails.com/trail/new-zealand/nelson-tasman/heaphy-track-brown-hut-to-perry-saddle-hut,2025-02-13,,,1.0,,,,,,,,,,0,
OBS001424,NZ294,NZ294,https://www.alltrails.com/trail/new-zealand/nelson-tasman/heaphy-track-brown-hut-to-perry-saddle-hut,2025-02-18,,,,,1.0,,,,,,,,0,
OBS001425,NZ294,NZ294,https://www.alltrails.com/trail/new-zealand/nelson-tasman/heaphy-track-brown-hut-to-perry-saddle-hut,2025-03-29,,,1.0,,,,,,,,,,0,
OBS001426,NZ294,NZ294,https://www.alltrails.com/trail/new-zealand/nelson-tasman/heaphy-track-brown-hut-to-perry-saddle-hut,2025-03-29,,,1.0,,,,,,,,,,0,
OBS001427,NZ294,NZ294,https://www.alltrails.com/trail/new-zealand/nelson-tasman/heaphy-track-brown-hut-to-perry-saddle-hut,2025-03-31,,,1.0,,,,,,,,,,0,
OBS001428,NZ295,NZ295,https://www.alltrails.com/trail/new-zealand/nelson-tasman/sir-stanley-whitehead-loop,2024-10-18,,,1.0,,,,,,,,,,0,
OBS001429,NZ295,NZ295,https://www.alltrails.com/trail/new-zealand/nelson-tasman/sir-stanley-whitehead-loop,2024-12-31,,,1.0,,,,,,,,,,0,
OBS001430,NZ296,NZ296,https://www.alltrails.com/trail/new-zealand/nelson-tasman/saint-arnaud-loop-walk,2023-02-04,,,1.0,,,,,,,,,,0,
OBS001431,NZ296,NZ296,https://www.alltrails.com/trail/new-zealand/nelson-tasman/saint-arnaud-loop-walk,2023-08-22,,,1.0,,,,,,,,,,0,
OBS001432,NZ296,NZ296,https://www.alltrails.com/trail/new-zealand/nelson-tasman/saint-arnaud-loop-walk,2024-06-01,,,1.0,,,,,,,,,,0,
OBS001433,NZ296,NZ296,https://www.alltrails.com/trail/new-zealand/nelson-tasman/saint-arnaud-loop-walk,2024-12-07,,,1.0,,,,,,,,,,0,
OBS001434,NZ296,NZ296,https://www.alltrails.com/trail/new-zealand/nelson-tasman/saint-arnaud-loop-walk,2025-01-01,,,1.0,,,,,,,,,,0,
OBS001435,NZ296,NZ296,https://www.alltrails.com/trail/new-zealand/nelson-tasman/saint-arnaud-loop-walk,2025-01-21,,,1.0,,,,,,,,,,0,
OBS001436,NZ296,NZ296,https://www.alltrails.com/trail/new-zealand/nelson-tasman/saint-arnaud-loop-walk,2025-01-27,,,1.0,,,,,,,,,,0,
OBS001437,NZ296,NZ296,https://www.alltrails.com/trail/new-zealand/nelson-tasman/saint-arnaud-loop-walk,2025-02-14,,,1.0,,,,,,,,,,0,
OBS001438,NZ296,NZ296,https://www.alltrails.com/trail/new-zealand/nelson-tasman/saint-arnaud-loop-walk,2025-02-16,,,1.0,,,,,,,,,,0,
OBS001439,NZ296,NZ296,https://www.alltrails.com/trail/new-zealand/nelson-tasman/saint-arnaud-loop-walk,2025-02-21,,,1.0,,,,,,,,,,0,
OBS001440,NZ296,NZ296,https://www.alltrails.com/trail/new-zealand/nelson-tasman/saint-arnaud-loop-walk,2025-03-17,,,1.0,,,,,,,,,,0,
OBS001441,NZ296,NZ296,https://www.alltrails.com/trail/new-zealand/nelson-tasman/saint-arnaud-loop-walk,2025-03-26,,,1.0,,,,,,,,,,0,
OBS001442,NZ296,NZ296,https://www.alltrails.com/trail/new-zealand/nelson-tasman/saint-arnaud-loop-walk,2025-04-23,,,1.0,,,,,,,,,,0,
OBS001443,NZ297,NZ297,https://www.alltrails.com/trail/new-zealand/west-coast/franz-josef-glacier-walk-including-sentinel-rock,2025-02-22,,,1.0,,,,,,,,,,0,
OBS001444,NZ297,NZ297,https://www.alltrails.com/trail/new-zealand/west-coast/franz-josef-glacier-walk-including-sentinel-rock,2025-02-27,,,1.0,,,,,,,,,,0,
OBS001445,NZ297,NZ297,https://www.alltrails.com/trail/new-zealand/west-coast/franz-josef-glacier-walk-including-sentinel-rock,2025-04-30,,,1.0,,,,,,,,,,0,
OBS001446,NZ297,NZ297,https://www.alltrails.com/trail/new-zealand/west-coast/franz-josef-glacier-walk-including-sentinel-rock,2025-06-01,,,1.0,,,,,,,,,,0,
OBS001447,NZ297,NZ297,https://www.alltrails.com/trail/new-zealand/west-coast/franz-josef-glacier-walk-including-sentinel-rock,2025-06-02,,,1.0,,,,,,,,,,0,
OBS001448,NZ299,NZ299,https://www.alltrails.com/trail/new-zealand/auckland/eastern-beaches-track,2025-02-01,,,1.0,,,,,,,,,,0,
OBS001449,NZ301,NZ301,https://www.alltrails.com/trail/new-zealand/nelson-tasman/bushline-hut-via-paddy-s-track,2023-10-24,,,1.0,,,,,,,,,,0,
OBS001450,NZ301,NZ301,https://www.alltrails.com/trail/new-zealand/nelson-tasman/bushline-hut-via-paddy-s-track,2024-05-18,,,1.0,,,,,,,,,,0,
OBS001451,NZ301,NZ301,https://www.alltrails.com/trail/new-zealand/nelson-tasman/bushline-hut-via-paddy-s-track,2024-09-13,,,1.0,,,1.0,1.0,,,,,,0,
OBS001452,NZ301,NZ301,https://www.alltrails.com/trail/new-zealand/nelson-tasman/bushline-hut-via-paddy-s-track,2024-12-08,,,1.0,,,,,,,,,,0,
OBS001453,NZ301,NZ301,https://www.alltrails.com/trail/new-zealand/nelson-tasman/bushline-hut-via-paddy-s-track,2025-01-25,,,1.0,,,,,,,,,,0,
OBS001454,NZ301,NZ301,https://www.alltrails.com/trail/new-zealand/nelson-tasman/bushline-hut-via-paddy-s-track,2025-01-28,,,1.0,,,,,,,,,,0,
OBS001455,NZ301,NZ301,https://www.alltrails.com/trail/new-zealand/nelson-tasman/bushline-hut-via-paddy-s-track,2025-02-12,,,1.0,,,,,,,,,,0,
OBS001456,NZ301,NZ301,https://www.alltrails.com/trail/new-zealand/nelson-tasman/bushline-hut-via-paddy-s-track,2025-05-02,,,1.0,,,,,,,,,,0,
OBS001457,NZ303,NZ303,https://www.alltrails.com/trail/new-zealand/nelson-tasman/cobb-valley-track-to-fenella-hut,2024-12-23,,,1.0,,,,,,,,,,0,
OBS001458,NZ303,NZ303,https://www.alltrails.com/trail/new-zealand/nelson-tasman/cobb-valley-track-to-fenella-hut,2025-04-25,,,1.0,,1.0,,,,,,,,0,
OBS001459,NZ305,NZ305,https://www.alltrails.com/trail/new-zealand/nelson-tasman/dun-mountain-loop-track,2024-12-30,,,1.0,1.0,1.0,,,,,,,,0,
OBS001460,NZ305,NZ305,https://www.alltrails.com/trail/new-zealand/nelson-tasman/dun-mountain-loop-track,2025-03-14,,,1.0,,,,,,,,,,0,
OBS001461,NZ307,NZ307,https://www.alltrails.com/trail/new-zealand/nelson-tasman/kina-beach-circuit,2024-11-27,,,,0.0,,,,,,,,,0,
OBS001462,NZ308,NZ308,https://www.alltrails.com/trail/new-zealand/nelson-tasman/whispering-falls-track,2022-04-19,,,1.0,,,,,,,,,,0,
OBS001463,NZ308,NZ308,https://www.alltrails.com/trail/new-zealand/nelson-tasman/whispering-falls-track,2022-09-27,,,1.0,,,,,,,,,,0,
OBS001464,NZ308,NZ308,https://www.alltrails.com/trail/new-zealand/nelson-tasman/whispering-falls-track,2023-01-29,,,,,1.0,,,,,,,,0,
OBS001465,NZ308,NZ308,https://www.alltrails.com/trail/new-zealand/nelson-tasman/whispering-falls-track,2023-10-24,,,,,1.0,,,,,,,,0,
OBS001466,NZ308,NZ308,https://www.alltrails.com/trail/new-zealand/nelson-tasman/whispering-falls-track,2024-03-09,,,,,1.0,,,,,,,,0,
OBS001467,NZ308,NZ308,https://www.alltrails.com/trail/new-zealand/nelson-tasman/whispering-falls-track,2025-01-01,,,1.0,,,,,,,,,,0,
OBS001468,NZ308,NZ308,https://www.alltrails.com/trail/new-zealand/nelson-tasman/whispering-falls-track,2025-03-01,,,1.0,,,,,,,,,,0,
OBS001469,NZ310,NZ310,https://www.alltrails.com/trail/new-zealand/nelson-tasman/hawkes-lookout-walk,2024-05-07,,,1.0,,,,,,,,,,0,
OBS001470,NZ310,NZ310,https://www.alltrails.com/trail/new-zealand/nelson-tasman/hawkes-lookout-walk,2024-05-30,,,1.0,,,,,,,,,,0,
OBS001471,NZ310,NZ310,https://www.alltrails.com/trail/new-zealand/nelson-tasman/hawkes-lookout-walk,2024-10-26,,,1.0,,,,,,,,,,0,
OBS001472,NZ310,NZ310,https://www.alltrails.com/trail/new-zealand/nelson-tasman/hawkes-lookout-walk,2024-12-27,,,1.0,,,,,,,,,,0,
OBS001473,NZ310,NZ310,https://www.alltrails.com/trail/new-zealand/nelson-tasman/hawkes-lookout-walk,2025-01-27,,,1.0,,,,,,,,,,0,
OBS001474,NZ310,NZ310,https://www.alltrails.com/trail/new-zealand/nelson-tasman/hawkes-lookout-walk,2025-02-15,,,1.0,,,,,,,,,,0,
OBS001475,NZ310,NZ310,https://www.alltrails.com/trail/new-zealand/nelson-tasman/hawkes-lookout-walk,2025-03-23,,,1.0,,,,,,,,,,0,
OBS001476,NZ310,NZ310,https://www.alltrails.com/trail/new-zealand/nelson-tasman/hawkes-lookout-walk,2025-04-30,,,1.0,,,,,,,,,,0,
OBS001477,NZ315,NZ315,https://www.alltrails.com/trail/new-zealand/northland/botanical-and-puriri-track-via-tanekaha-falls,2022-12-26,,,1.0,,1.0,,,,,,,,0,
OBS001478,NZ315,NZ315,https://www.alltrails.com/trail/new-zealand/northland/botanical-and-puriri-track-via-tanekaha-falls,2023-04-01,,,1.0,,,,,,,,,,0,
OBS001479,NZ315,NZ315,https://www.alltrails.com/trail/new-zealand/northland/botanical-and-puriri-track-via-tanekaha-falls,2024-04-13,,,,,0.0,,,,,,,,0,
OBS001480,NZ315,NZ315,https://www.alltrails.com/trail/new-zealand/northland/botanical-and-puriri-track-via-tanekaha-falls,2024-09-14,,,1.0,,,,,,,,,,0,
OBS001481,NZ315,NZ315,https://www.alltrails.com/trail/new-zealand/northland/botanical-and-puriri-track-via-tanekaha-falls,2024-10-24,,,1.0,,,,,,,,,,0,
OBS001482,NZ315,NZ315,https://www.alltrails.com/trail/new-zealand/northland/botanical-and-puriri-track-via-tanekaha-falls,2024-12-30,,,1.0,,,,,,,,,,0,
OBS001483,NZ315,NZ315,https://www.alltrails.com/trail/new-zealand/northland/botanical-and-puriri-track-via-tanekaha-falls,2025-01-06,,,1.0,,,,,,,,,,0,
OBS001484,NZ315,NZ315,https://www.alltrails.com/trail/new-zealand/northland/botanical-and-puriri-track-via-tanekaha-falls,2025-01-09,,,1.0,,,,,,,,,,0,
OBS001485,NZ315,NZ315,https://www.alltrails.com/trail/new-zealand/northland/botanical-and-puriri-track-via-tanekaha-falls,2025-01-27,,,1.0,,,,,,,,,,0,
OBS001486,NZ316,NZ316,https://www.alltrails.com/trail/new-zealand/northland/charlies-rock-walkway,2024-11-23,,,1.0,,,,,,,,,,0,
OBS001487,NZ316,NZ316,https://www.alltrails.com/trail/new-zealand/northland/charlies-rock-walkway,2024-12-18,,,1.0,,1.0,,,,,,,,0,
OBS001488,NZ317,NZ317,https://www.alltrails.com/trail/new-zealand/northland/trounson-kauri-walk,2024-01-02,,,1.0,,,,,,,,,,0,
OBS001489,NZ317,NZ317,https://www.alltrails.com/trail/new-zealand/northland/trounson-kauri-walk,2024-08-14,,,1.0,,,,,,,,,,0,
OBS001490,NZ317,NZ317,https://www.alltrails.com/trail/new-zealand/northland/trounson-kauri-walk,2024-10-23,,,1.0,,,,,,,,,,0,
OBS001491,NZ317,NZ317,https://www.alltrails.com/trail/new-zealand/northland/trounson-kauri-walk,2024-11-29,,,1.0,,,,,,,,,,0,
OBS001492,NZ317,NZ317,https://www.alltrails.com/trail/new-zealand/northland/trounson-kauri-walk,2025-04-20,,,1.0,,,,,,,,,,0,
OBS001493,NZ318,NZ318,https://www.alltrails.com/trail/new-zealand/auckland/mangemangeroa-shelly-park-beach-path,2025-01-29,,,1.0,,,,,,,,,,0,
OBS001494,NZ318,NZ318,https://www.alltrails.com/trail/new-zealand/auckland/mangemangeroa-shelly-park-beach-path,2025-02-05,,,1.0,,,,,,,,,,0,
OBS001495,NZ318,NZ318,https://www.alltrails.com/trail/new-zealand/auckland/mangemangeroa-shelly-park-beach-path,2025-02-24,,,1.0,,,,,,,,,,0,
OBS001496,NZ318,NZ318,https://www.alltrails.com/trail/new-zealand/auckland/mangemangeroa-shelly-park-beach-path,2025-04-24,,,1.0,,,,,,,,,,0,
OBS001497,NZ319,NZ319,https://www.alltrails.com/trail/new-zealand/marlborough/hilltop-view-loop-track,2023-03-21,,,1.0,,,,,,,,,,0,
OBS001498,NZ319,NZ319,https://www.alltrails.com/trail/new-zealand/marlborough/hilltop-view-loop-track,2023-03-24,,,1.0,,,,,,,,,,0,
OBS001499,NZ319,NZ319,https://www.alltrails.com/trail/new-zealand/marlborough/hilltop-view-loop-track,2023-11-04,,,1.0,,,,,,,,,,0,
OBS001500,NZ319,NZ319,https://www.alltrails.com/trail/new-zealand/marlborough/hilltop-view-loop-track,2024-08-21,,,,,1.0,,,,,,,,0,
OBS001501,NZ319,NZ319,https://www.alltrails.com/trail/new-zealand/marlborough/hilltop-view-loop-track,2024-08-22,,,0.0,,,,,,,,,,0,
OBS001502,NZ319,NZ319,https://www.alltrails.com/trail/new-zealand/marlborough/hilltop-view-loop-track,2024-11-03,,,1.0,,,,,,,,,,0,
OBS001503,NZ319,NZ319,https://www.alltrails.com/trail/new-zealand/marlborough/hilltop-view-loop-track,2025-01-04,,,1.0,,,,,,,,,,0,
OBS001504,NZ319,NZ319,https://www.alltrails.com/trail/new-zealand/marlborough/hilltop-view-loop-track,2025-01-11,,,1.0,,,,,,,,,,0,
OBS001505,NZ319,NZ319,https://www.alltrails.com/trail/new-zealand/marlborough/hilltop-view-loop-track,2025-03-14,,,1.0,,,,,,,,,,0,
OBS001506,NZ321,NZ321,https://www.alltrails.com/trail/new-zealand/marlborough/lake-chalice-hut-track,2025-01-19,,,1.0,,,,,,,,,,0,
OBS001507,NZ321,NZ321,https://www.alltrails.com/trail/new-zealand/marlborough/lake-chalice-hut-track,2025-02-07,,,1.0,,,,,,,,,,0,
OBS001508,NZ322,NZ322,https://www.alltrails.com/trail/new-zealand/marlborough/tirohanga-track,2023-11-28,,,1.0,,,,,,,,,,0,
OBS001509,NZ322,NZ322,https://www.alltrails.com/trail/new-zealand/marlborough/tirohanga-track,2024-10-05,,,1.0,,,,,,,,,,0,
OBS001510,NZ322,NZ322,https://www.alltrails.com/trail/new-zealand/marlborough/tirohanga-track,2024-10-05,,,1.0,,,,,,,,,,0,
OBS001511,NZ322,NZ322,https://www.alltrails.com/trail/new-zealand/marlborough/tirohanga-track,2024-11-29,,,1.0,,,,,,,,,,0,
OBS001512,NZ322,NZ322,https://www.alltrails.com/trail/new-zealand/marlborough/tirohanga-track,2024-12-06,,,1.0,,,,,,,,,,0,
OBS001513,NZ322,NZ322,https://www.alltrails.com/trail/new-zealand/marlborough/tirohanga-track,2024-12-16,,,1.0,,,,,,,,,,0,
OBS001514,NZ322,NZ322,https://www.alltrails.com/trail/new-zealand/marlborough/tirohanga-track,2024-12-28,,,1.0,,,,,,,,,,0,
OBS001515,NZ322,NZ322,https://www.alltrails.com/trail/new-zealand/marlborough/tirohanga-track,2025-03-20,,,1.0,,,,,,,,,,0,
OBS001516,NZ323,NZ323,https://www.alltrails.com/trail/new-zealand/marlborough/picton-to-waikawa-track,2024-06-23,,,1.0,,,,,,,,,,0,
OBS001517,NZ323,NZ323,https://www.alltrails.com/trail/new-zealand/marlborough/picton-to-waikawa-track,2024-12-08,,,1.0,,,,,,,,,,0,
OBS001518,NZ323,NZ323,https://www.alltrails.com/trail/new-zealand/marlborough/picton-to-waikawa-track,2025-02-10,,,1.0,,,,,,,,,,0,
OBS001519,NZ324,NZ324,https://www.alltrails.com/trail/new-zealand/marlborough/lake-chalice-loop-track,2024-12-26,,,1.0,,,,,,,,,,0,
OBS001520,NZ325,NZ325,https://www.alltrails.com/trail/new-zealand/marlborough/mount-robertson-loop-track,2023-08-26,,,1.0,,,,,,,,,,0,
OBS001521,NZ325,NZ325,https://www.alltrails.com/trail/new-zealand/marlborough/mount-robertson-loop-track,2024-07-01,,,0.0,,,,,,,,,,0,
OBS001522,NZ325,NZ325,https://www.alltrails.com/trail/new-zealand/marlborough/mount-robertson-loop-track,2024-07-06,,,1.0,,1.0,,,,,,,,0,
OBS001523,NZ325,NZ325,https://www.alltrails.com/trail/new-zealand/marlborough/mount-robertson-loop-track,2024-10-30,,,,,1.0,,,,,,,,0,
OBS001524,NZ325,NZ325,https://www.alltrails.com/trail/new-zealand/marlborough/mount-robertson-loop-track,2025-01-04,,,1.0,,,,,,,,,,0,
OBS001525,NZ325,NZ325,https://www.alltrails.com/trail/new-zealand/marlborough/mount-robertson-loop-track,2025-01-29,,,1.0,,,,,,,,,,0,
OBS001526,NZ325,NZ325,https://www.alltrails.com/trail/new-zealand/marlborough/mount-robertson-loop-track,2025-05-02,,,1.0,,,,,,,,,,0,
OBS001527,NZ326,NZ326,https://www.alltrails.com/trail/new-zealand/marlborough/lower-and-upper-bobs-bay-track-loop,2022-01-15,,,1.0,,,,,,,,,,0,
OBS001528,NZ326,NZ326,https://www.alltrails.com/trail/new-zealand/marlborough/lower-and-upper-bobs-bay-track-loop,2024-01-17,,,1.0,,,,,,,,,,0,
OBS001529,NZ326,NZ326,https://www.alltrails.com/trail/new-zealand/marlborough/lower-and-upper-bobs-bay-track-loop,2024-12-19,,,1.0,0.0,,,,,,,,,0,
OBS001530,NZ326,NZ326,https://www.alltrails.com/trail/new-zealand/marlborough/lower-and-upper-bobs-bay-track-loop,2025-02-14,,,1.0,,,,,,,,,,0,
OBS001531,NZ327,NZ327,https://www.alltrails.com/trail/new-zealand/marlborough/fosters-hut-via-wakamarino-track,2024-05-25,,,1.0,,,,,,,,,,0,
OBS001532,NZ329,NZ329,https://www.alltrails.com/trail/new-zealand/marlborough/queen-charlotte-track-endeavour-inlet-to-camp-bay,2024-11-24,,,1.0,,,,,,,,,,0,
OBS001533,NZ329,NZ329,https://www.alltrails.com/trail/new-zealand/marlborough/queen-charlotte-track-endeavour-inlet-to-camp-bay,2024-11-25,,,1.0,0.0,,,,,,,,,0,
OBS001534,NZ329,NZ329,https://www.alltrails.com/trail/new-zealand/marlborough/queen-charlotte-track-endeavour-inlet-to-camp-bay,2024-12-03,,,1.0,,,,,,,,,,0,
OBS001535,NZ329,NZ329,https://www.alltrails.com/trail/new-zealand/marlborough/queen-charlotte-track-endeavour-inlet-to-camp-bay,2024-12-27,,,1.0,,,,,,,,,,0,
OBS001536,NZ329,NZ329,https://www.alltrails.com/trail/new-zealand/marlborough/queen-charlotte-track-endeavour-inlet-to-camp-bay,2025-01-01,,,1.0,,,,,,,,,,0,
OBS001537,NZ329,NZ329,https://www.alltrails.com/trail/new-zealand/marlborough/queen-charlotte-track-endeavour-inlet-to-camp-bay,2025-01-20,,,1.0,,,,,,,,,,0,
OBS001538,NZ329,NZ329,https://www.alltrails.com/trail/new-zealand/marlborough/queen-charlotte-track-endeavour-inlet-to-camp-bay,2025-01-25,,,,1.0,1.0,,,,,,,,0,
OBS001539,NZ329,NZ329,https://www.alltrails.com/trail/new-zealand/marlborough/queen-charlotte-track-endeavour-inlet-to-camp-bay,2025-01-29,,,1.0,,,,,,,,,,0,
OBS001540,NZ330,NZ330,https://www.alltrails.com/trail/new-zealand/marlborough/pelorus-bridge-circle-loop-track,2024-09-02,,,1.0,,,,,,,,,,0,
OBS001541,NZ330,NZ330,https://www.alltrails.com/trail/new-zealand/marlborough/pelorus-bridge-circle-loop-track,2024-12-14,,,1.0,,,,,,,,,,0,
OBS001542,NZ330,NZ330,https://www.alltrails.com/trail/new-zealand/marlborough/pelorus-bridge-circle-loop-track,2024-12-16,,,1.0,,,,,,,,,,0,
OBS001543,NZ330,NZ330,https://www.alltrails.com/trail/new-zealand/marlborough/pelorus-bridge-circle-loop-track,2025-01-12,,,1.0,0.0,,,,,,,,,0,
OBS001544,NZ330,NZ330,https://www.alltrails.com/trail/new-zealand/marlborough/pelorus-bridge-circle-loop-track,2025-01-26,,,1.0,,,,,,,,,,0,
OBS001545,NZ330,NZ330,https://www.alltrails.com/trail/new-zealand/marlborough/pelorus-bridge-circle-loop-track,2025-02-09,,,,0.0,,,,,,,,,0,
OBS001546,NZ330,NZ330,https://www.alltrails.com/trail/new-zealand/marlborough/pelorus-bridge-circle-loop-track,2025-02-17,,,1.0,,,,,,,,,,0,
OBS001547,NZ330,NZ330,https://www.alltrails.com/trail/new-zealand/marlborough/pelorus-bridge-circle-loop-track,2025-02-18,,,1.0,0.0,,,,,,,,,0,
OBS001548,NZ330,NZ330,https://www.alltrails.com/trail/new-zealand/marlborough/pelorus-bridge-circle-loop-track,2025-03-17,,,1.0,,,,,,,,,,0,
OBS001549,NZ330,NZ330,https://www.alltrails.com/trail/new-zealand/marlborough/pelorus-bridge-circle-loop-track,2025-04-09,,,1.0,,,,,,,,,,0,
OBS001550,NZ333,NZ333,https://www.alltrails.com/trail/new-zealand/waikato/piripiri-cave-walk,2023-06-30,,,1.0,,,,,,,,,,0,
OBS001551,NZ333,NZ333,https://www.alltrails.com/trail/new-zealand/waikato/piripiri-cave-walk,2024-02-13,,,1.0,,,,,,,,,,0,
OBS001552,NZ333,NZ333,https://www.alltrails.com/trail/new-zealand/waikato/piripiri-cave-walk,2024-02-18,,,1.0,,,,,,,,,,0,
OBS001553,NZ333,NZ333,https://www.alltrails.com/trail/new-zealand/waikato/piripiri-cave-walk,2024-11-08,,,1.0,,,,,,,,,,0,
OBS001554,NZ333,NZ333,https://www.alltrails.com/trail/new-zealand/waikato/piripiri-cave-walk,2025-01-13,,,1.0,,,,,,,,,,0,
OBS001555,NZ334,NZ334,https://www.alltrails.com/trail/new-zealand/waikato/waikawau-tunnel-beach-walk,2022-10-04,,,1.0,,,,,,,,,,0,
OBS001556,NZ334,NZ334,https://www.alltrails.com/trail/new-zealand/waikato/waikawau-tunnel-beach-walk,2025-05-21,,,1.0,,,,,,,,,,0,
OBS001557,NZ335,NZ335,https://www.alltrails.com/trail/new-zealand/waikato/marokopa-falls-walk,2021-04-26,,,1.0,,,,,,,,,,0,
OBS001558,NZ335,NZ335,https://www.alltrails.com/trail/new-zealand/waikato/marokopa-falls-walk,2021-12-27,,,1.0,,,,,,,,,,0,
OBS001559,NZ335,NZ335,https://www.alltrails.com/trail/new-zealand/waikato/marokopa-falls-walk,2022-01-21,,,1.0,,,,,,,,,,0,
OBS001560,NZ335,NZ335,https://www.alltrails.com/trail/new-zealand/waikato/marokopa-falls-walk,2022-02-01,,,1.0,,,,,,,,,,0,
OBS001561,NZ335,NZ335,https://www.alltrails.com/trail/new-zealand/waikato/marokopa-falls-walk,2022-06-19,,,1.0,,,,,,,,,,0,
OBS001562,NZ335,NZ335,https://www.alltrails.com/trail/new-zealand/waikato/marokopa-falls-walk,2023-06-30,,,,,1.0,,,,,,,,0,
OBS001563,NZ335,NZ335,https://www.alltrails.com/trail/new-zealand/waikato/marokopa-falls-walk,2023-12-22,,,,,1.0,,,,,,,,0,
OBS001564,NZ335,NZ335,https://www.alltrails.com/trail/new-zealand/waikato/marokopa-falls-walk,2024-02-11,,,1.0,,,,,,,,,,0,
OBS001565,NZ335,NZ335,https://www.alltrails.com/trail/new-zealand/waikato/marokopa-falls-walk,2024-02-13,,,,,1.0,,,,,,,,0,
OBS001566,NZ335,NZ335,https://www.alltrails.com/trail/new-zealand/waikato/marokopa-falls-walk,2024-02-18,,,1.0,,,,,,,,,,0,
OBS001567,NZ335,NZ335,https://www.alltrails.com/trail/new-zealand/waikato/marokopa-falls-walk,2025-01-17,,,1.0,,,,,,,,,,0,
OBS001568,NZ335,NZ335,https://www.alltrails.com/trail/new-zealand/waikato/marokopa-falls-walk,2025-01-20,,,,,1.0,,,,,,,,0,
OBS001569,NZ335,NZ335,https://www.alltrails.com/trail/new-zealand/waikato/marokopa-falls-walk,2025-04-29,,,1.0,,,,,,,,,,0,
OBS001570,NZ336,NZ336,https://www.alltrails.com/trail/new-zealand/northland/haruru-falls-walk,2024-12-29,,,1.0,1.0,,,,,,,,,0,
OBS001571,NZ336,NZ336,https://www.alltrails.com/trail/new-zealand/northland/haruru-falls-walk,2025-02-28,,,1.0,,,,,,,,,,0,
OBS001572,NZ336,NZ336,https://www.alltrails.com/trail/new-zealand/northland/haruru-falls-walk,2025-03-11,,,1.0,,,,,,,,,,0,
OBS001573,NZ338,NZ338,https://www.alltrails.com/trail/new-zealand/waikato/black-hill-loop-track,2024-11-21,,,1.0,,,,,,,,,,0,
OBS001574,NZ338,NZ338,https://www.alltrails.com/trail/new-zealand/waikato/black-hill-loop-track,2024-11-25,,,1.0,,,,,,,,,,0,
OBS001575,NZ338,NZ338,https://www.alltrails.com/trail/new-zealand/waikato/black-hill-loop-track,2025-01-25,,,1.0,,,,,,,,,,0,
OBS001576,NZ338,NZ338,https://www.alltrails.com/trail/new-zealand/waikato/black-hill-loop-track,2025-03-02,,,1.0,,,,,,,,,,0,
OBS001577,NZ338,NZ338,https://www.alltrails.com/trail/new-zealand/waikato/black-hill-loop-track,2025-05-10,,,,,1.0,,,,,,,,0,
OBS001578,NZ338,NZ338,https://www.alltrails.com/trail/new-zealand/waikato/black-hill-loop-track,2025-05-23,,,1.0,,,,,,,,,,0,
OBS001579,NZ339,NZ339,https://www.alltrails.com/trail/new-zealand/waikato/ruakuri-lookout-walk,2024-11-29,,,1.0,,,,,,,,,,0,
OBS001580,NZ339,NZ339,https://www.alltrails.com/trail/new-zealand/waikato/ruakuri-lookout-walk,2024-12-10,,,1.0,,,,,,,,,,0,
OBS001581,NZ339,NZ339,https://www.alltrails.com/trail/new-zealand/waikato/ruakuri-lookout-walk,2024-12-15,,,1.0,,,,,,,,,,0,
OBS001582,NZ339,NZ339,https://www.alltrails.com/trail/new-zealand/waikato/ruakuri-lookout-walk,2025-02-20,,,1.0,,,,,,,,,,0,
OBS001583,NZ342,NZ342,https://www.alltrails.com/trail/new-zealand/auckland/withey-s-loop-track,2023-04-16,,,,,1.0,,,,,,,,0,
OBS001584,NZ342,NZ342,https://www.alltrails.com/trail/new-zealand/auckland/withey-s-loop-track,2023-10-20,,,1.0,,,,,,,,,,0,
OBS001585,NZ344,NZ344,https://www.alltrails.com/trail/new-zealand/bay-of-plenty/mount-putauaki-track--2,2024-01-15,,,1.0,,,,,,,,,,0,
OBS001586,NZ346,NZ346,https://www.alltrails.com/trail/new-zealand/waikato/karangahake-mountain-track-loop,2024-05-10,,,1.0,,,,,,,,,,0,
OBS001587,NZ346,NZ346,https://www.alltrails.com/trail/new-zealand/waikato/karangahake-mountain-track-loop,2024-06-08,,,1.0,,,,,,,,,,0,
OBS001588,NZ346,NZ346,https://www.alltrails.com/trail/new-zealand/waikato/karangahake-mountain-track-loop,2024-10-15,,,1.0,,,,,,,,,,0,
OBS001589,NZ346,NZ346,https://www.alltrails.com/trail/new-zealand/waikato/karangahake-mountain-track-loop,2024-10-24,,,,,1.0,,,,,,,,0,
OBS001590,NZ346,NZ346,https://www.alltrails.com/trail/new-zealand/waikato/karangahake-mountain-track-loop,2024-11-04,,,,,1.0,,,,,,,,0,
OBS001591,NZ346,NZ346,https://www.alltrails.com/trail/new-zealand/waikato/karangahake-mountain-track-loop,2024-12-05,,,,,1.0,,,,,,,,0,
OBS001592,NZ346,NZ346,https://www.alltrails.com/trail/new-zealand/waikato/karangahake-mountain-track-loop,2024-12-23,,,1.0,,,,,,,,,,0,
OBS001593,NZ346,NZ346,https://www.alltrails.com/trail/new-zealand/waikato/karangahake-mountain-track-loop,2025-05-30,,,1.0,,,,,,,,,,0,
OBS001594,NZ348,NZ348,https://www.alltrails.com/trail/new-zealand/bay-of-plenty/te-rereatukahia-hut-from-wharawhara-road,2023-04-08,,,1.0,,,,,,,,,,0,
OBS001595,NZ349,NZ349,https://www.alltrails.com/trail/new-zealand/canterbury/lake-tekapo-peninsula-walkway,2025-03-04,,,1.0,0.0,,,,,,,,,0,
OBS001596,NZ349,NZ349,https://www.alltrails.com/trail/new-zealand/canterbury/lake-tekapo-peninsula-walkway,2025-03-04,,,1.0,,,,,,,,,,0,
OBS001597,NZ349,NZ349,https://www.alltrails.com/trail/new-zealand/canterbury/lake-tekapo-peninsula-walkway,2025-03-06,,,1.0,,,,,,,,,,0,
OBS001598,NZ349,NZ349,https://www.alltrails.com/trail/new-zealand/canterbury/lake-tekapo-peninsula-walkway,2025-03-09,,,1.0,,,,,,,,,,0,
OBS001599,NZ349,NZ349,https://www.alltrails.com/trail/new-zealand/canterbury/lake-tekapo-peninsula-walkway,2025-03-12,,,1.0,,,,,,,,,,0,
OBS001600,NZ349,NZ349,https://www.alltrails.com/trail/new-zealand/canterbury/lake-tekapo-peninsula-walkway,2025-05-18,,,1.0,,,,,,,,,,0,
OBS001601,NZ349,NZ349,https://www.alltrails.com/trail/new-zealand/canterbury/lake-tekapo-peninsula-walkway,2025-06-20,,,1.0,0.0,,1.0,,,,,,,0,
OBS001602,NZ351,NZ351,https://www.alltrails.com/trail/new-zealand/canterbury/boundary-creek-hut-from-hakatere-heron-road,2023-05-03,,,1.0,,,,,,,,,,0,
OBS001603,NZ351,NZ351,https://www.alltrails.com/trail/new-zealand/canterbury/boundary-creek-hut-from-hakatere-heron-road,2024-06-24,,,1.0,,,,,,,,,,0,
OBS001604,NZ351,NZ351,https://www.alltrails.com/trail/new-zealand/canterbury/boundary-creek-hut-from-hakatere-heron-road,2024-11-16,,,1.0,,,,,,,,,,0,
OBS001605,NZ351,NZ351,https://www.alltrails.com/trail/new-zealand/canterbury/boundary-creek-hut-from-hakatere-heron-road,2025-02-06,,,1.0,,,,,,,,,,0,
OBS001606,NZ351,NZ351,https://www.alltrails.com/trail/new-zealand/canterbury/boundary-creek-hut-from-hakatere-heron-road,2025-03-02,,,1.0,1.0,,,,,,,,,0,
OBS001607,NZ352,NZ352,https://www.alltrails.com/trail/new-zealand/canterbury/podocarp-loop-track,2025-01-20,,,,,1.0,,,,,,,,0,
OBS001608,NZ353,NZ353,https://www.alltrails.com/trail/new-zealand/canterbury/woodland-walk-and-conical-hill-loop,2023-12-01,,,1.0,,1.0,,,,,,,,0,
OBS001609,NZ353,NZ353,https://www.alltrails.com/trail/new-zealand/canterbury/woodland-walk-and-conical-hill-loop,2024-04-06,,,1.0,,,,,,,,,,0,
OBS001610,NZ353,NZ353,https://www.alltrails.com/trail/new-zealand/canterbury/woodland-walk-and-conical-hill-loop,2024-06-30,,,1.0,,,,,,,,,,0,
OBS001611,NZ353,NZ353,https://www.alltrails.com/trail/new-zealand/canterbury/woodland-walk-and-conical-hill-loop,2024-08-06,,,,,1.0,1.0,1.0,,,,,,0,
OBS001612,NZ353,NZ353,https://www.alltrails.com/trail/new-zealand/canterbury/woodland-walk-and-conical-hill-loop,2024-08-26,,,1.0,,,,,,,,,,0,
OBS001613,NZ353,NZ353,https://www.alltrails.com/trail/new-zealand/canterbury/woodland-walk-and-conical-hill-loop,2024-09-12,,,1.0,,,,,,,,,,0,
OBS001614,NZ353,NZ353,https://www.alltrails.com/trail/new-zealand/canterbury/woodland-walk-and-conical-hill-loop,2024-11-02,,,1.0,,,,,,,,,,0,
OBS001615,NZ353,NZ353,https://www.alltrails.com/trail/new-zealand/canterbury/woodland-walk-and-conical-hill-loop,2025-01-01,,,1.0,,,,,,,,,,0,
OBS001616,NZ353,NZ353,https://www.alltrails.com/trail/new-zealand/canterbury/woodland-walk-and-conical-hill-loop,2025-01-08,,,,,1.0,,,,,,,,0,
OBS001617,NZ353,NZ353,https://www.alltrails.com/trail/new-zealand/canterbury/woodland-walk-and-conical-hill-loop,2025-03-14,,,1.0,,,,,,,,,,0,
OBS001618,NZ353,NZ353,https://www.alltrails.com/trail/new-zealand/canterbury/woodland-walk-and-conical-hill-loop,2025-04-28,,,1.0,,,,,,,,,,0,
OBS001619,NZ354,NZ354,https://www.alltrails.com/trail/new-zealand/canterbury/dog-stream-reserve-walk,2024-12-08,,,1.0,,,,,,,,,,0,
OBS001620,NZ354,NZ354,https://www.alltrails.com/trail/new-zealand/canterbury/dog-stream-reserve-walk,2024-12-12,,,1.0,,,,,,,,,,0,
OBS001621,NZ355,NZ355,https://www.alltrails.com/trail/new-zealand/waikato/karamu-walkway-north,2025-01-25,,,0.0,,,,,,,,,,0,
OBS001622,NZ355,NZ355,https://www.alltrails.com/trail/new-zealand/waikato/karamu-walkway-north,2025-03-08,,,1.0,,,,,,,,,,0,
OBS001623,NZ356,NZ356,https://www.alltrails.com/trail/new-zealand/waikato/hakarimata-walkway--2,2023-04-17,,,,,1.0,,,,,,,,0,
OBS001624,NZ356,NZ356,https://www.alltrails.com/trail/new-zealand/waikato/hakarimata-walkway--2,2023-07-29,,,,,1.0,,,,,,,,0,
OBS001625,NZ356,NZ356,https://www.alltrails.com/trail/new-zealand/waikato/hakarimata-walkway--2,2023-12-23,,,1.0,,,,,,,,,,0,
OBS001626,NZ356,NZ356,https://www.alltrails.com/trail/new-zealand/waikato/hakarimata-walkway--2,2024-09-21,,,,,1.0,,,,,,,,0,
OBS001627,NZ356,NZ356,https://www.alltrails.com/trail/new-zealand/waikato/hakarimata-walkway--2,2024-09-28,,,,,1.0,,,,,,,,0,
OBS001628,NZ356,NZ356,https://www.alltrails.com/trail/new-zealand/waikato/hakarimata-walkway--2,2025-04-26,,,1.0,,,,,,,,,,0,
OBS001629,NZ357,NZ357,https://www.alltrails.com/trail/new-zealand/waikato/karamu-walkway-south,2022-11-27,,,1.0,,1.0,,,,,,,,0,
OBS001630,NZ357,NZ357,https://www.alltrails.com/trail/new-zealand/waikato/karamu-walkway-south,2024-12-03,,,1.0,,,,,,,,,,0,
OBS001631,NZ357,NZ357,https://www.alltrails.com/trail/new-zealand/waikato/karamu-walkway-south,2025-04-11,,,1.0,,,,,,,,,,0,
OBS001632,NZ357,NZ357,https://www.alltrails.com/trail/new-zealand/waikato/karamu-walkway-south,2025-05-28,,,0.0,,,,,,,,,,0,
OBS001633,NZ358,NZ358,https://www.alltrails.com/trail/new-zealand/auckland/palmers-track,2022-04-02,,,1.0,,,,,,,,,,0,
OBS001634,NZ358,NZ358,https://www.alltrails.com/trail/new-zealand/auckland/palmers-track,2022-09-07,,,1.0,,,,,,,,,,0,
OBS001635,NZ358,NZ358,https://www.alltrails.com/trail/new-zealand/auckland/palmers-track,2025-01-29,,,1.0,,,,,,,,,,0,
OBS001636,NZ358,NZ358,https://www.alltrails.com/trail/new-zealand/auckland/palmers-track,2025-02-11,,,0.0,,,,,,,,,,0,
OBS001637,NZ358,NZ358,https://www.alltrails.com/trail/new-zealand/auckland/palmers-track,2025-02-16,,,1.0,,,,,,,,,,0,
OBS001638,NZ358,NZ358,https://www.alltrails.com/trail/new-zealand/auckland/palmers-track,2025-04-13,,,1.0,,,,,,,,,,0,
OBS001639,NZ358,NZ358,https://www.alltrails.com/trail/new-zealand/auckland/palmers-track,2025-04-23,,,1.0,,,,,,,,,,0,
OBS001640,NZ358,NZ358,https://www.alltrails.com/trail/new-zealand/auckland/palmers-track,2025-04-24,,,1.0,,,,,,,,,,0,
OBS001641,NZ359,NZ359,https://www.alltrails.com/trail/new-zealand/west-coast/sentinel-rock-walk,2024-02-17,,,1.0,1.0,1.0,,,,,,,,0,
OBS001642,NZ359,NZ359,https://www.alltrails.com/trail/new-zealand/west-coast/sentinel-rock-walk,2024-12-01,,,1.0,,,,,,,,,,0,
OBS001643,NZ359,NZ359,https://www.alltrails.com/trail/new-zealand/west-coast/sentinel-rock-walk,2025-04-21,,,1.0,,,,,,,,,,0,
OBS001644,NZ361,NZ361,https://www.alltrails.com/trail/new-zealand/west-coast/minnehaha-walk,2023-03-23,,,1.0,,,,,,,,,,0,
OBS001645,NZ361,NZ361,https://www.alltrails.com/trail/new-zealand/west-coast/minnehaha-walk,2023-11-17,,,1.0,,,,,,,,,,0,
OBS001646,NZ361,NZ361,https://www.alltrails.com/trail/new-zealand/west-coast/minnehaha-walk,2024-02-14,,,1.0,,,,,,,,,,0,
OBS001647,NZ361,NZ361,https://www.alltrails.com/trail/new-zealand/west-coast/minnehaha-walk,2024-06-11,,,1.0,,,,,,,,,,0,
OBS001648,NZ361,NZ361,https://www.alltrails.com/trail/new-zealand/west-coast/minnehaha-walk,2024-07-08,,,1.0,,,,,,,,,,0,
OBS001649,NZ361,NZ361,https://www.alltrails.com/trail/new-zealand/west-coast/minnehaha-walk,2024-07-15,,,1.0,,,,,,,,,,0,
OBS001650,NZ361,NZ361,https://www.alltrails.com/trail/new-zealand/west-coast/minnehaha-walk,2024-12-23,,,1.0,,,,,,,,,,0,
OBS001651,NZ361,NZ361,https://www.alltrails.com/trail/new-zealand/west-coast/minnehaha-walk,2025-02-09,,,1.0,0.0,,,,,,,,,0,
OBS001652,NZ361,NZ361,https://www.alltrails.com/trail/new-zealand/west-coast/minnehaha-walk,2025-04-21,,,1.0,,,,,,,,,,0,
OBS001653,NZ362,NZ362,https://www.alltrails.com/trail/new-zealand/waikato/ruakuri-tunnels-walk,2024-12-03,,,1.0,,,,,,,,,,0,
OBS001654,NZ362,NZ362,https://www.alltrails.com/trail/new-zealand/waikato/ruakuri-tunnels-walk,2025-01-15,,,1.0,,,,,,,,,,0,
OBS001655,NZ362,NZ362,https://www.alltrails.com/trail/new-zealand/waikato/ruakuri-tunnels-walk,2025-01-17,,,1.0,0.0,,,,,,,,,0,
OBS001656,NZ362,NZ362,https://www.alltrails.com/trail/new-zealand/waikato/ruakuri-tunnels-walk,2025-04-27,,,1.0,,,,,,,,,,0,
OBS001657,NZ363,NZ363,https://www.alltrails.com/trail/new-zealand/auckland/whatipu-gibbons-loop-track,2025-01-02,,,1.0,,,,,,,,,,0,
OBS001658,NZ363,NZ363,https://www.alltrails.com/trail/new-zealand/auckland/whatipu-gibbons-loop-track,2025-01-06,,,1.0,,,,,,,,,,0,
OBS001659,NZ363,NZ363,https://www.alltrails.com/trail/new-zealand/auckland/whatipu-gibbons-loop-track,2025-01-17,,,1.0,,,,,,,,,,0,
OBS001660,NZ363,NZ363,https://www.alltrails.com/trail/new-zealand/auckland/whatipu-gibbons-loop-track,2025-03-29,,,1.0,,,,,,,,,,0,
OBS001661,NZ363,NZ363,https://www.alltrails.com/trail/new-zealand/auckland/whatipu-gibbons-loop-track,2025-03-31,,,1.0,,,,,,,,,,0,
OBS001662,NZ363,NZ363,https://www.alltrails.com/trail/new-zealand/auckland/whatipu-gibbons-loop-track,2025-05-17,,,1.0,,,,,,,,,,0,
OBS001663,NZ366,NZ366,https://www.alltrails.com/trail/new-zealand/west-coast/fantail-falls-walk,2024-04-23,,,1.0,,,,,,,,,,0,
OBS001664,NZ366,NZ366,https://www.alltrails.com/trail/new-zealand/west-coast/fantail-falls-walk,2025-02-06,,,1.0,,,,,,,,,,0,
OBS001665,NZ366,NZ366,https://www.alltrails.com/trail/new-zealand/west-coast/fantail-falls-walk,2025-03-05,,,1.0,,,,,,,,,,0,
OBS001666,NZ366,NZ366,https://www.alltrails.com/trail/new-zealand/west-coast/fantail-falls-walk,2025-03-14,,,1.0,,,,,,,,,,0,
OBS001667,NZ366,NZ366,https://www.alltrails.com/trail/new-zealand/west-coast/fantail-falls-walk,2025-03-28,,,1.0,,,,,,,,,,0,
OBS001668,NZ367,NZ367,https://www.alltrails.com/trail/new-zealand/waikato/rapaura-watergardens-walk,2024-02-12,,,1.0,,,,,,,,,,0,
OBS001669,NZ369,NZ369,https://www.alltrails.com/trail/new-zealand/waikato/karangahake-gorge-loop,2024-06-01,,,1.0,,,,,,,,,,0,
OBS001670,NZ369,NZ369,https://www.alltrails.com/trail/new-zealand/waikato/karangahake-gorge-loop,2024-08-27,,,,,1.0,,,,,,,,0,
OBS001671,NZ369,NZ369,https://www.alltrails.com/trail/new-zealand/waikato/karangahake-gorge-loop,2025-04-10,,,1.0,,,,,,,,,,0,
OBS001672,NZ369,NZ369,https://www.alltrails.com/trail/new-zealand/waikato/karangahake-gorge-loop,2025-04-19,,,1.0,,1.0,,,,,,,,0,
OBS001673,NZ369,NZ369,https://www.alltrails.com/trail/new-zealand/waikato/karangahake-gorge-loop,2025-05-10,,,1.0,,,,,,,,,,0,
OBS001674,NZ369,NZ369,https://www.alltrails.com/trail/new-zealand/waikato/karangahake-gorge-loop,2025-05-30,,,1.0,,,,,,,,,,0,
OBS001675,NZ369,NZ369,https://www.alltrails.com/trail/new-zealand/waikato/karangahake-gorge-loop,2025-05-30,,,1.0,,1.0,,,,,,,,0,
OBS001676,NZ370,NZ370,https://www.alltrails.com/trail/new-zealand/west-coast/smoothwater-bay-track,2024-06-17,,,,,1.0,,,,,,,,0,
OBS001677,NZ370,NZ370,https://www.alltrails.com/trail/new-zealand/west-coast/smoothwater-bay-track,2025-01-03,,,1.0,,,,,,,,,,0,
OBS001678,NZ370,NZ370,https://www.alltrails.com/trail/new-zealand/west-coast/smoothwater-bay-track,2025-02-05,,,,1.0,1.0,,,,,,,,0,
OBS001679,NZ370,NZ370,https://www.alltrails.com/trail/new-zealand/west-coast/smoothwater-bay-track,2025-03-04,,,1.0,,,,,,,,,,0,
OBS001680,NZ370,NZ370,https://www.alltrails.com/trail/new-zealand/west-coast/smoothwater-bay-track,2025-03-19,,,1.0,,,,,,,,,,0,
OBS001681,NZ371,NZ371,https://www.alltrails.com/trail/new-zealand/wellington/gums-loop-track,2024-10-15,,,1.0,,1.0,,,,,,,,0,
OBS001682,NZ371,NZ371,https://www.alltrails.com/trail/new-zealand/wellington/gums-loop-track,2024-10-29,,,1.0,,,,,,,,,,0,
OBS001683,NZ371,NZ371,https://www.alltrails.com/trail/new-zealand/wellington/gums-loop-track,2025-01-20,,,1.0,,,,,,,,,,0,
OBS001684,NZ372,NZ372,https://www.alltrails.com/trail/new-zealand/waikato/tairua-waterfront-walk,2025-02-01,,,1.0,,,,,,,,,,0,
OBS001685,NZ372,NZ372,https://www.alltrails.com/trail/new-zealand/waikato/tairua-waterfront-walk,2025-02-12,,,1.0,,,,,,,,,,0,
OBS001686,NZ372,NZ372,https://www.alltrails.com/trail/new-zealand/waikato/tairua-waterfront-walk,2025-02-28,,,1.0,,,,,,,,,,0,
OBS001687,NZ372,NZ372,https://www.alltrails.com/trail/new-zealand/waikato/tairua-waterfront-walk,2025-03-02,,,1.0,0.0,,,,,,,,,0,
OBS001688,NZ372,NZ372,https://www.alltrails.com/trail/new-zealand/waikato/tairua-waterfront-walk,2025-03-16,,,1.0,,,,,,,,,,0,
OBS001689,NZ373,NZ373,https://www.alltrails.com/trail/new-zealand/waikato/pauanui-trail,2024-11-07,,,1.0,,,,,,,,,,0,
OBS001690,NZ373,NZ373,https://www.alltrails.com/trail/new-zealand/waikato/pauanui-trail,2024-12-27,,,1.0,,,,,,,,,,0,
OBS001691,NZ373,NZ373,https://www.alltrails.com/trail/new-zealand/waikato/pauanui-trail,2025-01-06,,,1.0,,,,,,,,,,0,
OBS001692,NZ374,NZ374,https://www.alltrails.com/trail/new-zealand/waikato/historic-waihohonu-hut-track,2023-05-30,,,,,1.0,,,,,,,,0,
OBS001693,NZ374,NZ374,https://www.alltrails.com/trail/new-zealand/waikato/historic-waihohonu-hut-track,2024-09-27,,,1.0,,1.0,,,,,,,,0,
OBS001694,NZ375,NZ375,https://www.alltrails.com/trail/new-zealand/waikato/waihohunu-track,2024-10-27,,,0.0,0.0,1.0,,,,,,,,0,
OBS001695,NZ375,NZ375,https://www.alltrails.com/trail/new-zealand/waikato/waihohunu-track,2024-11-20,,,,,1.0,,,,,,,,0,
OBS001696,NZ377,NZ377,https://www.alltrails.com/trail/new-zealand/northland/tahuna-coastal-walk,2024-11-07,,,1.0,,,,,,,,,,0,
OBS001697,NZ378,NZ378,https://www.alltrails.com/trail/new-zealand/northland/bayleys-beach-walk,2024-03-30,,,1.0,,,,,,,,,,0,
OBS001698,NZ379,NZ379,https://www.alltrails.com/trail/new-zealand/northland/abbey-caves-walk,2022-05-21,,,1.0,,,,,,,,,,0,
OBS001699,NZ379,NZ379,https://www.alltrails.com/trail/new-zealand/northland/abbey-caves-walk,2024-09-22,,,,,1.0,,,,,,,,0,
OBS001700,NZ379,NZ379,https://www.alltrails.com/trail/new-zealand/northland/abbey-caves-walk,2025-02-08,,,1.0,,,,,,,,,,0,
OBS001701,NZ380,NZ380,https://www.alltrails.com/trail/new-zealand/northland/hatea-river-walk,2023-03-20,,,1.0,,,,,,,,,,0,
OBS001702,NZ380,NZ380,https://www.alltrails.com/trail/new-zealand/northland/hatea-river-walk,2024-06-28,,,1.0,,,,,,,,,,0,
OBS001703,NZ380,NZ380,https://www.alltrails.com/trail/new-zealand/northland/hatea-river-walk,2024-09-14,,,1.0,,,,,,,,,,0,
OBS001704,NZ380,NZ380,https://www.alltrails.com/trail/new-zealand/northland/hatea-river-walk,2024-09-21,,,1.0,,,,,,,,,,0,
OBS001705,NZ380,NZ380,https://www.alltrails.com/trail/new-zealand/northland/hatea-river-walk,2024-10-07,,,1.0,,,,,,,,,,0,
OBS001706,NZ380,NZ380,https://www.alltrails.com/trail/new-zealand/northland/hatea-river-walk,2024-10-31,,,1.0,,,,,,,,,,0,
OBS001707,NZ380,NZ380,https://www.alltrails.com/trail/new-zealand/northland/hatea-river-walk,2025-03-10,,,1.0,,,,,,,,,,0,
OBS001708,NZ380,NZ380,https://www.alltrails.com/trail/new-zealand/northland/hatea-river-walk,2025-03-23,,,1.0,,,,,,,,,,0,
OBS001709,NZ380,NZ380,https://www.alltrails.com/trail/new-zealand/northland/hatea-river-walk,2025-04-10,,,1.0,,,,,,,,,,0,
OBS001710,NZ381,NZ381,https://www.alltrails.com/trail/new-zealand/northland/opua-kauri-walk,2024-12-28,,,1.0,0.0,,,,,,,,,0,
OBS001711,NZ381,NZ381,https://www.alltrails.com/trail/new-zealand/northland/opua-kauri-walk,2025-04-21,,,1.0,,,,,,,,,,0,
OBS001712,NZ382,NZ382,https://www.alltrails.com/trail/new-zealand/northland/mangawhai-cliffs-walkway-loop-low-tide-only,2024-03-31,,,1.0,,,,,,,,,,0,
OBS001713,NZ382,NZ382,https://www.alltrails.com/trail/new-zealand/northland/mangawhai-cliffs-walkway-loop-low-tide-only,2025-04-23,,,1.0,,,,,,,,,,0,
OBS001714,NZ383,NZ383,https://www.alltrails.com/trail/new-zealand/manawatu-wanganui/rerekapa-falls-from-mangapapa-road,2023-01-25,,,1.0,,,,,,,,,,0,
OBS001715,NZ383,NZ383,https://www.alltrails.com/trail/new-zealand/manawatu-wanganui/rerekapa-falls-from-mangapapa-road,2023-11-26,,,,,1.0,,,,,,,,0,
OBS001716,NZ384,NZ384,https://www.alltrails.com/trail/new-zealand/manawatu-wanganui/hapauwhenua-viaducts-from-marshalls-road-carpark,2023-04-30,,,,,1.0,,,,,,,,0,
OBS001717,NZ384,NZ384,https://www.alltrails.com/trail/new-zealand/manawatu-wanganui/hapauwhenua-viaducts-from-marshalls-road-carpark,2024-03-30,,,1.0,,,,,,,,,,0,
OBS001718,NZ384,NZ384,https://www.alltrails.com/trail/new-zealand/manawatu-wanganui/hapauwhenua-viaducts-from-marshalls-road-carpark,2024-12-15,,,1.0,,,,,,,,,,0,
OBS001719,NZ384,NZ384,https://www.alltrails.com/trail/new-zealand/manawatu-wanganui/hapauwhenua-viaducts-from-marshalls-road-carpark,2025-03-26,,,1.0,,,,,,,,,,0,
OBS001720,NZ384,NZ384,https://www.alltrails.com/trail/new-zealand/manawatu-wanganui/hapauwhenua-viaducts-from-marshalls-road-carpark,2025-04-06,,,1.0,,,,,,,,,,0,
OBS001721,NZ384,NZ384,https://www.alltrails.com/trail/new-zealand/manawatu-wanganui/hapauwhenua-viaducts-from-marshalls-road-carpark,2025-05-08,,,1.0,,,,,,,,,,0,
OBS001722,NZ385,NZ385,https://www.alltrails.com/trail/new-zealand/northland/cape-brett-track,2024-12-28,,,1.0,,,,,,,,,,0,
OBS001723,NZ385,NZ385,https://www.alltrails.com/trail/new-zealand/northland/cape-brett-track,2024-12-29,,,1.0,,,,,,,,,,0,
OBS001724,NZ385,NZ385,https://www.alltrails.com/trail/new-zealand/northland/cape-brett-track,2025-02-23,,,1.0,,,,,,,,,,0,
OBS001725,NZ385,NZ385,https://www.alltrails.com/trail/new-zealand/northland/cape-brett-track,2025-02-28,,,1.0,,,,,,,,,,0,
OBS001726,NZ386,NZ386,https://www.alltrails.com/trail/new-zealand/manawatu-wanganui/kaiparoro-track,2024-03-10,,,1.0,1.0,1.0,,,,,,,,0,
OBS001727,NZ386,NZ386,https://www.alltrails.com/trail/new-zealand/manawatu-wanganui/kaiparoro-track,2025-02-01,,,1.0,,,,,,,,,,0,
OBS001728,NZ387,NZ387,https://www.alltrails.com/trail/new-zealand/canterbury/sharplin-falls-track,2024-04-21,,,1.0,,,,,,,,,,0,
OBS001729,NZ387,NZ387,https://www.alltrails.com/trail/new-zealand/canterbury/sharplin-falls-track,2024-06-30,,,1.0,,,,,,,,,,0,
OBS001730,NZ387,NZ387,https://www.alltrails.com/trail/new-zealand/canterbury/sharplin-falls-track,2024-07-06,,,1.0,,,,,,,,,,0,
OBS001731,NZ387,NZ387,https://www.alltrails.com/trail/new-zealand/canterbury/sharplin-falls-track,2025-05-25,,,1.0,1.0,,,,,,,,,0,
OBS001732,NZ388,NZ388,https://www.alltrails.com/trail/new-zealand/manawatu-wanganui/bason-botanical-gardens-walk,2025-01-04,,,1.0,,,,,,,,,,0,
OBS001733,NZ388,NZ388,https://www.alltrails.com/trail/new-zealand/manawatu-wanganui/bason-botanical-gardens-walk,2025-05-08,,,1.0,,,,,,,,,,0,
OBS001734,NZ389,NZ389,https://www.alltrails.com/trail/new-zealand/manawatu-wanganui/ian-mckean-pinetum-walk,2025-04-25,,,1.0,,,,,,,,,,0,
OBS001735,NZ390,NZ390,https://www.alltrails.com/trail/new-zealand/northland/te-matua-ngahere-walk,2023-04-02,,,1.0,,,,,,,,,,0,
OBS001736,NZ390,NZ390,https://www.alltrails.com/trail/new-zealand/northland/te-matua-ngahere-walk,2024-11-14,,,1.0,,,,,,,,,,0,
OBS001737,NZ390,NZ390,https://www.alltrails.com/trail/new-zealand/northland/te-matua-ngahere-walk,2024-12-20,,,1.0,,,,,,,,,,0,
OBS001738,NZ390,NZ390,https://www.alltrails.com/trail/new-zealand/northland/te-matua-ngahere-walk,2025-01-24,,,1.0,,,,,,,,,,0,
OBS001739,NZ390,NZ390,https://www.alltrails.com/trail/new-zealand/northland/te-matua-ngahere-walk,2025-02-16,,,1.0,,,,,,,,,,0,
OBS001740,NZ390,NZ390,https://www.alltrails.com/trail/new-zealand/northland/te-matua-ngahere-walk,2025-03-18,,,1.0,,,,,,,,,,0,
OBS001741,NZ390,NZ390,https://www.alltrails.com/trail/new-zealand/northland/te-matua-ngahere-walk,2025-03-24,,,1.0,,,,,,,,,,0,
OBS001742,NZ390,NZ390,https://www.alltrails.com/trail/new-zealand/northland/te-matua-ngahere-walk,2025-04-05,,,1.0,,,,,,,,,,0,
OBS001743,NZ390,NZ390,https://www.alltrails.com/trail/new-zealand/northland/te-matua-ngahere-walk,2025-04-11,,,1.0,,,,,,,,,,0,
OBS001744,NZ390,NZ390,https://www.alltrails.com/trail/new-zealand/northland/te-matua-ngahere-walk,2025-04-23,,,1.0,,,,,,,,,,0,
OBS001745,NZ390,NZ390,https://www.alltrails.com/trail/new-zealand/northland/te-matua-ngahere-walk,2025-04-26,,,1.0,,,,,,,,,,0,
OBS001746,NZ390,NZ390,https://www.alltrails.com/trail/new-zealand/northland/te-matua-ngahere-walk,2025-04-30,,,1.0,,,,,,,,,,0,
OBS001747,NZ390,NZ390,https://www.alltrails.com/trail/new-zealand/northland/te-matua-ngahere-walk,2025-06-14,,,1.0,,,,,,,,,,0,
OBS001748,NZ391,NZ391,https://www.alltrails.com/trail/new-zealand/manawatu-wanganui/lake-rotokur-track,2023-12-13,,,1.0,,,,,,,,,,0,
OBS001749,NZ391,NZ391,https://www.alltrails.com/trail/new-zealand/manawatu-wanganui/lake-rotokur-track,2024-09-13,,,1.0,,,,,,,,,,0,
OBS001750,NZ391,NZ391,https://www.alltrails.com/trail/new-zealand/manawatu-wanganui/lake-rotokur-track,2025-01-28,,,0.0,1.0,1.0,,,,,,,,0,
OBS001751,NZ391,NZ391,https://www.alltrails.com/trail/new-zealand/manawatu-wanganui/lake-rotokur-track,2025-06-16,,,1.0,,,,,,,,,,0,
OBS001752,NZ394,NZ394,https://www.alltrails.com/trail/new-zealand/canterbury/kaikoura-peninsula-loop,2025-02-16,,,1.0,0.0,,,,,,,,,0,
OBS001753,NZ394,NZ394,https://www.alltrails.com/trail/new-zealand/canterbury/kaikoura-peninsula-loop,2025-03-24,,,1.0,,1.0,,,,,,,,0,
OBS001754,NZ394,NZ394,https://www.alltrails.com/trail/new-zealand/canterbury/kaikoura-peninsula-loop,2025-04-02,,,1.0,,,,,,,,,,0,
OBS001755,NZ394,NZ394,https://www.alltrails.com/trail/new-zealand/canterbury/kaikoura-peninsula-loop,2025-04-06,,,1.0,,,,,,,,,,0,
OBS001756,NZ394,NZ394,https://www.alltrails.com/trail/new-zealand/canterbury/kaikoura-peninsula-loop,2025-04-19,,,1.0,,,,,,,,,,0,
OBS001757,NZ394,NZ394,https://www.alltrails.com/trail/new-zealand/canterbury/kaikoura-peninsula-loop,2025-04-23,,,1.0,,,,,,,,,,0,
OBS001758,NZ394,NZ394,https://www.alltrails.com/trail/new-zealand/canterbury/kaikoura-peninsula-loop,2025-04-27,,,1.0,,,,,,,,,,0,
OBS001759,NZ394,NZ394,https://www.alltrails.com/trail/new-zealand/canterbury/kaikoura-peninsula-loop,2025-05-20,,,1.0,,,,,,,,,,0,
OBS001760,NZ395,NZ395,https://www.alltrails.com/trail/new-zealand/auckland/whatipu-beach-track,2020-09-12,,,1.0,,,,,,,,,,0,
OBS001761,NZ395,NZ395,https://www.alltrails.com/trail/new-zealand/auckland/whatipu-beach-track,2022-02-01,,,1.0,,,,,,,,,,0,
OBS001762,NZ396,NZ396,https://www.alltrails.com/trail/new-zealand/bay-of-plenty/omanawa-falls-track,2025-02-11,,,1.0,,,,,,,,,,0,
OBS001763,NZ396,NZ396,https://www.alltrails.com/trail/new-zealand/bay-of-plenty/omanawa-falls-track,2025-02-19,,,1.0,,,,,,,,,,0,
OBS001764,NZ396,NZ396,https://www.alltrails.com/trail/new-zealand/bay-of-plenty/omanawa-falls-track,2025-06-21,,,1.0,,,,,,,,,,0,
OBS001765,NZ397,NZ397,https://www.alltrails.com/trail/new-zealand/waikato/buck-rock-track-and-low-level-track-circular,2021-11-11,,,1.0,,,,,,,,,,0,
OBS001766,NZ397,NZ397,https://www.alltrails.com/trail/new-zealand/waikato/buck-rock-track-and-low-level-track-circular,2023-07-15,,,1.0,,,,,,,,,,0,
OBS001767,NZ397,NZ397,https://www.alltrails.com/trail/new-zealand/waikato/buck-rock-track-and-low-level-track-circular,2025-01-17,,,1.0,0.0,,,,,,,,,0,
OBS001768,NZ398,NZ398,https://www.alltrails.com/trail/new-zealand/waikato/morrinsville-river-walk,2025-01-17,,,1.0,,,,,,,,,,0,
OBS001769,NZ400,NZ400,https://www.alltrails.com/trail/new-zealand/auckland/wairoa-cossey-track,2024-12-06,,,1.0,,,,,,,,,,0,
OBS001770,NZ400,NZ400,https://www.alltrails.com/trail/new-zealand/auckland/wairoa-cossey-track,2024-12-07,,,1.0,,,,,,,,,,0,
OBS001771,NZ400,NZ400,https://www.alltrails.com/trail/new-zealand/auckland/wairoa-cossey-track,2024-12-23,,,1.0,,,,,,,,,,0,
OBS001772,NZ401,NZ401,https://www.alltrails.com/trail/new-zealand/auckland/manukau-heads-lighthouse,2021-01-22,,,1.0,,,,,,,,,,0,
OBS001773,NZ401,NZ401,https://www.alltrails.com/trail/new-zealand/auckland/manukau-heads-lighthouse,2021-01-24,,,1.0,,,,,,,,,,0,
OBS001774,NZ401,NZ401,https://www.alltrails.com/trail/new-zealand/auckland/manukau-heads-lighthouse,2021-04-02,,,1.0,,,,,,,,,,0,
OBS001775,NZ401,NZ401,https://www.alltrails.com/trail/new-zealand/auckland/manukau-heads-lighthouse,2022-03-05,,,1.0,,,,,,,,,,0,
OBS001776,NZ401,NZ401,https://www.alltrails.com/trail/new-zealand/auckland/manukau-heads-lighthouse,2023-01-18,,,1.0,,,,,,,,,,0,
OBS001777,NZ403,NZ403,https://www.alltrails.com/trail/new-zealand/auckland/cossey-gorge-track,2023-07-04,,,1.0,,,,,,,,,,0,
OBS001778,NZ403,NZ403,https://www.alltrails.com/trail/new-zealand/auckland/cossey-gorge-track,2023-08-21,,,1.0,,0.0,,,,,,,,0,
OBS001779,NZ403,NZ403,https://www.alltrails.com/trail/new-zealand/auckland/cossey-gorge-track,2023-10-15,,,1.0,,,,,,,,,,0,
OBS001780,NZ403,NZ403,https://www.alltrails.com/trail/new-zealand/auckland/cossey-gorge-track,2024-01-01,,,1.0,,,,,,,,,,0,
OBS001781,NZ403,NZ403,https://www.alltrails.com/trail/new-zealand/auckland/cossey-gorge-track,2024-05-24,,,1.0,,,,,,,,,,0,
OBS001782,NZ403,NZ403,https://www.alltrails.com/trail/new-zealand/auckland/cossey-gorge-track,2024-11-02,,,1.0,,,,,,,,,,0,
OBS001783,NZ403,NZ403,https://www.alltrails.com/trail/new-zealand/auckland/cossey-gorge-track,2024-11-03,,,1.0,,,,,,,,,,0,
OBS001784,NZ403,NZ403,https://www.alltrails.com/trail/new-zealand/auckland/cossey-gorge-track,2024-12-27,,,1.0,,,,,,,,,,0,
OBS001785,NZ403,NZ403,https://www.alltrails.com/trail/new-zealand/auckland/cossey-gorge-track,2025-01-04,,,1.0,,,,,,,,,,0,
OBS001786,NZ403,NZ403,https://www.alltrails.com/trail/new-zealand/auckland/cossey-gorge-track,2025-01-04,,,1.0,,,,,,,,,,0,
OBS001787,NZ403,NZ403,https://www.alltrails.com/trail/new-zealand/auckland/cossey-gorge-track,2025-01-08,,,1.0,,,,,,,,,,0,
OBS001788,NZ403,NZ403,https://www.alltrails.com/trail/new-zealand/auckland/cossey-gorge-track,2025-01-12,,,1.0,,,,,,,,,,0,
OBS001789,NZ403,NZ403,https://www.alltrails.com/trail/new-zealand/auckland/cossey-gorge-track,2025-06-01,,,1.0,,,,,,,,,,0,
OBS001790,NZ404,NZ404,https://www.alltrails.com/trail/new-zealand/auckland/onehunga-bay-reserve-loop,2023-11-19,,,,1.0,,,,,,,,,0,
OBS001791,NZ404,NZ404,https://www.alltrails.com/trail/new-zealand/auckland/onehunga-bay-reserve-loop,2025-03-12,,,1.0,,,,,,,,,,0,
OBS001792,NZ405,NZ405,https://www.alltrails.com/trail/new-zealand/auckland/shakespear-heritage-and-tiritiri-track,2024-04-05,,,1.0,,,,,,,,,,0,
OBS001793,NZ405,NZ405,https://www.alltrails.com/trail/new-zealand/auckland/shakespear-heritage-and-tiritiri-track,2024-09-08,,,1.0,,,,,,,,,,0,
OBS001794,NZ405,NZ405,https://www.alltrails.com/trail/new-zealand/auckland/shakespear-heritage-and-tiritiri-track,2024-09-20,,,,,1.0,,,,,,,,0,
OBS001795,NZ405,NZ405,https://www.alltrails.com/trail/new-zealand/auckland/shakespear-heritage-and-tiritiri-track,2024-11-01,,,1.0,,,,,,,,,,0,
OBS001796,NZ405,NZ405,https://www.alltrails.com/trail/new-zealand/auckland/shakespear-heritage-and-tiritiri-track,2025-04-10,,,1.0,,,,,,,,,,0,
OBS001797,NZ405,NZ405,https://www.alltrails.com/trail/new-zealand/auckland/shakespear-heritage-and-tiritiri-track,2025-06-18,,,1.0,,,,,,,,,,0,
OBS001798,NZ406,NZ406,https://www.alltrails.com/trail/new-zealand/auckland/matheson-bay-bush-walk,2023-02-06,,,1.0,,,,,,,,,,0,
OBS001799,NZ406,NZ406,https://www.alltrails.com/trail/new-zealand/auckland/matheson-bay-bush-walk,2024-09-29,,,1.0,,,,,,,,,,0,
OBS001800,NZ406,NZ406,https://www.alltrails.com/trail/new-zealand/auckland/matheson-bay-bush-walk,2025-02-16,,,1.0,,,,,,,,,,0,
OBS001801,NZ408,NZ408,https://www.alltrails.com/trail/new-zealand/auckland/oruarangi-road-reserve-and-otuataua-stonefields-loop,2024-11-02,,,,1.0,1.0,,,,,,,,0,
OBS001802,NZ409,NZ409,https://www.alltrails.com/trail/new-zealand/auckland/hunua-falls-trail,2023-01-15,,,1.0,,,,,,,,,,0,
OBS001803,NZ409,NZ409,https://www.alltrails.com/trail/new-zealand/auckland/hunua-falls-trail,2024-02-17,,,1.0,,1.0,,,,,,,,0,
OBS001804,NZ410,NZ410,https://www.alltrails.com/trail/new-zealand/auckland/waikowhai-steps-and-beach-loop,2021-07-11,,,,,1.0,,,,,,,,0,
OBS001805,NZ411,NZ411,https://www.alltrails.com/trail/new-zealand/auckland/rocky-bay-s-te-whau-loop,2021-12-02,,,1.0,,,,,,,,,,0,
OBS001806,NZ411,NZ411,https://www.alltrails.com/trail/new-zealand/auckland/rocky-bay-s-te-whau-loop,2024-12-08,,,1.0,,,,,,,,,,0,
OBS001807,NZ411,NZ411,https://www.alltrails.com/trail/new-zealand/auckland/rocky-bay-s-te-whau-loop,2025-01-02,,,1.0,,,,,,,,,,0,
OBS001808,NZ411,NZ411,https://www.alltrails.com/trail/new-zealand/auckland/rocky-bay-s-te-whau-loop,2025-01-05,,,1.0,,,,,,,,,,0,
OBS001809,NZ411,NZ411,https://www.alltrails.com/trail/new-zealand/auckland/rocky-bay-s-te-whau-loop,2025-01-22,,,1.0,,,,,,,,,,0,
OBS001810,NZ411,NZ411,https://www.alltrails.com/trail/new-zealand/auckland/rocky-bay-s-te-whau-loop,2025-02-22,,,1.0,,,,,,,,,,0,
OBS001811,NZ411,NZ411,https://www.alltrails.com/trail/new-zealand/auckland/rocky-bay-s-te-whau-loop,2025-03-13,,,1.0,,,,,,,,,,0,
OBS001812,NZ412,NZ412,https://www.alltrails.com/trail/new-zealand/auckland/churchill-park-walk,2025-02-18,,,1.0,,,,,,,,,,0,
OBS001813,NZ412,NZ412,https://www.alltrails.com/trail/new-zealand/auckland/churchill-park-walk,2025-05-09,,,,,1.0,,,,,,,,0,
OBS001814,NZ412,NZ412,https://www.alltrails.com/trail/new-zealand/auckland/churchill-park-walk,2025-05-24,,,1.0,,,,,,,,,,0,
OBS001815,NZ412,NZ412,https://www.alltrails.com/trail/new-zealand/auckland/churchill-park-walk,2025-06-02,,,1.0,,,,,,,,,,0,
OBS001816,NZ414,NZ414,https://www.alltrails.com/trail/new-zealand/auckland/spragg-bush-walk,2023-01-13,,,1.0,,,,,,,,,,0,
OBS001817,NZ414,NZ414,https://www.alltrails.com/trail/new-zealand/auckland/spragg-bush-walk,2023-10-15,,,1.0,,,,,,,,,,0,
OBS001818,NZ414,NZ414,https://www.alltrails.com/trail/new-zealand/auckland/spragg-bush-walk,2023-11-03,,,1.0,,,,,,,,,,0,
OBS001819,NZ414,NZ414,https://www.alltrails.com/trail/new-zealand/auckland/spragg-bush-walk,2024-02-15,,,1.0,,,,,,,,,,0,
OBS001820,NZ414,NZ414,https://www.alltrails.com/trail/new-zealand/auckland/spragg-bush-walk,2025-01-18,,,1.0,,,,,,,,,,0,
OBS001821,NZ414,NZ414,https://www.alltrails.com/trail/new-zealand/auckland/spragg-bush-walk,2025-01-31,,,1.0,,,,,,,,,,0,
OBS001822,NZ415,NZ415,https://www.alltrails.com/trail/new-zealand/auckland/clendon-path,2021-10-27,,,1.0,,,,,,,,,,0,
OBS001823,NZ415,NZ415,https://www.alltrails.com/trail/new-zealand/auckland/clendon-path,2021-11-20,,,1.0,,,,,,,,,,0,
OBS001824,NZ415,NZ415,https://www.alltrails.com/trail/new-zealand/auckland/clendon-path,2025-01-22,,,1.0,,,,,,,,,,0,
OBS001825,NZ415,NZ415,https://www.alltrails.com/trail/new-zealand/auckland/clendon-path,2025-01-31,,,1.0,,,,,,,,,,0,
OBS001826,NZ415,NZ415,https://www.alltrails.com/trail/new-zealand/auckland/clendon-path,2025-03-28,,,1.0,,,,,,,,,,0,
OBS001827,NZ416,NZ416,https://www.alltrails.com/trail/new-zealand/auckland/whatipu-to-pararaha-valley,2024-01-27,,,1.0,,,,,,,,,,0,
OBS001828,NZ416,NZ416,https://www.alltrails.com/trail/new-zealand/auckland/whatipu-to-pararaha-valley,2024-07-26,,,1.0,,,,,,,,,,0,
OBS001829,NZ416,NZ416,https://www.alltrails.com/trail/new-zealand/auckland/whatipu-to-pararaha-valley,2024-10-19,,,1.0,,,,,,,,,,0,
OBS001830,NZ416,NZ416,https://www.alltrails.com/trail/new-zealand/auckland/whatipu-to-pararaha-valley,2024-12-30,,,1.0,,,,,,,,,,0,
OBS001831,NZ416,NZ416,https://www.alltrails.com/trail/new-zealand/auckland/whatipu-to-pararaha-valley,2025-01-15,,,1.0,,,,,,,,,,0,
OBS001832,NZ416,NZ416,https://www.alltrails.com/trail/new-zealand/auckland/whatipu-to-pararaha-valley,2025-01-24,,,1.0,,,,,,,,,,0,
OBS001833,NZ416,NZ416,https://www.alltrails.com/trail/new-zealand/auckland/whatipu-to-pararaha-valley,2025-03-15,,,1.0,,,,,,,,,,0,
OBS001834,NZ416,NZ416,https://www.alltrails.com/trail/new-zealand/auckland/whatipu-to-pararaha-valley,2025-04-20,,,1.0,,,,,,,,,,0,
OBS001835,NZ416,NZ416,https://www.alltrails.com/trail/new-zealand/auckland/whatipu-to-pararaha-valley,2025-05-17,,,1.0,,,,,,,,,,0,
OBS001836,NZ416,NZ416,https://www.alltrails.com/trail/new-zealand/auckland/whatipu-to-pararaha-valley,2025-05-31,,,1.0,,,,,,,,,,0,
OBS001837,NZ416,NZ416,https://www.alltrails.com/trail/new-zealand/auckland/whatipu-to-pararaha-valley,2025-06-02,,,1.0,0.0,,,,,,,,,0,
OBS001838,NZ416,NZ416,https://www.alltrails.com/trail/new-zealand/auckland/whatipu-to-pararaha-valley,2025-06-16,,,1.0,,,,,,,,,,0,
OBS001839,NZ417,NZ417,https://www.alltrails.com/trail/new-zealand/auckland/muriwai-beach-and-gannet-colony-loop,2021-10-10,,,1.0,,,,,,,,,,0,
OBS001840,NZ417,NZ417,https://www.alltrails.com/trail/new-zealand/auckland/muriwai-beach-and-gannet-colony-loop,2021-10-12,,,1.0,,,,,,,,,,0,
OBS001841,NZ417,NZ417,https://www.alltrails.com/trail/new-zealand/auckland/muriwai-beach-and-gannet-colony-loop,2021-11-06,,,1.0,,,,,,,,,,0,
OBS001842,NZ417,NZ417,https://www.alltrails.com/trail/new-zealand/auckland/muriwai-beach-and-gannet-colony-loop,2024-11-01,,,1.0,,,,,,,,,,0,
OBS001843,NZ418,NZ418,https://www.alltrails.com/trail/new-zealand/auckland/clevedon-scenic-reserve-track-and-thorps-quarry,2024-09-08,,,1.0,,,,,,,,,,0,
OBS001844,NZ418,NZ418,https://www.alltrails.com/trail/new-zealand/auckland/clevedon-scenic-reserve-track-and-thorps-quarry,2024-09-14,,,1.0,,,,,,,,,,0,
OBS001845,NZ418,NZ418,https://www.alltrails.com/trail/new-zealand/auckland/clevedon-scenic-reserve-track-and-thorps-quarry,2024-09-27,,,1.0,,,,,,,,,,0,
OBS001846,NZ418,NZ418,https://www.alltrails.com/trail/new-zealand/auckland/clevedon-scenic-reserve-track-and-thorps-quarry,2024-10-07,,,1.0,,,,,,,,,,0,
OBS001847,NZ418,NZ418,https://www.alltrails.com/trail/new-zealand/auckland/clevedon-scenic-reserve-track-and-thorps-quarry,2024-10-12,,,1.0,,,,,,,,,,0,
OBS001848,NZ418,NZ418,https://www.alltrails.com/trail/new-zealand/auckland/clevedon-scenic-reserve-track-and-thorps-quarry,2024-11-02,,,1.0,,,,,,,,,,0,
OBS001849,NZ418,NZ418,https://www.alltrails.com/trail/new-zealand/auckland/clevedon-scenic-reserve-track-and-thorps-quarry,2025-02-21,,,1.0,0.0,,,,,,,,,0,
OBS001850,NZ418,NZ418,https://www.alltrails.com/trail/new-zealand/auckland/clevedon-scenic-reserve-track-and-thorps-quarry,2025-03-01,,,1.0,,,,,,,,,,0,
OBS001851,NZ419,NZ419,https://www.alltrails.com/trail/new-zealand/auckland/the-path-of-land-and-sea-orakei-to-glenn-innes-pathway,2024-07-07,,,1.0,,,,,,,,,,0,
OBS001852,NZ419,NZ419,https://www.alltrails.com/trail/new-zealand/auckland/the-path-of-land-and-sea-orakei-to-glenn-innes-pathway,2024-10-19,,,1.0,,,,,,,,,,0,
OBS001853,NZ419,NZ419,https://www.alltrails.com/trail/new-zealand/auckland/the-path-of-land-and-sea-orakei-to-glenn-innes-pathway,2025-05-09,,,1.0,,,,,,,,,,0,
OBS001854,NZ420,NZ420,https://www.alltrails.com/trail/new-zealand/auckland/mount-donald-mclean-track,2021-12-31,,,1.0,,,,,,,,,,0,
OBS001855,NZ420,NZ420,https://www.alltrails.com/trail/new-zealand/auckland/mount-donald-mclean-track,2022-01-26,,,1.0,,,,,,,,,,0,
OBS001856,NZ420,NZ420,https://www.alltrails.com/trail/new-zealand/auckland/mount-donald-mclean-track,2022-06-21,,,1.0,,,,,,,,,,0,
OBS001857,NZ420,NZ420,https://www.alltrails.com/trail/new-zealand/auckland/mount-donald-mclean-track,2022-10-15,,,1.0,,,,,,,,,,0,
OBS001858,NZ420,NZ420,https://www.alltrails.com/trail/new-zealand/auckland/mount-donald-mclean-track,2023-01-11,,,,,0.0,,,,,,,,0,
OBS001859,NZ420,NZ420,https://www.alltrails.com/trail/new-zealand/auckland/mount-donald-mclean-track,2023-06-21,,,,,0.0,,,,,,,,0,
OBS001860,NZ420,NZ420,https://www.alltrails.com/trail/new-zealand/auckland/mount-donald-mclean-track,2024-06-02,,,,,0.0,,,,,,,,0,
OBS001861,NZ420,NZ420,https://www.alltrails.com/trail/new-zealand/auckland/mount-donald-mclean-track,2024-07-13,,,1.0,,,,,,,,,,0,
OBS001862,NZ420,NZ420,https://www.alltrails.com/trail/new-zealand/auckland/mount-donald-mclean-track,2024-07-27,,,1.0,,,,,,,,,,0,
OBS001863,NZ420,NZ420,https://www.alltrails.com/trail/new-zealand/auckland/mount-donald-mclean-track,2025-06-12,,,1.0,,,,,,,,,,0,
OBS001864,NZ421,NZ421,https://www.alltrails.com/trail/new-zealand/waikato/owharoa-falls-from-karangahake-via-old-rail-tunnel,2023-08-06,,,1.0,,,,,,,,,,0,
OBS001865,NZ421,NZ421,https://www.alltrails.com/trail/new-zealand/waikato/owharoa-falls-from-karangahake-via-old-rail-tunnel,2025-01-24,,,1.0,,,,,,,,,,0,
OBS001866,NZ422,NZ422,https://www.alltrails.com/trail/new-zealand/waikato/mangaiti-gully-loop-walk-from-st-james-drive,2023-02-16,,,1.0,,,,,,,,,,0,
OBS001867,NZ422,NZ422,https://www.alltrails.com/trail/new-zealand/waikato/mangaiti-gully-loop-walk-from-st-james-drive,2024-05-26,,,1.0,,,,,,,,,,0,
OBS001868,NZ422,NZ422,https://www.alltrails.com/trail/new-zealand/waikato/mangaiti-gully-loop-walk-from-st-james-drive,2024-06-30,,,1.0,,,,,,,,,,0,
OBS001869,NZ422,NZ422,https://www.alltrails.com/trail/new-zealand/waikato/mangaiti-gully-loop-walk-from-st-james-drive,2024-07-22,,,1.0,,,,,,,,,,0,
OBS001870,NZ422,NZ422,https://www.alltrails.com/trail/new-zealand/waikato/mangaiti-gully-loop-walk-from-st-james-drive,2024-11-19,,,1.0,,,,,,,,,,0,
OBS001871,NZ422,NZ422,https://www.alltrails.com/trail/new-zealand/waikato/mangaiti-gully-loop-walk-from-st-james-drive,2025-02-12,,,1.0,,,,,,,,,,0,
OBS001872,NZ422,NZ422,https://www.alltrails.com/trail/new-zealand/waikato/mangaiti-gully-loop-walk-from-st-james-drive,2025-02-23,,,1.0,,,,,,,,,,0,
OBS001873,NZ422,NZ422,https://www.alltrails.com/trail/new-zealand/waikato/mangaiti-gully-loop-walk-from-st-james-drive,2025-03-12,,,1.0,,,,,,,,,,0,
OBS001874,NZ422,NZ422,https://www.alltrails.com/trail/new-zealand/waikato/mangaiti-gully-loop-walk-from-st-james-drive,2025-04-11,,,1.0,,,,,,,,,,0,
OBS001875,NZ422,NZ422,https://www.alltrails.com/trail/new-zealand/waikato/mangaiti-gully-loop-walk-from-st-james-drive,2025-05-11,,,1.0,,,,,,,,,,0,
OBS001876,NZ422,NZ422,https://www.alltrails.com/trail/new-zealand/waikato/mangaiti-gully-loop-walk-from-st-james-drive,2025-06-14,,,1.0,,,,,,,,,,0,
OBS001877,NZ423,NZ423,https://www.alltrails.com/trail/new-zealand/waikato/kaimanawa-forest-loop-walk,2025-03-21,,,1.0,,,,,,,,,,0,
OBS001878,NZ424,NZ424,https://www.alltrails.com/trail/new-zealand/waikato/pirongia-summit-via-bell-track,2023-12-03,,,,,1.0,,,,,,,,0,
OBS001879,NZ424,NZ424,https://www.alltrails.com/trail/new-zealand/waikato/pirongia-summit-via-bell-track,2024-01-04,,,,,1.0,,,,,,,,0,
OBS001880,NZ424,NZ424,https://www.alltrails.com/trail/new-zealand/waikato/pirongia-summit-via-bell-track,2024-01-15,,,,,1.0,,,,,,,,0,
OBS001881,NZ424,NZ424,https://www.alltrails.com/trail/new-zealand/waikato/pirongia-summit-via-bell-track,2025-04-26,,,,1.0,1.0,,,,,,,,0,
OBS001882,NZ425,NZ425,https://www.alltrails.com/trail/new-zealand/waikato/te-iringa-track-to-tiki-tiki-stream,2025-01-03,,,1.0,,,,,,,,,,0,
OBS001883,NZ427,NZ427,https://www.alltrails.com/trail/new-zealand/bay-of-plenty/tuahu-track,2023-07-22,,,1.0,,,,,,,,,,0,
OBS001884,NZ427,NZ427,https://www.alltrails.com/trail/new-zealand/bay-of-plenty/tuahu-track,2024-12-06,,,1.0,,,,,,,,,,0,
OBS001885,NZ427,NZ427,https://www.alltrails.com/trail/new-zealand/bay-of-plenty/tuahu-track,2025-04-25,,,1.0,0.0,,,,,,,,,0,
OBS001886,NZ427,NZ427,https://www.alltrails.com/trail/new-zealand/bay-of-plenty/tuahu-track,2025-06-07,,,1.0,,,,,,,,,,0,
OBS001887,NZ428,NZ428,https://www.alltrails.com/trail/new-zealand/bay-of-plenty/tarawera-outlet-to-tarawera-roadend-via-tarawera-falls,2025-04-19,,,1.0,,,,,,,,,,0,
OBS001888,NZ429,NZ429,https://www.alltrails.com/trail/new-zealand/waikato/lake-puketirini-walk,2023-07-28,,,1.0,,,,,,,,,,0,
OBS001889,NZ429,NZ429,https://www.alltrails.com/trail/new-zealand/waikato/lake-puketirini-walk,2024-07-01,,,1.0,,,,,,,,,,0,
OBS001890,NZ429,NZ429,https://www.alltrails.com/trail/new-zealand/waikato/lake-puketirini-walk,2024-11-18,,,1.0,,,,,,,,,,0,
OBS001891,NZ429,NZ429,https://www.alltrails.com/trail/new-zealand/waikato/lake-puketirini-walk,2024-12-10,,,1.0,,,,,,,,,,0,
OBS001892,NZ429,NZ429,https://www.alltrails.com/trail/new-zealand/waikato/lake-puketirini-walk,2025-01-01,,,1.0,,,,,,,,,,0,
OBS001893,NZ429,NZ429,https://www.alltrails.com/trail/new-zealand/waikato/lake-puketirini-walk,2025-05-01,,,1.0,,,,,,,,,,0,
OBS001894,NZ429,NZ429,https://www.alltrails.com/trail/new-zealand/waikato/lake-puketirini-walk,2025-05-11,,,1.0,,,,,,,,,,0,
OBS001895,NZ430,NZ430,https://www.alltrails.com/trail/new-zealand/waikato/te-awa-track-hooker-rd-to-velodrome,2024-01-23,,,1.0,,,,,,,,,,0,
OBS001896,NZ430,NZ430,https://www.alltrails.com/trail/new-zealand/waikato/te-awa-track-hooker-rd-to-velodrome,2024-08-10,,,1.0,,,,,,,,,,0,
OBS001897,NZ430,NZ430,https://www.alltrails.com/trail/new-zealand/waikato/te-awa-track-hooker-rd-to-velodrome,2024-09-18,,,1.0,,,,,,,,,,0,
OBS001898,NZ430,NZ430,https://www.alltrails.com/trail/new-zealand/waikato/te-awa-track-hooker-rd-to-velodrome,2024-11-10,,,1.0,,,,,,,,,,0,
OBS001899,NZ430,NZ430,https://www.alltrails.com/trail/new-zealand/waikato/te-awa-track-hooker-rd-to-velodrome,2024-12-30,,,1.0,1.0,,,,,,,,,0,
OBS001900,NZ430,NZ430,https://www.alltrails.com/trail/new-zealand/waikato/te-awa-track-hooker-rd-to-velodrome,2025-01-07,,,1.0,,,,,,,,,,0,
OBS001901,NZ430,NZ430,https://www.alltrails.com/trail/new-zealand/waikato/te-awa-track-hooker-rd-to-velodrome,2025-01-09,,,1.0,,,,,,,,,,0,
OBS001902,NZ430,NZ430,https://www.alltrails.com/trail/new-zealand/waikato/te-awa-track-hooker-rd-to-velodrome,2025-01-10,,,1.0,,,,,,,,,,0,
OBS001903,NZ430,NZ430,https://www.alltrails.com/trail/new-zealand/waikato/te-awa-track-hooker-rd-to-velodrome,2025-03-12,,,1.0,,,,,,,,,,0,
OBS001904,NZ430,NZ430,https://www.alltrails.com/trail/new-zealand/waikato/te-awa-track-hooker-rd-to-velodrome,2025-03-26,,,1.0,,,,,,,,,,0,
OBS001905,NZ430,NZ430,https://www.alltrails.com/trail/new-zealand/waikato/te-awa-track-hooker-rd-to-velodrome,2025-06-01,,,1.0,,,,,,,,,,0,
OBS001906,NZ431,NZ431,https://www.alltrails.com/trail/new-zealand/bay-of-plenty/northern-tarawera-track,2021-04-04,,,1.0,,,,,,,,,,0,
OBS001907,NZ431,NZ431,https://www.alltrails.com/trail/new-zealand/bay-of-plenty/northern-tarawera-track,2022-11-29,,,1.0,,,,,,,,,,0,
OBS001908,NZ431,NZ431,https://www.alltrails.com/trail/new-zealand/bay-of-plenty/northern-tarawera-track,2024-01-15,,,1.0,,,,,,,,,,0,
OBS001909,NZ432,NZ432,https://www.alltrails.com/trail/new-zealand/bay-of-plenty/tarawera-trail-to-hot-water-beach,2024-11-13,,,1.0,0.0,,,,,,,,,0,
OBS001910,NZ432,NZ432,https://www.alltrails.com/trail/new-zealand/bay-of-plenty/tarawera-trail-to-hot-water-beach,2024-11-15,,,1.0,,,,,,,,,,0,
OBS001911,NZ432,NZ432,https://www.alltrails.com/trail/new-zealand/bay-of-plenty/tarawera-trail-to-hot-water-beach,2024-12-07,,,1.0,,,,,,,,,,0,
OBS001912,NZ432,NZ432,https://www.alltrails.com/trail/new-zealand/bay-of-plenty/tarawera-trail-to-hot-water-beach,2024-12-22,,,1.0,,,,,,,,,,0,
OBS001913,NZ432,NZ432,https://www.alltrails.com/trail/new-zealand/bay-of-plenty/tarawera-trail-to-hot-water-beach,2025-04-22,,,1.0,,,,,,,,,,0,
OBS001914,NZ432,NZ432,https://www.alltrails.com/trail/new-zealand/bay-of-plenty/tarawera-trail-to-hot-water-beach,2025-05-17,,,1.0,,,,,,,,,,0,
OBS001915,NZ433,NZ433,https://www.alltrails.com/trail/new-zealand/bay-of-plenty/lake-okaro-walkway,2021-07-14,,,1.0,,,,,,,,,,0,
OBS001916,NZ434,NZ434,https://www.alltrails.com/trail/new-zealand/bay-of-plenty/hell-s-gate-geothermal-walk,2024-11-20,,,1.0,,,,,,,,,,0,
OBS001917,NZ434,NZ434,https://www.alltrails.com/trail/new-zealand/bay-of-plenty/hell-s-gate-geothermal-walk,2025-05-03,,,1.0,0.0,,,,,,,,,0,
OBS001918,NZ435,NZ435,https://www.alltrails.com/trail/new-zealand/bay-of-plenty/burma-road-track,2024-11-02,,,1.0,,,,,,,,,,0,
OBS001919,NZ435,NZ435,https://www.alltrails.com/trail/new-zealand/bay-of-plenty/burma-road-track,2025-05-13,,,1.0,,,,,,,,,,0,
OBS001920,NZ436,NZ436,https://www.alltrails.com/trail/new-zealand/bay-of-plenty/tikitapu-and-rotokakahi-lake-loops,2022-01-19,,,1.0,,,,,,,,,,0,
OBS001921,NZ436,NZ436,https://www.alltrails.com/trail/new-zealand/bay-of-plenty/tikitapu-and-rotokakahi-lake-loops,2023-02-11,,,1.0,,,,,,,,,,0,
OBS001922,NZ436,NZ436,https://www.alltrails.com/trail/new-zealand/bay-of-plenty/tikitapu-and-rotokakahi-lake-loops,2025-02-21,,,1.0,,,,,,,,,,0,
OBS001923,NZ436,NZ436,https://www.alltrails.com/trail/new-zealand/bay-of-plenty/tikitapu-and-rotokakahi-lake-loops,2025-03-03,,,0.0,,,,,,,,,,0,
OBS001924,NZ436,NZ436,https://www.alltrails.com/trail/new-zealand/bay-of-plenty/tikitapu-and-rotokakahi-lake-loops,2025-06-06,,,1.0,,,,,,,,,,0,
OBS001925,NZ437,NZ437,https://www.alltrails.com/trail/new-zealand/bay-of-plenty/mclaren-lakeside-walkway,2022-03-24,,,1.0,,,,,,,,,,0,
OBS001926,NZ437,NZ437,https://www.alltrails.com/trail/new-zealand/bay-of-plenty/mclaren-lakeside-walkway,2024-12-27,,,1.0,,,,,,,,,,0,
OBS001927,NZ437,NZ437,https://www.alltrails.com/trail/new-zealand/bay-of-plenty/mclaren-lakeside-walkway,2025-01-02,,,1.0,1.0,,,,,,,,,0,
OBS001928,NZ437,NZ437,https://www.alltrails.com/trail/new-zealand/bay-of-plenty/mclaren-lakeside-walkway,2025-05-06,,,1.0,1.0,,,,,,,,,0,
OBS001929,NZ437,NZ437,https://www.alltrails.com/trail/new-zealand/bay-of-plenty/mclaren-lakeside-walkway,2025-05-07,,,1.0,0.0,,,,,,,,,0,
OBS001930,NZ437,NZ437,https://www.alltrails.com/trail/new-zealand/bay-of-plenty/mclaren-lakeside-walkway,2025-06-01,,,1.0,,,,,,,,,,0,
OBS001931,NZ437,NZ437,https://www.alltrails.com/trail/new-zealand/bay-of-plenty/mclaren-lakeside-walkway,2025-06-13,,,1.0,,,,,,,,,,0,
OBS001932,NZ438,NZ438,https://www.alltrails.com/trail/new-zealand/bay-of-plenty/lake-okareka-campsite-to-the-rock,2025-04-05,,,1.0,0.0,,,,,,,,,0,
OBS001933,NZ440,NZ440,https://www.alltrails.com/trail/new-zealand/bay-of-plenty/whirinaki-waterfall-loop-track,2024-01-24,,,,,1.0,,,,,,,,0,
OBS001934,NZ440,NZ440,https://www.alltrails.com/trail/new-zealand/bay-of-plenty/whirinaki-waterfall-loop-track,2025-02-01,,,,0.0,,,,,,,,,0,
OBS001935,NZ440,NZ440,https://www.alltrails.com/trail/new-zealand/bay-of-plenty/whirinaki-waterfall-loop-track,2025-02-13,,,1.0,,,,,,,,,,0,
OBS001936,NZ440,NZ440,https://www.alltrails.com/trail/new-zealand/bay-of-plenty/whirinaki-waterfall-loop-track,2025-05-17,,,1.0,0.0,1.0,,,,,,,,0,
OBS001937,NZ441,NZ441,https://www.alltrails.com/trail/new-zealand/hawke-s-bay/mahia-peninsula-scenic-reserve-track,2020-09-16,,,1.0,,,,,,,,,,0,
OBS001938,NZ441,NZ441,https://www.alltrails.com/trail/new-zealand/hawke-s-bay/mahia-peninsula-scenic-reserve-track,2021-02-09,,,,,1.0,,,,,,,,0,
OBS001939,NZ441,NZ441,https://www.alltrails.com/trail/new-zealand/hawke-s-bay/mahia-peninsula-scenic-reserve-track,2024-12-20,,,1.0,,1.0,,,,,,,,0,
OBS001940,NZ443,NZ443,https://www.alltrails.com/trail/new-zealand/hawke-s-bay/waikare-river-mouth-loop,2025-06-02,,,0.0,,,,,,,,,,0,
OBS001941,NZ444,NZ444,https://www.alltrails.com/trail/new-zealand/hawke-s-bay/otatara-pa-loop,2021-04-25,,,1.0,,,,,,,,,,0,
OBS001942,NZ444,NZ444,https://www.alltrails.com/trail/new-zealand/hawke-s-bay/otatara-pa-loop,2022-02-08,,,1.0,,,,,,,,,,0,
OBS001943,NZ444,NZ444,https://www.alltrails.com/trail/new-zealand/hawke-s-bay/otatara-pa-loop,2025-02-15,,,1.0,,,,,,,,,,0,
OBS001944,NZ445,NZ445,https://www.alltrails.com/trail/new-zealand/waikato/mangatoa-track-to-leitch-hut,2025-04-06,,,1.0,,,,,,,,,,0,
OBS001945,NZ446,NZ446,https://www.alltrails.com/trail/new-zealand/waikato/lake-rotokauri-walk,2024-10-22,,,1.0,,,,,,,,,,0,
OBS001946,NZ447,NZ447,https://www.alltrails.com/trail/new-zealand/waikato/oamaru-hut-to-cascade-hut-via-kaipo-track,2024-08-24,,,0.0,,1.0,,1.0,,,,,,0,
OBS001947,NZ449,NZ449,https://www.alltrails.com/trail/new-zealand/waikato/centre-of-the-north-island-walk,2025-03-09,,,1.0,,,,,,,,,,0,
OBS001948,NZ450,NZ450,https://www.alltrails.com/trail/new-zealand/waikato/mount-titiraupenga-track,2025-03-25,,,1.0,,,,,,,,,,0,
OBS001949,NZ451,NZ451,https://www.alltrails.com/trail/new-zealand/manawatu-wanganui/castlecliff-beach-loop-walk,2023-03-24,,,1.0,,,,,,,,,,0,
OBS001950,NZ452,NZ452,https://www.alltrails.com/trail/new-zealand/manawatu-wanganui/hylton-park-loop,2025-01-10,,,1.0,,,,,,,,,,0,
OBS001951,NZ453,NZ453,https://www.alltrails.com/trail/new-zealand/manawatu-wanganui/bushy-park-walk,2024-06-20,,,1.0,,1.0,,1.0,,,,,,0,
OBS001952,NZ453,NZ453,https://www.alltrails.com/trail/new-zealand/manawatu-wanganui/bushy-park-walk,2025-01-08,,,1.0,,,,,,,,,,0,
OBS001953,NZ453,NZ453,https://www.alltrails.com/trail/new-zealand/manawatu-wanganui/bushy-park-walk,2025-03-13,,,1.0,,,,,,,,,,0,
OBS001954,NZ454,NZ454,https://www.alltrails.com/trail/new-zealand/wellington/mount-holdsworth-from-powell-hut,2025-02-11,,,1.0,,,,,,,,,,0,
OBS001955,NZ455,NZ455,https://www.alltrails.com/trail/new-zealand/wellington/rapaki-walk,2024-11-11,,,1.0,,,,,,,,,,0,
OBS001956,NZ455,NZ455,https://www.alltrails.com/trail/new-zealand/wellington/rapaki-walk,2024-11-15,,,0.0,,1.0,,,,,,,,0,
OBS001957,NZ455,NZ455,https://www.alltrails.com/trail/new-zealand/wellington/rapaki-walk,2025-03-15,,,1.0,,,,,,,,,,0,
OBS001958,NZ456,NZ456,https://www.alltrails.com/trail/new-zealand/canterbury/picnic-rock-lookout-from-castle-hill-village-via-hogs-back-tracke,2023-01-13,,,1.0,,,,,,,,,,0,
OBS001959,NZ456,NZ456,https://www.alltrails.com/trail/new-zealand/canterbury/picnic-rock-lookout-from-castle-hill-village-via-hogs-back-tracke,2025-02-27,,,1.0,,,,,,,,,,0,
OBS001960,NZ457,NZ457,https://www.alltrails.com/trail/new-zealand/wellington/kaitoke-ridge-track,2022-10-23,,,1.0,,,,,,,,,,0,
OBS001961,NZ457,NZ457,https://www.alltrails.com/trail/new-zealand/wellington/kaitoke-ridge-track,2022-12-04,,,,,1.0,,,,,,,,0,
OBS001962,NZ457,NZ457,https://www.alltrails.com/trail/new-zealand/wellington/kaitoke-ridge-track,2024-07-14,,,,,1.0,,,,,,,,0,
OBS001963,NZ457,NZ457,https://www.alltrails.com/trail/new-zealand/wellington/kaitoke-ridge-track,2025-01-19,,,1.0,,,,,,,,,,0,
OBS001964,NZ457,NZ457,https://www.alltrails.com/trail/new-zealand/wellington/kaitoke-ridge-track,2025-03-03,,,1.0,,,,,,,,,,0,
OBS001965,NZ458,NZ458,https://www.alltrails.com/trail/new-zealand/wellington/colonial-knob-from-ohariu-valley-road,2020-11-06,,,1.0,,1.0,,,,,,,,0,
OBS001966,NZ458,NZ458,https://www.alltrails.com/trail/new-zealand/wellington/colonial-knob-from-ohariu-valley-road,2024-01-20,,,1.0,,,,,,,,,,0,
OBS001967,NZ460,NZ460,https://www.alltrails.com/trail/new-zealand/wellington/pukeatua-track-to-parawai-lodge,2024-01-25,,,1.0,,,,,,,,,,0,
OBS001968,NZ461,NZ461,https://www.alltrails.com/trail/new-zealand/wellington/barry-hadfield-nikau-reserve-lookout,2020-12-27,,,1.0,,,,,,,,,,0,
OBS001969,NZ461,NZ461,https://www.alltrails.com/trail/new-zealand/wellington/barry-hadfield-nikau-reserve-lookout,2022-01-14,,,1.0,,,,,,,,,,0,
OBS001970,NZ461,NZ461,https://www.alltrails.com/trail/new-zealand/wellington/barry-hadfield-nikau-reserve-lookout,2024-04-13,,,1.0,,,,,,,,,,0,
OBS001971,NZ461,NZ461,https://www.alltrails.com/trail/new-zealand/wellington/barry-hadfield-nikau-reserve-lookout,2024-05-10,,,1.0,,,,,,,,,,0,
OBS001972,NZ461,NZ461,https://www.alltrails.com/trail/new-zealand/wellington/barry-hadfield-nikau-reserve-lookout,2025-04-23,,,1.0,0.0,,,,,,,,,0,
OBS001973,NZ462,NZ462,https://www.alltrails.com/trail/new-zealand/canterbury/akaroa-head-scenic-reserve-walk,2025-01-26,,,1.0,,,,,,,,,,0,
OBS001974,NZ463,NZ463,https://www.alltrails.com/trail/new-zealand/canterbury/kaikoura-peninsula-loop-via-south-bay,2025-02-22,,,1.0,,,,,,,,,,0,
OBS001975,NZ463,NZ463,https://www.alltrails.com/trail/new-zealand/canterbury/kaikoura-peninsula-loop-via-south-bay,2025-02-26,,,1.0,1.0,,,,,,,,,0,
OBS001976,NZ463,NZ463,https://www.alltrails.com/trail/new-zealand/canterbury/kaikoura-peninsula-loop-via-south-bay,2025-03-31,,,1.0,,,,,,,,,,0,
OBS001977,NZ463,NZ463,https://www.alltrails.com/trail/new-zealand/canterbury/kaikoura-peninsula-loop-via-south-bay,2025-05-10,,,1.0,,,,,,,,,,0,
OBS001978,NZ464,NZ464,https://www.alltrails.com/trail/new-zealand/canterbury/mount-somers-track-to-woolshed-creek-hut-via-pinnacles-hut,2024-09-27,,,1.0,,,,,,,,,,0,
OBS001979,NZ464,NZ464,https://www.alltrails.com/trail/new-zealand/canterbury/mount-somers-track-to-woolshed-creek-hut-via-pinnacles-hut,2024-10-28,,,1.0,,,,,,,,,,0,
OBS001980,NZ465,NZ465,https://www.alltrails.com/trail/new-zealand/canterbury/woolshed-creek-car-park-to-sharplin-falls-car-park,2024-09-27,,,1.0,,,,,,,,,,0,
OBS001981,NZ467,NZ467,https://www.alltrails.com/trail/new-zealand/canterbury/enchanted-forest-walk,2023-08-05,,,1.0,,,,,,,,,,0,
OBS001982,NZ467,NZ467,https://www.alltrails.com/trail/new-zealand/canterbury/enchanted-forest-walk,2024-03-03,,,1.0,,,,,,,,,,0,
OBS001983,NZ467,NZ467,https://www.alltrails.com/trail/new-zealand/canterbury/enchanted-forest-walk,2024-10-22,,,1.0,,,,,,,,,,0,
OBS001984,NZ467,NZ467,https://www.alltrails.com/trail/new-zealand/canterbury/enchanted-forest-walk,2025-01-21,,,1.0,,,,,,,,,,0,
OBS001985,NZ467,NZ467,https://www.alltrails.com/trail/new-zealand/canterbury/enchanted-forest-walk,2025-02-07,,,1.0,,,,,,,,,,0,
OBS001986,NZ467,NZ467,https://www.alltrails.com/trail/new-zealand/canterbury/enchanted-forest-walk,2025-02-28,,,1.0,,,,,,,,,,0,
OBS001987,NZ467,NZ467,https://www.alltrails.com/trail/new-zealand/canterbury/enchanted-forest-walk,2025-03-03,,,1.0,,,,,,,,,,0,
OBS001988,NZ468,NZ468,https://www.alltrails.com/trail/new-zealand/canterbury/benmore-peninsula-loop,2025-01-17,,,1.0,,,,,,,,,,0,
OBS001989,NZ468,NZ468,https://www.alltrails.com/trail/new-zealand/canterbury/benmore-peninsula-loop,2025-01-18,,,1.0,,,,,,,,,,0,
OBS001990,NZ468,NZ468,https://www.alltrails.com/trail/new-zealand/canterbury/benmore-peninsula-loop,2025-01-27,,,1.0,,,,,,,,,,0,
OBS001991,NZ468,NZ468,https://www.alltrails.com/trail/new-zealand/canterbury/benmore-peninsula-loop,2025-02-11,,,1.0,,,,,,,,,,0,
OBS001992,NZ468,NZ468,https://www.alltrails.com/trail/new-zealand/canterbury/benmore-peninsula-loop,2025-02-19,,,1.0,,,,,,,,,,0,
OBS001993,NZ468,NZ468,https://www.alltrails.com/trail/new-zealand/canterbury/benmore-peninsula-loop,2025-02-19,,,1.0,,,,,,,,,,0,
OBS001994,NZ469,NZ469,https://www.alltrails.com/trail/new-zealand/waikato/tongariro-river-trail,2024-03-27,,,1.0,,,,,,,,,,0,
OBS001995,NZ469,NZ469,https://www.alltrails.com/trail/new-zealand/waikato/tongariro-river-trail,2024-11-11,,,1.0,,,,,,,,,,0,
OBS001996,NZ469,NZ469,https://www.alltrails.com/trail/new-zealand/waikato/tongariro-river-trail,2024-11-15,,,1.0,,,,,,,,,,0,
OBS001997,NZ469,NZ469,https://www.alltrails.com/trail/new-zealand/waikato/tongariro-river-trail,2025-01-20,,,1.0,,,,,,,,,,0,
OBS001998,NZ469,NZ469,https://www.alltrails.com/trail/new-zealand/waikato/tongariro-river-trail,2025-02-16,,,0.0,,,,,,,,,,0,
OBS001999,NZ469,NZ469,https://www.alltrails.com/trail/new-zealand/waikato/tongariro-river-trail,2025-06-13,,,1.0,,,,,,,,,,0,
OBS002000,NZ470,NZ470,https://www.alltrails.com/trail/new-zealand/waikato/huka-falls-to-aratiatia-rapids,2025-01-28,,,1.0,,,,,,,,,,0,
OBS002001,NZ470,NZ470,https://www.alltrails.com/trail/new-zealand/waikato/huka-falls-to-aratiatia-rapids,2025-02-08,,,1.0,,,,,,,,,,0,
OBS002002,NZ470,NZ470,https://www.alltrails.com/trail/new-zealand/waikato/huka-falls-to-aratiatia-rapids,2025-02-15,,,1.0,,,,,,,,,,0,
OBS002003,NZ470,NZ470,https://www.alltrails.com/trail/new-zealand/waikato/huka-falls-to-aratiatia-rapids,2025-03-27,,,1.0,,,,,,,,,,0,
OBS002004,NZ470,NZ470,https://www.alltrails.com/trail/new-zealand/waikato/huka-falls-to-aratiatia-rapids,2025-05-05,,,1.0,0.0,,,,,,,,,0,
OBS002005,NZ471,NZ471,https://www.alltrails.com/trail/new-zealand/waikato/spa-park-to-huka-falls-walk,2025-02-25,,,1.0,,,,,,,,,,0,
OBS002006,NZ471,NZ471,https://www.alltrails.com/trail/new-zealand/waikato/spa-park-to-huka-falls-walk,2025-03-03,,,1.0,,,,,,,,,,0,
OBS002007,NZ471,NZ471,https://www.alltrails.com/trail/new-zealand/waikato/spa-park-to-huka-falls-walk,2025-03-04,,,1.0,,,,,,,,,,0,
OBS002008,NZ471,NZ471,https://www.alltrails.com/trail/new-zealand/waikato/spa-park-to-huka-falls-walk,2025-03-14,,,1.0,,,,,,,,,,0,
OBS002009,NZ471,NZ471,https://www.alltrails.com/trail/new-zealand/waikato/spa-park-to-huka-falls-walk,2025-03-16,,,1.0,,,,,,,,,,0,
OBS002010,NZ471,NZ471,https://www.alltrails.com/trail/new-zealand/waikato/spa-park-to-huka-falls-walk,2025-03-19,,,1.0,,,,,,,,,,0,
OBS002011,NZ471,NZ471,https://www.alltrails.com/trail/new-zealand/waikato/spa-park-to-huka-falls-walk,2025-03-19,,,1.0,0.0,,,,,,,,,0,
OBS002012,NZ471,NZ471,https://www.alltrails.com/trail/new-zealand/waikato/spa-park-to-huka-falls-walk,2025-03-19,,,1.0,,,,,,,,,,0,
OBS002013,NZ471,NZ471,https://www.alltrails.com/trail/new-zealand/waikato/spa-park-to-huka-falls-walk,2025-03-24,,,1.0,,,,,,,,,,0,
OBS002014,NZ471,NZ471,https://www.alltrails.com/trail/new-zealand/waikato/spa-park-to-huka-falls-walk,2025-04-05,,,1.0,,,,,,,,,,0,
OBS002015,NZ471,NZ471,https://www.alltrails.com/trail/new-zealand/waikato/spa-park-to-huka-falls-walk,2025-04-11,,,1.0,,,,,,,,,,0,
OBS002016,NZ471,NZ471,https://www.alltrails.com/trail/new-zealand/waikato/spa-park-to-huka-falls-walk,2025-04-11,,,1.0,,,,,,,,,,0,
OBS002017,NZ471,NZ471,https://www.alltrails.com/trail/new-zealand/waikato/spa-park-to-huka-falls-walk,2025-04-15,,,1.0,,,,,,,,,,0,
OBS002018,NZ471,NZ471,https://www.alltrails.com/trail/new-zealand/waikato/spa-park-to-huka-falls-walk,2025-04-23,,,1.0,0.0,,,,,,,,,0,
OBS002019,NZ471,NZ471,https://www.alltrails.com/trail/new-zealand/waikato/spa-park-to-huka-falls-walk,2025-05-13,,,1.0,,,,,,,,,,0,
OBS002020,NZ471,NZ471,https://www.alltrails.com/trail/new-zealand/waikato/spa-park-to-huka-falls-walk,2025-06-19,,,1.0,,,,,,,,,,0,
OBS002021,NZ472,NZ472,https://www.alltrails.com/trail/new-zealand/waikato/aratiatia-walkway,2020-07-11,,,,,1.0,,,,,,,,0,
OBS002022,NZ472,NZ472,https://www.alltrails.com/trail/new-zealand/waikato/aratiatia-walkway,2024-10-14,,,1.0,,,,,,,,,,0,
OBS002023,NZ472,NZ472,https://www.alltrails.com/trail/new-zealand/waikato/aratiatia-walkway,2025-01-16,,,1.0,,,,,,,,,,0,
OBS002024,NZ473,NZ473,https://www.alltrails.com/trail/new-zealand/waikato/aratiatia-rapids-lookout-walk,2022-03-03,,,1.0,,,,,,,,,,0,
OBS002025,NZ473,NZ473,https://www.alltrails.com/trail/new-zealand/waikato/aratiatia-rapids-lookout-walk,2023-04-11,,,1.0,,,,,,,,,,0,
OBS002026,NZ473,NZ473,https://www.alltrails.com/trail/new-zealand/waikato/aratiatia-rapids-lookout-walk,2024-12-05,,,1.0,,,,,,,,,,0,
OBS002027,NZ473,NZ473,https://www.alltrails.com/trail/new-zealand/waikato/aratiatia-rapids-lookout-walk,2025-02-22,,,1.0,,,,,,,,,,0,
OBS002028,NZ473,NZ473,https://www.alltrails.com/trail/new-zealand/waikato/aratiatia-rapids-lookout-walk,2025-05-07,,,1.0,,,,,,,,,,0,
OBS002029,NZ473,NZ473,https://www.alltrails.com/trail/new-zealand/waikato/aratiatia-rapids-lookout-walk,2025-05-13,,,1.0,,,,,,,,,,0,
OBS002030,NZ473,NZ473,https://www.alltrails.com/trail/new-zealand/waikato/aratiatia-rapids-lookout-walk,2025-06-01,,,1.0,,,,,,,,,,0,
OBS002031,NZ473,NZ473,https://www.alltrails.com/trail/new-zealand/waikato/aratiatia-rapids-lookout-walk,2025-06-09,,,1.0,,,,,,,,,,0,
OBS002032,NZ474,NZ474,https://www.alltrails.com/trail/new-zealand/waikato/whakaipo-kinloch-track,2022-02-02,,,1.0,,,,,,,,,,0,
OBS002033,NZ474,NZ474,https://www.alltrails.com/trail/new-zealand/waikato/whakaipo-kinloch-track,2023-06-29,,,1.0,,,,,,,,,,0,
OBS002034,NZ474,NZ474,https://www.alltrails.com/trail/new-zealand/waikato/whakaipo-kinloch-track,2024-10-28,,,1.0,,,,,,,,,,0,
OBS002035,NZ474,NZ474,https://www.alltrails.com/trail/new-zealand/waikato/whakaipo-kinloch-track,2025-02-04,,,1.0,,,,,,,,,,0,
OBS002036,NZ474,NZ474,https://www.alltrails.com/trail/new-zealand/waikato/whakaipo-kinloch-track,2025-02-15,,,1.0,,,,,,,,,,0,
OBS002037,NZ474,NZ474,https://www.alltrails.com/trail/new-zealand/waikato/whakaipo-kinloch-track,2025-03-08,,,1.0,,,,,,,,,,0,
OBS002038,NZ474,NZ474,https://www.alltrails.com/trail/new-zealand/waikato/whakaipo-kinloch-track,2025-04-25,,,1.0,,,,,,,,,,0,
OBS002039,NZ475,NZ475,https://www.alltrails.com/trail/new-zealand/waikato/orakei-korako-geyser-field,2024-01-31,,,1.0,,,,,,,,,,0,
OBS002040,NZ475,NZ475,https://www.alltrails.com/trail/new-zealand/waikato/orakei-korako-geyser-field,2024-07-10,,,1.0,,,,,,,,,,0,
OBS002041,NZ475,NZ475,https://www.alltrails.com/trail/new-zealand/waikato/orakei-korako-geyser-field,2024-10-04,,,1.0,,,,,,,,,,0,
OBS002042,NZ475,NZ475,https://www.alltrails.com/trail/new-zealand/waikato/orakei-korako-geyser-field,2025-02-22,,,1.0,,,,,,,,,,0,
OBS002043,NZ475,NZ475,https://www.alltrails.com/trail/new-zealand/waikato/orakei-korako-geyser-field,2025-02-23,,,1.0,,,,,,,,,,0,
OBS002044,NZ475,NZ475,https://www.alltrails.com/trail/new-zealand/waikato/orakei-korako-geyser-field,2025-03-04,,,1.0,,,,,,,,,,0,
OBS002045,NZ475,NZ475,https://www.alltrails.com/trail/new-zealand/waikato/orakei-korako-geyser-field,2025-03-17,,,1.0,,,,,,,,,,0,
OBS002046,NZ475,NZ475,https://www.alltrails.com/trail/new-zealand/waikato/orakei-korako-geyser-field,2025-03-22,,,1.0,,,,,,,,,,0,
OBS002047,NZ475,NZ475,https://www.alltrails.com/trail/new-zealand/waikato/orakei-korako-geyser-field,2025-04-09,,,1.0,,,,,,,,,,0,
OBS002048,NZ475,NZ475,https://www.alltrails.com/trail/new-zealand/waikato/orakei-korako-geyser-field,2025-04-20,,,1.0,,,,,,,,,,0,
OBS002049,NZ475,NZ475,https://www.alltrails.com/trail/new-zealand/waikato/orakei-korako-geyser-field,2025-04-21,,,1.0,,,,,,,,,,0,
OBS002050,NZ476,NZ476,https://www.alltrails.com/trail/new-zealand/waikato/shakespeare-cliff-loop-track,2024-10-29,,,1.0,,,,,,,,,,0,
OBS002051,NZ476,NZ476,https://www.alltrails.com/trail/new-zealand/waikato/shakespeare-cliff-loop-track,2024-11-01,,,1.0,0.0,,,,,,,,,0,
OBS002052,NZ476,NZ476,https://www.alltrails.com/trail/new-zealand/waikato/shakespeare-cliff-loop-track,2024-11-27,,,1.0,,,,,,,,,,0,
OBS002053,NZ476,NZ476,https://www.alltrails.com/trail/new-zealand/waikato/shakespeare-cliff-loop-track,2025-01-31,,,1.0,,,,,,,,,,0,
OBS002054,NZ476,NZ476,https://www.alltrails.com/trail/new-zealand/waikato/shakespeare-cliff-loop-track,2025-02-19,,,1.0,,,,,,,,,,0,
OBS002055,NZ476,NZ476,https://www.alltrails.com/trail/new-zealand/waikato/shakespeare-cliff-loop-track,2025-03-27,,,1.0,,,,,,,,,,0,
OBS002056,NZ476,NZ476,https://www.alltrails.com/trail/new-zealand/waikato/shakespeare-cliff-loop-track,2025-04-02,,,1.0,,,,,,,,,,0,
OBS002057,NZ476,NZ476,https://www.alltrails.com/trail/new-zealand/waikato/shakespeare-cliff-loop-track,2025-05-03,,,1.0,,,,,,,,,,0,
OBS002058,NZ476,NZ476,https://www.alltrails.com/trail/new-zealand/waikato/shakespeare-cliff-loop-track,2025-06-12,,,1.0,,,,,,,,,,0,
OBS002059,NZ477,NZ477,https://www.alltrails.com/trail/new-zealand/waikato/peacockes-reserve-walk,2025-05-03,,,1.0,,,,,,,,,,0,
OBS002060,NZ478,NZ478,https://www.alltrails.com/trail/new-zealand/waikato/taupo-to-five-mile-bay,2024-06-28,,,1.0,,,,,,,,,,0,
OBS002061,NZ478,NZ478,https://www.alltrails.com/trail/new-zealand/waikato/taupo-to-five-mile-bay,2024-10-15,,,1.0,,,,,,,,,,0,
OBS002062,NZ478,NZ478,https://www.alltrails.com/trail/new-zealand/waikato/taupo-to-five-mile-bay,2024-12-28,,,1.0,,,,,,,,,,0,
OBS002063,NZ478,NZ478,https://www.alltrails.com/trail/new-zealand/waikato/taupo-to-five-mile-bay,2025-01-03,,,1.0,,,,,,,,,,0,
OBS002064,NZ478,NZ478,https://www.alltrails.com/trail/new-zealand/waikato/taupo-to-five-mile-bay,2025-01-22,,,1.0,,,,,,,,,,0,
OBS002065,NZ478,NZ478,https://www.alltrails.com/trail/new-zealand/waikato/taupo-to-five-mile-bay,2025-01-24,,,1.0,,,,,,,,,,0,
OBS002066,NZ478,NZ478,https://www.alltrails.com/trail/new-zealand/waikato/taupo-to-five-mile-bay,2025-02-05,,,1.0,,,,,,,,,,0,
OBS002067,NZ478,NZ478,https://www.alltrails.com/trail/new-zealand/waikato/taupo-to-five-mile-bay,2025-02-25,,,1.0,,,,,,,,,,0,
OBS002068,NZ478,NZ478,https://www.alltrails.com/trail/new-zealand/waikato/taupo-to-five-mile-bay,2025-03-11,,,1.0,,,,,,,,,,0,
OBS002069,NZ478,NZ478,https://www.alltrails.com/trail/new-zealand/waikato/taupo-to-five-mile-bay,2025-04-22,,,1.0,,,,,,,,,,0,
OBS002070,NZ478,NZ478,https://www.alltrails.com/trail/new-zealand/waikato/taupo-to-five-mile-bay,2025-05-31,,,1.0,,,,,,,,,,0,
OBS002071,NZ479,NZ479,https://www.alltrails.com/trail/new-zealand/waikato/jim-higgins-memorial-walkway,2021-11-20,,,1.0,,,,,,,,,,0,
OBS002072,NZ479,NZ479,https://www.alltrails.com/trail/new-zealand/waikato/jim-higgins-memorial-walkway,2023-09-02,,,,0.0,,,,,,,,,0,
OBS002073,NZ479,NZ479,https://www.alltrails.com/trail/new-zealand/waikato/jim-higgins-memorial-walkway,2024-09-09,,,1.0,,,,,,,,,,0,
OBS002074,NZ481,NZ481,https://www.alltrails.com/trail/new-zealand/taranaki/pukeiti-summit-track,2021-01-27,,,,,1.0,,,,,,,,0,
OBS002075,NZ481,NZ481,https://www.alltrails.com/trail/new-zealand/taranaki/pukeiti-summit-track,2022-02-03,,,1.0,,,,,,,,,,0,
OBS002076,NZ481,NZ481,https://www.alltrails.com/trail/new-zealand/taranaki/pukeiti-summit-track,2022-04-14,,,,,1.0,,,,,,,,0,
OBS002077,NZ481,NZ481,https://www.alltrails.com/trail/new-zealand/taranaki/pukeiti-summit-track,2024-12-06,,,,,1.0,,,,,,,,0,
OBS002078,NZ482,NZ482,https://www.alltrails.com/trail/new-zealand/taranaki/curtis-falls-track,2021-03-20,,,1.0,,,,,,,,,,0,
OBS002079,NZ482,NZ482,https://www.alltrails.com/trail/new-zealand/taranaki/curtis-falls-track,2022-02-02,,,1.0,,,,,,,,,,0,
OBS002080,NZ482,NZ482,https://www.alltrails.com/trail/new-zealand/taranaki/curtis-falls-track,2023-04-25,,,,,1.0,,,,,,,,0,
OBS002081,NZ483,NZ483,https://www.alltrails.com/trail/new-zealand/manawatu-wanganui/mount-taranaki-loop-via-wilkies-pools-and-dawsons-falls,2024-12-01,,,1.0,,,,,,,,,,0,
OBS002082,NZ483,NZ483,https://www.alltrails.com/trail/new-zealand/manawatu-wanganui/mount-taranaki-loop-via-wilkies-pools-and-dawsons-falls,2024-12-03,,,1.0,,,,,,,,,,0,
OBS002083,NZ483,NZ483,https://www.alltrails.com/trail/new-zealand/manawatu-wanganui/mount-taranaki-loop-via-wilkies-pools-and-dawsons-falls,2024-12-08,,,,,1.0,,,,,,,,0,
OBS002084,NZ483,NZ483,https://www.alltrails.com/trail/new-zealand/manawatu-wanganui/mount-taranaki-loop-via-wilkies-pools-and-dawsons-falls,2024-12-12,,,1.0,,1.0,,,,,,,,0,
OBS002085,NZ483,NZ483,https://www.alltrails.com/trail/new-zealand/manawatu-wanganui/mount-taranaki-loop-via-wilkies-pools-and-dawsons-falls,2025-01-31,,,1.0,1.0,1.0,,,,,,,,0,
OBS002086,NZ483,NZ483,https://www.alltrails.com/trail/new-zealand/manawatu-wanganui/mount-taranaki-loop-via-wilkies-pools-and-dawsons-falls,2025-02-02,,,,1.0,1.0,,,,,,,,0,
OBS002087,NZ483,NZ483,https://www.alltrails.com/trail/new-zealand/manawatu-wanganui/mount-taranaki-loop-via-wilkies-pools-and-dawsons-falls,2025-02-06,,,1.0,,,,,,,,,,0,
OBS002088,NZ483,NZ483,https://www.alltrails.com/trail/new-zealand/manawatu-wanganui/mount-taranaki-loop-via-wilkies-pools-and-dawsons-falls,2025-02-21,,,,0.0,1.0,,,,,,,,0,
OBS002089,NZ483,NZ483,https://www.alltrails.com/trail/new-zealand/manawatu-wanganui/mount-taranaki-loop-via-wilkies-pools-and-dawsons-falls,2025-02-26,,,1.0,,,,,,,,,,0,
OBS002090,NZ483,NZ483,https://www.alltrails.com/trail/new-zealand/manawatu-wanganui/mount-taranaki-loop-via-wilkies-pools-and-dawsons-falls,2025-04-14,,,1.0,,,,,,,,,,0,
OBS002091,NZ483,NZ483,https://www.alltrails.com/trail/new-zealand/manawatu-wanganui/mount-taranaki-loop-via-wilkies-pools-and-dawsons-falls,2025-04-16,,,1.0,,,,,,,,,,0,
OBS002092,NZ484,NZ484,https://www.alltrails.com/trail/new-zealand/taranaki/opunake-loop-trail,2025-03-27,,,1.0,,,,,,,,,,0,
OBS002093,NZ485,NZ485,https://www.alltrails.com/trail/new-zealand/taranaki/stratford-plateau-lookout-walk,2024-12-10,,,1.0,,,,,,,,,,0,
OBS002094,NZ486,NZ486,https://www.alltrails.com/trail/new-zealand/taranaki/barrett-lagoon-loop-track,2021-09-19,,,1.0,,,,,,,,,,0,
OBS002095,NZ486,NZ486,https://www.alltrails.com/trail/new-zealand/taranaki/barrett-lagoon-loop-track,2021-12-21,,,1.0,,,,,,,,,,0,
OBS002096,NZ486,NZ486,https://www.alltrails.com/trail/new-zealand/taranaki/barrett-lagoon-loop-track,2023-03-13,,,1.0,,,,,,,,,,0,
OBS002097,NZ486,NZ486,https://www.alltrails.com/trail/new-zealand/taranaki/barrett-lagoon-loop-track,2025-03-01,,,1.0,,,,,,,,,,0,
OBS002098,NZ486,NZ486,https://www.alltrails.com/trail/new-zealand/taranaki/barrett-lagoon-loop-track,2025-05-15,,,1.0,,,,,,,,,,0,
OBS002099,NZ487,NZ487,https://www.alltrails.com/trail/new-zealand/taranaki/veronica-loop-track,2024-12-10,,,,,1.0,,,,,,,,0,
OBS002100,NZ487,NZ487,https://www.alltrails.com/trail/new-zealand/taranaki/veronica-loop-track,2024-12-15,,,1.0,,,,,,,,,,0,
OBS002101,NZ487,NZ487,https://www.alltrails.com/trail/new-zealand/taranaki/veronica-loop-track,2025-01-10,,,1.0,,0.0,,,,,,,,0,
OBS002102,NZ487,NZ487,https://www.alltrails.com/trail/new-zealand/taranaki/veronica-loop-track,2025-01-17,,,1.0,0.0,,,,,,,,,0,
OBS002103,NZ487,NZ487,https://www.alltrails.com/trail/new-zealand/taranaki/veronica-loop-track,2025-01-17,,,1.0,,,,,,,,,,0,
OBS002104,NZ487,NZ487,https://www.alltrails.com/trail/new-zealand/taranaki/veronica-loop-track,2025-02-21,,,1.0,,,,,,,,,,0,
OBS002105,NZ487,NZ487,https://www.alltrails.com/trail/new-zealand/taranaki/veronica-loop-track,2025-02-21,,,1.0,,1.0,,,,,,,,0,
OBS002106,NZ487,NZ487,https://www.alltrails.com/trail/new-zealand/taranaki/veronica-loop-track,2025-02-26,,,1.0,,,,,,,,,,0,
OBS002107,NZ487,NZ487,https://www.alltrails.com/trail/new-zealand/taranaki/veronica-loop-track,2025-03-04,,,1.0,,,,,,,,,,0,
OBS002108,NZ487,NZ487,https://www.alltrails.com/trail/new-zealand/taranaki/veronica-loop-track,2025-03-19,,,,,1.0,,,,,,,,0,
OBS002109,NZ487,NZ487,https://www.alltrails.com/trail/new-zealand/taranaki/veronica-loop-track,2025-05-23,,,1.0,,,,,,,,,,0,
OBS002110,NZ488,NZ488,https://www.alltrails.com/trail/new-zealand/taranaki/three-sisters-lookout-track,2025-02-11,,,1.0,,,,,,,,,,0,
OBS002111,NZ488,NZ488,https://www.alltrails.com/trail/new-zealand/taranaki/three-sisters-lookout-track,2025-04-25,,,1.0,,,,,,,,,,0,
OBS002112,NZ489,NZ489,https://www.alltrails.com/trail/new-zealand/taranaki/herekawe-walkway,2023-03-13,,,1.0,,,,,,,,,,0,
OBS002113,NZ489,NZ489,https://www.alltrails.com/trail/new-zealand/taranaki/herekawe-walkway,2025-06-07,,,1.0,,,,,,,,,,0,
OBS002114,NZ490,NZ490,https://www.alltrails.com/trail/new-zealand/canterbury/cavendish-bluffs-loop-track,2021-02-16,,,1.0,,,,,,,,,,0,
OBS002115,NZ490,NZ490,https://www.alltrails.com/trail/new-zealand/canterbury/cavendish-bluffs-loop-track,2022-05-03,,,1.0,,,,,,,,,,0,
OBS002116,NZ490,NZ490,https://www.alltrails.com/trail/new-zealand/canterbury/cavendish-bluffs-loop-track,2023-11-07,,,,,1.0,,,,,,,,0,
OBS002117,NZ490,NZ490,https://www.alltrails.com/trail/new-zealand/canterbury/cavendish-bluffs-loop-track,2024-11-17,,,1.0,,,,,,,,,,0,
OBS002118,NZ490,NZ490,https://www.alltrails.com/trail/new-zealand/canterbury/cavendish-bluffs-loop-track,2025-01-26,,,1.0,,,,,,,,,,0,
OBS002119,NZ490,NZ490,https://www.alltrails.com/trail/new-zealand/canterbury/cavendish-bluffs-loop-track,2025-04-27,,,0.0,,,,,,,,,,0,
OBS002120,NZ491,NZ491,https://www.alltrails.com/trail/new-zealand/canterbury/kennedy-s-bush-track-to-mount-ada,2024-02-04,,,1.0,,,,,,,,,,0,
OBS002121,NZ491,NZ491,https://www.alltrails.com/trail/new-zealand/canterbury/kennedy-s-bush-track-to-mount-ada,2024-03-25,,,1.0,,,,,,,,,,0,
OBS002122,NZ491,NZ491,https://www.alltrails.com/trail/new-zealand/canterbury/kennedy-s-bush-track-to-mount-ada,2024-08-05,,,1.0,,,,,,,,,,0,
OBS002123,NZ491,NZ491,https://www.alltrails.com/trail/new-zealand/canterbury/kennedy-s-bush-track-to-mount-ada,2024-12-30,,,,,1.0,,,,,,,,0,
OBS002124,NZ491,NZ491,https://www.alltrails.com/trail/new-zealand/canterbury/kennedy-s-bush-track-to-mount-ada,2025-01-09,,,1.0,1.0,,,,,,,,,0,
OBS002125,NZ493,NZ493,https://www.alltrails.com/trail/new-zealand/canterbury/pegasus-lake-walk,2022-08-13,,,1.0,,,,,,,,,,0,
OBS002126,NZ493,NZ493,https://www.alltrails.com/trail/new-zealand/canterbury/pegasus-lake-walk,2025-05-19,,,1.0,,,,,,,,,,0,
OBS002127,NZ494,NZ494,https://www.alltrails.com/trail/new-zealand/canterbury/harry-ell-walkway,2024-04-27,,,1.0,,,,,,,,,,0,
OBS002128,NZ494,NZ494,https://www.alltrails.com/trail/new-zealand/canterbury/harry-ell-walkway,2024-05-31,,,1.0,,,,,,,,,,0,
OBS002129,NZ494,NZ494,https://www.alltrails.com/trail/new-zealand/canterbury/harry-ell-walkway,2024-06-22,,,1.0,,,,,,,,,,0,
OBS002130,NZ494,NZ494,https://www.alltrails.com/trail/new-zealand/canterbury/harry-ell-walkway,2024-07-29,,,0.0,1.0,1.0,,,,,,,,0,
OBS002131,NZ494,NZ494,https://www.alltrails.com/trail/new-zealand/canterbury/harry-ell-walkway,2024-09-21,,,1.0,,,,,,,,,,0,
OBS002132,NZ494,NZ494,https://www.alltrails.com/trail/new-zealand/canterbury/harry-ell-walkway,2024-09-22,,,1.0,,,,,,,,,,0,
OBS002133,NZ494,NZ494,https://www.alltrails.com/trail/new-zealand/canterbury/harry-ell-walkway,2024-10-18,,,1.0,,,,,,,,,,0,
OBS002134,NZ494,NZ494,https://www.alltrails.com/trail/new-zealand/canterbury/harry-ell-walkway,2024-10-20,,,1.0,,,,,,,,,,0,
OBS002135,NZ494,NZ494,https://www.alltrails.com/trail/new-zealand/canterbury/harry-ell-walkway,2024-10-20,,,1.0,,,,,,,,,,0,
OBS002136,NZ494,NZ494,https://www.alltrails.com/trail/new-zealand/canterbury/harry-ell-walkway,2024-10-31,,,1.0,,,,,,,,,,0,
OBS002137,NZ494,NZ494,https://www.alltrails.com/trail/new-zealand/canterbury/harry-ell-walkway,2024-12-04,,,1.0,,,,,,,,,,0,
OBS002138,NZ494,NZ494,https://www.alltrails.com/trail/new-zealand/canterbury/harry-ell-walkway,2025-02-18,,,1.0,,,,,,,,,,0,
OBS002139,NZ494,NZ494,https://www.alltrails.com/trail/new-zealand/canterbury/harry-ell-walkway,2025-02-22,,,1.0,,,,,,,,,,0,
OBS002140,NZ494,NZ494,https://www.alltrails.com/trail/new-zealand/canterbury/harry-ell-walkway,2025-03-02,,,1.0,1.0,,,,,,,,,0,
OBS002141,NZ494,NZ494,https://www.alltrails.com/trail/new-zealand/canterbury/harry-ell-walkway,2025-03-08,,,1.0,,,,,,,,,,0,
OBS002142,NZ494,NZ494,https://www.alltrails.com/trail/new-zealand/canterbury/harry-ell-walkway,2025-04-10,,,1.0,,,,,,,,,,0,
OBS002143,NZ494,NZ494,https://www.alltrails.com/trail/new-zealand/canterbury/harry-ell-walkway,2025-05-08,,,1.0,,1.0,,,,,,,,0,
OBS002144,NZ496,NZ496,https://www.alltrails.com/trail/new-zealand/canterbury/ryton-track-to-lake-catherine,2024-10-18,,,1.0,,,,,,,,,,0,
OBS002145,NZ496,NZ496,https://www.alltrails.com/trail/new-zealand/canterbury/ryton-track-to-lake-catherine,2024-10-18,,,1.0,,,,,,,,,,0,
OBS002146,NZ496,NZ496,https://www.alltrails.com/trail/new-zealand/canterbury/ryton-track-to-lake-catherine,2024-12-25,,,1.0,1.0,1.0,,,,,,,,0,
OBS002147,NZ496,NZ496,https://www.alltrails.com/trail/new-zealand/canterbury/ryton-track-to-lake-catherine,2025-01-01,,,1.0,,,,,,,,,,0,
OBS002148,NZ496,NZ496,https://www.alltrails.com/trail/new-zealand/canterbury/ryton-track-to-lake-catherine,2025-01-21,,,1.0,,,,,,,,,,0,
OBS002149,NZ496,NZ496,https://www.alltrails.com/trail/new-zealand/canterbury/ryton-track-to-lake-catherine,2025-01-31,,,1.0,,,,,,,,,,0,
OBS002150,NZ496,NZ496,https://www.alltrails.com/trail/new-zealand/canterbury/ryton-track-to-lake-catherine,2025-02-23,,,1.0,,,,,,,,,,0,
OBS002151,NZ496,NZ496,https://www.alltrails.com/trail/new-zealand/canterbury/ryton-track-to-lake-catherine,2025-06-30,,,,1.0,1.0,,,,,,,,0,
OBS002152,NZ496,NZ496,https://www.alltrails.com/trail/new-zealand/canterbury/ryton-track-to-lake-catherine,2025-07-23,,,1.0,,1.0,,1.0,,,,,,0,
OBS002153,NZ497,NZ497,https://www.alltrails.com/trail/new-zealand/canterbury/lyttleton-to-christchurch-gondola-via-bridle-track,2024-06-30,,,,,1.0,,,,,,,,0,
OBS002154,NZ497,NZ497,https://www.alltrails.com/trail/new-zealand/canterbury/lyttleton-to-christchurch-gondola-via-bridle-track,2024-09-07,,,1.0,,,,,,,,,,0,
OBS002155,NZ497,NZ497,https://www.alltrails.com/trail/new-zealand/canterbury/lyttleton-to-christchurch-gondola-via-bridle-track,2024-10-14,,,1.0,,,,,,,,,,0,
OBS002156,NZ497,NZ497,https://www.alltrails.com/trail/new-zealand/canterbury/lyttleton-to-christchurch-gondola-via-bridle-track,2024-12-14,,,1.0,,,,,,,,,,0,
OBS002157,NZ497,NZ497,https://www.alltrails.com/trail/new-zealand/canterbury/lyttleton-to-christchurch-gondola-via-bridle-track,2025-02-11,,,1.0,,,,,,,,,,0,
OBS002158,NZ497,NZ497,https://www.alltrails.com/trail/new-zealand/canterbury/lyttleton-to-christchurch-gondola-via-bridle-track,2025-02-11,,,1.0,,,,,,,,,,0,
OBS002159,NZ497,NZ497,https://www.alltrails.com/trail/new-zealand/canterbury/lyttleton-to-christchurch-gondola-via-bridle-track,2025-02-28,,,1.0,,,,,,,,,,0,
OBS002160,NZ497,NZ497,https://www.alltrails.com/trail/new-zealand/canterbury/lyttleton-to-christchurch-gondola-via-bridle-track,2025-04-22,,,1.0,,,,,,,,,,0,
OBS002161,NZ498,NZ498,https://www.alltrails.com/trail/new-zealand/auckland/huntsbury-track,2024-10-05,,,1.0,,,,,,,,,,0,
OBS002162,NZ498,NZ498,https://www.alltrails.com/trail/new-zealand/auckland/huntsbury-track,2024-10-19,,,1.0,,,,,,,,,,0,
OBS002163,NZ498,NZ498,https://www.alltrails.com/trail/new-zealand/auckland/huntsbury-track,2025-05-15,,,1.0,,,,,,,,,,0,
OBS002164,NZ498,NZ498,https://www.alltrails.com/trail/new-zealand/auckland/huntsbury-track,2025-06-16,,,1.0,,,,,,,,,,0,
OBS002165,NZ499,NZ499,https://www.alltrails.com/trail/new-zealand/canterbury/christchurch-360-trail-sugarloaf-hills,2025-01-01,,,1.0,,,,,,,,,,0,
OBS002166,NZ499,NZ499,https://www.alltrails.com/trail/new-zealand/canterbury/christchurch-360-trail-sugarloaf-hills,2025-01-24,,,1.0,,,,,,,,,,0,
OBS002167,NZ499,NZ499,https://www.alltrails.com/trail/new-zealand/canterbury/christchurch-360-trail-sugarloaf-hills,2025-01-30,,,1.0,,,,,,,,,,0,
OBS002168,NZ499,NZ499,https://www.alltrails.com/trail/new-zealand/canterbury/christchurch-360-trail-sugarloaf-hills,2025-03-30,,,1.0,,,,,,,,,,0,
OBS002169,NZ499,NZ499,https://www.alltrails.com/trail/new-zealand/canterbury/christchurch-360-trail-sugarloaf-hills,2025-05-12,,,1.0,,,,,,,,,,0,
OBS002170,,REG00115c1ed7,https://www.alltrails.com/trail/new-zealand/otago/meg-hut-from-crown-range-road,2025-02-16,,,1.0,,,,,,,,,,0,
OBS002171,,REG09dd1ab94e,https://www.alltrails.com/trail/new-zealand/canterbury/st-james-cycleway-via-lake-guyon-and-fowlers-camp,2021-12-27,,,1.0,1.0,1.0,,,,,,,,0,
OBS002172,,REG11dfbd1504,https://www.alltrails.com/trail/new-zealand/otago/devils-creek-track--2,2025-02-10,,,1.0,,,,,,,,,,0,
OBS002173,,REG11dfbd1504,https://www.alltrails.com/trail/new-zealand/otago/devils-creek-track--2,2025-02-21,,,1.0,,,,,,,,,,0,
OBS002174,,REG11dfbd1504,https://www.alltrails.com/trail/new-zealand/otago/devils-creek-track--2,2025-04-16,,,1.0,,,,,,,,,,0,
OBS002175,,REG173cdcc9e6,https://www.alltrails.com/trail/new-zealand/wellington/belmont-trig-from-stratton-street,2024-05-25,,,1.0,,,,,,,,,,0,
OBS002176,,REG173cdcc9e6,https://www.alltrails.com/trail/new-zealand/wellington/belmont-trig-from-stratton-street,2024-09-08,,,1.0,,,,,,,,,,0,
OBS002177,,REG1e174850ee,https://www.alltrails.com/trail/new-zealand/otago/barrs-falls-walk,2022-04-02,,,1.0,,,,,,,,,,0,
OBS002178,,REG1e174850ee,https://www.alltrails.com/trail/new-zealand/otago/barrs-falls-walk,2024-08-10,,,1.0,,,,,,,,,,0,
OBS002179,,REG23760d7209,https://www.alltrails.com/trail/new-zealand/west-coast/cedar-flat-track,2021-06-13,,,1.0,,,,,,,,,,0,
OBS002180,,REG23760d7209,https://www.alltrails.com/trail/new-zealand/west-coast/cedar-flat-track,2024-08-09,,,,,1.0,,,,,,,,0,
OBS002181,,REG23760d7209,https://www.alltrails.com/trail/new-zealand/west-coast/cedar-flat-track,2025-01-10,,,1.0,1.0,1.0,,,,,,,,0,
OBS002182,,REG237836005d,https://www.alltrails.com/trail/new-zealand/auckland/southern-walk-matiatia-church-bay-oneroa-loop,2025-03-28,,,1.0,,,,,,,,,,0,
OBS002183,,REG276b7c52d0,https://www.alltrails.com/trail/new-zealand/wellington/whareroa-farm-loop,2022-10-19,,,1.0,,1.0,,,,,,,,0,
OBS002184,,REG276b7c52d0,https://www.alltrails.com/trail/new-zealand/wellington/whareroa-farm-loop,2024-08-13,,,1.0,,,,,,,,,,0,
OBS002185,,REG276b7c52d0,https://www.alltrails.com/trail/new-zealand/wellington/whareroa-farm-loop,2025-01-10,,,1.0,,,,,,,,,,0,
OBS002186,,REG276b7c52d0,https://www.alltrails.com/trail/new-zealand/wellington/whareroa-farm-loop,2025-04-02,,,1.0,,,,,,,,,,0,
OBS002187,,REG28cb6d800c,https://www.alltrails.com/trail/new-zealand/otago/shag-point-seal-viewing-walk,2024-09-16,,,1.0,,,,,,,,,,0,
OBS002188,,REG28cb6d800c,https://www.alltrails.com/trail/new-zealand/otago/shag-point-seal-viewing-walk,2025-02-22,,,1.0,,,,,,,,,,0,
OBS002189,,REG28cb6d800c,https://www.alltrails.com/trail/new-zealand/otago/shag-point-seal-viewing-walk,2025-04-30,,,1.0,,,,,,,,,,0,
OBS002190,,REG3070036404,https://www.alltrails.com/trail/new-zealand/waikato/state-highway-1-to-ohakune-mountaint-road-via-round-the-mountain-track,2025-04-25,,,1.0,,,,,,,,,,0,
OBS002191,,REG37fceec108,https://www.alltrails.com/trail/new-zealand/waikato/leitch-hut-track,2020-09-20,,,,,1.0,,,,,,,,0,
OBS002192,,REG37fceec108,https://www.alltrails.com/trail/new-zealand/waikato/leitch-hut-track,2024-10-21,,,,,1.0,,,,,,,,0,
OBS002193,,REG37fceec108,https://www.alltrails.com/trail/new-zealand/waikato/leitch-hut-track,2025-04-12,,,1.0,,,,,,,,,,0,
OBS002194,,REG391ecc3ccb,https://www.alltrails.com/trail/new-zealand/bay-of-plenty/kohi-point-loop,2025-04-12,,,1.0,,,,,,,,,,0,
OBS002195,,REG391ecc3ccb,https://www.alltrails.com/trail/new-zealand/bay-of-plenty/kohi-point-loop,2025-04-23,,,1.0,,,,,,,,,,0,
OBS002196,,REG398238436a,https://www.alltrails.com/trail/new-zealand/canterbury/kura-tawhiti-access-track-to-castle-hill,2025-05-03,,,1.0,,,,,,,,,,0,
OBS002197,,REG398238436a,https://www.alltrails.com/trail/new-zealand/canterbury/kura-tawhiti-access-track-to-castle-hill,2025-05-09,,,1.0,,,,,,,,,,0,
OBS002198,,REG3c2f7fd49f,https://www.alltrails.com/trail/new-zealand/wellington/battle-hill-puketiro-loop,2022-01-28,,,1.0,,,,,,,,,,0,
OBS002199,,REG3c2f7fd49f,https://www.alltrails.com/trail/new-zealand/wellington/battle-hill-puketiro-loop,2025-01-24,,,0.0,,,,,,,,,,0,
OBS002200,,REG3c2f7fd49f,https://www.alltrails.com/trail/new-zealand/wellington/battle-hill-puketiro-loop,2025-01-25,,,0.0,,,,,,,,,,0,
OBS002201,,REG466c254272,https://www.alltrails.com/trail/new-zealand/canterbury/pinnacle-hut-to-woolshed-creek-hut,2024-09-15,,,,,1.0,,,,,,,,0,
OBS002202,,REG466c254272,https://www.alltrails.com/trail/new-zealand/canterbury/pinnacle-hut-to-woolshed-creek-hut,2024-11-07,,,1.0,,,,,,,,,,0,
OBS002203,,REG466c254272,https://www.alltrails.com/trail/new-zealand/canterbury/pinnacle-hut-to-woolshed-creek-hut,2024-11-27,,,1.0,,,,,,,,,,0,
OBS002204,,REG46ee377dcb,https://www.alltrails.com/trail/new-zealand/taranaki/holly-hut-track,2021-03-20,,,1.0,,,,,,,,,,0,
OBS002205,,REG46ee377dcb,https://www.alltrails.com/trail/new-zealand/taranaki/holly-hut-track,2023-12-13,,,1.0,,,,,,,,,,0,
OBS002206,,REG46ee377dcb,https://www.alltrails.com/trail/new-zealand/taranaki/holly-hut-track,2025-03-22,,,1.0,,,,,,,,,,0,
OBS002207,,REG46ee377dcb,https://www.alltrails.com/trail/new-zealand/taranaki/holly-hut-track,2025-04-24,,,1.0,,,,,,,,,,0,
OBS002208,,REG46ee377dcb,https://www.alltrails.com/trail/new-zealand/taranaki/holly-hut-track,2025-04-24,,,1.0,,,,,,,,,,0,
OBS002209,,REG46ee377dcb,https://www.alltrails.com/trail/new-zealand/taranaki/holly-hut-track,2025-06-20,,,1.0,,,,,,,,,,0,
OBS002210,,REG49c9c5c999,https://www.alltrails.com/trail/new-zealand/canterbury/ashburton-domain-loop-walk,2025-04-28,,,1.0,,,,,,,,,,0,
OBS002211,,REG52d7d782a1,https://www.alltrails.com/trail/new-zealand/west-coast/franz-josef-glacier-walk,2024-09-24,,,1.0,,,,,,,,,,0,
OBS002212,,REG52d7d782a1,https://www.alltrails.com/trail/new-zealand/west-coast/franz-josef-glacier-walk,2024-09-27,,,1.0,,,,,,,,,,0,
OBS002213,,REG52d7d782a1,https://www.alltrails.com/trail/new-zealand/west-coast/franz-josef-glacier-walk,2024-10-09,,,1.0,,,,,,,,,,0,
OBS002214,,REG52d7d782a1,https://www.alltrails.com/trail/new-zealand/west-coast/franz-josef-glacier-walk,2024-11-04,,,1.0,,,,,,,,,,0,
OBS002215,,REG52d7d782a1,https://www.alltrails.com/trail/new-zealand/west-coast/franz-josef-glacier-walk,2025-03-09,,,1.0,,,,,,,,,,0,
OBS002216,,REG52d7d782a1,https://www.alltrails.com/trail/new-zealand/west-coast/franz-josef-glacier-walk,2025-04-21,,,1.0,,,,,,,,,,0,
OBS002217,,REG52d7d782a1,https://www.alltrails.com/trail/new-zealand/west-coast/franz-josef-glacier-walk,2025-06-13,,,1.0,,,,,,,,,,0,
OBS002218,,REG551f366862,https://www.alltrails.com/trail/new-zealand/nelson-tasman/abel-tasman-coast-track,2025-05-05,,,1.0,,,,,,,,,,0,
OBS002219,,REG57bce1f6be,https://www.alltrails.com/trail/new-zealand/taranaki/pouakai-circuit,2024-11-28,,,1.0,,,,,,,,,,0,
OBS002220,,REG57bce1f6be,https://www.alltrails.com/trail/new-zealand/taranaki/pouakai-circuit,2024-12-17,,,1.0,,1.0,,,,,,,,0,
OBS002221,,REG57bce1f6be,https://www.alltrails.com/trail/new-zealand/taranaki/pouakai-circuit,2025-01-27,,,1.0,,,,,,,,,,0,
OBS002222,,REG57bce1f6be,https://www.alltrails.com/trail/new-zealand/taranaki/pouakai-circuit,2025-01-28,,,1.0,,,,,,,,,,0,
OBS002223,,REG57bce1f6be,https://www.alltrails.com/trail/new-zealand/taranaki/pouakai-circuit,2025-02-13,,,1.0,,,,,,,,,,0,
OBS002224,,REG5bf3041db5,https://www.alltrails.com/trail/new-zealand/otago/corner-peak,2025-05-31,,,1.0,,,,,,,,,,0,
OBS002225,,REG5ff44bb064,https://www.alltrails.com/trail/new-zealand/canterbury/mt-lyndon-track,2023-11-19,,,,,,0.0,,,,,,,0,
OBS002226,,REG5ff44bb064,https://www.alltrails.com/trail/new-zealand/canterbury/mt-lyndon-track,2024-06-27,,,,,1.0,,,,,,,,0,
OBS002227,,REG5ff44bb064,https://www.alltrails.com/trail/new-zealand/canterbury/mt-lyndon-track,2024-07-07,,,,,,1.0,1.0,,,,,,0,
OBS002228,,REG5ff44bb064,https://www.alltrails.com/trail/new-zealand/canterbury/mt-lyndon-track,2024-07-13,,,1.0,,,,,,,,,,0,
OBS002229,,REG5ff44bb064,https://www.alltrails.com/trail/new-zealand/canterbury/mt-lyndon-track,2024-07-27,,,1.0,,,,,,,,,,0,
OBS002230,,REG5ff44bb064,https://www.alltrails.com/trail/new-zealand/canterbury/mt-lyndon-track,2024-08-23,,,,,,1.0,1.0,,,,,,0,
OBS002231,,REG5ff44bb064,https://www.alltrails.com/trail/new-zealand/canterbury/mt-lyndon-track,2025-05-20,,,1.0,,,,,,,,,,0,
OBS002232,,REG6011ec3d8c,https://www.alltrails.com/trail/new-zealand/otago/sawpit-gully-trail--3,2025-06-01,,,1.0,,,,,,,,,,0,
OBS002233,,REG6322aa64cc,https://www.alltrails.com/trail/new-zealand/west-coast/mount-fox-route,2025-05-11,,,1.0,,,,,,,,,,0,
OBS002234,,REG637651266c,https://www.alltrails.com/trail/new-zealand/canterbury/waterfall-track-to-mount-isobel,2025-02-07,,,1.0,,,,,,,,,,0,
OBS002235,,REG637651266c,https://www.alltrails.com/trail/new-zealand/canterbury/waterfall-track-to-mount-isobel,2025-03-28,,,,,1.0,,,,,,,,0,
OBS002236,,REG637651266c,https://www.alltrails.com/trail/new-zealand/canterbury/waterfall-track-to-mount-isobel,2025-04-24,,,,,1.0,,,,,,,,0,
OBS002237,,REG6d3438d38a,https://www.alltrails.com/trail/new-zealand/canterbury/kaituna-valley-packhorse-hut-track,2023-07-16,,,,,1.0,,,,,,,,0,
OBS002238,,REG6d3438d38a,https://www.alltrails.com/trail/new-zealand/canterbury/kaituna-valley-packhorse-hut-track,2023-08-05,,,,,1.0,,,,,,,,0,
OBS002239,,REG6d3438d38a,https://www.alltrails.com/trail/new-zealand/canterbury/kaituna-valley-packhorse-hut-track,2023-12-30,,,1.0,,,,,,,,,,0,
OBS002240,,REG6d3438d38a,https://www.alltrails.com/trail/new-zealand/canterbury/kaituna-valley-packhorse-hut-track,2024-10-06,,,1.0,,,,,,,,,,0,
OBS002241,,REG6d3438d38a,https://www.alltrails.com/trail/new-zealand/canterbury/kaituna-valley-packhorse-hut-track,2024-10-31,,,,1.0,,,,,,,,,0,
OBS002242,,REG6d3438d38a,https://www.alltrails.com/trail/new-zealand/canterbury/kaituna-valley-packhorse-hut-track,2025-01-05,,,,,1.0,,,,,,,,0,
OBS002243,,REG6d3438d38a,https://www.alltrails.com/trail/new-zealand/canterbury/kaituna-valley-packhorse-hut-track,2025-01-23,,,1.0,,,,,,,,,,0,
OBS002244,,REG6d3438d38a,https://www.alltrails.com/trail/new-zealand/canterbury/kaituna-valley-packhorse-hut-track,2025-05-17,,,1.0,,1.0,,,,,,,,0,
OBS002245,,REG6d3438d38a,https://www.alltrails.com/trail/new-zealand/canterbury/kaituna-valley-packhorse-hut-track,2025-05-25,,,1.0,,,,,,,,,,0,
OBS002246,,REG6d3438d38a,https://www.alltrails.com/trail/new-zealand/canterbury/kaituna-valley-packhorse-hut-track,2025-05-25,,,1.0,,,,,,,,,,0,
OBS002247,,REG6e0902335c,https://www.alltrails.com/trail/new-zealand/otago/bannockburn-sluicings-loop,2025-04-20,,,1.0,,1.0,,,,,,,,0,
OBS002248,,REG6e0902335c,https://www.alltrails.com/trail/new-zealand/otago/bannockburn-sluicings-loop,2025-04-29,,,1.0,,,,,,,,,,0,
OBS002249,,REG6e0902335c,https://www.alltrails.com/trail/new-zealand/otago/bannockburn-sluicings-loop,2025-06-13,,,1.0,,,,,,,,,,0,
OBS002250,,REG6fc2de1401,https://www.alltrails.com/trail/new-zealand/nelson-tasman/awaroa-to-bark-bay-via-abel-tasman-coast-track-north-to-south,2025-03-20,,,1.0,,,,,,,,,,0,
OBS002251,,REG6fc2de1401,https://www.alltrails.com/trail/new-zealand/nelson-tasman/awaroa-to-bark-bay-via-abel-tasman-coast-track-north-to-south,2025-04-08,,,1.0,1.0,1.0,,,,,,,,0,
OBS002252,,REG76379c9559,https://www.alltrails.com/trail/new-zealand/otago/7-mile-scenic-reserve-bike-park-loop,2025-11-28,,,1.0,,,,,,,,,,0,
OBS002253,,REG76379c9559,https://www.alltrails.com/trail/new-zealand/otago/7-mile-scenic-reserve-bike-park-loop,2026-05-05,,,1.0,,,,,,,,,,0,
OBS002254,,REG7af144e0f9,https://www.alltrails.com/trail/new-zealand/otago/routeburn-track-routeburn-falls-hut-to-lake-mackenzie-hut,2023-03-22,,,1.0,,,,,,,,,,0,
OBS002255,,REG7af144e0f9,https://www.alltrails.com/trail/new-zealand/otago/routeburn-track-routeburn-falls-hut-to-lake-mackenzie-hut,2025-01-02,,,1.0,,,,,,,,,,0,
OBS002256,,REG7af144e0f9,https://www.alltrails.com/trail/new-zealand/otago/routeburn-track-routeburn-falls-hut-to-lake-mackenzie-hut,2025-01-15,,,1.0,,,,,,,,,,0,
OBS002257,,REG7af144e0f9,https://www.alltrails.com/trail/new-zealand/otago/routeburn-track-routeburn-falls-hut-to-lake-mackenzie-hut,2025-01-27,,,1.0,,,,,,,,,,0,
OBS002258,,REG7af144e0f9,https://www.alltrails.com/trail/new-zealand/otago/routeburn-track-routeburn-falls-hut-to-lake-mackenzie-hut,2025-01-27,,,1.0,,,,,,,,,,0,
OBS002259,,REG7af144e0f9,https://www.alltrails.com/trail/new-zealand/otago/routeburn-track-routeburn-falls-hut-to-lake-mackenzie-hut,2025-02-13,,,,,1.0,,,,,,,,0,
OBS002260,,REG7af144e0f9,https://www.alltrails.com/trail/new-zealand/otago/routeburn-track-routeburn-falls-hut-to-lake-mackenzie-hut,2025-02-14,,,1.0,,,,,,,,,,0,
OBS002261,,REG7af144e0f9,https://www.alltrails.com/trail/new-zealand/otago/routeburn-track-routeburn-falls-hut-to-lake-mackenzie-hut,2025-03-13,,,1.0,,,,,,,,,,0,
OBS002262,,REG7af144e0f9,https://www.alltrails.com/trail/new-zealand/otago/routeburn-track-routeburn-falls-hut-to-lake-mackenzie-hut,2025-04-04,,,1.0,,,,,,,,,,0,
OBS002263,,REG7af144e0f9,https://www.alltrails.com/trail/new-zealand/otago/routeburn-track-routeburn-falls-hut-to-lake-mackenzie-hut,2025-04-22,,,1.0,,,,,,,,,,0,
OBS002264,,REG7c4d414371,https://www.alltrails.com/trail/new-zealand/northland/whananaki-coastal-walkway,2024-10-09,,,1.0,,,,,,,,,,0,
OBS002265,,REG7c4d414371,https://www.alltrails.com/trail/new-zealand/northland/whananaki-coastal-walkway,2025-01-17,,,1.0,,,,,,,,,,0,
OBS002266,,REG7d463d1ebc,https://www.alltrails.com/trail/new-zealand/auckland/taylors-bay-to-lynfield-cove,2023-03-25,,,,,1.0,,,,,,,,0,
OBS002267,,REG7dd5720d64,https://www.alltrails.com/trail/new-zealand/southland/dusky-track,2024-02-11,,,1.0,1.0,1.0,,,,,,,,0,
OBS002268,,REG7dd5720d64,https://www.alltrails.com/trail/new-zealand/southland/dusky-track,2025-02-18,,,1.0,,,,,,,,,,0,
OBS002269,,REG82e94c441f,https://www.alltrails.com/trail/new-zealand/marlborough/rotary-lookout-track-to-reservoir-ridge-track-loop,2024-12-01,,,1.0,,,,,,,,,,0,
OBS002270,,REG82e94c441f,https://www.alltrails.com/trail/new-zealand/marlborough/rotary-lookout-track-to-reservoir-ridge-track-loop,2025-04-07,,,1.0,,,,,,,,,,0,
OBS002271,,REG8599b55fa4,https://www.alltrails.com/trail/new-zealand/otago/the-big-easy-signal-hill-track-to-signal-hill-lookout,2025-03-08,,,1.0,,,,,,,,,,0,
OBS002272,,REG8a7d90490e,https://www.alltrails.com/trail/new-zealand/auckland/bucklands-beach-path,2024-06-22,,,1.0,,,,,,,,,,0,
OBS002273,,REG8a7d90490e,https://www.alltrails.com/trail/new-zealand/auckland/bucklands-beach-path,2025-01-18,,,1.0,,,,,,,,,,0,
OBS002274,,REG975691fbb7,https://www.alltrails.com/trail/new-zealand/waikato/mount-karioi-track,2025-05-14,,,1.0,,,,,,,,,,0,
OBS002275,,REG98829165c7,https://www.alltrails.com/trail/new-zealand/canterbury/sumner-promenade,2024-07-14,,,1.0,,,,,,,,,,0,
OBS002276,,REG9d59f3acd3,https://www.alltrails.com/trail/new-zealand/auckland/karamatura-to-mount-donald-mclean,2025-05-25,,,1.0,,,,,,,,,,0,
OBS002277,,REG9d59f3acd3,https://www.alltrails.com/trail/new-zealand/auckland/karamatura-to-mount-donald-mclean,2025-05-31,,,1.0,,,,,,,,,,0,
OBS002278,,REGa99add1e47,https://www.alltrails.com/trail/new-zealand/otago/french-ridge-hut-from-wanaka-mount-aspiring-roadend-carpark,2023-11-16,,,1.0,,1.0,0.0,,,,,,,0,
OBS002279,,REGa99add1e47,https://www.alltrails.com/trail/new-zealand/otago/french-ridge-hut-from-wanaka-mount-aspiring-roadend-carpark,2023-11-25,,,1.0,,,,,,,,,,0,
OBS002280,,REGa99add1e47,https://www.alltrails.com/trail/new-zealand/otago/french-ridge-hut-from-wanaka-mount-aspiring-roadend-carpark,2023-12-18,,,1.0,,,,,,,,,,0,
OBS002281,,REGa99add1e47,https://www.alltrails.com/trail/new-zealand/otago/french-ridge-hut-from-wanaka-mount-aspiring-roadend-carpark,2024-12-06,,,1.0,,,,,,,,,,0,
OBS002282,,REGa99add1e47,https://www.alltrails.com/trail/new-zealand/otago/french-ridge-hut-from-wanaka-mount-aspiring-roadend-carpark,2024-12-31,,,1.0,,,,,,,,,,0,
OBS002283,,REGa99add1e47,https://www.alltrails.com/trail/new-zealand/otago/french-ridge-hut-from-wanaka-mount-aspiring-roadend-carpark,2025-02-01,,,1.0,,,,,,,,,,0,
OBS002284,,REGa99add1e47,https://www.alltrails.com/trail/new-zealand/otago/french-ridge-hut-from-wanaka-mount-aspiring-roadend-carpark,2025-02-17,,,1.0,,,,,,,,,,0,
OBS002285,,REGa99add1e47,https://www.alltrails.com/trail/new-zealand/otago/french-ridge-hut-from-wanaka-mount-aspiring-roadend-carpark,2025-02-26,,,1.0,,,,,,,,,,0,
OBS002286,,REGa99add1e47,https://www.alltrails.com/trail/new-zealand/otago/french-ridge-hut-from-wanaka-mount-aspiring-roadend-carpark,2025-03-06,,,1.0,,,,,,,,,,0,
OBS002287,,REGa99add1e47,https://www.alltrails.com/trail/new-zealand/otago/french-ridge-hut-from-wanaka-mount-aspiring-roadend-carpark,2025-03-24,,,1.0,,,,,,,,,,0,
OBS002288,,REGa99add1e47,https://www.alltrails.com/trail/new-zealand/otago/french-ridge-hut-from-wanaka-mount-aspiring-roadend-carpark,2025-04-20,,,1.0,,1.0,,,,,,,,0,
OBS002289,,REGa99add1e47,https://www.alltrails.com/trail/new-zealand/otago/french-ridge-hut-from-wanaka-mount-aspiring-roadend-carpark,2025-04-23,,,1.0,,,,,,,,,,0,
OBS002290,,REGaf636c0f34,https://www.alltrails.com/trail/new-zealand/nelson-tasman/blue-lake-hut-to-west-sabine-hut,2025-03-02,,,1.0,0.0,1.0,,,,,,,,0,
OBS002291,,REGafa84e2df8,https://www.alltrails.com/trail/new-zealand/waikato/pokeno-park-loop,2024-07-30,,,1.0,,,,,,,,,,0,
OBS002292,,REGafa84e2df8,https://www.alltrails.com/trail/new-zealand/waikato/pokeno-park-loop,2025-01-17,,,1.0,,,,,,,,,,0,
OBS002293,,REGafa84e2df8,https://www.alltrails.com/trail/new-zealand/waikato/pokeno-park-loop,2025-01-29,,,1.0,,,,,,,,,,0,
OBS002294,,REGb08b3a2fda,https://www.alltrails.com/trail/new-zealand/auckland/shakespear-heritage-and-lookout-track,2025-06-08,,,1.0,,,,,,,,,,0,
OBS002295,,REGb339785ac3,https://www.alltrails.com/trail/new-zealand/otago/flagstaff-loop-from-the-bullring-carpark,2025-05-03,,,0.0,,1.0,,,,,,,,0,
OBS002296,,REGb339785ac3,https://www.alltrails.com/trail/new-zealand/otago/flagstaff-loop-from-the-bullring-carpark,2025-05-25,,,1.0,,,,,,,,,,0,
OBS002297,,REGb44c1ea34e,https://www.alltrails.com/trail/new-zealand/marlborough/mount-richmond-from-timms-creek,2025-01-11,,,,,1.0,,,,,,,,0,
OBS002298,,REGb6b026bf87,https://www.alltrails.com/trail/new-zealand/otago/ross-creek-reservoir-trail,2022-03-21,,,1.0,,,,,,,,,,0,
OBS002299,,REGb6b026bf87,https://www.alltrails.com/trail/new-zealand/otago/ross-creek-reservoir-trail,2023-03-30,,,1.0,,,,,,,,,,0,
OBS002300,,REGb6b026bf87,https://www.alltrails.com/trail/new-zealand/otago/ross-creek-reservoir-trail,2023-04-22,,,1.0,,,,,,,,,,0,
OBS002301,,REGb6b026bf87,https://www.alltrails.com/trail/new-zealand/otago/ross-creek-reservoir-trail,2024-01-04,,,1.0,,,,,,,,,,0,
OBS002302,,REGb6b026bf87,https://www.alltrails.com/trail/new-zealand/otago/ross-creek-reservoir-trail,2024-02-04,,,1.0,,,,,,,,,,0,
OBS002303,,REGb6b026bf87,https://www.alltrails.com/trail/new-zealand/otago/ross-creek-reservoir-trail,2024-09-16,,,,,1.0,,,,,,,,0,
OBS002304,,REGb6b026bf87,https://www.alltrails.com/trail/new-zealand/otago/ross-creek-reservoir-trail,2024-10-25,,,1.0,,,,,,,,,,0,
OBS002305,,REGb6b026bf87,https://www.alltrails.com/trail/new-zealand/otago/ross-creek-reservoir-trail,2024-11-23,,,,0.0,,,,,,,,,0,
OBS002306,,REGb6b026bf87,https://www.alltrails.com/trail/new-zealand/otago/ross-creek-reservoir-trail,2024-12-23,,,,,0.0,,,,,,,,0,
OBS002307,,REGb6b026bf87,https://www.alltrails.com/trail/new-zealand/otago/ross-creek-reservoir-trail,2025-03-01,,,1.0,,,,,,,,,,0,
OBS002308,,REGb6b026bf87,https://www.alltrails.com/trail/new-zealand/otago/ross-creek-reservoir-trail,2025-03-02,,,1.0,,,,,,,,,,0,
OBS002309,,REGb6b026bf87,https://www.alltrails.com/trail/new-zealand/otago/ross-creek-reservoir-trail,2025-05-05,,,1.0,,,,,,,,,,0,
OBS002310,,REGb72bf4c4df,https://www.alltrails.com/trail/new-zealand/west-coast/west-coast-wilderness-trail-cowboy-paradise-to-hokitika,2025-03-26,,,1.0,,,,,,,,,,0,
OBS002311,,REGb927101408,https://www.alltrails.com/trail/new-zealand/waikato/mount-tauhara-track,2025-06-14,,,1.0,,,,,,,,,,0,
OBS002312,,REGbd59464def,https://www.alltrails.com/trail/new-zealand/bay-of-plenty/mangorewa-track,2025-05-31,,,1.0,,,,,,,,,,0,
OBS002313,,REGc41097e985,https://www.alltrails.com/trail/new-zealand/otago/glacier-burn-track--2,2024-03-22,,,1.0,,,,,,,,,,0,
OBS002314,,REGc41097e985,https://www.alltrails.com/trail/new-zealand/otago/glacier-burn-track--2,2024-06-03,,,1.0,,,,,,,,,,0,
OBS002315,,REGc41097e985,https://www.alltrails.com/trail/new-zealand/otago/glacier-burn-track--2,2024-09-15,,,1.0,,,,,,,,,,0,
OBS002316,,REGc41097e985,https://www.alltrails.com/trail/new-zealand/otago/glacier-burn-track--2,2024-10-15,,,1.0,,,,,,,,,,0,
OBS002317,,REGc41097e985,https://www.alltrails.com/trail/new-zealand/otago/glacier-burn-track--2,2024-11-05,,,1.0,,,,,,,,,,0,
OBS002318,,REGc41097e985,https://www.alltrails.com/trail/new-zealand/otago/glacier-burn-track--2,2024-11-30,,,1.0,,,,,,,,,,0,
OBS002319,,REGc41097e985,https://www.alltrails.com/trail/new-zealand/otago/glacier-burn-track--2,2024-12-06,,,1.0,,1.0,,,,,,,,0,
OBS002320,,REGc41097e985,https://www.alltrails.com/trail/new-zealand/otago/glacier-burn-track--2,2025-01-25,,,0.0,,,,,,,,,,0,
OBS002321,,REGc41097e985,https://www.alltrails.com/trail/new-zealand/otago/glacier-burn-track--2,2025-02-28,,,1.0,,,0.0,,,,,,,0,
OBS002322,,REGcbb83244d0,https://www.alltrails.com/trail/new-zealand/bay-of-plenty/green-lake-walk,2025-03-03,,,,,1.0,,,,,,,,0,
OBS002323,,REGcd44493a48,https://www.alltrails.com/trail/new-zealand/northland/opua-to-paihia-coastal-walkway,2024-06-11,,,1.0,,,,,,,,,,0,
OBS002324,,REGcd44493a48,https://www.alltrails.com/trail/new-zealand/northland/opua-to-paihia-coastal-walkway,2024-08-10,,,,1.0,,,,,,,,,0,
OBS002325,,REGcd44493a48,https://www.alltrails.com/trail/new-zealand/northland/opua-to-paihia-coastal-walkway,2025-01-15,,,1.0,,,,,,,,,,0,
OBS002326,,REGcd44493a48,https://www.alltrails.com/trail/new-zealand/northland/opua-to-paihia-coastal-walkway,2025-03-01,,,1.0,,,,,,,,,,0,
OBS002327,,REGcd44493a48,https://www.alltrails.com/trail/new-zealand/northland/opua-to-paihia-coastal-walkway,2025-03-11,,,1.0,,,,,,,,,,0,
OBS002328,,REGd187af8c7d,https://www.alltrails.com/trail/new-zealand/canterbury/barnett-park-cave-loop,2025-03-08,,,1.0,,,,,,,,,,0,
OBS002329,,REGd187af8c7d,https://www.alltrails.com/trail/new-zealand/canterbury/barnett-park-cave-loop,2025-03-20,,,1.0,,,,,,,,,,0,
OBS002330,,REGd187af8c7d,https://www.alltrails.com/trail/new-zealand/canterbury/barnett-park-cave-loop,2025-03-28,,,1.0,,,,,,,,,,0,
OBS002331,,REGd187af8c7d,https://www.alltrails.com/trail/new-zealand/canterbury/barnett-park-cave-loop,2025-05-08,,,,,1.0,,,,,,,,0,
OBS002332,,REGd187af8c7d,https://www.alltrails.com/trail/new-zealand/canterbury/barnett-park-cave-loop,2025-05-10,,,1.0,,,,,,,,,,0,
OBS002333,,REGd69a28064c,https://www.alltrails.com/trail/new-zealand/canterbury/magdalen-hut-from-boyle-campsite,2024-11-03,,,1.0,0.0,1.0,,,,,,,,0,
OBS002334,,REGd70e78048e,https://www.alltrails.com/trail/new-zealand/canterbury/mueller-hut-route,2025-05-18,,,1.0,,,,,,,,,,0,
OBS002335,,REGd70e78048e,https://www.alltrails.com/trail/new-zealand/canterbury/mueller-hut-route,2025-05-20,,,1.0,,,,,,,,,,0,
OBS002336,,REGd70e78048e,https://www.alltrails.com/trail/new-zealand/canterbury/mueller-hut-route,2025-05-31,,,1.0,,,0.0,,,,,,,0,
OBS002337,,REGd70e78048e,https://www.alltrails.com/trail/new-zealand/canterbury/mueller-hut-route,2025-06-06,,,,,,,1.0,,,,,,0,
OBS002338,,REGd7b96897dd,https://www.alltrails.com/trail/new-zealand/auckland/tawharanui-west-end-track,2025-01-06,,,1.0,,,,,,,,,,0,
OBS002339,,REGd7b96897dd,https://www.alltrails.com/trail/new-zealand/auckland/tawharanui-west-end-track,2025-03-14,,,1.0,,,,,,,,,,0,
OBS002340,,REGd7b96897dd,https://www.alltrails.com/trail/new-zealand/auckland/tawharanui-west-end-track,2025-03-23,,,1.0,,,,,,,,,,0,
OBS002341,,REGd7b96897dd,https://www.alltrails.com/trail/new-zealand/auckland/tawharanui-west-end-track,2025-04-14,,,1.0,,,,,,,,,,0,
OBS002342,,REGdd065b5d05,https://www.alltrails.com/trail/new-zealand/nelson-tasman/mount-arthur-summit-track,2025-05-16,,,1.0,,,,,,,,,,0,
OBS002343,,REGe0f769aeff,https://www.alltrails.com/trail/new-zealand/otago/lake-marian-track,2025-04-29,,,,,1.0,,,,,,,,0,
OBS002344,,REGe42dcecfd1,https://www.alltrails.com/trail/new-zealand/auckland/stonefields-path-loop,2024-07-15,,,1.0,,,,,,,,,,0,
OBS002345,,REGe97dc2fef6,https://www.alltrails.com/trail/new-zealand/otago/sugarloaf-track-and-lake-sylvan-loop,2024-11-10,,,1.0,,,,,,,,,,0,
OBS002346,,REGe98abd7824,https://www.alltrails.com/trail/new-zealand/otago/ben-lomond-track-via-skyline-road,2025-01-13,,,1.0,,,,,,,,,,0,
OBS002347,,REGe98abd7824,https://www.alltrails.com/trail/new-zealand/otago/ben-lomond-track-via-skyline-road,2025-01-16,,,1.0,,,,,,,,,,0,
OBS002348,,REGeaf0121c3e,https://www.alltrails.com/trail/new-zealand/taranaki/tahurangi-lodge-via-translator-rd,2025-02-17,,,1.0,,,,,,,,,,0,
OBS002349,,REGed534bb338,https://www.alltrails.com/trail/new-zealand/west-coast/copland-track-to-welcome-flat-hut,2025-02-23,,,1.0,,,,,,,,,,0,
OBS002350,,REGed534bb338,https://www.alltrails.com/trail/new-zealand/west-coast/copland-track-to-welcome-flat-hut,2025-02-28,,,1.0,,,,,,,,,,0,
OBS002351,,REGed534bb338,https://www.alltrails.com/trail/new-zealand/west-coast/copland-track-to-welcome-flat-hut,2025-03-04,,,1.0,,,,,,,,,,0,
OBS002352,,REGed534bb338,https://www.alltrails.com/trail/new-zealand/west-coast/copland-track-to-welcome-flat-hut,2025-03-19,,,1.0,,,,,,,,,,0,
OBS002353,,REGed534bb338,https://www.alltrails.com/trail/new-zealand/west-coast/copland-track-to-welcome-flat-hut,2025-03-31,,,1.0,,,,,,,,,,0,
OBS002354,,REGed534bb338,https://www.alltrails.com/trail/new-zealand/west-coast/copland-track-to-welcome-flat-hut,2025-04-20,,,1.0,,,,,,,,,,0,
OBS002355,,REGed534bb338,https://www.alltrails.com/trail/new-zealand/west-coast/copland-track-to-welcome-flat-hut,2025-05-22,,,1.0,,,,,,,,,,0,
OBS002356,,REGee975aefc2,https://www.alltrails.com/trail/new-zealand/hawke-s-bay/lake-waikaremoana-track,2024-11-07,,,1.0,,,,,,,,,,0,
OBS002357,,REGee975aefc2,https://www.alltrails.com/trail/new-zealand/hawke-s-bay/lake-waikaremoana-track,2024-12-12,,,1.0,,,,,,,,,,0,
OBS002358,,REGee975aefc2,https://www.alltrails.com/trail/new-zealand/hawke-s-bay/lake-waikaremoana-track,2024-12-23,,,,,1.0,,,,,,,,0,
OBS002359,,REGee975aefc2,https://www.alltrails.com/trail/new-zealand/hawke-s-bay/lake-waikaremoana-track,2024-12-29,,,,1.0,1.0,,,,,,,,0,
OBS002360,,REGee975aefc2,https://www.alltrails.com/trail/new-zealand/hawke-s-bay/lake-waikaremoana-track,2025-01-18,,,,1.0,1.0,,,,,,,,0,
OBS002361,,REGee975aefc2,https://www.alltrails.com/trail/new-zealand/hawke-s-bay/lake-waikaremoana-track,2025-02-05,,,1.0,,,,,,,,,,0,
OBS002362,,REGee975aefc2,https://www.alltrails.com/trail/new-zealand/hawke-s-bay/lake-waikaremoana-track,2025-02-07,,,1.0,,,,,,,,,,0,
OBS002363,,REGee975aefc2,https://www.alltrails.com/trail/new-zealand/hawke-s-bay/lake-waikaremoana-track,2025-03-18,,,,1.0,1.0,,,,,,,,0,
OBS002364,,REGee975aefc2,https://www.alltrails.com/trail/new-zealand/hawke-s-bay/lake-waikaremoana-track,2025-04-12,,,1.0,,,,,,,,,,0,
OBS002365,,REGf13493bfa2,https://www.alltrails.com/trail/new-zealand/auckland/onetangi-beach-walk,2025-03-16,,,1.0,,,,,,,,,,0,
OBS002366,,REGf58c6fb169,https://www.alltrails.com/trail/new-zealand/canterbury/mount-guy-track,2025-05-09,,,1.0,,,,,,,,,,0,
OBS002367,,REGf69bf9eb11,https://www.alltrails.com/trail/new-zealand/canterbury/packhorse-hut-loop,2024-09-14,,,,,1.0,,,,,,,,0,
OBS002368,,REGfe26811149,https://www.alltrails.com/trail/new-zealand/southland/hump-ridge-track-rarakau-carpark-to-okaka-lodge,2025-03-19,,,1.0,,,,,,,,,,0,
OBS002369,,REGfe26811149,https://www.alltrails.com/trail/new-zealand/southland/hump-ridge-track-rarakau-carpark-to-okaka-lodge,2025-04-01,,,1.0,,,,,,,,,,0,
OBS002370,,REGfe26811149,https://www.alltrails.com/trail/new-zealand/southland/hump-ridge-track-rarakau-carpark-to-okaka-lodge,2025-04-01,,,1.0,,,,,,,,,,0,
OBS002371,,REGfe26811149,https://www.alltrails.com/trail/new-zealand/southland/hump-ridge-track-rarakau-carpark-to-okaka-lodge,2025-04-05,,,1.0,,,,,,,,,,0,
OBS002372,,REGfe26811149,https://www.alltrails.com/trail/new-zealand/southland/hump-ridge-track-rarakau-carpark-to-okaka-lodge,2025-04-16,,,1.0,,,,,,,,,,0,
OBS002373,,REGfe26811149,https://www.alltrails.com/trail/new-zealand/southland/hump-ridge-track-rarakau-carpark-to-okaka-lodge,2025-04-29,,,1.0,,,,,,,,,,0,
OBS002374,,REGfe26811149,https://www.alltrails.com/trail/new-zealand/southland/hump-ridge-track-rarakau-carpark-to-okaka-lodge,2025-05-25,,,1.0,1.0,,,,,,,,,0,
OBS002375,,REGfe26811149,https://www.alltrails.com/trail/new-zealand/southland/hump-ridge-track-rarakau-carpark-to-okaka-lodge,2025-12-20,,,,1.0,1.0,,,,,,,,0,
